"namespace","id","path","inferred_material","category","ore_dimension","source_jar"
"bno","bno:aluminum_block","aluminum_block","aluminum_block","storage_or_special_block","not_applicable","BasicNetherOres-neoforge-1.21.1-10.1.0.jar"
"bno","bno:aluminum_ingot","aluminum_ingot","aluminum","ingot","not_applicable","BasicNetherOres-neoforge-1.21.1-10.1.0.jar"
"bno","bno:aluminum_nugget","aluminum_nugget","aluminum","nugget","not_applicable","BasicNetherOres-neoforge-1.21.1-10.1.0.jar"
"bno","bno:basalt_aluminum_ore","basalt_aluminum_ore","aluminum","ore","nether","BasicNetherOres-neoforge-1.21.1-10.1.0.jar"
"bno","bno:basalt_coal_ore","basalt_coal_ore","coal","ore","nether","BasicNetherOres-neoforge-1.21.1-10.1.0.jar"
"bno","bno:basalt_copper_ore","basalt_copper_ore","copper","ore","nether","BasicNetherOres-neoforge-1.21.1-10.1.0.jar"
"bno","bno:basalt_diamond_ore","basalt_diamond_ore","diamond","ore","nether","BasicNetherOres-neoforge-1.21.1-10.1.0.jar"
"bno","bno:basalt_emerald_ore","basalt_emerald_ore","emerald","ore","nether","BasicNetherOres-neoforge-1.21.1-10.1.0.jar"
"bno","bno:basalt_iron_ore","basalt_iron_ore","iron","ore","nether","BasicNetherOres-neoforge-1.21.1-10.1.0.jar"
"bno","bno:basalt_lapis_ore","basalt_lapis_ore","lapis","ore","nether","BasicNetherOres-neoforge-1.21.1-10.1.0.jar"
"bno","bno:basalt_lead_ore","basalt_lead_ore","lead","ore","nether","BasicNetherOres-neoforge-1.21.1-10.1.0.jar"
"bno","bno:basalt_nickel_ore","basalt_nickel_ore","nickel","ore","nether","BasicNetherOres-neoforge-1.21.1-10.1.0.jar"
"bno","bno:basalt_osmium_ore","basalt_osmium_ore","osmium","ore","nether","BasicNetherOres-neoforge-1.21.1-10.1.0.jar"
"bno","bno:basalt_redstone_ore","basalt_redstone_ore","redstone","ore","nether","BasicNetherOres-neoforge-1.21.1-10.1.0.jar"
"bno","bno:basalt_silver_ore","basalt_silver_ore","silver","ore","nether","BasicNetherOres-neoforge-1.21.1-10.1.0.jar"
"bno","bno:basalt_tin_ore","basalt_tin_ore","tin","ore","nether","BasicNetherOres-neoforge-1.21.1-10.1.0.jar"
"bno","bno:basalt_uranium_ore","basalt_uranium_ore","uranium","ore","nether","BasicNetherOres-neoforge-1.21.1-10.1.0.jar"
"bno","bno:basalt_zinc_ore","basalt_zinc_ore","zinc","ore","nether","BasicNetherOres-neoforge-1.21.1-10.1.0.jar"
"bno","bno:copper_nugget","copper_nugget","copper","nugget","not_applicable","BasicNetherOres-neoforge-1.21.1-10.1.0.jar"
"bno","bno:lead_block","lead_block","lead_block","storage_or_special_block","not_applicable","BasicNetherOres-neoforge-1.21.1-10.1.0.jar"
"bno","bno:lead_ingot","lead_ingot","lead","ingot","not_applicable","BasicNetherOres-neoforge-1.21.1-10.1.0.jar"
"bno","bno:lead_nugget","lead_nugget","lead","nugget","not_applicable","BasicNetherOres-neoforge-1.21.1-10.1.0.jar"
"bno","bno:nether_aluminum_ore","nether_aluminum_ore","aluminum","ore","nether","BasicNetherOres-neoforge-1.21.1-10.1.0.jar"
"bno","bno:nether_coal_ore","nether_coal_ore","coal","ore","nether","BasicNetherOres-neoforge-1.21.1-10.1.0.jar"
"bno","bno:nether_copper_ore","nether_copper_ore","copper","ore","nether","BasicNetherOres-neoforge-1.21.1-10.1.0.jar"
"bno","bno:nether_diamond_ore","nether_diamond_ore","diamond","ore","nether","BasicNetherOres-neoforge-1.21.1-10.1.0.jar"
"bno","bno:nether_emerald_ore","nether_emerald_ore","emerald","ore","nether","BasicNetherOres-neoforge-1.21.1-10.1.0.jar"
"bno","bno:nether_iron_ore","nether_iron_ore","iron","ore","nether","BasicNetherOres-neoforge-1.21.1-10.1.0.jar"
"bno","bno:nether_lapis_ore","nether_lapis_ore","lapis","ore","nether","BasicNetherOres-neoforge-1.21.1-10.1.0.jar"
"bno","bno:nether_lead_ore","nether_lead_ore","lead","ore","nether","BasicNetherOres-neoforge-1.21.1-10.1.0.jar"
"bno","bno:nether_nickel_ore","nether_nickel_ore","nickel","ore","nether","BasicNetherOres-neoforge-1.21.1-10.1.0.jar"
"bno","bno:nether_osmium_ore","nether_osmium_ore","osmium","ore","nether","BasicNetherOres-neoforge-1.21.1-10.1.0.jar"
"bno","bno:nether_redstone_ore","nether_redstone_ore","redstone","ore","nether","BasicNetherOres-neoforge-1.21.1-10.1.0.jar"
"bno","bno:nether_silver_ore","nether_silver_ore","silver","ore","nether","BasicNetherOres-neoforge-1.21.1-10.1.0.jar"
"bno","bno:nether_tin_ore","nether_tin_ore","tin","ore","nether","BasicNetherOres-neoforge-1.21.1-10.1.0.jar"
"bno","bno:nether_uranium_ore","nether_uranium_ore","uranium","ore","nether","BasicNetherOres-neoforge-1.21.1-10.1.0.jar"
"bno","bno:nether_zinc_ore","nether_zinc_ore","zinc","ore","nether","BasicNetherOres-neoforge-1.21.1-10.1.0.jar"
"bno","bno:nickel_block","nickel_block","nickel_block","storage_or_special_block","not_applicable","BasicNetherOres-neoforge-1.21.1-10.1.0.jar"
"bno","bno:nickel_ingot","nickel_ingot","nickel","ingot","not_applicable","BasicNetherOres-neoforge-1.21.1-10.1.0.jar"
"bno","bno:nickel_nugget","nickel_nugget","nickel","nugget","not_applicable","BasicNetherOres-neoforge-1.21.1-10.1.0.jar"
"bno","bno:osmium_block","osmium_block","osmium_block","storage_or_special_block","not_applicable","BasicNetherOres-neoforge-1.21.1-10.1.0.jar"
"bno","bno:osmium_ingot","osmium_ingot","osmium","ingot","not_applicable","BasicNetherOres-neoforge-1.21.1-10.1.0.jar"
"bno","bno:osmium_nugget","osmium_nugget","osmium","nugget","not_applicable","BasicNetherOres-neoforge-1.21.1-10.1.0.jar"
"bno","bno:raw_aluminum","raw_aluminum","aluminum","raw_material","not_applicable","BasicNetherOres-neoforge-1.21.1-10.1.0.jar"
"bno","bno:raw_aluminum_block","raw_aluminum_block","aluminum_block","raw_material","not_applicable","BasicNetherOres-neoforge-1.21.1-10.1.0.jar"
"bno","bno:raw_lead","raw_lead","lead","raw_material","not_applicable","BasicNetherOres-neoforge-1.21.1-10.1.0.jar"
"bno","bno:raw_lead_block","raw_lead_block","lead_block","raw_material","not_applicable","BasicNetherOres-neoforge-1.21.1-10.1.0.jar"
"bno","bno:raw_nickel","raw_nickel","nickel","raw_material","not_applicable","BasicNetherOres-neoforge-1.21.1-10.1.0.jar"
"bno","bno:raw_nickel_block","raw_nickel_block","nickel_block","raw_material","not_applicable","BasicNetherOres-neoforge-1.21.1-10.1.0.jar"
"bno","bno:raw_osmium","raw_osmium","osmium","raw_material","not_applicable","BasicNetherOres-neoforge-1.21.1-10.1.0.jar"
"bno","bno:raw_osmium_block","raw_osmium_block","osmium_block","raw_material","not_applicable","BasicNetherOres-neoforge-1.21.1-10.1.0.jar"
"bno","bno:raw_silver","raw_silver","silver","raw_material","not_applicable","BasicNetherOres-neoforge-1.21.1-10.1.0.jar"
"bno","bno:raw_silver_block","raw_silver_block","silver_block","raw_material","not_applicable","BasicNetherOres-neoforge-1.21.1-10.1.0.jar"
"bno","bno:raw_tin","raw_tin","tin","raw_material","not_applicable","BasicNetherOres-neoforge-1.21.1-10.1.0.jar"
"bno","bno:raw_tin_block","raw_tin_block","tin_block","raw_material","not_applicable","BasicNetherOres-neoforge-1.21.1-10.1.0.jar"
"bno","bno:raw_uranium","raw_uranium","uranium","raw_material","not_applicable","BasicNetherOres-neoforge-1.21.1-10.1.0.jar"
"bno","bno:raw_uranium_block","raw_uranium_block","uranium_block","raw_material","not_applicable","BasicNetherOres-neoforge-1.21.1-10.1.0.jar"
"bno","bno:raw_zinc","raw_zinc","zinc","raw_material","not_applicable","BasicNetherOres-neoforge-1.21.1-10.1.0.jar"
"bno","bno:raw_zinc_block","raw_zinc_block","zinc_block","raw_material","not_applicable","BasicNetherOres-neoforge-1.21.1-10.1.0.jar"
"bno","bno:silver_block","silver_block","silver_block","storage_or_special_block","not_applicable","BasicNetherOres-neoforge-1.21.1-10.1.0.jar"
"bno","bno:silver_ingot","silver_ingot","silver","ingot","not_applicable","BasicNetherOres-neoforge-1.21.1-10.1.0.jar"
"bno","bno:silver_nugget","silver_nugget","silver","nugget","not_applicable","BasicNetherOres-neoforge-1.21.1-10.1.0.jar"
"bno","bno:soul_aluminum_ore","soul_aluminum_ore","aluminum","ore","nether","BasicNetherOres-neoforge-1.21.1-10.1.0.jar"
"bno","bno:soul_coal_ore","soul_coal_ore","coal","ore","nether","BasicNetherOres-neoforge-1.21.1-10.1.0.jar"
"bno","bno:soul_copper_ore","soul_copper_ore","copper","ore","nether","BasicNetherOres-neoforge-1.21.1-10.1.0.jar"
"bno","bno:soul_diamond_ore","soul_diamond_ore","diamond","ore","nether","BasicNetherOres-neoforge-1.21.1-10.1.0.jar"
"bno","bno:soul_emerald_ore","soul_emerald_ore","emerald","ore","nether","BasicNetherOres-neoforge-1.21.1-10.1.0.jar"
"bno","bno:soul_iron_ore","soul_iron_ore","iron","ore","nether","BasicNetherOres-neoforge-1.21.1-10.1.0.jar"
"bno","bno:soul_lapis_ore","soul_lapis_ore","lapis","ore","nether","BasicNetherOres-neoforge-1.21.1-10.1.0.jar"
"bno","bno:soul_lead_ore","soul_lead_ore","lead","ore","nether","BasicNetherOres-neoforge-1.21.1-10.1.0.jar"
"bno","bno:soul_nickel_ore","soul_nickel_ore","nickel","ore","nether","BasicNetherOres-neoforge-1.21.1-10.1.0.jar"
"bno","bno:soul_osmium_ore","soul_osmium_ore","osmium","ore","nether","BasicNetherOres-neoforge-1.21.1-10.1.0.jar"
"bno","bno:soul_redstone_ore","soul_redstone_ore","redstone","ore","nether","BasicNetherOres-neoforge-1.21.1-10.1.0.jar"
"bno","bno:soul_silver_ore","soul_silver_ore","silver","ore","nether","BasicNetherOres-neoforge-1.21.1-10.1.0.jar"
"bno","bno:soul_tin_ore","soul_tin_ore","tin","ore","nether","BasicNetherOres-neoforge-1.21.1-10.1.0.jar"
"bno","bno:soul_uranium_ore","soul_uranium_ore","uranium","ore","nether","BasicNetherOres-neoforge-1.21.1-10.1.0.jar"
"bno","bno:soul_zinc_ore","soul_zinc_ore","zinc","ore","nether","BasicNetherOres-neoforge-1.21.1-10.1.0.jar"
"bno","bno:tin_block","tin_block","tin_block","storage_or_special_block","not_applicable","BasicNetherOres-neoforge-1.21.1-10.1.0.jar"
"bno","bno:tin_ingot","tin_ingot","tin","ingot","not_applicable","BasicNetherOres-neoforge-1.21.1-10.1.0.jar"
"bno","bno:tin_nugget","tin_nugget","tin","nugget","not_applicable","BasicNetherOres-neoforge-1.21.1-10.1.0.jar"
"bno","bno:uranium_block","uranium_block","uranium_block","storage_or_special_block","not_applicable","BasicNetherOres-neoforge-1.21.1-10.1.0.jar"
"bno","bno:uranium_ingot","uranium_ingot","uranium","ingot","not_applicable","BasicNetherOres-neoforge-1.21.1-10.1.0.jar"
"bno","bno:zinc_block","zinc_block","zinc_block","storage_or_special_block","not_applicable","BasicNetherOres-neoforge-1.21.1-10.1.0.jar"
"bno","bno:zinc_ingot","zinc_ingot","zinc","ingot","not_applicable","BasicNetherOres-neoforge-1.21.1-10.1.0.jar"
"bno","bno:zinc_nugget","zinc_nugget","zinc","nugget","not_applicable","BasicNetherOres-neoforge-1.21.1-10.1.0.jar"
"more_ores_more_gems","more_ores_more_gems:adamantite_armor_boots","adamantite_armor_boots","adamantite","refined_gem_or_component","not_applicable","momg-1.1.9-release-neoforge-1.21.1.jar"
"more_ores_more_gems","more_ores_more_gems:adamantite_armor_chestplate","adamantite_armor_chestplate","adamantite","refined_gem_or_component","not_applicable","momg-1.1.9-release-neoforge-1.21.1.jar"
"more_ores_more_gems","more_ores_more_gems:adamantite_armor_helmet","adamantite_armor_helmet","adamantite","refined_gem_or_component","not_applicable","momg-1.1.9-release-neoforge-1.21.1.jar"
"more_ores_more_gems","more_ores_more_gems:adamantite_armor_leggings","adamantite_armor_leggings","adamantite","refined_gem_or_component","not_applicable","momg-1.1.9-release-neoforge-1.21.1.jar"
"more_ores_more_gems","more_ores_more_gems:adamantite_axe","adamantite_axe","adamantite","refined_gem_or_component","not_applicable","momg-1.1.9-release-neoforge-1.21.1.jar"
"more_ores_more_gems","more_ores_more_gems:adamantite_hoe","adamantite_hoe","adamantite","refined_gem_or_component","not_applicable","momg-1.1.9-release-neoforge-1.21.1.jar"
"more_ores_more_gems","more_ores_more_gems:adamantite_ingot","adamantite_ingot","adamantite","ingot","not_applicable","momg-1.1.9-release-neoforge-1.21.1.jar"
"more_ores_more_gems","more_ores_more_gems:adamantite_nugget","adamantite_nugget","adamantite","nugget","not_applicable","momg-1.1.9-release-neoforge-1.21.1.jar"
"more_ores_more_gems","more_ores_more_gems:adamantite_ore","adamantite_ore","adamantite","ore","overworld","momg-1.1.9-release-neoforge-1.21.1.jar"
"more_ores_more_gems","more_ores_more_gems:adamantite_pickaxe","adamantite_pickaxe","adamantite","refined_gem_or_component","not_applicable","momg-1.1.9-release-neoforge-1.21.1.jar"
"more_ores_more_gems","more_ores_more_gems:adamantite_shovel","adamantite_shovel","adamantite","refined_gem_or_component","not_applicable","momg-1.1.9-release-neoforge-1.21.1.jar"
"more_ores_more_gems","more_ores_more_gems:adamantite_sword","adamantite_sword","adamantite","refined_gem_or_component","not_applicable","momg-1.1.9-release-neoforge-1.21.1.jar"
"more_ores_more_gems","more_ores_more_gems:aetherium_armor_boots","aetherium_armor_boots","aetherium","refined_gem_or_component","not_applicable","momg-1.1.9-release-neoforge-1.21.1.jar"
"more_ores_more_gems","more_ores_more_gems:aetherium_armor_chestplate","aetherium_armor_chestplate","aetherium","refined_gem_or_component","not_applicable","momg-1.1.9-release-neoforge-1.21.1.jar"
"more_ores_more_gems","more_ores_more_gems:aetherium_armor_helmet","aetherium_armor_helmet","aetherium","refined_gem_or_component","not_applicable","momg-1.1.9-release-neoforge-1.21.1.jar"
"more_ores_more_gems","more_ores_more_gems:aetherium_armor_leggings","aetherium_armor_leggings","aetherium","refined_gem_or_component","not_applicable","momg-1.1.9-release-neoforge-1.21.1.jar"
"more_ores_more_gems","more_ores_more_gems:aetherium_axe","aetherium_axe","aetherium","refined_gem_or_component","not_applicable","momg-1.1.9-release-neoforge-1.21.1.jar"
"more_ores_more_gems","more_ores_more_gems:aetherium_hoe","aetherium_hoe","aetherium","refined_gem_or_component","not_applicable","momg-1.1.9-release-neoforge-1.21.1.jar"
"more_ores_more_gems","more_ores_more_gems:aetherium_ingot","aetherium_ingot","aetherium","ingot","not_applicable","momg-1.1.9-release-neoforge-1.21.1.jar"
"more_ores_more_gems","more_ores_more_gems:aetherium_nugget","aetherium_nugget","aetherium","nugget","not_applicable","momg-1.1.9-release-neoforge-1.21.1.jar"
"more_ores_more_gems","more_ores_more_gems:aetherium_ore","aetherium_ore","aetherium","ore","overworld","momg-1.1.9-release-neoforge-1.21.1.jar"
"more_ores_more_gems","more_ores_more_gems:aetherium_pickaxe","aetherium_pickaxe","aetherium","refined_gem_or_component","not_applicable","momg-1.1.9-release-neoforge-1.21.1.jar"
"more_ores_more_gems","more_ores_more_gems:aetherium_shovel","aetherium_shovel","aetherium","refined_gem_or_component","not_applicable","momg-1.1.9-release-neoforge-1.21.1.jar"
"more_ores_more_gems","more_ores_more_gems:aetherium_sword","aetherium_sword","aetherium","refined_gem_or_component","not_applicable","momg-1.1.9-release-neoforge-1.21.1.jar"
"more_ores_more_gems","more_ores_more_gems:alloy_icon","alloy_icon","alloy_icon","refined_gem_or_component","not_applicable","momg-1.1.9-release-neoforge-1.21.1.jar"
"more_ores_more_gems","more_ores_more_gems:amethyst","amethyst","amethyst","refined_gem_or_component","not_applicable","momg-1.1.9-release-neoforge-1.21.1.jar"
"more_ores_more_gems","more_ores_more_gems:amethyst_5_axe","amethyst_5_axe","amethyst_5","refined_gem_or_component","not_applicable","momg-1.1.9-release-neoforge-1.21.1.jar"
"more_ores_more_gems","more_ores_more_gems:amethyst_5_hoe","amethyst_5_hoe","amethyst_5","refined_gem_or_component","not_applicable","momg-1.1.9-release-neoforge-1.21.1.jar"
"more_ores_more_gems","more_ores_more_gems:amethyst_5_pickaxe","amethyst_5_pickaxe","amethyst_5","refined_gem_or_component","not_applicable","momg-1.1.9-release-neoforge-1.21.1.jar"
"more_ores_more_gems","more_ores_more_gems:amethyst_5_shovel","amethyst_5_shovel","amethyst_5","refined_gem_or_component","not_applicable","momg-1.1.9-release-neoforge-1.21.1.jar"
"more_ores_more_gems","more_ores_more_gems:amethyst_5_sword","amethyst_5_sword","amethyst_5","refined_gem_or_component","not_applicable","momg-1.1.9-release-neoforge-1.21.1.jar"
"more_ores_more_gems","more_ores_more_gems:amethyst_g_armor_boots","amethyst_g_armor_boots","amethyst_g","refined_gem_or_component","not_applicable","momg-1.1.9-release-neoforge-1.21.1.jar"
"more_ores_more_gems","more_ores_more_gems:amethyst_g_armor_chestplate","amethyst_g_armor_chestplate","amethyst_g","refined_gem_or_component","not_applicable","momg-1.1.9-release-neoforge-1.21.1.jar"
"more_ores_more_gems","more_ores_more_gems:amethyst_g_armor_helmet","amethyst_g_armor_helmet","amethyst_g","refined_gem_or_component","not_applicable","momg-1.1.9-release-neoforge-1.21.1.jar"
"more_ores_more_gems","more_ores_more_gems:amethyst_g_armor_leggings","amethyst_g_armor_leggings","amethyst_g","refined_gem_or_component","not_applicable","momg-1.1.9-release-neoforge-1.21.1.jar"
"more_ores_more_gems","more_ores_more_gems:amethyst_ore","amethyst_ore","amethyst","ore","overworld","momg-1.1.9-release-neoforge-1.21.1.jar"
"more_ores_more_gems","more_ores_more_gems:ametrine","ametrine","ametrine","refined_gem_or_component","not_applicable","momg-1.1.9-release-neoforge-1.21.1.jar"
"more_ores_more_gems","more_ores_more_gems:ametrine_h_armor_boots","ametrine_h_armor_boots","ametrine_h","refined_gem_or_component","not_applicable","momg-1.1.9-release-neoforge-1.21.1.jar"
"more_ores_more_gems","more_ores_more_gems:ametrine_h_armor_chestplate","ametrine_h_armor_chestplate","ametrine_h","refined_gem_or_component","not_applicable","momg-1.1.9-release-neoforge-1.21.1.jar"
"more_ores_more_gems","more_ores_more_gems:ametrine_h_armor_helmet","ametrine_h_armor_helmet","ametrine_h","refined_gem_or_component","not_applicable","momg-1.1.9-release-neoforge-1.21.1.jar"
"more_ores_more_gems","more_ores_more_gems:ametrine_h_armor_leggings","ametrine_h_armor_leggings","ametrine_h","refined_gem_or_component","not_applicable","momg-1.1.9-release-neoforge-1.21.1.jar"
"more_ores_more_gems","more_ores_more_gems:ametrine_l_axe","ametrine_l_axe","ametrine_l","refined_gem_or_component","not_applicable","momg-1.1.9-release-neoforge-1.21.1.jar"
"more_ores_more_gems","more_ores_more_gems:ametrine_l_hoe","ametrine_l_hoe","ametrine_l","refined_gem_or_component","not_applicable","momg-1.1.9-release-neoforge-1.21.1.jar"
"more_ores_more_gems","more_ores_more_gems:ametrine_l_pickaxe","ametrine_l_pickaxe","ametrine_l","refined_gem_or_component","not_applicable","momg-1.1.9-release-neoforge-1.21.1.jar"
"more_ores_more_gems","more_ores_more_gems:ametrine_l_shovel","ametrine_l_shovel","ametrine_l","refined_gem_or_component","not_applicable","momg-1.1.9-release-neoforge-1.21.1.jar"
"more_ores_more_gems","more_ores_more_gems:ametrine_l_sword","ametrine_l_sword","ametrine_l","refined_gem_or_component","not_applicable","momg-1.1.9-release-neoforge-1.21.1.jar"
"more_ores_more_gems","more_ores_more_gems:ametrine_ore","ametrine_ore","ametrine","ore","overworld","momg-1.1.9-release-neoforge-1.21.1.jar"
"more_ores_more_gems","more_ores_more_gems:antimony_armor_boots","antimony_armor_boots","antimony","refined_gem_or_component","not_applicable","momg-1.1.9-release-neoforge-1.21.1.jar"
"more_ores_more_gems","more_ores_more_gems:antimony_armor_chestplate","antimony_armor_chestplate","antimony","refined_gem_or_component","not_applicable","momg-1.1.9-release-neoforge-1.21.1.jar"
"more_ores_more_gems","more_ores_more_gems:antimony_armor_helmet","antimony_armor_helmet","antimony","refined_gem_or_component","not_applicable","momg-1.1.9-release-neoforge-1.21.1.jar"
"more_ores_more_gems","more_ores_more_gems:antimony_armor_leggings","antimony_armor_leggings","antimony","refined_gem_or_component","not_applicable","momg-1.1.9-release-neoforge-1.21.1.jar"
"more_ores_more_gems","more_ores_more_gems:antimony_axe","antimony_axe","antimony","refined_gem_or_component","not_applicable","momg-1.1.9-release-neoforge-1.21.1.jar"
"more_ores_more_gems","more_ores_more_gems:antimony_hoe","antimony_hoe","antimony","refined_gem_or_component","not_applicable","momg-1.1.9-release-neoforge-1.21.1.jar"
"more_ores_more_gems","more_ores_more_gems:antimony_ingot","antimony_ingot","antimony","ingot","not_applicable","momg-1.1.9-release-neoforge-1.21.1.jar"
"more_ores_more_gems","more_ores_more_gems:antimony_nugget","antimony_nugget","antimony","nugget","not_applicable","momg-1.1.9-release-neoforge-1.21.1.jar"
"more_ores_more_gems","more_ores_more_gems:antimony_ore","antimony_ore","antimony","ore","overworld","momg-1.1.9-release-neoforge-1.21.1.jar"
"more_ores_more_gems","more_ores_more_gems:antimony_pickaxe","antimony_pickaxe","antimony","refined_gem_or_component","not_applicable","momg-1.1.9-release-neoforge-1.21.1.jar"
"more_ores_more_gems","more_ores_more_gems:antimony_shovel","antimony_shovel","antimony","refined_gem_or_component","not_applicable","momg-1.1.9-release-neoforge-1.21.1.jar"
"more_ores_more_gems","more_ores_more_gems:antimony_sword","antimony_sword","antimony","refined_gem_or_component","not_applicable","momg-1.1.9-release-neoforge-1.21.1.jar"
"more_ores_more_gems","more_ores_more_gems:aquamarine","aquamarine","aquamarine","refined_gem_or_component","not_applicable","momg-1.1.9-release-neoforge-1.21.1.jar"
"more_ores_more_gems","more_ores_more_gems:aquamarine_gemstone_armor_boots","aquamarine_gemstone_armor_boots","aquamarine_gemstone","refined_gem_or_component","not_applicable","momg-1.1.9-release-neoforge-1.21.1.jar"
"more_ores_more_gems","more_ores_more_gems:aquamarine_gemstone_armor_chestplate","aquamarine_gemstone_armor_chestplate","aquamarine_gemstone","refined_gem_or_component","not_applicable","momg-1.1.9-release-neoforge-1.21.1.jar"
"more_ores_more_gems","more_ores_more_gems:aquamarine_gemstone_armor_helmet","aquamarine_gemstone_armor_helmet","aquamarine_gemstone","refined_gem_or_component","not_applicable","momg-1.1.9-release-neoforge-1.21.1.jar"
"more_ores_more_gems","more_ores_more_gems:aquamarine_gemstone_armor_leggings","aquamarine_gemstone_armor_leggings","aquamarine_gemstone","refined_gem_or_component","not_applicable","momg-1.1.9-release-neoforge-1.21.1.jar"
"more_ores_more_gems","more_ores_more_gems:aquamarine_gemstone_axe","aquamarine_gemstone_axe","aquamarine_gemstone","refined_gem_or_component","not_applicable","momg-1.1.9-release-neoforge-1.21.1.jar"
"more_ores_more_gems","more_ores_more_gems:aquamarine_gemstone_hoe","aquamarine_gemstone_hoe","aquamarine_gemstone","refined_gem_or_component","not_applicable","momg-1.1.9-release-neoforge-1.21.1.jar"
"more_ores_more_gems","more_ores_more_gems:aquamarine_gemstone_pickaxe","aquamarine_gemstone_pickaxe","aquamarine_gemstone","refined_gem_or_component","not_applicable","momg-1.1.9-release-neoforge-1.21.1.jar"
"more_ores_more_gems","more_ores_more_gems:aquamarine_gemstone_shovel","aquamarine_gemstone_shovel","aquamarine_gemstone","refined_gem_or_component","not_applicable","momg-1.1.9-release-neoforge-1.21.1.jar"
"more_ores_more_gems","more_ores_more_gems:aquamarine_gemstone_sword","aquamarine_gemstone_sword","aquamarine_gemstone","refined_gem_or_component","not_applicable","momg-1.1.9-release-neoforge-1.21.1.jar"
"more_ores_more_gems","more_ores_more_gems:aquamarine_ore","aquamarine_ore","aquamarine","ore","overworld","momg-1.1.9-release-neoforge-1.21.1.jar"
"more_ores_more_gems","more_ores_more_gems:autunite_234_gemstone","autunite_234_gemstone","autunite_234_gemstone","refined_gem_or_component","not_applicable","momg-1.1.9-release-neoforge-1.21.1.jar"
"more_ores_more_gems","more_ores_more_gems:autunite_235_gemstone","autunite_235_gemstone","autunite_235_gemstone","refined_gem_or_component","not_applicable","momg-1.1.9-release-neoforge-1.21.1.jar"
"more_ores_more_gems","more_ores_more_gems:autunite_238_gemstone","autunite_238_gemstone","autunite_238_gemstone","refined_gem_or_component","not_applicable","momg-1.1.9-release-neoforge-1.21.1.jar"
"more_ores_more_gems","more_ores_more_gems:autunite_ore","autunite_ore","autunite","ore","overworld","momg-1.1.9-release-neoforge-1.21.1.jar"
"more_ores_more_gems","more_ores_more_gems:basic_gemstone_icon","basic_gemstone_icon","basic_gemstone_icon","refined_gem_or_component","not_applicable","momg-1.1.9-release-neoforge-1.21.1.jar"
"more_ores_more_gems","more_ores_more_gems:basic_metal_icon","basic_metal_icon","basic","refined_gem_or_component","not_applicable","momg-1.1.9-release-neoforge-1.21.1.jar"
"more_ores_more_gems","more_ores_more_gems:black_fluorite_armor_boots","black_fluorite_armor_boots","black_fluorite","refined_gem_or_component","not_applicable","momg-1.1.9-release-neoforge-1.21.1.jar"
"more_ores_more_gems","more_ores_more_gems:black_fluorite_armor_chestplate","black_fluorite_armor_chestplate","black_fluorite","refined_gem_or_component","not_applicable","momg-1.1.9-release-neoforge-1.21.1.jar"
"more_ores_more_gems","more_ores_more_gems:black_fluorite_armor_helmet","black_fluorite_armor_helmet","black_fluorite","refined_gem_or_component","not_applicable","momg-1.1.9-release-neoforge-1.21.1.jar"
"more_ores_more_gems","more_ores_more_gems:black_fluorite_armor_leggings","black_fluorite_armor_leggings","black_fluorite","refined_gem_or_component","not_applicable","momg-1.1.9-release-neoforge-1.21.1.jar"
"more_ores_more_gems","more_ores_more_gems:black_fluorite_axe","black_fluorite_axe","black_fluorite","refined_gem_or_component","not_applicable","momg-1.1.9-release-neoforge-1.21.1.jar"
"more_ores_more_gems","more_ores_more_gems:black_fluorite_hoe","black_fluorite_hoe","black_fluorite","refined_gem_or_component","not_applicable","momg-1.1.9-release-neoforge-1.21.1.jar"
"more_ores_more_gems","more_ores_more_gems:black_fluorite_pickaxe","black_fluorite_pickaxe","black_fluorite","refined_gem_or_component","not_applicable","momg-1.1.9-release-neoforge-1.21.1.jar"
"more_ores_more_gems","more_ores_more_gems:black_fluorite_shovel","black_fluorite_shovel","black_fluorite","refined_gem_or_component","not_applicable","momg-1.1.9-release-neoforge-1.21.1.jar"
"more_ores_more_gems","more_ores_more_gems:black_fluorite_sword","black_fluorite_sword","black_fluorite","refined_gem_or_component","not_applicable","momg-1.1.9-release-neoforge-1.21.1.jar"
"more_ores_more_gems","more_ores_more_gems:black_opal","black_opal","black_opal","refined_gem_or_component","not_applicable","momg-1.1.9-release-neoforge-1.21.1.jar"
"more_ores_more_gems","more_ores_more_gems:black_opal_gem_armor_boots","black_opal_gem_armor_boots","black_opal","refined_gem_or_component","not_applicable","momg-1.1.9-release-neoforge-1.21.1.jar"
"more_ores_more_gems","more_ores_more_gems:black_opal_gem_armor_chestplate","black_opal_gem_armor_chestplate","black_opal","refined_gem_or_component","not_applicable","momg-1.1.9-release-neoforge-1.21.1.jar"
"more_ores_more_gems","more_ores_more_gems:black_opal_gem_armor_helmet","black_opal_gem_armor_helmet","black_opal","refined_gem_or_component","not_applicable","momg-1.1.9-release-neoforge-1.21.1.jar"
"more_ores_more_gems","more_ores_more_gems:black_opal_gem_armor_leggings","black_opal_gem_armor_leggings","black_opal","refined_gem_or_component","not_applicable","momg-1.1.9-release-neoforge-1.21.1.jar"
"more_ores_more_gems","more_ores_more_gems:black_opal_gem_axe","black_opal_gem_axe","black_opal","refined_gem_or_component","not_applicable","momg-1.1.9-release-neoforge-1.21.1.jar"
"more_ores_more_gems","more_ores_more_gems:black_opal_gem_hoe","black_opal_gem_hoe","black_opal","refined_gem_or_component","not_applicable","momg-1.1.9-release-neoforge-1.21.1.jar"
"more_ores_more_gems","more_ores_more_gems:black_opal_gem_pickaxe","black_opal_gem_pickaxe","black_opal","refined_gem_or_component","not_applicable","momg-1.1.9-release-neoforge-1.21.1.jar"
"more_ores_more_gems","more_ores_more_gems:black_opal_gem_shovel","black_opal_gem_shovel","black_opal","refined_gem_or_component","not_applicable","momg-1.1.9-release-neoforge-1.21.1.jar"
"more_ores_more_gems","more_ores_more_gems:black_opal_gem_sword","black_opal_gem_sword","black_opal","refined_gem_or_component","not_applicable","momg-1.1.9-release-neoforge-1.21.1.jar"
"more_ores_more_gems","more_ores_more_gems:black_opal_ore","black_opal_ore","black_opal","ore","overworld","momg-1.1.9-release-neoforge-1.21.1.jar"
"more_ores_more_gems","more_ores_more_gems:block_of_adamantite","block_of_adamantite","adamantite","storage_or_special_block","not_applicable","momg-1.1.9-release-neoforge-1.21.1.jar"
"more_ores_more_gems","more_ores_more_gems:block_of_amethyst","block_of_amethyst","amethyst","storage_or_special_block","not_applicable","momg-1.1.9-release-neoforge-1.21.1.jar"
"more_ores_more_gems","more_ores_more_gems:block_of_ametrine","block_of_ametrine","ametrine","storage_or_special_block","not_applicable","momg-1.1.9-release-neoforge-1.21.1.jar"
"more_ores_more_gems","more_ores_more_gems:block_of_antimony","block_of_antimony","antimony","storage_or_special_block","not_applicable","momg-1.1.9-release-neoforge-1.21.1.jar"
"more_ores_more_gems","more_ores_more_gems:block_of_aquamarine","block_of_aquamarine","aquamarine","storage_or_special_block","not_applicable","momg-1.1.9-release-neoforge-1.21.1.jar"
"more_ores_more_gems","more_ores_more_gems:block_of_autunite_234","block_of_autunite_234","autunite_234","storage_or_special_block","not_applicable","momg-1.1.9-release-neoforge-1.21.1.jar"
"more_ores_more_gems","more_ores_more_gems:block_of_autunite_235","block_of_autunite_235","autunite_235","storage_or_special_block","not_applicable","momg-1.1.9-release-neoforge-1.21.1.jar"
"more_ores_more_gems","more_ores_more_gems:block_of_autunite_238","block_of_autunite_238","autunite_238","storage_or_special_block","not_applicable","momg-1.1.9-release-neoforge-1.21.1.jar"
"more_ores_more_gems","more_ores_more_gems:block_of_black_fluorite","block_of_black_fluorite","black_fluorite","storage_or_special_block","not_applicable","momg-1.1.9-release-neoforge-1.21.1.jar"
"more_ores_more_gems","more_ores_more_gems:block_of_black_opal","block_of_black_opal","black_opal","storage_or_special_block","not_applicable","momg-1.1.9-release-neoforge-1.21.1.jar"
"more_ores_more_gems","more_ores_more_gems:block_of_blood_fluorite","block_of_blood_fluorite","blood_fluorite","storage_or_special_block","not_applicable","momg-1.1.9-release-neoforge-1.21.1.jar"
"more_ores_more_gems","more_ores_more_gems:block_of_bromite","block_of_bromite","bromite","storage_or_special_block","not_applicable","momg-1.1.9-release-neoforge-1.21.1.jar"
"more_ores_more_gems","more_ores_more_gems:block_of_carnelian","block_of_carnelian","carnelian","storage_or_special_block","not_applicable","momg-1.1.9-release-neoforge-1.21.1.jar"
"more_ores_more_gems","more_ores_more_gems:block_of_chromium","block_of_chromium","chromium","storage_or_special_block","not_applicable","momg-1.1.9-release-neoforge-1.21.1.jar"
"more_ores_more_gems","more_ores_more_gems:block_of_citrine","block_of_citrine","citrine","storage_or_special_block","not_applicable","momg-1.1.9-release-neoforge-1.21.1.jar"
"more_ores_more_gems","more_ores_more_gems:block_of_cobalt","block_of_cobalt","cobalt","storage_or_special_block","not_applicable","momg-1.1.9-release-neoforge-1.21.1.jar"
"more_ores_more_gems","more_ores_more_gems:block_of_crimsonite","block_of_crimsonite","crimsonite","storage_or_special_block","not_applicable","momg-1.1.9-release-neoforge-1.21.1.jar"
"more_ores_more_gems","more_ores_more_gems:block_of_ekanite","block_of_ekanite","ekanite","storage_or_special_block","not_applicable","momg-1.1.9-release-neoforge-1.21.1.jar"
"more_ores_more_gems","more_ores_more_gems:block_of_electrum","block_of_electrum","electrum","storage_or_special_block","not_applicable","momg-1.1.9-release-neoforge-1.21.1.jar"
"more_ores_more_gems","more_ores_more_gems:block_of_fire_opal","block_of_fire_opal","fire_opal","storage_or_special_block","not_applicable","momg-1.1.9-release-neoforge-1.21.1.jar"
"more_ores_more_gems","more_ores_more_gems:block_of_fluorescent_fluorite","block_of_fluorescent_fluorite","fluorescent_fluorite","storage_or_special_block","not_applicable","momg-1.1.9-release-neoforge-1.21.1.jar"
"more_ores_more_gems","more_ores_more_gems:block_of_fluorite_phantom","block_of_fluorite_phantom","fluorite_phantom","storage_or_special_block","not_applicable","momg-1.1.9-release-neoforge-1.21.1.jar"
"more_ores_more_gems","more_ores_more_gems:block_of_gray_opal","block_of_gray_opal","gray_opal","storage_or_special_block","not_applicable","momg-1.1.9-release-neoforge-1.21.1.jar"
"more_ores_more_gems","more_ores_more_gems:block_of_green_fluorite","block_of_green_fluorite","green_fluorite","storage_or_special_block","not_applicable","momg-1.1.9-release-neoforge-1.21.1.jar"
"more_ores_more_gems","more_ores_more_gems:block_of_heliodor","block_of_heliodor","heliodor","storage_or_special_block","not_applicable","momg-1.1.9-release-neoforge-1.21.1.jar"
"more_ores_more_gems","more_ores_more_gems:block_of_indium","block_of_indium","indium","storage_or_special_block","not_applicable","momg-1.1.9-release-neoforge-1.21.1.jar"
"more_ores_more_gems","more_ores_more_gems:block_of_lead","block_of_lead","lead","storage_or_special_block","not_applicable","momg-1.1.9-release-neoforge-1.21.1.jar"
"more_ores_more_gems","more_ores_more_gems:block_of_lemonite","block_of_lemonite","lemonite","storage_or_special_block","not_applicable","momg-1.1.9-release-neoforge-1.21.1.jar"
"more_ores_more_gems","more_ores_more_gems:block_of_leucosapphire","block_of_leucosapphire","leucosapphire","storage_or_special_block","not_applicable","momg-1.1.9-release-neoforge-1.21.1.jar"
"more_ores_more_gems","more_ores_more_gems:block_of_luminous_gem","block_of_luminous_gem","luminous_gem","storage_or_special_block","not_applicable","momg-1.1.9-release-neoforge-1.21.1.jar"
"more_ores_more_gems","more_ores_more_gems:block_of_magnesium","block_of_magnesium","magnesium","storage_or_special_block","not_applicable","momg-1.1.9-release-neoforge-1.21.1.jar"
"more_ores_more_gems","more_ores_more_gems:block_of_monel","block_of_monel","monel","storage_or_special_block","not_applicable","momg-1.1.9-release-neoforge-1.21.1.jar"
"more_ores_more_gems","more_ores_more_gems:block_of_neptunium","block_of_neptunium","neptunium","storage_or_special_block","not_applicable","momg-1.1.9-release-neoforge-1.21.1.jar"
"more_ores_more_gems","more_ores_more_gems:block_of_nickel","block_of_nickel","nickel","storage_or_special_block","not_applicable","momg-1.1.9-release-neoforge-1.21.1.jar"
"more_ores_more_gems","more_ores_more_gems:block_of_nitinol","block_of_nitinol","nitinol","storage_or_special_block","not_applicable","momg-1.1.9-release-neoforge-1.21.1.jar"
"more_ores_more_gems","more_ores_more_gems:block_of_opalized_quartz","block_of_opalized_quartz","opalized_quartz","storage_or_special_block","not_applicable","momg-1.1.9-release-neoforge-1.21.1.jar"
"more_ores_more_gems","more_ores_more_gems:block_of_orange_fluorite","block_of_orange_fluorite","orange_fluorite","storage_or_special_block","not_applicable","momg-1.1.9-release-neoforge-1.21.1.jar"
"more_ores_more_gems","more_ores_more_gems:block_of_orange_pink_fluorite","block_of_orange_pink_fluorite","orange_pink_fluorite","storage_or_special_block","not_applicable","momg-1.1.9-release-neoforge-1.21.1.jar"
"more_ores_more_gems","more_ores_more_gems:block_of_osmium","block_of_osmium","osmium","storage_or_special_block","not_applicable","momg-1.1.9-release-neoforge-1.21.1.jar"
"more_ores_more_gems","more_ores_more_gems:block_of_padparadscha","block_of_padparadscha","padparadscha","storage_or_special_block","not_applicable","momg-1.1.9-release-neoforge-1.21.1.jar"
"more_ores_more_gems","more_ores_more_gems:block_of_peridot","block_of_peridot","peridot","storage_or_special_block","not_applicable","momg-1.1.9-release-neoforge-1.21.1.jar"
"more_ores_more_gems","more_ores_more_gems:block_of_pink_fluorite","block_of_pink_fluorite","pink_fluorite","storage_or_special_block","not_applicable","momg-1.1.9-release-neoforge-1.21.1.jar"
"more_ores_more_gems","more_ores_more_gems:block_of_pink_opal","block_of_pink_opal","pink_opal","storage_or_special_block","not_applicable","momg-1.1.9-release-neoforge-1.21.1.jar"
"more_ores_more_gems","more_ores_more_gems:block_of_platinum","block_of_platinum","platinum","storage_or_special_block","not_applicable","momg-1.1.9-release-neoforge-1.21.1.jar"
"more_ores_more_gems","more_ores_more_gems:block_of_purple_fluorite","block_of_purple_fluorite","purple_fluorite","storage_or_special_block","not_applicable","momg-1.1.9-release-neoforge-1.21.1.jar"
"more_ores_more_gems","more_ores_more_gems:block_of_purple_green_fluorite","block_of_purple_green_fluorite","purple_green_fluorite","storage_or_special_block","not_applicable","momg-1.1.9-release-neoforge-1.21.1.jar"
"more_ores_more_gems","more_ores_more_gems:block_of_radium_226","block_of_radium_226","radium_226","storage_or_special_block","not_applicable","momg-1.1.9-release-neoforge-1.21.1.jar"
"more_ores_more_gems","more_ores_more_gems:block_of_radium_226_dust","block_of_radium_226_dust","radium_226_dust","storage_or_special_block","not_applicable","momg-1.1.9-release-neoforge-1.21.1.jar"
"more_ores_more_gems","more_ores_more_gems:block_of_rainbow_fluorite","block_of_rainbow_fluorite","rainbow_fluorite","storage_or_special_block","not_applicable","momg-1.1.9-release-neoforge-1.21.1.jar"
"more_ores_more_gems","more_ores_more_gems:block_of_rare_sapphire","block_of_rare_sapphire","rare_sapphire","storage_or_special_block","not_applicable","momg-1.1.9-release-neoforge-1.21.1.jar"
"more_ores_more_gems","more_ores_more_gems:block_of_raw_adamantite","block_of_raw_adamantite","adamantite","raw_storage_block","not_applicable","momg-1.1.9-release-neoforge-1.21.1.jar"
"more_ores_more_gems","more_ores_more_gems:block_of_raw_antimony","block_of_raw_antimony","antimony","raw_storage_block","not_applicable","momg-1.1.9-release-neoforge-1.21.1.jar"
"more_ores_more_gems","more_ores_more_gems:block_of_raw_bromine","block_of_raw_bromine","bromine","raw_storage_block","not_applicable","momg-1.1.9-release-neoforge-1.21.1.jar"
"more_ores_more_gems","more_ores_more_gems:block_of_raw_chromium","block_of_raw_chromium","chromium","raw_storage_block","not_applicable","momg-1.1.9-release-neoforge-1.21.1.jar"
"more_ores_more_gems","more_ores_more_gems:block_of_raw_cobalt","block_of_raw_cobalt","cobalt","raw_storage_block","not_applicable","momg-1.1.9-release-neoforge-1.21.1.jar"
"more_ores_more_gems","more_ores_more_gems:block_of_raw_crimsonite","block_of_raw_crimsonite","crimsonite","raw_storage_block","not_applicable","momg-1.1.9-release-neoforge-1.21.1.jar"
"more_ores_more_gems","more_ores_more_gems:block_of_raw_electrum","block_of_raw_electrum","electrum","raw_storage_block","not_applicable","momg-1.1.9-release-neoforge-1.21.1.jar"
"more_ores_more_gems","more_ores_more_gems:block_of_raw_indium","block_of_raw_indium","indium","raw_storage_block","not_applicable","momg-1.1.9-release-neoforge-1.21.1.jar"
"more_ores_more_gems","more_ores_more_gems:block_of_raw_lead","block_of_raw_lead","lead","raw_storage_block","not_applicable","momg-1.1.9-release-neoforge-1.21.1.jar"
"more_ores_more_gems","more_ores_more_gems:block_of_raw_magnesium","block_of_raw_magnesium","magnesium","raw_storage_block","not_applicable","momg-1.1.9-release-neoforge-1.21.1.jar"
"more_ores_more_gems","more_ores_more_gems:block_of_raw_monel","block_of_raw_monel","monel","raw_storage_block","not_applicable","momg-1.1.9-release-neoforge-1.21.1.jar"
"more_ores_more_gems","more_ores_more_gems:block_of_raw_neptunium","block_of_raw_neptunium","neptunium","raw_storage_block","not_applicable","momg-1.1.9-release-neoforge-1.21.1.jar"
"more_ores_more_gems","more_ores_more_gems:block_of_raw_nickel","block_of_raw_nickel","nickel","raw_storage_block","not_applicable","momg-1.1.9-release-neoforge-1.21.1.jar"
"more_ores_more_gems","more_ores_more_gems:block_of_raw_nitinol","block_of_raw_nitinol","nitinol","raw_storage_block","not_applicable","momg-1.1.9-release-neoforge-1.21.1.jar"
"more_ores_more_gems","more_ores_more_gems:block_of_raw_osmium","block_of_raw_osmium","osmium","raw_storage_block","not_applicable","momg-1.1.9-release-neoforge-1.21.1.jar"
"more_ores_more_gems","more_ores_more_gems:block_of_raw_platinum","block_of_raw_platinum","platinum","raw_storage_block","not_applicable","momg-1.1.9-release-neoforge-1.21.1.jar"
"more_ores_more_gems","more_ores_more_gems:block_of_raw_radium_226","block_of_raw_radium_226","radium_226","raw_storage_block","not_applicable","momg-1.1.9-release-neoforge-1.21.1.jar"
"more_ores_more_gems","more_ores_more_gems:block_of_raw_rhodium","block_of_raw_rhodium","rhodium","raw_storage_block","not_applicable","momg-1.1.9-release-neoforge-1.21.1.jar"
"more_ores_more_gems","more_ores_more_gems:block_of_raw_rose_gold","block_of_raw_rose_gold","rose_gold","raw_storage_block","not_applicable","momg-1.1.9-release-neoforge-1.21.1.jar"
"more_ores_more_gems","more_ores_more_gems:block_of_raw_shadowite","block_of_raw_shadowite","shadowite","raw_storage_block","not_applicable","momg-1.1.9-release-neoforge-1.21.1.jar"
"more_ores_more_gems","more_ores_more_gems:block_of_raw_shadowsteel","block_of_raw_shadowsteel","shadowsteel","raw_storage_block","not_applicable","momg-1.1.9-release-neoforge-1.21.1.jar"
"more_ores_more_gems","more_ores_more_gems:block_of_raw_skysteel","block_of_raw_skysteel","skysteel","raw_storage_block","not_applicable","momg-1.1.9-release-neoforge-1.21.1.jar"
"more_ores_more_gems","more_ores_more_gems:block_of_raw_sliver","block_of_raw_sliver","sliver","raw_storage_block","not_applicable","momg-1.1.9-release-neoforge-1.21.1.jar"
"more_ores_more_gems","more_ores_more_gems:block_of_raw_steel","block_of_raw_steel","steel","raw_storage_block","not_applicable","momg-1.1.9-release-neoforge-1.21.1.jar"
"more_ores_more_gems","more_ores_more_gems:block_of_raw_thalassium","block_of_raw_thalassium","thalassium","raw_storage_block","not_applicable","momg-1.1.9-release-neoforge-1.21.1.jar"
"more_ores_more_gems","more_ores_more_gems:block_of_raw_thorium","block_of_raw_thorium","thorium","raw_storage_block","not_applicable","momg-1.1.9-release-neoforge-1.21.1.jar"
"more_ores_more_gems","more_ores_more_gems:block_of_raw_tin","block_of_raw_tin","tin","raw_storage_block","not_applicable","momg-1.1.9-release-neoforge-1.21.1.jar"
"more_ores_more_gems","more_ores_more_gems:block_of_raw_titanium_quartz","block_of_raw_titanium_quartz","titanium_quartz","raw_storage_block","not_applicable","momg-1.1.9-release-neoforge-1.21.1.jar"
"more_ores_more_gems","more_ores_more_gems:block_of_raw_tungsten","block_of_raw_tungsten","tungsten","raw_storage_block","not_applicable","momg-1.1.9-release-neoforge-1.21.1.jar"
"more_ores_more_gems","more_ores_more_gems:block_of_raw_uranium","block_of_raw_uranium","uranium","raw_storage_block","not_applicable","momg-1.1.9-release-neoforge-1.21.1.jar"
"more_ores_more_gems","more_ores_more_gems:block_of_raw_uranium_234","block_of_raw_uranium_234","uranium_234","raw_storage_block","not_applicable","momg-1.1.9-release-neoforge-1.21.1.jar"
"more_ores_more_gems","more_ores_more_gems:block_of_raw_uranium_238","block_of_raw_uranium_238","uranium_238","raw_storage_block","not_applicable","momg-1.1.9-release-neoforge-1.21.1.jar"
"more_ores_more_gems","more_ores_more_gems:block_of_raw_urantherium","block_of_raw_urantherium","urantherium","raw_storage_block","not_applicable","momg-1.1.9-release-neoforge-1.21.1.jar"
"more_ores_more_gems","more_ores_more_gems:block_of_raw_volcagmium","block_of_raw_volcagmium","volcagmium","raw_storage_block","not_applicable","momg-1.1.9-release-neoforge-1.21.1.jar"
"more_ores_more_gems","more_ores_more_gems:block_of_rhodium","block_of_rhodium","rhodium","storage_or_special_block","not_applicable","momg-1.1.9-release-neoforge-1.21.1.jar"
"more_ores_more_gems","more_ores_more_gems:block_of_rose_gold","block_of_rose_gold","rose_gold","storage_or_special_block","not_applicable","momg-1.1.9-release-neoforge-1.21.1.jar"
"more_ores_more_gems","more_ores_more_gems:block_of_shadowite","block_of_shadowite","shadowite","storage_or_special_block","not_applicable","momg-1.1.9-release-neoforge-1.21.1.jar"
"more_ores_more_gems","more_ores_more_gems:block_of_shadowsteel","block_of_shadowsteel","shadowsteel","storage_or_special_block","not_applicable","momg-1.1.9-release-neoforge-1.21.1.jar"
"more_ores_more_gems","more_ores_more_gems:block_of_skysteel","block_of_skysteel","skysteel","storage_or_special_block","not_applicable","momg-1.1.9-release-neoforge-1.21.1.jar"
"more_ores_more_gems","more_ores_more_gems:block_of_sliver","block_of_sliver","sliver","storage_or_special_block","not_applicable","momg-1.1.9-release-neoforge-1.21.1.jar"
"more_ores_more_gems","more_ores_more_gems:block_of_steel","block_of_steel","steel","storage_or_special_block","not_applicable","momg-1.1.9-release-neoforge-1.21.1.jar"
"more_ores_more_gems","more_ores_more_gems:block_of_sunflare_gem","block_of_sunflare_gem","sunflare_gem","storage_or_special_block","not_applicable","momg-1.1.9-release-neoforge-1.21.1.jar"
"more_ores_more_gems","more_ores_more_gems:block_of_tanzanite","block_of_tanzanite","tanzanite","storage_or_special_block","not_applicable","momg-1.1.9-release-neoforge-1.21.1.jar"
"more_ores_more_gems","more_ores_more_gems:block_of_thalassium","block_of_thalassium","thalassium","storage_or_special_block","not_applicable","momg-1.1.9-release-neoforge-1.21.1.jar"
"more_ores_more_gems","more_ores_more_gems:block_of_thorium","block_of_thorium","thorium","storage_or_special_block","not_applicable","momg-1.1.9-release-neoforge-1.21.1.jar"
"more_ores_more_gems","more_ores_more_gems:block_of_tin","block_of_tin","tin","storage_or_special_block","not_applicable","momg-1.1.9-release-neoforge-1.21.1.jar"
"more_ores_more_gems","more_ores_more_gems:block_of_titanium_quartz","block_of_titanium_quartz","titanium_quartz","storage_or_special_block","not_applicable","momg-1.1.9-release-neoforge-1.21.1.jar"
"more_ores_more_gems","more_ores_more_gems:block_of_topaz","block_of_topaz","topaz","storage_or_special_block","not_applicable","momg-1.1.9-release-neoforge-1.21.1.jar"
"more_ores_more_gems","more_ores_more_gems:block_of_tungsten","block_of_tungsten","tungsten","storage_or_special_block","not_applicable","momg-1.1.9-release-neoforge-1.21.1.jar"
"more_ores_more_gems","more_ores_more_gems:block_of_uranium","block_of_uranium","uranium","storage_or_special_block","not_applicable","momg-1.1.9-release-neoforge-1.21.1.jar"
"more_ores_more_gems","more_ores_more_gems:block_of_uranium_234","block_of_uranium_234","uranium_234","storage_or_special_block","not_applicable","momg-1.1.9-release-neoforge-1.21.1.jar"
"more_ores_more_gems","more_ores_more_gems:block_of_uranium_238","block_of_uranium_238","uranium_238","storage_or_special_block","not_applicable","momg-1.1.9-release-neoforge-1.21.1.jar"
"more_ores_more_gems","more_ores_more_gems:block_of_uranium_dust","block_of_uranium_dust","uranium_dust","storage_or_special_block","not_applicable","momg-1.1.9-release-neoforge-1.21.1.jar"
"more_ores_more_gems","more_ores_more_gems:block_of_urantherium","block_of_urantherium","urantherium","storage_or_special_block","not_applicable","momg-1.1.9-release-neoforge-1.21.1.jar"
"more_ores_more_gems","more_ores_more_gems:block_of_ussingite","block_of_ussingite","ussingite","storage_or_special_block","not_applicable","momg-1.1.9-release-neoforge-1.21.1.jar"
"more_ores_more_gems","more_ores_more_gems:block_of_volcagmium","block_of_volcagmium","volcagmium","storage_or_special_block","not_applicable","momg-1.1.9-release-neoforge-1.21.1.jar"
"more_ores_more_gems","more_ores_more_gems:block_of_weird_frost_opal","block_of_weird_frost_opal","weird_frost_opal","storage_or_special_block","not_applicable","momg-1.1.9-release-neoforge-1.21.1.jar"
"more_ores_more_gems","more_ores_more_gems:block_of_white_crystal","block_of_white_crystal","white_crystal","storage_or_special_block","not_applicable","momg-1.1.9-release-neoforge-1.21.1.jar"
"more_ores_more_gems","more_ores_more_gems:block_of_white_fluorite","block_of_white_fluorite","white_fluorite","storage_or_special_block","not_applicable","momg-1.1.9-release-neoforge-1.21.1.jar"
"more_ores_more_gems","more_ores_more_gems:block_of_ytt_fluorite","block_of_ytt_fluorite","ytt_fluorite","storage_or_special_block","not_applicable","momg-1.1.9-release-neoforge-1.21.1.jar"
"more_ores_more_gems","more_ores_more_gems:blockof_aetherium","blockof_aetherium","aetherium","storage_or_special_block","not_applicable","momg-1.1.9-release-neoforge-1.21.1.jar"
"more_ores_more_gems","more_ores_more_gems:blockof_jade","blockof_jade","jade","storage_or_special_block","not_applicable","momg-1.1.9-release-neoforge-1.21.1.jar"
"more_ores_more_gems","more_ores_more_gems:blockof_mysticrain_quartz","blockof_mysticrain_quartz","mysticrain_quartz","storage_or_special_block","not_applicable","momg-1.1.9-release-neoforge-1.21.1.jar"
"more_ores_more_gems","more_ores_more_gems:blockof_raw_aetherium","blockof_raw_aetherium","aetherium","raw_storage_block","not_applicable","momg-1.1.9-release-neoforge-1.21.1.jar"
"more_ores_more_gems","more_ores_more_gems:blockof_raw_titanium","blockof_raw_titanium","titanium","raw_storage_block","not_applicable","momg-1.1.9-release-neoforge-1.21.1.jar"
"more_ores_more_gems","more_ores_more_gems:blockof_sapphire","blockof_sapphire","sapphire","storage_or_special_block","not_applicable","momg-1.1.9-release-neoforge-1.21.1.jar"
"more_ores_more_gems","more_ores_more_gems:blockof_titanium","blockof_titanium","titanium","storage_or_special_block","not_applicable","momg-1.1.9-release-neoforge-1.21.1.jar"
"more_ores_more_gems","more_ores_more_gems:blockof_white_opal","blockof_white_opal","white_opal","storage_or_special_block","not_applicable","momg-1.1.9-release-neoforge-1.21.1.jar"
"more_ores_more_gems","more_ores_more_gems:blood_fluorite","blood_fluorite","blood_fluorite","refined_gem_or_component","not_applicable","momg-1.1.9-release-neoforge-1.21.1.jar"
"more_ores_more_gems","more_ores_more_gems:blue_opal_armor_boots","blue_opal_armor_boots","blue_opal","refined_gem_or_component","not_applicable","momg-1.1.9-release-neoforge-1.21.1.jar"
"more_ores_more_gems","more_ores_more_gems:blue_opal_armor_chestplate","blue_opal_armor_chestplate","blue_opal","refined_gem_or_component","not_applicable","momg-1.1.9-release-neoforge-1.21.1.jar"
"more_ores_more_gems","more_ores_more_gems:blue_opal_armor_helmet","blue_opal_armor_helmet","blue_opal","refined_gem_or_component","not_applicable","momg-1.1.9-release-neoforge-1.21.1.jar"
"more_ores_more_gems","more_ores_more_gems:blue_opal_armor_leggings","blue_opal_armor_leggings","blue_opal","refined_gem_or_component","not_applicable","momg-1.1.9-release-neoforge-1.21.1.jar"
"more_ores_more_gems","more_ores_more_gems:blue_opal_axe","blue_opal_axe","blue_opal","refined_gem_or_component","not_applicable","momg-1.1.9-release-neoforge-1.21.1.jar"
"more_ores_more_gems","more_ores_more_gems:blue_opal_hoe","blue_opal_hoe","blue_opal","refined_gem_or_component","not_applicable","momg-1.1.9-release-neoforge-1.21.1.jar"
"more_ores_more_gems","more_ores_more_gems:blue_opal_pickaxe","blue_opal_pickaxe","blue_opal","refined_gem_or_component","not_applicable","momg-1.1.9-release-neoforge-1.21.1.jar"
"more_ores_more_gems","more_ores_more_gems:blue_opal_shovel","blue_opal_shovel","blue_opal","refined_gem_or_component","not_applicable","momg-1.1.9-release-neoforge-1.21.1.jar"
"more_ores_more_gems","more_ores_more_gems:blue_opal_sword","blue_opal_sword","blue_opal","refined_gem_or_component","not_applicable","momg-1.1.9-release-neoforge-1.21.1.jar"
"more_ores_more_gems","more_ores_more_gems:book_momg","book_momg","book_momg","refined_gem_or_component","not_applicable","momg-1.1.9-release-neoforge-1.21.1.jar"
"more_ores_more_gems","more_ores_more_gems:bromine_ingot","bromine_ingot","bromine","ingot","not_applicable","momg-1.1.9-release-neoforge-1.21.1.jar"
"more_ores_more_gems","more_ores_more_gems:bromine_ore","bromine_ore","bromine","ore","overworld","momg-1.1.9-release-neoforge-1.21.1.jar"
"more_ores_more_gems","more_ores_more_gems:bromite_fluid_bucket","bromite_fluid_bucket","bromite_fluid_bucket","refined_gem_or_component","not_applicable","momg-1.1.9-release-neoforge-1.21.1.jar"
"more_ores_more_gems","more_ores_more_gems:carnelian","carnelian","carnelian","refined_gem_or_component","not_applicable","momg-1.1.9-release-neoforge-1.21.1.jar"
"more_ores_more_gems","more_ores_more_gems:carnelian_ore","carnelian_ore","carnelian","ore","overworld","momg-1.1.9-release-neoforge-1.21.1.jar"
"more_ores_more_gems","more_ores_more_gems:castle_funk","castle_funk","castle_funk","refined_gem_or_component","not_applicable","momg-1.1.9-release-neoforge-1.21.1.jar"
"more_ores_more_gems","more_ores_more_gems:chiseled_chondrit_bricks","chiseled_chondrit_bricks","chiseled_chondrit_bricks","refined_gem_or_component","not_applicable","momg-1.1.9-release-neoforge-1.21.1.jar"
"more_ores_more_gems","more_ores_more_gems:chondrit","chondrit","chondrit","refined_gem_or_component","not_applicable","momg-1.1.9-release-neoforge-1.21.1.jar"
"more_ores_more_gems","more_ores_more_gems:chondrit_brick","chondrit_brick","chondrit_brick","refined_gem_or_component","not_applicable","momg-1.1.9-release-neoforge-1.21.1.jar"
"more_ores_more_gems","more_ores_more_gems:chondrit_brick_slab","chondrit_brick_slab","chondrit_brick_slab","refined_gem_or_component","not_applicable","momg-1.1.9-release-neoforge-1.21.1.jar"
"more_ores_more_gems","more_ores_more_gems:chondrit_brick_stairs","chondrit_brick_stairs","chondrit_brick_stairs","refined_gem_or_component","not_applicable","momg-1.1.9-release-neoforge-1.21.1.jar"
"more_ores_more_gems","more_ores_more_gems:chondrit_brick_wall","chondrit_brick_wall","chondrit_brick_wall","refined_gem_or_component","not_applicable","momg-1.1.9-release-neoforge-1.21.1.jar"
"more_ores_more_gems","more_ores_more_gems:chondrit_button","chondrit_button","chondrit_button","refined_gem_or_component","not_applicable","momg-1.1.9-release-neoforge-1.21.1.jar"
"more_ores_more_gems","more_ores_more_gems:chondrit_ore","chondrit_ore","chondrit","ore","overworld","momg-1.1.9-release-neoforge-1.21.1.jar"
"more_ores_more_gems","more_ores_more_gems:chondrit_pressure_plate","chondrit_pressure_plate","chondrit_pressure_plate","refined_gem_or_component","not_applicable","momg-1.1.9-release-neoforge-1.21.1.jar"
"more_ores_more_gems","more_ores_more_gems:chondrit_slab","chondrit_slab","chondrit_slab","refined_gem_or_component","not_applicable","momg-1.1.9-release-neoforge-1.21.1.jar"
"more_ores_more_gems","more_ores_more_gems:chondrit_stairs","chondrit_stairs","chondrit_stairs","refined_gem_or_component","not_applicable","momg-1.1.9-release-neoforge-1.21.1.jar"
"more_ores_more_gems","more_ores_more_gems:chondrit_stone","chondrit_stone","chondrit_stone","refined_gem_or_component","not_applicable","momg-1.1.9-release-neoforge-1.21.1.jar"
"more_ores_more_gems","more_ores_more_gems:chondrit_wall","chondrit_wall","chondrit_wall","refined_gem_or_component","not_applicable","momg-1.1.9-release-neoforge-1.21.1.jar"
"more_ores_more_gems","more_ores_more_gems:chromium_armor_boots","chromium_armor_boots","chromium","refined_gem_or_component","not_applicable","momg-1.1.9-release-neoforge-1.21.1.jar"
"more_ores_more_gems","more_ores_more_gems:chromium_armor_chestplate","chromium_armor_chestplate","chromium","refined_gem_or_component","not_applicable","momg-1.1.9-release-neoforge-1.21.1.jar"
"more_ores_more_gems","more_ores_more_gems:chromium_armor_helmet","chromium_armor_helmet","chromium","refined_gem_or_component","not_applicable","momg-1.1.9-release-neoforge-1.21.1.jar"
"more_ores_more_gems","more_ores_more_gems:chromium_armor_leggings","chromium_armor_leggings","chromium","refined_gem_or_component","not_applicable","momg-1.1.9-release-neoforge-1.21.1.jar"
"more_ores_more_gems","more_ores_more_gems:chromium_axe","chromium_axe","chromium","refined_gem_or_component","not_applicable","momg-1.1.9-release-neoforge-1.21.1.jar"
"more_ores_more_gems","more_ores_more_gems:chromium_hoe","chromium_hoe","chromium","refined_gem_or_component","not_applicable","momg-1.1.9-release-neoforge-1.21.1.jar"
"more_ores_more_gems","more_ores_more_gems:chromium_ingot","chromium_ingot","chromium","ingot","not_applicable","momg-1.1.9-release-neoforge-1.21.1.jar"
"more_ores_more_gems","more_ores_more_gems:chromium_nugget","chromium_nugget","chromium","nugget","not_applicable","momg-1.1.9-release-neoforge-1.21.1.jar"
"more_ores_more_gems","more_ores_more_gems:chromium_ore","chromium_ore","chromium","ore","overworld","momg-1.1.9-release-neoforge-1.21.1.jar"
"more_ores_more_gems","more_ores_more_gems:chromium_pickaxe","chromium_pickaxe","chromium","refined_gem_or_component","not_applicable","momg-1.1.9-release-neoforge-1.21.1.jar"
"more_ores_more_gems","more_ores_more_gems:chromium_shovel","chromium_shovel","chromium","refined_gem_or_component","not_applicable","momg-1.1.9-release-neoforge-1.21.1.jar"
"more_ores_more_gems","more_ores_more_gems:chromium_sword","chromium_sword","chromium","refined_gem_or_component","not_applicable","momg-1.1.9-release-neoforge-1.21.1.jar"
"more_ores_more_gems","more_ores_more_gems:citrine","citrine","citrine","refined_gem_or_component","not_applicable","momg-1.1.9-release-neoforge-1.21.1.jar"
"more_ores_more_gems","more_ores_more_gems:citrine_g_armor_boots","citrine_g_armor_boots","citrine_g","refined_gem_or_component","not_applicable","momg-1.1.9-release-neoforge-1.21.1.jar"
"more_ores_more_gems","more_ores_more_gems:citrine_g_armor_chestplate","citrine_g_armor_chestplate","citrine_g","refined_gem_or_component","not_applicable","momg-1.1.9-release-neoforge-1.21.1.jar"
"more_ores_more_gems","more_ores_more_gems:citrine_g_armor_helmet","citrine_g_armor_helmet","citrine_g","refined_gem_or_component","not_applicable","momg-1.1.9-release-neoforge-1.21.1.jar"
"more_ores_more_gems","more_ores_more_gems:citrine_g_armor_leggings","citrine_g_armor_leggings","citrine_g","refined_gem_or_component","not_applicable","momg-1.1.9-release-neoforge-1.21.1.jar"
"more_ores_more_gems","more_ores_more_gems:citrine_ore","citrine_ore","citrine","ore","overworld","momg-1.1.9-release-neoforge-1.21.1.jar"
"more_ores_more_gems","more_ores_more_gems:citrine_s_axe","citrine_s_axe","citrine_s","refined_gem_or_component","not_applicable","momg-1.1.9-release-neoforge-1.21.1.jar"
"more_ores_more_gems","more_ores_more_gems:citrine_s_hoe","citrine_s_hoe","citrine_s","refined_gem_or_component","not_applicable","momg-1.1.9-release-neoforge-1.21.1.jar"
"more_ores_more_gems","more_ores_more_gems:citrine_s_pickaxe","citrine_s_pickaxe","citrine_s","refined_gem_or_component","not_applicable","momg-1.1.9-release-neoforge-1.21.1.jar"
"more_ores_more_gems","more_ores_more_gems:citrine_s_shovel","citrine_s_shovel","citrine_s","refined_gem_or_component","not_applicable","momg-1.1.9-release-neoforge-1.21.1.jar"
"more_ores_more_gems","more_ores_more_gems:citrine_s_sword","citrine_s_sword","citrine_s","refined_gem_or_component","not_applicable","momg-1.1.9-release-neoforge-1.21.1.jar"
"more_ores_more_gems","more_ores_more_gems:clay_thalassium_ore","clay_thalassium_ore","thalassium","ore","overworld","momg-1.1.9-release-neoforge-1.21.1.jar"
"more_ores_more_gems","more_ores_more_gems:cobalt_armor_boots","cobalt_armor_boots","cobalt","refined_gem_or_component","not_applicable","momg-1.1.9-release-neoforge-1.21.1.jar"
"more_ores_more_gems","more_ores_more_gems:cobalt_armor_chestplate","cobalt_armor_chestplate","cobalt","refined_gem_or_component","not_applicable","momg-1.1.9-release-neoforge-1.21.1.jar"
"more_ores_more_gems","more_ores_more_gems:cobalt_armor_helmet","cobalt_armor_helmet","cobalt","refined_gem_or_component","not_applicable","momg-1.1.9-release-neoforge-1.21.1.jar"
"more_ores_more_gems","more_ores_more_gems:cobalt_armor_leggings","cobalt_armor_leggings","cobalt","refined_gem_or_component","not_applicable","momg-1.1.9-release-neoforge-1.21.1.jar"
"more_ores_more_gems","more_ores_more_gems:cobalt_axe","cobalt_axe","cobalt","refined_gem_or_component","not_applicable","momg-1.1.9-release-neoforge-1.21.1.jar"
"more_ores_more_gems","more_ores_more_gems:cobalt_hoe","cobalt_hoe","cobalt","refined_gem_or_component","not_applicable","momg-1.1.9-release-neoforge-1.21.1.jar"
"more_ores_more_gems","more_ores_more_gems:cobalt_ingot","cobalt_ingot","cobalt","ingot","not_applicable","momg-1.1.9-release-neoforge-1.21.1.jar"
"more_ores_more_gems","more_ores_more_gems:cobalt_ore","cobalt_ore","cobalt","ore","overworld","momg-1.1.9-release-neoforge-1.21.1.jar"
"more_ores_more_gems","more_ores_more_gems:cobalt_pickaxe","cobalt_pickaxe","cobalt","refined_gem_or_component","not_applicable","momg-1.1.9-release-neoforge-1.21.1.jar"
"more_ores_more_gems","more_ores_more_gems:cobalt_shovel","cobalt_shovel","cobalt","refined_gem_or_component","not_applicable","momg-1.1.9-release-neoforge-1.21.1.jar"
"more_ores_more_gems","more_ores_more_gems:cobalt_sword","cobalt_sword","cobalt","refined_gem_or_component","not_applicable","momg-1.1.9-release-neoforge-1.21.1.jar"
"more_ores_more_gems","more_ores_more_gems:corundum_family_icon","corundum_family_icon","corundum_family_icon","refined_gem_or_component","not_applicable","momg-1.1.9-release-neoforge-1.21.1.jar"
"more_ores_more_gems","more_ores_more_gems:crashboom","crashboom","crashboom","refined_gem_or_component","not_applicable","momg-1.1.9-release-neoforge-1.21.1.jar"
"more_ores_more_gems","more_ores_more_gems:crimsonite","crimsonite","crimsonite","refined_gem_or_component","not_applicable","momg-1.1.9-release-neoforge-1.21.1.jar"
"more_ores_more_gems","more_ores_more_gems:crimsonite_d_axe","crimsonite_d_axe","crimsonite_d","refined_gem_or_component","not_applicable","momg-1.1.9-release-neoforge-1.21.1.jar"
"more_ores_more_gems","more_ores_more_gems:crimsonite_d_hoe","crimsonite_d_hoe","crimsonite_d","refined_gem_or_component","not_applicable","momg-1.1.9-release-neoforge-1.21.1.jar"
"more_ores_more_gems","more_ores_more_gems:crimsonite_d_pickaxe","crimsonite_d_pickaxe","crimsonite_d","refined_gem_or_component","not_applicable","momg-1.1.9-release-neoforge-1.21.1.jar"
"more_ores_more_gems","more_ores_more_gems:crimsonite_d_shovel","crimsonite_d_shovel","crimsonite_d","refined_gem_or_component","not_applicable","momg-1.1.9-release-neoforge-1.21.1.jar"
"more_ores_more_gems","more_ores_more_gems:crimsonite_d_sword","crimsonite_d_sword","crimsonite_d","refined_gem_or_component","not_applicable","momg-1.1.9-release-neoforge-1.21.1.jar"
"more_ores_more_gems","more_ores_more_gems:crimsonite_nugget","crimsonite_nugget","crimsonite","nugget","not_applicable","momg-1.1.9-release-neoforge-1.21.1.jar"
"more_ores_more_gems","more_ores_more_gems:crimsonite_ore","crimsonite_ore","crimsonite","ore","overworld","momg-1.1.9-release-neoforge-1.21.1.jar"
"more_ores_more_gems","more_ores_more_gems:crimsonitel_armor_boots","crimsonitel_armor_boots","crimsonitel","refined_gem_or_component","not_applicable","momg-1.1.9-release-neoforge-1.21.1.jar"
"more_ores_more_gems","more_ores_more_gems:crimsonitel_armor_chestplate","crimsonitel_armor_chestplate","crimsonitel","refined_gem_or_component","not_applicable","momg-1.1.9-release-neoforge-1.21.1.jar"
"more_ores_more_gems","more_ores_more_gems:crimsonitel_armor_helmet","crimsonitel_armor_helmet","crimsonitel","refined_gem_or_component","not_applicable","momg-1.1.9-release-neoforge-1.21.1.jar"
"more_ores_more_gems","more_ores_more_gems:crimsonitel_armor_leggings","crimsonitel_armor_leggings","crimsonitel","refined_gem_or_component","not_applicable","momg-1.1.9-release-neoforge-1.21.1.jar"
"more_ores_more_gems","more_ores_more_gems:da","da","da","refined_gem_or_component","not_applicable","momg-1.1.9-release-neoforge-1.21.1.jar"
"more_ores_more_gems","more_ores_more_gems:da_0","da_0","da_0","refined_gem_or_component","not_applicable","momg-1.1.9-release-neoforge-1.21.1.jar"
"more_ores_more_gems","more_ores_more_gems:deeplslate_monel_ore","deeplslate_monel_ore","_monel","ore","overworld","momg-1.1.9-release-neoforge-1.21.1.jar"
"more_ores_more_gems","more_ores_more_gems:deepslate_aetherium_ore","deepslate_aetherium_ore","_aetherium","ore","overworld","momg-1.1.9-release-neoforge-1.21.1.jar"
"more_ores_more_gems","more_ores_more_gems:deepslate_amethyst_ore","deepslate_amethyst_ore","_amethyst","ore","overworld","momg-1.1.9-release-neoforge-1.21.1.jar"
"more_ores_more_gems","more_ores_more_gems:deepslate_ametrine_ore","deepslate_ametrine_ore","_ametrine","ore","overworld","momg-1.1.9-release-neoforge-1.21.1.jar"
"more_ores_more_gems","more_ores_more_gems:deepslate_antimony_ore","deepslate_antimony_ore","_antimony","ore","overworld","momg-1.1.9-release-neoforge-1.21.1.jar"
"more_ores_more_gems","more_ores_more_gems:deepslate_aquamarine_ore","deepslate_aquamarine_ore","_aquamarine","ore","overworld","momg-1.1.9-release-neoforge-1.21.1.jar"
"more_ores_more_gems","more_ores_more_gems:deepslate_autunite_ore","deepslate_autunite_ore","_autunite","ore","overworld","momg-1.1.9-release-neoforge-1.21.1.jar"
"more_ores_more_gems","more_ores_more_gems:deepslate_black_opal_ore","deepslate_black_opal_ore","_black_opal","ore","overworld","momg-1.1.9-release-neoforge-1.21.1.jar"
"more_ores_more_gems","more_ores_more_gems:deepslate_carnelian_ore","deepslate_carnelian_ore","_carnelian","ore","overworld","momg-1.1.9-release-neoforge-1.21.1.jar"
"more_ores_more_gems","more_ores_more_gems:deepslate_chondrit_ore","deepslate_chondrit_ore","_chondrit","ore","overworld","momg-1.1.9-release-neoforge-1.21.1.jar"
"more_ores_more_gems","more_ores_more_gems:deepslate_chromium_ore","deepslate_chromium_ore","_chromium","ore","overworld","momg-1.1.9-release-neoforge-1.21.1.jar"
"more_ores_more_gems","more_ores_more_gems:deepslate_citrtine_ore","deepslate_citrtine_ore","_citrtine","ore","overworld","momg-1.1.9-release-neoforge-1.21.1.jar"
"more_ores_more_gems","more_ores_more_gems:deepslate_cobalt_ore","deepslate_cobalt_ore","_cobalt","ore","overworld","momg-1.1.9-release-neoforge-1.21.1.jar"
"more_ores_more_gems","more_ores_more_gems:deepslate_crimsonite_ore","deepslate_crimsonite_ore","_crimsonite","ore","overworld","momg-1.1.9-release-neoforge-1.21.1.jar"
"more_ores_more_gems","more_ores_more_gems:deepslate_ekanite_ore","deepslate_ekanite_ore","_ekanite","ore","overworld","momg-1.1.9-release-neoforge-1.21.1.jar"
"more_ores_more_gems","more_ores_more_gems:deepslate_electrum_ore","deepslate_electrum_ore","_electrum","ore","overworld","momg-1.1.9-release-neoforge-1.21.1.jar"
"more_ores_more_gems","more_ores_more_gems:deepslate_gray_opal_ore","deepslate_gray_opal_ore","_gray_opal","ore","overworld","momg-1.1.9-release-neoforge-1.21.1.jar"
"more_ores_more_gems","more_ores_more_gems:deepslate_gunpowder_ore","deepslate_gunpowder_ore","_gunpowder","ore","overworld","momg-1.1.9-release-neoforge-1.21.1.jar"
"more_ores_more_gems","more_ores_more_gems:deepslate_heliodor_ore","deepslate_heliodor_ore","_heliodor","ore","overworld","momg-1.1.9-release-neoforge-1.21.1.jar"
"more_ores_more_gems","more_ores_more_gems:deepslate_indium_ore","deepslate_indium_ore","_indium","ore","overworld","momg-1.1.9-release-neoforge-1.21.1.jar"
"more_ores_more_gems","more_ores_more_gems:deepslate_jade_ore","deepslate_jade_ore","_jade","ore","overworld","momg-1.1.9-release-neoforge-1.21.1.jar"
"more_ores_more_gems","more_ores_more_gems:deepslate_lead_ore","deepslate_lead_ore","_lead","ore","overworld","momg-1.1.9-release-neoforge-1.21.1.jar"
"more_ores_more_gems","more_ores_more_gems:deepslate_lemonite_ore","deepslate_lemonite_ore","_lemonite","ore","overworld","momg-1.1.9-release-neoforge-1.21.1.jar"
"more_ores_more_gems","more_ores_more_gems:deepslate_leucosapphire_ore","deepslate_leucosapphire_ore","_leucosapphire","ore","overworld","momg-1.1.9-release-neoforge-1.21.1.jar"
"more_ores_more_gems","more_ores_more_gems:deepslate_magnesium_ore","deepslate_magnesium_ore","_magnesium","ore","overworld","momg-1.1.9-release-neoforge-1.21.1.jar"
"more_ores_more_gems","more_ores_more_gems:deepslate_neptunium_ore","deepslate_neptunium_ore","_neptunium","ore","overworld","momg-1.1.9-release-neoforge-1.21.1.jar"
"more_ores_more_gems","more_ores_more_gems:deepslate_nickel_ore","deepslate_nickel_ore","_nickel","ore","overworld","momg-1.1.9-release-neoforge-1.21.1.jar"
"more_ores_more_gems","more_ores_more_gems:deepslate_opalized_quartz","deepslate_opalized_quartz","_opalized_quartz","refined_gem_or_component","not_applicable","momg-1.1.9-release-neoforge-1.21.1.jar"
"more_ores_more_gems","more_ores_more_gems:deepslate_osmium_ore","deepslate_osmium_ore","_osmium","ore","overworld","momg-1.1.9-release-neoforge-1.21.1.jar"
"more_ores_more_gems","more_ores_more_gems:deepslate_padparadscha_ore","deepslate_padparadscha_ore","_padparadscha","ore","overworld","momg-1.1.9-release-neoforge-1.21.1.jar"
"more_ores_more_gems","more_ores_more_gems:deepslate_pink_opal_ore","deepslate_pink_opal_ore","_pink_opal","ore","overworld","momg-1.1.9-release-neoforge-1.21.1.jar"
"more_ores_more_gems","more_ores_more_gems:deepslate_platinum_ore","deepslate_platinum_ore","_platinum","ore","overworld","momg-1.1.9-release-neoforge-1.21.1.jar"
"more_ores_more_gems","more_ores_more_gems:deepslate_radium_dust_ore","deepslate_radium_dust_ore","_radium_dust","ore","overworld","momg-1.1.9-release-neoforge-1.21.1.jar"
"more_ores_more_gems","more_ores_more_gems:deepslate_radium_ore","deepslate_radium_ore","_radium","ore","overworld","momg-1.1.9-release-neoforge-1.21.1.jar"
"more_ores_more_gems","more_ores_more_gems:deepslate_rare_sapphire_ore","deepslate_rare_sapphire_ore","_rare_sapphire","ore","overworld","momg-1.1.9-release-neoforge-1.21.1.jar"
"more_ores_more_gems","more_ores_more_gems:deepslate_rhodium_ore","deepslate_rhodium_ore","_rhodium","ore","overworld","momg-1.1.9-release-neoforge-1.21.1.jar"
"more_ores_more_gems","more_ores_more_gems:deepslate_rose_gold_ore","deepslate_rose_gold_ore","_rose_gold","ore","overworld","momg-1.1.9-release-neoforge-1.21.1.jar"
"more_ores_more_gems","more_ores_more_gems:deepslate_sapphire_ore","deepslate_sapphire_ore","_sapphire","ore","overworld","momg-1.1.9-release-neoforge-1.21.1.jar"
"more_ores_more_gems","more_ores_more_gems:deepslate_shadowite_ore","deepslate_shadowite_ore","_shadowite","ore","overworld","momg-1.1.9-release-neoforge-1.21.1.jar"
"more_ores_more_gems","more_ores_more_gems:deepslate_sliver_ore","deepslate_sliver_ore","_sliver","ore","overworld","momg-1.1.9-release-neoforge-1.21.1.jar"
"more_ores_more_gems","more_ores_more_gems:deepslate_sunflare_gem_ore","deepslate_sunflare_gem_ore","_sunflare_gem","ore","overworld","momg-1.1.9-release-neoforge-1.21.1.jar"
"more_ores_more_gems","more_ores_more_gems:deepslate_tanzanite_ore","deepslate_tanzanite_ore","_tanzanite","ore","overworld","momg-1.1.9-release-neoforge-1.21.1.jar"
"more_ores_more_gems","more_ores_more_gems:deepslate_thalassium_ore","deepslate_thalassium_ore","_thalassium","ore","overworld","momg-1.1.9-release-neoforge-1.21.1.jar"
"more_ores_more_gems","more_ores_more_gems:deepslate_thorium_ore","deepslate_thorium_ore","_thorium","ore","overworld","momg-1.1.9-release-neoforge-1.21.1.jar"
"more_ores_more_gems","more_ores_more_gems:deepslate_tin_ore","deepslate_tin_ore","_tin","ore","overworld","momg-1.1.9-release-neoforge-1.21.1.jar"
"more_ores_more_gems","more_ores_more_gems:deepslate_topaz_ore","deepslate_topaz_ore","_topaz","ore","overworld","momg-1.1.9-release-neoforge-1.21.1.jar"
"more_ores_more_gems","more_ores_more_gems:deepslate_tungsten_ore","deepslate_tungsten_ore","_tungsten","ore","overworld","momg-1.1.9-release-neoforge-1.21.1.jar"
"more_ores_more_gems","more_ores_more_gems:deepslate_uranium_ore","deepslate_uranium_ore","_uranium","ore","overworld","momg-1.1.9-release-neoforge-1.21.1.jar"
"more_ores_more_gems","more_ores_more_gems:deepslate_ussingite_ore","deepslate_ussingite_ore","_ussingite","ore","overworld","momg-1.1.9-release-neoforge-1.21.1.jar"
"more_ores_more_gems","more_ores_more_gems:deepslate_white_crystal_ore","deepslate_white_crystal_ore","_white_crystal","ore","overworld","momg-1.1.9-release-neoforge-1.21.1.jar"
"more_ores_more_gems","more_ores_more_gems:deepslate_white_opal_ore","deepslate_white_opal_ore","_white_opal","ore","overworld","momg-1.1.9-release-neoforge-1.21.1.jar"
"more_ores_more_gems","more_ores_more_gems:deepslatee_mysticrain_quartz_ore","deepslatee_mysticrain_quartz_ore","_mysticrain_quartz","ore","overworld","momg-1.1.9-release-neoforge-1.21.1.jar"
"more_ores_more_gems","more_ores_more_gems:dev_stick","dev_stick","dev_stick","refined_gem_or_component","not_applicable","momg-1.1.9-release-neoforge-1.21.1.jar"
"more_ores_more_gems","more_ores_more_gems:dsto","dsto","dsto","refined_gem_or_component","not_applicable","momg-1.1.9-release-neoforge-1.21.1.jar"
"more_ores_more_gems","more_ores_more_gems:ekanite","ekanite","ekanite","refined_gem_or_component","not_applicable","momg-1.1.9-release-neoforge-1.21.1.jar"
"more_ores_more_gems","more_ores_more_gems:ekanite_gemstone_armor_boots","ekanite_gemstone_armor_boots","ekanite_gemstone","refined_gem_or_component","not_applicable","momg-1.1.9-release-neoforge-1.21.1.jar"
"more_ores_more_gems","more_ores_more_gems:ekanite_gemstone_armor_chestplate","ekanite_gemstone_armor_chestplate","ekanite_gemstone","refined_gem_or_component","not_applicable","momg-1.1.9-release-neoforge-1.21.1.jar"
"more_ores_more_gems","more_ores_more_gems:ekanite_gemstone_armor_helmet","ekanite_gemstone_armor_helmet","ekanite_gemstone","refined_gem_or_component","not_applicable","momg-1.1.9-release-neoforge-1.21.1.jar"
"more_ores_more_gems","more_ores_more_gems:ekanite_gemstone_armor_leggings","ekanite_gemstone_armor_leggings","ekanite_gemstone","refined_gem_or_component","not_applicable","momg-1.1.9-release-neoforge-1.21.1.jar"
"more_ores_more_gems","more_ores_more_gems:ekanite_gemstone_axe","ekanite_gemstone_axe","ekanite_gemstone","refined_gem_or_component","not_applicable","momg-1.1.9-release-neoforge-1.21.1.jar"
"more_ores_more_gems","more_ores_more_gems:ekanite_gemstone_hoe","ekanite_gemstone_hoe","ekanite_gemstone","refined_gem_or_component","not_applicable","momg-1.1.9-release-neoforge-1.21.1.jar"
"more_ores_more_gems","more_ores_more_gems:ekanite_gemstone_pickaxe","ekanite_gemstone_pickaxe","ekanite_gemstone","refined_gem_or_component","not_applicable","momg-1.1.9-release-neoforge-1.21.1.jar"
"more_ores_more_gems","more_ores_more_gems:ekanite_gemstone_shovel","ekanite_gemstone_shovel","ekanite_gemstone","refined_gem_or_component","not_applicable","momg-1.1.9-release-neoforge-1.21.1.jar"
"more_ores_more_gems","more_ores_more_gems:ekanite_gemstone_sword","ekanite_gemstone_sword","ekanite_gemstone","refined_gem_or_component","not_applicable","momg-1.1.9-release-neoforge-1.21.1.jar"
"more_ores_more_gems","more_ores_more_gems:ekanite_ore","ekanite_ore","ekanite","ore","overworld","momg-1.1.9-release-neoforge-1.21.1.jar"
"more_ores_more_gems","more_ores_more_gems:electrum_armor_boots","electrum_armor_boots","electrum","refined_gem_or_component","not_applicable","momg-1.1.9-release-neoforge-1.21.1.jar"
"more_ores_more_gems","more_ores_more_gems:electrum_armor_chestplate","electrum_armor_chestplate","electrum","refined_gem_or_component","not_applicable","momg-1.1.9-release-neoforge-1.21.1.jar"
"more_ores_more_gems","more_ores_more_gems:electrum_armor_helmet","electrum_armor_helmet","electrum","refined_gem_or_component","not_applicable","momg-1.1.9-release-neoforge-1.21.1.jar"
"more_ores_more_gems","more_ores_more_gems:electrum_armor_leggings","electrum_armor_leggings","electrum","refined_gem_or_component","not_applicable","momg-1.1.9-release-neoforge-1.21.1.jar"
"more_ores_more_gems","more_ores_more_gems:electrum_axe","electrum_axe","electrum","refined_gem_or_component","not_applicable","momg-1.1.9-release-neoforge-1.21.1.jar"
"more_ores_more_gems","more_ores_more_gems:electrum_hoe","electrum_hoe","electrum","refined_gem_or_component","not_applicable","momg-1.1.9-release-neoforge-1.21.1.jar"
"more_ores_more_gems","more_ores_more_gems:electrum_ingot","electrum_ingot","electrum","ingot","not_applicable","momg-1.1.9-release-neoforge-1.21.1.jar"
"more_ores_more_gems","more_ores_more_gems:electrum_nugget","electrum_nugget","electrum","nugget","not_applicable","momg-1.1.9-release-neoforge-1.21.1.jar"
"more_ores_more_gems","more_ores_more_gems:electrum_ore","electrum_ore","electrum","ore","overworld","momg-1.1.9-release-neoforge-1.21.1.jar"
"more_ores_more_gems","more_ores_more_gems:electrum_pickaxe","electrum_pickaxe","electrum","refined_gem_or_component","not_applicable","momg-1.1.9-release-neoforge-1.21.1.jar"
"more_ores_more_gems","more_ores_more_gems:electrum_raw","electrum_raw","electrum_raw","refined_gem_or_component","not_applicable","momg-1.1.9-release-neoforge-1.21.1.jar"
"more_ores_more_gems","more_ores_more_gems:electrum_shovel","electrum_shovel","electrum","refined_gem_or_component","not_applicable","momg-1.1.9-release-neoforge-1.21.1.jar"
"more_ores_more_gems","more_ores_more_gems:electrum_sword","electrum_sword","electrum","refined_gem_or_component","not_applicable","momg-1.1.9-release-neoforge-1.21.1.jar"
"more_ores_more_gems","more_ores_more_gems:end_stone_shadow_ore","end_stone_shadow_ore","shadow","ore","end","momg-1.1.9-release-neoforge-1.21.1.jar"
"more_ores_more_gems","more_ores_more_gems:fantasy_metal_icon","fantasy_metal_icon","fantasy","refined_gem_or_component","not_applicable","momg-1.1.9-release-neoforge-1.21.1.jar"
"more_ores_more_gems","more_ores_more_gems:fire_opal_armor_boots","fire_opal_armor_boots","fire_opal","refined_gem_or_component","not_applicable","momg-1.1.9-release-neoforge-1.21.1.jar"
"more_ores_more_gems","more_ores_more_gems:fire_opal_armor_chestplate","fire_opal_armor_chestplate","fire_opal","refined_gem_or_component","not_applicable","momg-1.1.9-release-neoforge-1.21.1.jar"
"more_ores_more_gems","more_ores_more_gems:fire_opal_armor_helmet","fire_opal_armor_helmet","fire_opal","refined_gem_or_component","not_applicable","momg-1.1.9-release-neoforge-1.21.1.jar"
"more_ores_more_gems","more_ores_more_gems:fire_opal_armor_leggings","fire_opal_armor_leggings","fire_opal","refined_gem_or_component","not_applicable","momg-1.1.9-release-neoforge-1.21.1.jar"
"more_ores_more_gems","more_ores_more_gems:fire_opal_axe","fire_opal_axe","fire_opal","refined_gem_or_component","not_applicable","momg-1.1.9-release-neoforge-1.21.1.jar"
"more_ores_more_gems","more_ores_more_gems:fire_opal_gemstone","fire_opal_gemstone","fire_opal_gemstone","refined_gem_or_component","not_applicable","momg-1.1.9-release-neoforge-1.21.1.jar"
"more_ores_more_gems","more_ores_more_gems:fire_opal_hoe","fire_opal_hoe","fire_opal","refined_gem_or_component","not_applicable","momg-1.1.9-release-neoforge-1.21.1.jar"
"more_ores_more_gems","more_ores_more_gems:fire_opal_ore","fire_opal_ore","fire_opal","ore","overworld","momg-1.1.9-release-neoforge-1.21.1.jar"
"more_ores_more_gems","more_ores_more_gems:fire_opal_pickaxe","fire_opal_pickaxe","fire_opal","refined_gem_or_component","not_applicable","momg-1.1.9-release-neoforge-1.21.1.jar"
"more_ores_more_gems","more_ores_more_gems:fire_opal_shovel","fire_opal_shovel","fire_opal","refined_gem_or_component","not_applicable","momg-1.1.9-release-neoforge-1.21.1.jar"
"more_ores_more_gems","more_ores_more_gems:fire_opal_sword","fire_opal_sword","fire_opal","refined_gem_or_component","not_applicable","momg-1.1.9-release-neoforge-1.21.1.jar"
"more_ores_more_gems","more_ores_more_gems:flourite_orange_pink","flourite_orange_pink","flourite_orange_pink","refined_gem_or_component","not_applicable","momg-1.1.9-release-neoforge-1.21.1.jar"
"more_ores_more_gems","more_ores_more_gems:flourite_pink_color","flourite_pink_color","flourite_pink_color","refined_gem_or_component","not_applicable","momg-1.1.9-release-neoforge-1.21.1.jar"
"more_ores_more_gems","more_ores_more_gems:flourite_rainbow_color","flourite_rainbow_color","flourite_rainbow_color","refined_gem_or_component","not_applicable","momg-1.1.9-release-neoforge-1.21.1.jar"
"more_ores_more_gems","more_ores_more_gems:fluorescent_fluorite","fluorescent_fluorite","fluorescent_fluorite","refined_gem_or_component","not_applicable","momg-1.1.9-release-neoforge-1.21.1.jar"
"more_ores_more_gems","more_ores_more_gems:fluorescent_fluorite_gem_armor_boots","fluorescent_fluorite_gem_armor_boots","fluorescent_fluorite","refined_gem_or_component","not_applicable","momg-1.1.9-release-neoforge-1.21.1.jar"
"more_ores_more_gems","more_ores_more_gems:fluorescent_fluorite_gem_armor_chestplate","fluorescent_fluorite_gem_armor_chestplate","fluorescent_fluorite","refined_gem_or_component","not_applicable","momg-1.1.9-release-neoforge-1.21.1.jar"
"more_ores_more_gems","more_ores_more_gems:fluorescent_fluorite_gem_armor_helmet","fluorescent_fluorite_gem_armor_helmet","fluorescent_fluorite","refined_gem_or_component","not_applicable","momg-1.1.9-release-neoforge-1.21.1.jar"
"more_ores_more_gems","more_ores_more_gems:fluorescent_fluorite_gem_armor_leggings","fluorescent_fluorite_gem_armor_leggings","fluorescent_fluorite","refined_gem_or_component","not_applicable","momg-1.1.9-release-neoforge-1.21.1.jar"
"more_ores_more_gems","more_ores_more_gems:fluorescent_fluorite_gem_axe","fluorescent_fluorite_gem_axe","fluorescent_fluorite","refined_gem_or_component","not_applicable","momg-1.1.9-release-neoforge-1.21.1.jar"
"more_ores_more_gems","more_ores_more_gems:fluorescent_fluorite_gem_hoe","fluorescent_fluorite_gem_hoe","fluorescent_fluorite","refined_gem_or_component","not_applicable","momg-1.1.9-release-neoforge-1.21.1.jar"
"more_ores_more_gems","more_ores_more_gems:fluorescent_fluorite_gem_pickaxe","fluorescent_fluorite_gem_pickaxe","fluorescent_fluorite","refined_gem_or_component","not_applicable","momg-1.1.9-release-neoforge-1.21.1.jar"
"more_ores_more_gems","more_ores_more_gems:fluorescent_fluorite_gem_shovel","fluorescent_fluorite_gem_shovel","fluorescent_fluorite","refined_gem_or_component","not_applicable","momg-1.1.9-release-neoforge-1.21.1.jar"
"more_ores_more_gems","more_ores_more_gems:fluorescent_fluorite_gem_sword","fluorescent_fluorite_gem_sword","fluorescent_fluorite","refined_gem_or_component","not_applicable","momg-1.1.9-release-neoforge-1.21.1.jar"
"more_ores_more_gems","more_ores_more_gems:fluorite_black_color","fluorite_black_color","fluorite_black_color","refined_gem_or_component","not_applicable","momg-1.1.9-release-neoforge-1.21.1.jar"
"more_ores_more_gems","more_ores_more_gems:fluorite_blood_armor_boots","fluorite_blood_armor_boots","fluorite_blood","refined_gem_or_component","not_applicable","momg-1.1.9-release-neoforge-1.21.1.jar"
"more_ores_more_gems","more_ores_more_gems:fluorite_blood_armor_chestplate","fluorite_blood_armor_chestplate","fluorite_blood","refined_gem_or_component","not_applicable","momg-1.1.9-release-neoforge-1.21.1.jar"
"more_ores_more_gems","more_ores_more_gems:fluorite_blood_armor_helmet","fluorite_blood_armor_helmet","fluorite_blood","refined_gem_or_component","not_applicable","momg-1.1.9-release-neoforge-1.21.1.jar"
"more_ores_more_gems","more_ores_more_gems:fluorite_blood_armor_leggings","fluorite_blood_armor_leggings","fluorite_blood","refined_gem_or_component","not_applicable","momg-1.1.9-release-neoforge-1.21.1.jar"
"more_ores_more_gems","more_ores_more_gems:fluorite_blood_axe","fluorite_blood_axe","fluorite_blood","refined_gem_or_component","not_applicable","momg-1.1.9-release-neoforge-1.21.1.jar"
"more_ores_more_gems","more_ores_more_gems:fluorite_blood_hoe","fluorite_blood_hoe","fluorite_blood","refined_gem_or_component","not_applicable","momg-1.1.9-release-neoforge-1.21.1.jar"
"more_ores_more_gems","more_ores_more_gems:fluorite_blood_pickaxe","fluorite_blood_pickaxe","fluorite_blood","refined_gem_or_component","not_applicable","momg-1.1.9-release-neoforge-1.21.1.jar"
"more_ores_more_gems","more_ores_more_gems:fluorite_blood_shovel","fluorite_blood_shovel","fluorite_blood","refined_gem_or_component","not_applicable","momg-1.1.9-release-neoforge-1.21.1.jar"
"more_ores_more_gems","more_ores_more_gems:fluorite_blood_sword","fluorite_blood_sword","fluorite_blood","refined_gem_or_component","not_applicable","momg-1.1.9-release-neoforge-1.21.1.jar"
"more_ores_more_gems","more_ores_more_gems:fluorite_family_icon","fluorite_family_icon","fluorite_family_icon","refined_gem_or_component","not_applicable","momg-1.1.9-release-neoforge-1.21.1.jar"
"more_ores_more_gems","more_ores_more_gems:fluorite_green_color","fluorite_green_color","fluorite_green_color","refined_gem_or_component","not_applicable","momg-1.1.9-release-neoforge-1.21.1.jar"
"more_ores_more_gems","more_ores_more_gems:fluorite_orange_color","fluorite_orange_color","fluorite_orange_color","refined_gem_or_component","not_applicable","momg-1.1.9-release-neoforge-1.21.1.jar"
"more_ores_more_gems","more_ores_more_gems:fluorite_phantom","fluorite_phantom","fluorite_phantom","refined_gem_or_component","not_applicable","momg-1.1.9-release-neoforge-1.21.1.jar"
"more_ores_more_gems","more_ores_more_gems:fluorite_purple_color","fluorite_purple_color","fluorite_purple_color","refined_gem_or_component","not_applicable","momg-1.1.9-release-neoforge-1.21.1.jar"
"more_ores_more_gems","more_ores_more_gems:fluorite_purple_green","fluorite_purple_green","fluorite_purple_green","refined_gem_or_component","not_applicable","momg-1.1.9-release-neoforge-1.21.1.jar"
"more_ores_more_gems","more_ores_more_gems:fluorite_tier_1_ore","fluorite_tier_1_ore","fluorite_tier_1","ore","overworld","momg-1.1.9-release-neoforge-1.21.1.jar"
"more_ores_more_gems","more_ores_more_gems:fluorite_tier_1_ore_deepslate","fluorite_tier_1_ore_deepslate","fluorite_tier_1","ore","overworld","momg-1.1.9-release-neoforge-1.21.1.jar"
"more_ores_more_gems","more_ores_more_gems:fluorite_tier_2_ore","fluorite_tier_2_ore","fluorite_tier_2","ore","overworld","momg-1.1.9-release-neoforge-1.21.1.jar"
"more_ores_more_gems","more_ores_more_gems:fluorite_tier_2_ore_deepslate","fluorite_tier_2_ore_deepslate","fluorite_tier_2","ore","overworld","momg-1.1.9-release-neoforge-1.21.1.jar"
"more_ores_more_gems","more_ores_more_gems:fluorite_tier_3_ore","fluorite_tier_3_ore","fluorite_tier_3","ore","overworld","momg-1.1.9-release-neoforge-1.21.1.jar"
"more_ores_more_gems","more_ores_more_gems:fluorite_tier_3_ore_deepslate","fluorite_tier_3_ore_deepslate","fluorite_tier_3","ore","overworld","momg-1.1.9-release-neoforge-1.21.1.jar"
"more_ores_more_gems","more_ores_more_gems:fluorite_white_clear","fluorite_white_clear","fluorite_white_clear","refined_gem_or_component","not_applicable","momg-1.1.9-release-neoforge-1.21.1.jar"
"more_ores_more_gems","more_ores_more_gems:fluorite_ytt_armor_boots","fluorite_ytt_armor_boots","fluorite_ytt","refined_gem_or_component","not_applicable","momg-1.1.9-release-neoforge-1.21.1.jar"
"more_ores_more_gems","more_ores_more_gems:fluorite_ytt_armor_chestplate","fluorite_ytt_armor_chestplate","fluorite_ytt","refined_gem_or_component","not_applicable","momg-1.1.9-release-neoforge-1.21.1.jar"
"more_ores_more_gems","more_ores_more_gems:fluorite_ytt_armor_helmet","fluorite_ytt_armor_helmet","fluorite_ytt","refined_gem_or_component","not_applicable","momg-1.1.9-release-neoforge-1.21.1.jar"
"more_ores_more_gems","more_ores_more_gems:fluorite_ytt_armor_leggings","fluorite_ytt_armor_leggings","fluorite_ytt","refined_gem_or_component","not_applicable","momg-1.1.9-release-neoforge-1.21.1.jar"
"more_ores_more_gems","more_ores_more_gems:fluorite_ytt_axe","fluorite_ytt_axe","fluorite_ytt","refined_gem_or_component","not_applicable","momg-1.1.9-release-neoforge-1.21.1.jar"
"more_ores_more_gems","more_ores_more_gems:fluorite_ytt_hoe","fluorite_ytt_hoe","fluorite_ytt","refined_gem_or_component","not_applicable","momg-1.1.9-release-neoforge-1.21.1.jar"
"more_ores_more_gems","more_ores_more_gems:fluorite_ytt_pickaxe","fluorite_ytt_pickaxe","fluorite_ytt","refined_gem_or_component","not_applicable","momg-1.1.9-release-neoforge-1.21.1.jar"
"more_ores_more_gems","more_ores_more_gems:fluorite_ytt_shovel","fluorite_ytt_shovel","fluorite_ytt","refined_gem_or_component","not_applicable","momg-1.1.9-release-neoforge-1.21.1.jar"
"more_ores_more_gems","more_ores_more_gems:fluorite_ytt_sword","fluorite_ytt_sword","fluorite_ytt","refined_gem_or_component","not_applicable","momg-1.1.9-release-neoforge-1.21.1.jar"
"more_ores_more_gems","more_ores_more_gems:fluorite_yttrium","fluorite_yttrium","fluorite_yttrium","refined_gem_or_component","not_applicable","momg-1.1.9-release-neoforge-1.21.1.jar"
"more_ores_more_gems","more_ores_more_gems:frost_opal_ore","frost_opal_ore","frost_opal","ore","overworld","momg-1.1.9-release-neoforge-1.21.1.jar"
"more_ores_more_gems","more_ores_more_gems:gemologist_desk","gemologist_desk","gemologist_desk","refined_gem_or_component","not_applicable","momg-1.1.9-release-neoforge-1.21.1.jar"
"more_ores_more_gems","more_ores_more_gems:gray_opal","gray_opal","gray_opal","refined_gem_or_component","not_applicable","momg-1.1.9-release-neoforge-1.21.1.jar"
"more_ores_more_gems","more_ores_more_gems:gray_opal_gem_armor_boots","gray_opal_gem_armor_boots","gray_opal","refined_gem_or_component","not_applicable","momg-1.1.9-release-neoforge-1.21.1.jar"
"more_ores_more_gems","more_ores_more_gems:gray_opal_gem_armor_chestplate","gray_opal_gem_armor_chestplate","gray_opal","refined_gem_or_component","not_applicable","momg-1.1.9-release-neoforge-1.21.1.jar"
"more_ores_more_gems","more_ores_more_gems:gray_opal_gem_armor_helmet","gray_opal_gem_armor_helmet","gray_opal","refined_gem_or_component","not_applicable","momg-1.1.9-release-neoforge-1.21.1.jar"
"more_ores_more_gems","more_ores_more_gems:gray_opal_gem_armor_leggings","gray_opal_gem_armor_leggings","gray_opal","refined_gem_or_component","not_applicable","momg-1.1.9-release-neoforge-1.21.1.jar"
"more_ores_more_gems","more_ores_more_gems:gray_opal_gem_axe","gray_opal_gem_axe","gray_opal","refined_gem_or_component","not_applicable","momg-1.1.9-release-neoforge-1.21.1.jar"
"more_ores_more_gems","more_ores_more_gems:gray_opal_gem_hoe","gray_opal_gem_hoe","gray_opal","refined_gem_or_component","not_applicable","momg-1.1.9-release-neoforge-1.21.1.jar"
"more_ores_more_gems","more_ores_more_gems:gray_opal_gem_pickaxe","gray_opal_gem_pickaxe","gray_opal","refined_gem_or_component","not_applicable","momg-1.1.9-release-neoforge-1.21.1.jar"
"more_ores_more_gems","more_ores_more_gems:gray_opal_gem_shovel","gray_opal_gem_shovel","gray_opal","refined_gem_or_component","not_applicable","momg-1.1.9-release-neoforge-1.21.1.jar"
"more_ores_more_gems","more_ores_more_gems:gray_opal_gem_sword","gray_opal_gem_sword","gray_opal","refined_gem_or_component","not_applicable","momg-1.1.9-release-neoforge-1.21.1.jar"
"more_ores_more_gems","more_ores_more_gems:gray_opal_ore","gray_opal_ore","gray_opal","ore","overworld","momg-1.1.9-release-neoforge-1.21.1.jar"
"more_ores_more_gems","more_ores_more_gems:green_fluorite_armor_boots","green_fluorite_armor_boots","green_fluorite","refined_gem_or_component","not_applicable","momg-1.1.9-release-neoforge-1.21.1.jar"
"more_ores_more_gems","more_ores_more_gems:green_fluorite_armor_chestplate","green_fluorite_armor_chestplate","green_fluorite","refined_gem_or_component","not_applicable","momg-1.1.9-release-neoforge-1.21.1.jar"
"more_ores_more_gems","more_ores_more_gems:green_fluorite_armor_helmet","green_fluorite_armor_helmet","green_fluorite","refined_gem_or_component","not_applicable","momg-1.1.9-release-neoforge-1.21.1.jar"
"more_ores_more_gems","more_ores_more_gems:green_fluorite_armor_leggings","green_fluorite_armor_leggings","green_fluorite","refined_gem_or_component","not_applicable","momg-1.1.9-release-neoforge-1.21.1.jar"
"more_ores_more_gems","more_ores_more_gems:green_fluorite_axe","green_fluorite_axe","green_fluorite","refined_gem_or_component","not_applicable","momg-1.1.9-release-neoforge-1.21.1.jar"
"more_ores_more_gems","more_ores_more_gems:green_fluorite_hoe","green_fluorite_hoe","green_fluorite","refined_gem_or_component","not_applicable","momg-1.1.9-release-neoforge-1.21.1.jar"
"more_ores_more_gems","more_ores_more_gems:green_fluorite_pickaxe","green_fluorite_pickaxe","green_fluorite","refined_gem_or_component","not_applicable","momg-1.1.9-release-neoforge-1.21.1.jar"
"more_ores_more_gems","more_ores_more_gems:green_fluorite_shovel","green_fluorite_shovel","green_fluorite","refined_gem_or_component","not_applicable","momg-1.1.9-release-neoforge-1.21.1.jar"
"more_ores_more_gems","more_ores_more_gems:green_fluorite_sword","green_fluorite_sword","green_fluorite","refined_gem_or_component","not_applicable","momg-1.1.9-release-neoforge-1.21.1.jar"
"more_ores_more_gems","more_ores_more_gems:gunpowder_block","gunpowder_block","gunpowder_block","storage_or_special_block","not_applicable","momg-1.1.9-release-neoforge-1.21.1.jar"
"more_ores_more_gems","more_ores_more_gems:gunpowder_ore","gunpowder_ore","gunpowder","ore","overworld","momg-1.1.9-release-neoforge-1.21.1.jar"
"more_ores_more_gems","more_ores_more_gems:heliodor","heliodor","heliodor","refined_gem_or_component","not_applicable","momg-1.1.9-release-neoforge-1.21.1.jar"
"more_ores_more_gems","more_ores_more_gems:heliodor_5_armor_boots","heliodor_5_armor_boots","heliodor_5","refined_gem_or_component","not_applicable","momg-1.1.9-release-neoforge-1.21.1.jar"
"more_ores_more_gems","more_ores_more_gems:heliodor_5_armor_chestplate","heliodor_5_armor_chestplate","heliodor_5","refined_gem_or_component","not_applicable","momg-1.1.9-release-neoforge-1.21.1.jar"
"more_ores_more_gems","more_ores_more_gems:heliodor_5_armor_helmet","heliodor_5_armor_helmet","heliodor_5","refined_gem_or_component","not_applicable","momg-1.1.9-release-neoforge-1.21.1.jar"
"more_ores_more_gems","more_ores_more_gems:heliodor_5_armor_leggings","heliodor_5_armor_leggings","heliodor_5","refined_gem_or_component","not_applicable","momg-1.1.9-release-neoforge-1.21.1.jar"
"more_ores_more_gems","more_ores_more_gems:heliodor_5_axe","heliodor_5_axe","heliodor_5","refined_gem_or_component","not_applicable","momg-1.1.9-release-neoforge-1.21.1.jar"
"more_ores_more_gems","more_ores_more_gems:heliodor_5_hoe","heliodor_5_hoe","heliodor_5","refined_gem_or_component","not_applicable","momg-1.1.9-release-neoforge-1.21.1.jar"
"more_ores_more_gems","more_ores_more_gems:heliodor_5_pickaxe","heliodor_5_pickaxe","heliodor_5","refined_gem_or_component","not_applicable","momg-1.1.9-release-neoforge-1.21.1.jar"
"more_ores_more_gems","more_ores_more_gems:heliodor_5_shovel","heliodor_5_shovel","heliodor_5","refined_gem_or_component","not_applicable","momg-1.1.9-release-neoforge-1.21.1.jar"
"more_ores_more_gems","more_ores_more_gems:heliodor_5_sword","heliodor_5_sword","heliodor_5","refined_gem_or_component","not_applicable","momg-1.1.9-release-neoforge-1.21.1.jar"
"more_ores_more_gems","more_ores_more_gems:heliodor_ore","heliodor_ore","heliodor","ore","overworld","momg-1.1.9-release-neoforge-1.21.1.jar"
"more_ores_more_gems","more_ores_more_gems:indium_armor_boots","indium_armor_boots","indium","refined_gem_or_component","not_applicable","momg-1.1.9-release-neoforge-1.21.1.jar"
"more_ores_more_gems","more_ores_more_gems:indium_armor_chestplate","indium_armor_chestplate","indium","refined_gem_or_component","not_applicable","momg-1.1.9-release-neoforge-1.21.1.jar"
"more_ores_more_gems","more_ores_more_gems:indium_armor_helmet","indium_armor_helmet","indium","refined_gem_or_component","not_applicable","momg-1.1.9-release-neoforge-1.21.1.jar"
"more_ores_more_gems","more_ores_more_gems:indium_armor_leggings","indium_armor_leggings","indium","refined_gem_or_component","not_applicable","momg-1.1.9-release-neoforge-1.21.1.jar"
"more_ores_more_gems","more_ores_more_gems:indium_axe","indium_axe","indium","refined_gem_or_component","not_applicable","momg-1.1.9-release-neoforge-1.21.1.jar"
"more_ores_more_gems","more_ores_more_gems:indium_hoe","indium_hoe","indium","refined_gem_or_component","not_applicable","momg-1.1.9-release-neoforge-1.21.1.jar"
"more_ores_more_gems","more_ores_more_gems:indium_ingot","indium_ingot","indium","ingot","not_applicable","momg-1.1.9-release-neoforge-1.21.1.jar"
"more_ores_more_gems","more_ores_more_gems:indium_ore","indium_ore","indium","ore","overworld","momg-1.1.9-release-neoforge-1.21.1.jar"
"more_ores_more_gems","more_ores_more_gems:indium_pickaxe","indium_pickaxe","indium","refined_gem_or_component","not_applicable","momg-1.1.9-release-neoforge-1.21.1.jar"
"more_ores_more_gems","more_ores_more_gems:indium_shovel","indium_shovel","indium","refined_gem_or_component","not_applicable","momg-1.1.9-release-neoforge-1.21.1.jar"
"more_ores_more_gems","more_ores_more_gems:indium_sword","indium_sword","indium","refined_gem_or_component","not_applicable","momg-1.1.9-release-neoforge-1.21.1.jar"
"more_ores_more_gems","more_ores_more_gems:iron_stick","iron_stick","iron_stick","refined_gem_or_component","not_applicable","momg-1.1.9-release-neoforge-1.21.1.jar"
"more_ores_more_gems","more_ores_more_gems:jade","jade","jade","refined_gem_or_component","not_applicable","momg-1.1.9-release-neoforge-1.21.1.jar"
"more_ores_more_gems","more_ores_more_gems:jade_5_armor_boots","jade_5_armor_boots","jade_5","refined_gem_or_component","not_applicable","momg-1.1.9-release-neoforge-1.21.1.jar"
"more_ores_more_gems","more_ores_more_gems:jade_5_armor_chestplate","jade_5_armor_chestplate","jade_5","refined_gem_or_component","not_applicable","momg-1.1.9-release-neoforge-1.21.1.jar"
"more_ores_more_gems","more_ores_more_gems:jade_5_armor_helmet","jade_5_armor_helmet","jade_5","refined_gem_or_component","not_applicable","momg-1.1.9-release-neoforge-1.21.1.jar"
"more_ores_more_gems","more_ores_more_gems:jade_5_armor_leggings","jade_5_armor_leggings","jade_5","refined_gem_or_component","not_applicable","momg-1.1.9-release-neoforge-1.21.1.jar"
"more_ores_more_gems","more_ores_more_gems:jade_5_axe","jade_5_axe","jade_5","refined_gem_or_component","not_applicable","momg-1.1.9-release-neoforge-1.21.1.jar"
"more_ores_more_gems","more_ores_more_gems:jade_5_hoe","jade_5_hoe","jade_5","refined_gem_or_component","not_applicable","momg-1.1.9-release-neoforge-1.21.1.jar"
"more_ores_more_gems","more_ores_more_gems:jade_5_pickaxe","jade_5_pickaxe","jade_5","refined_gem_or_component","not_applicable","momg-1.1.9-release-neoforge-1.21.1.jar"
"more_ores_more_gems","more_ores_more_gems:jade_5_shovel","jade_5_shovel","jade_5","refined_gem_or_component","not_applicable","momg-1.1.9-release-neoforge-1.21.1.jar"
"more_ores_more_gems","more_ores_more_gems:jade_5_sword","jade_5_sword","jade_5","refined_gem_or_component","not_applicable","momg-1.1.9-release-neoforge-1.21.1.jar"
"more_ores_more_gems","more_ores_more_gems:jade_ingot","jade_ingot","jade","ingot","not_applicable","momg-1.1.9-release-neoforge-1.21.1.jar"
"more_ores_more_gems","more_ores_more_gems:jade_ore","jade_ore","jade","ore","overworld","momg-1.1.9-release-neoforge-1.21.1.jar"
"more_ores_more_gems","more_ores_more_gems:lead_armor_boots","lead_armor_boots","lead","refined_gem_or_component","not_applicable","momg-1.1.9-release-neoforge-1.21.1.jar"
"more_ores_more_gems","more_ores_more_gems:lead_armor_chestplate","lead_armor_chestplate","lead","refined_gem_or_component","not_applicable","momg-1.1.9-release-neoforge-1.21.1.jar"
"more_ores_more_gems","more_ores_more_gems:lead_armor_helmet","lead_armor_helmet","lead","refined_gem_or_component","not_applicable","momg-1.1.9-release-neoforge-1.21.1.jar"
"more_ores_more_gems","more_ores_more_gems:lead_armor_leggings","lead_armor_leggings","lead","refined_gem_or_component","not_applicable","momg-1.1.9-release-neoforge-1.21.1.jar"
"more_ores_more_gems","more_ores_more_gems:lead_axe","lead_axe","lead","refined_gem_or_component","not_applicable","momg-1.1.9-release-neoforge-1.21.1.jar"
"more_ores_more_gems","more_ores_more_gems:lead_hoe","lead_hoe","lead","refined_gem_or_component","not_applicable","momg-1.1.9-release-neoforge-1.21.1.jar"
"more_ores_more_gems","more_ores_more_gems:lead_ingot","lead_ingot","lead","ingot","not_applicable","momg-1.1.9-release-neoforge-1.21.1.jar"
"more_ores_more_gems","more_ores_more_gems:lead_ore","lead_ore","lead","ore","overworld","momg-1.1.9-release-neoforge-1.21.1.jar"
"more_ores_more_gems","more_ores_more_gems:lead_pickaxe","lead_pickaxe","lead","refined_gem_or_component","not_applicable","momg-1.1.9-release-neoforge-1.21.1.jar"
"more_ores_more_gems","more_ores_more_gems:lead_shovel","lead_shovel","lead","refined_gem_or_component","not_applicable","momg-1.1.9-release-neoforge-1.21.1.jar"
"more_ores_more_gems","more_ores_more_gems:lead_sword","lead_sword","lead","refined_gem_or_component","not_applicable","momg-1.1.9-release-neoforge-1.21.1.jar"
"more_ores_more_gems","more_ores_more_gems:lemonite","lemonite","lemonite","refined_gem_or_component","not_applicable","momg-1.1.9-release-neoforge-1.21.1.jar"
"more_ores_more_gems","more_ores_more_gems:lemonite_ore","lemonite_ore","lemonite","ore","overworld","momg-1.1.9-release-neoforge-1.21.1.jar"
"more_ores_more_gems","more_ores_more_gems:leucosapphire_armor_boots","leucosapphire_armor_boots","leucosapphire","refined_gem_or_component","not_applicable","momg-1.1.9-release-neoforge-1.21.1.jar"
"more_ores_more_gems","more_ores_more_gems:leucosapphire_armor_chestplate","leucosapphire_armor_chestplate","leucosapphire","refined_gem_or_component","not_applicable","momg-1.1.9-release-neoforge-1.21.1.jar"
"more_ores_more_gems","more_ores_more_gems:leucosapphire_armor_helmet","leucosapphire_armor_helmet","leucosapphire","refined_gem_or_component","not_applicable","momg-1.1.9-release-neoforge-1.21.1.jar"
"more_ores_more_gems","more_ores_more_gems:leucosapphire_armor_leggings","leucosapphire_armor_leggings","leucosapphire","refined_gem_or_component","not_applicable","momg-1.1.9-release-neoforge-1.21.1.jar"
"more_ores_more_gems","more_ores_more_gems:leucosapphire_axe","leucosapphire_axe","leucosapphire","refined_gem_or_component","not_applicable","momg-1.1.9-release-neoforge-1.21.1.jar"
"more_ores_more_gems","more_ores_more_gems:leucosapphire_gemstone","leucosapphire_gemstone","leucosapphire_gemstone","refined_gem_or_component","not_applicable","momg-1.1.9-release-neoforge-1.21.1.jar"
"more_ores_more_gems","more_ores_more_gems:leucosapphire_hoe","leucosapphire_hoe","leucosapphire","refined_gem_or_component","not_applicable","momg-1.1.9-release-neoforge-1.21.1.jar"
"more_ores_more_gems","more_ores_more_gems:leucosapphire_ore","leucosapphire_ore","leucosapphire","ore","overworld","momg-1.1.9-release-neoforge-1.21.1.jar"
"more_ores_more_gems","more_ores_more_gems:leucosapphire_pickaxe","leucosapphire_pickaxe","leucosapphire","refined_gem_or_component","not_applicable","momg-1.1.9-release-neoforge-1.21.1.jar"
"more_ores_more_gems","more_ores_more_gems:leucosapphire_shovel","leucosapphire_shovel","leucosapphire","refined_gem_or_component","not_applicable","momg-1.1.9-release-neoforge-1.21.1.jar"
"more_ores_more_gems","more_ores_more_gems:leucosapphire_sword","leucosapphire_sword","leucosapphire","refined_gem_or_component","not_applicable","momg-1.1.9-release-neoforge-1.21.1.jar"
"more_ores_more_gems","more_ores_more_gems:luminous_gem","luminous_gem","luminous_gem","refined_gem_or_component","not_applicable","momg-1.1.9-release-neoforge-1.21.1.jar"
"more_ores_more_gems","more_ores_more_gems:luminous_gem_ore","luminous_gem_ore","luminous_gem","ore","overworld","momg-1.1.9-release-neoforge-1.21.1.jar"
"more_ores_more_gems","more_ores_more_gems:luminous_gem_ore_deepslate","luminous_gem_ore_deepslate","luminous_gem","ore","overworld","momg-1.1.9-release-neoforge-1.21.1.jar"
"more_ores_more_gems","more_ores_more_gems:magma_volcagmium_ore","magma_volcagmium_ore","volcagmium","ore","overworld","momg-1.1.9-release-neoforge-1.21.1.jar"
"more_ores_more_gems","more_ores_more_gems:magnesium_armor_boots","magnesium_armor_boots","magnesium","refined_gem_or_component","not_applicable","momg-1.1.9-release-neoforge-1.21.1.jar"
"more_ores_more_gems","more_ores_more_gems:magnesium_armor_chestplate","magnesium_armor_chestplate","magnesium","refined_gem_or_component","not_applicable","momg-1.1.9-release-neoforge-1.21.1.jar"
"more_ores_more_gems","more_ores_more_gems:magnesium_armor_helmet","magnesium_armor_helmet","magnesium","refined_gem_or_component","not_applicable","momg-1.1.9-release-neoforge-1.21.1.jar"
"more_ores_more_gems","more_ores_more_gems:magnesium_armor_leggings","magnesium_armor_leggings","magnesium","refined_gem_or_component","not_applicable","momg-1.1.9-release-neoforge-1.21.1.jar"
"more_ores_more_gems","more_ores_more_gems:magnesium_axe","magnesium_axe","magnesium","refined_gem_or_component","not_applicable","momg-1.1.9-release-neoforge-1.21.1.jar"
"more_ores_more_gems","more_ores_more_gems:magnesium_hoe","magnesium_hoe","magnesium","refined_gem_or_component","not_applicable","momg-1.1.9-release-neoforge-1.21.1.jar"
"more_ores_more_gems","more_ores_more_gems:magnesium_ingot","magnesium_ingot","magnesium","ingot","not_applicable","momg-1.1.9-release-neoforge-1.21.1.jar"
"more_ores_more_gems","more_ores_more_gems:magnesium_ore","magnesium_ore","magnesium","ore","overworld","momg-1.1.9-release-neoforge-1.21.1.jar"
"more_ores_more_gems","more_ores_more_gems:magnesium_pickaxe","magnesium_pickaxe","magnesium","refined_gem_or_component","not_applicable","momg-1.1.9-release-neoforge-1.21.1.jar"
"more_ores_more_gems","more_ores_more_gems:magnesium_shovel","magnesium_shovel","magnesium","refined_gem_or_component","not_applicable","momg-1.1.9-release-neoforge-1.21.1.jar"
"more_ores_more_gems","more_ores_more_gems:magnesium_sword","magnesium_sword","magnesium","refined_gem_or_component","not_applicable","momg-1.1.9-release-neoforge-1.21.1.jar"
"more_ores_more_gems","more_ores_more_gems:memory_opal","memory_opal","memory_opal","refined_gem_or_component","not_applicable","momg-1.1.9-release-neoforge-1.21.1.jar"
"more_ores_more_gems","more_ores_more_gems:monel_armor_boots","monel_armor_boots","monel","refined_gem_or_component","not_applicable","momg-1.1.9-release-neoforge-1.21.1.jar"
"more_ores_more_gems","more_ores_more_gems:monel_armor_chestplate","monel_armor_chestplate","monel","refined_gem_or_component","not_applicable","momg-1.1.9-release-neoforge-1.21.1.jar"
"more_ores_more_gems","more_ores_more_gems:monel_armor_helmet","monel_armor_helmet","monel","refined_gem_or_component","not_applicable","momg-1.1.9-release-neoforge-1.21.1.jar"
"more_ores_more_gems","more_ores_more_gems:monel_armor_leggings","monel_armor_leggings","monel","refined_gem_or_component","not_applicable","momg-1.1.9-release-neoforge-1.21.1.jar"
"more_ores_more_gems","more_ores_more_gems:monel_axe","monel_axe","monel","refined_gem_or_component","not_applicable","momg-1.1.9-release-neoforge-1.21.1.jar"
"more_ores_more_gems","more_ores_more_gems:monel_hoe","monel_hoe","monel","refined_gem_or_component","not_applicable","momg-1.1.9-release-neoforge-1.21.1.jar"
"more_ores_more_gems","more_ores_more_gems:monel_ingot","monel_ingot","monel","ingot","not_applicable","momg-1.1.9-release-neoforge-1.21.1.jar"
"more_ores_more_gems","more_ores_more_gems:monel_ore","monel_ore","monel","ore","overworld","momg-1.1.9-release-neoforge-1.21.1.jar"
"more_ores_more_gems","more_ores_more_gems:monel_pickaxe","monel_pickaxe","monel","refined_gem_or_component","not_applicable","momg-1.1.9-release-neoforge-1.21.1.jar"
"more_ores_more_gems","more_ores_more_gems:monel_shovel","monel_shovel","monel","refined_gem_or_component","not_applicable","momg-1.1.9-release-neoforge-1.21.1.jar"
"more_ores_more_gems","more_ores_more_gems:monel_sword","monel_sword","monel","refined_gem_or_component","not_applicable","momg-1.1.9-release-neoforge-1.21.1.jar"
"more_ores_more_gems","more_ores_more_gems:mysticrain_axe","mysticrain_axe","mysticrain","refined_gem_or_component","not_applicable","momg-1.1.9-release-neoforge-1.21.1.jar"
"more_ores_more_gems","more_ores_more_gems:mysticrain_hoe","mysticrain_hoe","mysticrain","refined_gem_or_component","not_applicable","momg-1.1.9-release-neoforge-1.21.1.jar"
"more_ores_more_gems","more_ores_more_gems:mysticrain_pickaxe","mysticrain_pickaxe","mysticrain","refined_gem_or_component","not_applicable","momg-1.1.9-release-neoforge-1.21.1.jar"
"more_ores_more_gems","more_ores_more_gems:mysticrain_quartz","mysticrain_quartz","mysticrain_quartz","refined_gem_or_component","not_applicable","momg-1.1.9-release-neoforge-1.21.1.jar"
"more_ores_more_gems","more_ores_more_gems:mysticrain_quartz_ore","mysticrain_quartz_ore","mysticrain_quartz","ore","overworld","momg-1.1.9-release-neoforge-1.21.1.jar"
"more_ores_more_gems","more_ores_more_gems:mysticrain_shovel","mysticrain_shovel","mysticrain","refined_gem_or_component","not_applicable","momg-1.1.9-release-neoforge-1.21.1.jar"
"more_ores_more_gems","more_ores_more_gems:mysticrain_sword","mysticrain_sword","mysticrain","refined_gem_or_component","not_applicable","momg-1.1.9-release-neoforge-1.21.1.jar"
"more_ores_more_gems","more_ores_more_gems:neptunium_armor_boots","neptunium_armor_boots","neptunium","refined_gem_or_component","not_applicable","momg-1.1.9-release-neoforge-1.21.1.jar"
"more_ores_more_gems","more_ores_more_gems:neptunium_armor_chestplate","neptunium_armor_chestplate","neptunium","refined_gem_or_component","not_applicable","momg-1.1.9-release-neoforge-1.21.1.jar"
"more_ores_more_gems","more_ores_more_gems:neptunium_armor_helmet","neptunium_armor_helmet","neptunium","refined_gem_or_component","not_applicable","momg-1.1.9-release-neoforge-1.21.1.jar"
"more_ores_more_gems","more_ores_more_gems:neptunium_armor_leggings","neptunium_armor_leggings","neptunium","refined_gem_or_component","not_applicable","momg-1.1.9-release-neoforge-1.21.1.jar"
"more_ores_more_gems","more_ores_more_gems:neptunium_axe","neptunium_axe","neptunium","refined_gem_or_component","not_applicable","momg-1.1.9-release-neoforge-1.21.1.jar"
"more_ores_more_gems","more_ores_more_gems:neptunium_hoe","neptunium_hoe","neptunium","refined_gem_or_component","not_applicable","momg-1.1.9-release-neoforge-1.21.1.jar"
"more_ores_more_gems","more_ores_more_gems:neptunium_ingot","neptunium_ingot","neptunium","ingot","not_applicable","momg-1.1.9-release-neoforge-1.21.1.jar"
"more_ores_more_gems","more_ores_more_gems:neptunium_nugget","neptunium_nugget","neptunium","nugget","not_applicable","momg-1.1.9-release-neoforge-1.21.1.jar"
"more_ores_more_gems","more_ores_more_gems:neptunium_ore","neptunium_ore","neptunium","ore","overworld","momg-1.1.9-release-neoforge-1.21.1.jar"
"more_ores_more_gems","more_ores_more_gems:neptunium_pickaxe","neptunium_pickaxe","neptunium","refined_gem_or_component","not_applicable","momg-1.1.9-release-neoforge-1.21.1.jar"
"more_ores_more_gems","more_ores_more_gems:neptunium_shadowite_shield","neptunium_shadowite_shield","neptunium_shadowite","refined_gem_or_component","not_applicable","momg-1.1.9-release-neoforge-1.21.1.jar"
"more_ores_more_gems","more_ores_more_gems:neptunium_shadowite_shield_0","neptunium_shadowite_shield_0","neptunium_shadowite","refined_gem_or_component","not_applicable","momg-1.1.9-release-neoforge-1.21.1.jar"
"more_ores_more_gems","more_ores_more_gems:neptunium_shovel","neptunium_shovel","neptunium","refined_gem_or_component","not_applicable","momg-1.1.9-release-neoforge-1.21.1.jar"
"more_ores_more_gems","more_ores_more_gems:neptunium_sword","neptunium_sword","neptunium","refined_gem_or_component","not_applicable","momg-1.1.9-release-neoforge-1.21.1.jar"
"more_ores_more_gems","more_ores_more_gems:nether_amethyst_ore","nether_amethyst_ore","amethyst","ore","nether","momg-1.1.9-release-neoforge-1.21.1.jar"
"more_ores_more_gems","more_ores_more_gems:nether_crimsonite_ore","nether_crimsonite_ore","crimsonite","ore","nether","momg-1.1.9-release-neoforge-1.21.1.jar"
"more_ores_more_gems","more_ores_more_gems:nether_electrum_ore","nether_electrum_ore","electrum","ore","nether","momg-1.1.9-release-neoforge-1.21.1.jar"
"more_ores_more_gems","more_ores_more_gems:nether_opalized_quartz_ore","nether_opalized_quartz_ore","opalized_quartz","ore","nether","momg-1.1.9-release-neoforge-1.21.1.jar"
"more_ores_more_gems","more_ores_more_gems:nether_osmium_ore","nether_osmium_ore","osmium","ore","nether","momg-1.1.9-release-neoforge-1.21.1.jar"
"more_ores_more_gems","more_ores_more_gems:nether_rose_gold_ore","nether_rose_gold_ore","rose_gold","ore","nether","momg-1.1.9-release-neoforge-1.21.1.jar"
"more_ores_more_gems","more_ores_more_gems:nether_silver_ore","nether_silver_ore","silver","ore","nether","momg-1.1.9-release-neoforge-1.21.1.jar"
"more_ores_more_gems","more_ores_more_gems:nether_titanium_ore","nether_titanium_ore","titanium","ore","nether","momg-1.1.9-release-neoforge-1.21.1.jar"
"more_ores_more_gems","more_ores_more_gems:nickel_armor_boots","nickel_armor_boots","nickel","refined_gem_or_component","not_applicable","momg-1.1.9-release-neoforge-1.21.1.jar"
"more_ores_more_gems","more_ores_more_gems:nickel_armor_chestplate","nickel_armor_chestplate","nickel","refined_gem_or_component","not_applicable","momg-1.1.9-release-neoforge-1.21.1.jar"
"more_ores_more_gems","more_ores_more_gems:nickel_armor_helmet","nickel_armor_helmet","nickel","refined_gem_or_component","not_applicable","momg-1.1.9-release-neoforge-1.21.1.jar"
"more_ores_more_gems","more_ores_more_gems:nickel_armor_leggings","nickel_armor_leggings","nickel","refined_gem_or_component","not_applicable","momg-1.1.9-release-neoforge-1.21.1.jar"
"more_ores_more_gems","more_ores_more_gems:nickel_axe","nickel_axe","nickel","refined_gem_or_component","not_applicable","momg-1.1.9-release-neoforge-1.21.1.jar"
"more_ores_more_gems","more_ores_more_gems:nickel_hoe","nickel_hoe","nickel","refined_gem_or_component","not_applicable","momg-1.1.9-release-neoforge-1.21.1.jar"
"more_ores_more_gems","more_ores_more_gems:nickel_ingot","nickel_ingot","nickel","ingot","not_applicable","momg-1.1.9-release-neoforge-1.21.1.jar"
"more_ores_more_gems","more_ores_more_gems:nickel_nugget","nickel_nugget","nickel","nugget","not_applicable","momg-1.1.9-release-neoforge-1.21.1.jar"
"more_ores_more_gems","more_ores_more_gems:nickel_ore","nickel_ore","nickel","ore","overworld","momg-1.1.9-release-neoforge-1.21.1.jar"
"more_ores_more_gems","more_ores_more_gems:nickel_pickaxe","nickel_pickaxe","nickel","refined_gem_or_component","not_applicable","momg-1.1.9-release-neoforge-1.21.1.jar"
"more_ores_more_gems","more_ores_more_gems:nickel_shovel","nickel_shovel","nickel","refined_gem_or_component","not_applicable","momg-1.1.9-release-neoforge-1.21.1.jar"
"more_ores_more_gems","more_ores_more_gems:nickel_sword","nickel_sword","nickel","refined_gem_or_component","not_applicable","momg-1.1.9-release-neoforge-1.21.1.jar"
"more_ores_more_gems","more_ores_more_gems:nitinol_armor_boots","nitinol_armor_boots","nitinol","refined_gem_or_component","not_applicable","momg-1.1.9-release-neoforge-1.21.1.jar"
"more_ores_more_gems","more_ores_more_gems:nitinol_armor_chestplate","nitinol_armor_chestplate","nitinol","refined_gem_or_component","not_applicable","momg-1.1.9-release-neoforge-1.21.1.jar"
"more_ores_more_gems","more_ores_more_gems:nitinol_armor_helmet","nitinol_armor_helmet","nitinol","refined_gem_or_component","not_applicable","momg-1.1.9-release-neoforge-1.21.1.jar"
"more_ores_more_gems","more_ores_more_gems:nitinol_armor_leggings","nitinol_armor_leggings","nitinol","refined_gem_or_component","not_applicable","momg-1.1.9-release-neoforge-1.21.1.jar"
"more_ores_more_gems","more_ores_more_gems:nitinol_axe","nitinol_axe","nitinol","refined_gem_or_component","not_applicable","momg-1.1.9-release-neoforge-1.21.1.jar"
"more_ores_more_gems","more_ores_more_gems:nitinol_hoe","nitinol_hoe","nitinol","refined_gem_or_component","not_applicable","momg-1.1.9-release-neoforge-1.21.1.jar"
"more_ores_more_gems","more_ores_more_gems:nitinol_ingot","nitinol_ingot","nitinol","ingot","not_applicable","momg-1.1.9-release-neoforge-1.21.1.jar"
"more_ores_more_gems","more_ores_more_gems:nitinol_nugget","nitinol_nugget","nitinol","nugget","not_applicable","momg-1.1.9-release-neoforge-1.21.1.jar"
"more_ores_more_gems","more_ores_more_gems:nitinol_pickaxe","nitinol_pickaxe","nitinol","refined_gem_or_component","not_applicable","momg-1.1.9-release-neoforge-1.21.1.jar"
"more_ores_more_gems","more_ores_more_gems:nitinol_shovel","nitinol_shovel","nitinol","refined_gem_or_component","not_applicable","momg-1.1.9-release-neoforge-1.21.1.jar"
"more_ores_more_gems","more_ores_more_gems:nitinol_sword","nitinol_sword","nitinol","refined_gem_or_component","not_applicable","momg-1.1.9-release-neoforge-1.21.1.jar"
"more_ores_more_gems","more_ores_more_gems:obsidian_nuggets","obsidian_nuggets","obsidian_nuggets","refined_gem_or_component","not_applicable","momg-1.1.9-release-neoforge-1.21.1.jar"
"more_ores_more_gems","more_ores_more_gems:obsidian_stick","obsidian_stick","obsidian_stick","refined_gem_or_component","not_applicable","momg-1.1.9-release-neoforge-1.21.1.jar"
"more_ores_more_gems","more_ores_more_gems:olivin","olivin","olivin","refined_gem_or_component","not_applicable","momg-1.1.9-release-neoforge-1.21.1.jar"
"more_ores_more_gems","more_ores_more_gems:opal_family_icon","opal_family_icon","opal_family_icon","refined_gem_or_component","not_applicable","momg-1.1.9-release-neoforge-1.21.1.jar"
"more_ores_more_gems","more_ores_more_gems:opal_quartz_armor_boots","opal_quartz_armor_boots","opal_quartz","refined_gem_or_component","not_applicable","momg-1.1.9-release-neoforge-1.21.1.jar"
"more_ores_more_gems","more_ores_more_gems:opal_quartz_armor_chestplate","opal_quartz_armor_chestplate","opal_quartz","refined_gem_or_component","not_applicable","momg-1.1.9-release-neoforge-1.21.1.jar"
"more_ores_more_gems","more_ores_more_gems:opal_quartz_armor_helmet","opal_quartz_armor_helmet","opal_quartz","refined_gem_or_component","not_applicable","momg-1.1.9-release-neoforge-1.21.1.jar"
"more_ores_more_gems","more_ores_more_gems:opal_quartz_armor_leggings","opal_quartz_armor_leggings","opal_quartz","refined_gem_or_component","not_applicable","momg-1.1.9-release-neoforge-1.21.1.jar"
"more_ores_more_gems","more_ores_more_gems:opal_quartz_axe","opal_quartz_axe","opal_quartz","refined_gem_or_component","not_applicable","momg-1.1.9-release-neoforge-1.21.1.jar"
"more_ores_more_gems","more_ores_more_gems:opal_quartz_hoe","opal_quartz_hoe","opal_quartz","refined_gem_or_component","not_applicable","momg-1.1.9-release-neoforge-1.21.1.jar"
"more_ores_more_gems","more_ores_more_gems:opal_quartz_pickaxe","opal_quartz_pickaxe","opal_quartz","refined_gem_or_component","not_applicable","momg-1.1.9-release-neoforge-1.21.1.jar"
"more_ores_more_gems","more_ores_more_gems:opal_quartz_shovel","opal_quartz_shovel","opal_quartz","refined_gem_or_component","not_applicable","momg-1.1.9-release-neoforge-1.21.1.jar"
"more_ores_more_gems","more_ores_more_gems:opal_quartz_sword","opal_quartz_sword","opal_quartz","refined_gem_or_component","not_applicable","momg-1.1.9-release-neoforge-1.21.1.jar"
"more_ores_more_gems","more_ores_more_gems:opalized_quartz","opalized_quartz","opalized_quartz","refined_gem_or_component","not_applicable","momg-1.1.9-release-neoforge-1.21.1.jar"
"more_ores_more_gems","more_ores_more_gems:opalized_quartz_ore","opalized_quartz_ore","opalized_quartz","ore","overworld","momg-1.1.9-release-neoforge-1.21.1.jar"
"more_ores_more_gems","more_ores_more_gems:orange_fluorite_armor_boots","orange_fluorite_armor_boots","orange_fluorite","refined_gem_or_component","not_applicable","momg-1.1.9-release-neoforge-1.21.1.jar"
"more_ores_more_gems","more_ores_more_gems:orange_fluorite_armor_chestplate","orange_fluorite_armor_chestplate","orange_fluorite","refined_gem_or_component","not_applicable","momg-1.1.9-release-neoforge-1.21.1.jar"
"more_ores_more_gems","more_ores_more_gems:orange_fluorite_armor_helmet","orange_fluorite_armor_helmet","orange_fluorite","refined_gem_or_component","not_applicable","momg-1.1.9-release-neoforge-1.21.1.jar"
"more_ores_more_gems","more_ores_more_gems:orange_fluorite_armor_leggings","orange_fluorite_armor_leggings","orange_fluorite","refined_gem_or_component","not_applicable","momg-1.1.9-release-neoforge-1.21.1.jar"
"more_ores_more_gems","more_ores_more_gems:orange_fluorite_axe","orange_fluorite_axe","orange_fluorite","refined_gem_or_component","not_applicable","momg-1.1.9-release-neoforge-1.21.1.jar"
"more_ores_more_gems","more_ores_more_gems:orange_fluorite_hoe","orange_fluorite_hoe","orange_fluorite","refined_gem_or_component","not_applicable","momg-1.1.9-release-neoforge-1.21.1.jar"
"more_ores_more_gems","more_ores_more_gems:orange_fluorite_pickaxe","orange_fluorite_pickaxe","orange_fluorite","refined_gem_or_component","not_applicable","momg-1.1.9-release-neoforge-1.21.1.jar"
"more_ores_more_gems","more_ores_more_gems:orange_fluorite_shovel","orange_fluorite_shovel","orange_fluorite","refined_gem_or_component","not_applicable","momg-1.1.9-release-neoforge-1.21.1.jar"
"more_ores_more_gems","more_ores_more_gems:orange_fluorite_sword","orange_fluorite_sword","orange_fluorite","refined_gem_or_component","not_applicable","momg-1.1.9-release-neoforge-1.21.1.jar"
"more_ores_more_gems","more_ores_more_gems:orange_pink_fluorite_armor_boots","orange_pink_fluorite_armor_boots","orange_pink_fluorite","refined_gem_or_component","not_applicable","momg-1.1.9-release-neoforge-1.21.1.jar"
"more_ores_more_gems","more_ores_more_gems:orange_pink_fluorite_armor_chestplate","orange_pink_fluorite_armor_chestplate","orange_pink_fluorite","refined_gem_or_component","not_applicable","momg-1.1.9-release-neoforge-1.21.1.jar"
"more_ores_more_gems","more_ores_more_gems:orange_pink_fluorite_armor_helmet","orange_pink_fluorite_armor_helmet","orange_pink_fluorite","refined_gem_or_component","not_applicable","momg-1.1.9-release-neoforge-1.21.1.jar"
"more_ores_more_gems","more_ores_more_gems:orange_pink_fluorite_armor_leggings","orange_pink_fluorite_armor_leggings","orange_pink_fluorite","refined_gem_or_component","not_applicable","momg-1.1.9-release-neoforge-1.21.1.jar"
"more_ores_more_gems","more_ores_more_gems:orange_pink_fluorite_axe","orange_pink_fluorite_axe","orange_pink_fluorite","refined_gem_or_component","not_applicable","momg-1.1.9-release-neoforge-1.21.1.jar"
"more_ores_more_gems","more_ores_more_gems:orange_pink_fluorite_hoe","orange_pink_fluorite_hoe","orange_pink_fluorite","refined_gem_or_component","not_applicable","momg-1.1.9-release-neoforge-1.21.1.jar"
"more_ores_more_gems","more_ores_more_gems:orange_pink_fluorite_pickaxe","orange_pink_fluorite_pickaxe","orange_pink_fluorite","refined_gem_or_component","not_applicable","momg-1.1.9-release-neoforge-1.21.1.jar"
"more_ores_more_gems","more_ores_more_gems:orange_pink_fluorite_shovel","orange_pink_fluorite_shovel","orange_pink_fluorite","refined_gem_or_component","not_applicable","momg-1.1.9-release-neoforge-1.21.1.jar"
"more_ores_more_gems","more_ores_more_gems:orange_pink_fluorite_sword","orange_pink_fluorite_sword","orange_pink_fluorite","refined_gem_or_component","not_applicable","momg-1.1.9-release-neoforge-1.21.1.jar"
"more_ores_more_gems","more_ores_more_gems:osmium_ingot","osmium_ingot","osmium","ingot","not_applicable","momg-1.1.9-release-neoforge-1.21.1.jar"
"more_ores_more_gems","more_ores_more_gems:osmium_ore","osmium_ore","osmium","ore","overworld","momg-1.1.9-release-neoforge-1.21.1.jar"
"more_ores_more_gems","more_ores_more_gems:padparadscha","padparadscha","padparadscha","refined_gem_or_component","not_applicable","momg-1.1.9-release-neoforge-1.21.1.jar"
"more_ores_more_gems","more_ores_more_gems:padparadscha_5_armor_boots","padparadscha_5_armor_boots","padparadscha_5","refined_gem_or_component","not_applicable","momg-1.1.9-release-neoforge-1.21.1.jar"
"more_ores_more_gems","more_ores_more_gems:padparadscha_5_armor_chestplate","padparadscha_5_armor_chestplate","padparadscha_5","refined_gem_or_component","not_applicable","momg-1.1.9-release-neoforge-1.21.1.jar"
"more_ores_more_gems","more_ores_more_gems:padparadscha_5_armor_helmet","padparadscha_5_armor_helmet","padparadscha_5","refined_gem_or_component","not_applicable","momg-1.1.9-release-neoforge-1.21.1.jar"
"more_ores_more_gems","more_ores_more_gems:padparadscha_5_armor_leggings","padparadscha_5_armor_leggings","padparadscha_5","refined_gem_or_component","not_applicable","momg-1.1.9-release-neoforge-1.21.1.jar"
"more_ores_more_gems","more_ores_more_gems:padparadscha_5_axe","padparadscha_5_axe","padparadscha_5","refined_gem_or_component","not_applicable","momg-1.1.9-release-neoforge-1.21.1.jar"
"more_ores_more_gems","more_ores_more_gems:padparadscha_5_hoe","padparadscha_5_hoe","padparadscha_5","refined_gem_or_component","not_applicable","momg-1.1.9-release-neoforge-1.21.1.jar"
"more_ores_more_gems","more_ores_more_gems:padparadscha_5_pickaxe","padparadscha_5_pickaxe","padparadscha_5","refined_gem_or_component","not_applicable","momg-1.1.9-release-neoforge-1.21.1.jar"
"more_ores_more_gems","more_ores_more_gems:padparadscha_5_shovel","padparadscha_5_shovel","padparadscha_5","refined_gem_or_component","not_applicable","momg-1.1.9-release-neoforge-1.21.1.jar"
"more_ores_more_gems","more_ores_more_gems:padparadscha_5_sword","padparadscha_5_sword","padparadscha_5","refined_gem_or_component","not_applicable","momg-1.1.9-release-neoforge-1.21.1.jar"
"more_ores_more_gems","more_ores_more_gems:padparadscha_ore","padparadscha_ore","padparadscha","ore","overworld","momg-1.1.9-release-neoforge-1.21.1.jar"
"more_ores_more_gems","more_ores_more_gems:peridot","peridot","peridot","refined_gem_or_component","not_applicable","momg-1.1.9-release-neoforge-1.21.1.jar"
"more_ores_more_gems","more_ores_more_gems:peridot_5_armor_boots","peridot_5_armor_boots","peridot_5","refined_gem_or_component","not_applicable","momg-1.1.9-release-neoforge-1.21.1.jar"
"more_ores_more_gems","more_ores_more_gems:peridot_5_armor_chestplate","peridot_5_armor_chestplate","peridot_5","refined_gem_or_component","not_applicable","momg-1.1.9-release-neoforge-1.21.1.jar"
"more_ores_more_gems","more_ores_more_gems:peridot_5_armor_helmet","peridot_5_armor_helmet","peridot_5","refined_gem_or_component","not_applicable","momg-1.1.9-release-neoforge-1.21.1.jar"
"more_ores_more_gems","more_ores_more_gems:peridot_5_armor_leggings","peridot_5_armor_leggings","peridot_5","refined_gem_or_component","not_applicable","momg-1.1.9-release-neoforge-1.21.1.jar"
"more_ores_more_gems","more_ores_more_gems:peridot_5_axe","peridot_5_axe","peridot_5","refined_gem_or_component","not_applicable","momg-1.1.9-release-neoforge-1.21.1.jar"
"more_ores_more_gems","more_ores_more_gems:peridot_5_hoe","peridot_5_hoe","peridot_5","refined_gem_or_component","not_applicable","momg-1.1.9-release-neoforge-1.21.1.jar"
"more_ores_more_gems","more_ores_more_gems:peridot_5_pickaxe","peridot_5_pickaxe","peridot_5","refined_gem_or_component","not_applicable","momg-1.1.9-release-neoforge-1.21.1.jar"
"more_ores_more_gems","more_ores_more_gems:peridot_5_shovel","peridot_5_shovel","peridot_5","refined_gem_or_component","not_applicable","momg-1.1.9-release-neoforge-1.21.1.jar"
"more_ores_more_gems","more_ores_more_gems:peridot_5_sword","peridot_5_sword","peridot_5","refined_gem_or_component","not_applicable","momg-1.1.9-release-neoforge-1.21.1.jar"
"more_ores_more_gems","more_ores_more_gems:peridot_ore","peridot_ore","peridot","ore","overworld","momg-1.1.9-release-neoforge-1.21.1.jar"
"more_ores_more_gems","more_ores_more_gems:peridot_ore_deepslate","peridot_ore_deepslate","peridot","ore","overworld","momg-1.1.9-release-neoforge-1.21.1.jar"
"more_ores_more_gems","more_ores_more_gems:pink_axe","pink_axe","pink","refined_gem_or_component","not_applicable","momg-1.1.9-release-neoforge-1.21.1.jar"
"more_ores_more_gems","more_ores_more_gems:pink_flourite_armor_boots","pink_flourite_armor_boots","pink_flourite","refined_gem_or_component","not_applicable","momg-1.1.9-release-neoforge-1.21.1.jar"
"more_ores_more_gems","more_ores_more_gems:pink_flourite_armor_chestplate","pink_flourite_armor_chestplate","pink_flourite","refined_gem_or_component","not_applicable","momg-1.1.9-release-neoforge-1.21.1.jar"
"more_ores_more_gems","more_ores_more_gems:pink_flourite_armor_helmet","pink_flourite_armor_helmet","pink_flourite","refined_gem_or_component","not_applicable","momg-1.1.9-release-neoforge-1.21.1.jar"
"more_ores_more_gems","more_ores_more_gems:pink_flourite_armor_leggings","pink_flourite_armor_leggings","pink_flourite","refined_gem_or_component","not_applicable","momg-1.1.9-release-neoforge-1.21.1.jar"
"more_ores_more_gems","more_ores_more_gems:pink_flourite_axe","pink_flourite_axe","pink_flourite","refined_gem_or_component","not_applicable","momg-1.1.9-release-neoforge-1.21.1.jar"
"more_ores_more_gems","more_ores_more_gems:pink_flourite_hoe","pink_flourite_hoe","pink_flourite","refined_gem_or_component","not_applicable","momg-1.1.9-release-neoforge-1.21.1.jar"
"more_ores_more_gems","more_ores_more_gems:pink_flourite_pickaxe","pink_flourite_pickaxe","pink_flourite","refined_gem_or_component","not_applicable","momg-1.1.9-release-neoforge-1.21.1.jar"
"more_ores_more_gems","more_ores_more_gems:pink_flourite_shovel","pink_flourite_shovel","pink_flourite","refined_gem_or_component","not_applicable","momg-1.1.9-release-neoforge-1.21.1.jar"
"more_ores_more_gems","more_ores_more_gems:pink_flourite_sword","pink_flourite_sword","pink_flourite","refined_gem_or_component","not_applicable","momg-1.1.9-release-neoforge-1.21.1.jar"
"more_ores_more_gems","more_ores_more_gems:pink_hoe","pink_hoe","pink","refined_gem_or_component","not_applicable","momg-1.1.9-release-neoforge-1.21.1.jar"
"more_ores_more_gems","more_ores_more_gems:pink_opal","pink_opal","pink_opal","refined_gem_or_component","not_applicable","momg-1.1.9-release-neoforge-1.21.1.jar"
"more_ores_more_gems","more_ores_more_gems:pink_opal_gem_armor_boots","pink_opal_gem_armor_boots","pink_opal","refined_gem_or_component","not_applicable","momg-1.1.9-release-neoforge-1.21.1.jar"
"more_ores_more_gems","more_ores_more_gems:pink_opal_gem_armor_chestplate","pink_opal_gem_armor_chestplate","pink_opal","refined_gem_or_component","not_applicable","momg-1.1.9-release-neoforge-1.21.1.jar"
"more_ores_more_gems","more_ores_more_gems:pink_opal_gem_armor_helmet","pink_opal_gem_armor_helmet","pink_opal","refined_gem_or_component","not_applicable","momg-1.1.9-release-neoforge-1.21.1.jar"
"more_ores_more_gems","more_ores_more_gems:pink_opal_gem_armor_leggings","pink_opal_gem_armor_leggings","pink_opal","refined_gem_or_component","not_applicable","momg-1.1.9-release-neoforge-1.21.1.jar"
"more_ores_more_gems","more_ores_more_gems:pink_opal_ore","pink_opal_ore","pink_opal","ore","overworld","momg-1.1.9-release-neoforge-1.21.1.jar"
"more_ores_more_gems","more_ores_more_gems:pink_pickaxe","pink_pickaxe","pink","refined_gem_or_component","not_applicable","momg-1.1.9-release-neoforge-1.21.1.jar"
"more_ores_more_gems","more_ores_more_gems:pink_shovel","pink_shovel","pink","refined_gem_or_component","not_applicable","momg-1.1.9-release-neoforge-1.21.1.jar"
"more_ores_more_gems","more_ores_more_gems:pink_sword","pink_sword","pink","refined_gem_or_component","not_applicable","momg-1.1.9-release-neoforge-1.21.1.jar"
"more_ores_more_gems","more_ores_more_gems:platinum_armor_boots","platinum_armor_boots","platinum","refined_gem_or_component","not_applicable","momg-1.1.9-release-neoforge-1.21.1.jar"
"more_ores_more_gems","more_ores_more_gems:platinum_armor_chestplate","platinum_armor_chestplate","platinum","refined_gem_or_component","not_applicable","momg-1.1.9-release-neoforge-1.21.1.jar"
"more_ores_more_gems","more_ores_more_gems:platinum_armor_helmet","platinum_armor_helmet","platinum","refined_gem_or_component","not_applicable","momg-1.1.9-release-neoforge-1.21.1.jar"
"more_ores_more_gems","more_ores_more_gems:platinum_armor_leggings","platinum_armor_leggings","platinum","refined_gem_or_component","not_applicable","momg-1.1.9-release-neoforge-1.21.1.jar"
"more_ores_more_gems","more_ores_more_gems:platinum_axe","platinum_axe","platinum","refined_gem_or_component","not_applicable","momg-1.1.9-release-neoforge-1.21.1.jar"
"more_ores_more_gems","more_ores_more_gems:platinum_hoe","platinum_hoe","platinum","refined_gem_or_component","not_applicable","momg-1.1.9-release-neoforge-1.21.1.jar"
"more_ores_more_gems","more_ores_more_gems:platinum_ingot","platinum_ingot","platinum","ingot","not_applicable","momg-1.1.9-release-neoforge-1.21.1.jar"
"more_ores_more_gems","more_ores_more_gems:platinum_nugget","platinum_nugget","platinum","nugget","not_applicable","momg-1.1.9-release-neoforge-1.21.1.jar"
"more_ores_more_gems","more_ores_more_gems:platinum_ore","platinum_ore","platinum","ore","overworld","momg-1.1.9-release-neoforge-1.21.1.jar"
"more_ores_more_gems","more_ores_more_gems:platinum_pickaxe","platinum_pickaxe","platinum","refined_gem_or_component","not_applicable","momg-1.1.9-release-neoforge-1.21.1.jar"
"more_ores_more_gems","more_ores_more_gems:platinum_shovel","platinum_shovel","platinum","refined_gem_or_component","not_applicable","momg-1.1.9-release-neoforge-1.21.1.jar"
"more_ores_more_gems","more_ores_more_gems:platinum_sword","platinum_sword","platinum","refined_gem_or_component","not_applicable","momg-1.1.9-release-neoforge-1.21.1.jar"
"more_ores_more_gems","more_ores_more_gems:purple_fluorite_armor_boots","purple_fluorite_armor_boots","purple_fluorite","refined_gem_or_component","not_applicable","momg-1.1.9-release-neoforge-1.21.1.jar"
"more_ores_more_gems","more_ores_more_gems:purple_fluorite_armor_chestplate","purple_fluorite_armor_chestplate","purple_fluorite","refined_gem_or_component","not_applicable","momg-1.1.9-release-neoforge-1.21.1.jar"
"more_ores_more_gems","more_ores_more_gems:purple_fluorite_armor_helmet","purple_fluorite_armor_helmet","purple_fluorite","refined_gem_or_component","not_applicable","momg-1.1.9-release-neoforge-1.21.1.jar"
"more_ores_more_gems","more_ores_more_gems:purple_fluorite_armor_leggings","purple_fluorite_armor_leggings","purple_fluorite","refined_gem_or_component","not_applicable","momg-1.1.9-release-neoforge-1.21.1.jar"
"more_ores_more_gems","more_ores_more_gems:purple_fluorite_axe","purple_fluorite_axe","purple_fluorite","refined_gem_or_component","not_applicable","momg-1.1.9-release-neoforge-1.21.1.jar"
"more_ores_more_gems","more_ores_more_gems:purple_fluorite_hoe","purple_fluorite_hoe","purple_fluorite","refined_gem_or_component","not_applicable","momg-1.1.9-release-neoforge-1.21.1.jar"
"more_ores_more_gems","more_ores_more_gems:purple_fluorite_pickaxe","purple_fluorite_pickaxe","purple_fluorite","refined_gem_or_component","not_applicable","momg-1.1.9-release-neoforge-1.21.1.jar"
"more_ores_more_gems","more_ores_more_gems:purple_fluorite_shovel","purple_fluorite_shovel","purple_fluorite","refined_gem_or_component","not_applicable","momg-1.1.9-release-neoforge-1.21.1.jar"
"more_ores_more_gems","more_ores_more_gems:purple_fluorite_sword","purple_fluorite_sword","purple_fluorite","refined_gem_or_component","not_applicable","momg-1.1.9-release-neoforge-1.21.1.jar"
"more_ores_more_gems","more_ores_more_gems:purple_green_fluorite_armor_boots","purple_green_fluorite_armor_boots","purple_green_fluorite","refined_gem_or_component","not_applicable","momg-1.1.9-release-neoforge-1.21.1.jar"
"more_ores_more_gems","more_ores_more_gems:purple_green_fluorite_armor_chestplate","purple_green_fluorite_armor_chestplate","purple_green_fluorite","refined_gem_or_component","not_applicable","momg-1.1.9-release-neoforge-1.21.1.jar"
"more_ores_more_gems","more_ores_more_gems:purple_green_fluorite_armor_helmet","purple_green_fluorite_armor_helmet","purple_green_fluorite","refined_gem_or_component","not_applicable","momg-1.1.9-release-neoforge-1.21.1.jar"
"more_ores_more_gems","more_ores_more_gems:purple_green_fluorite_armor_leggings","purple_green_fluorite_armor_leggings","purple_green_fluorite","refined_gem_or_component","not_applicable","momg-1.1.9-release-neoforge-1.21.1.jar"
"more_ores_more_gems","more_ores_more_gems:purple_green_fluorite_axe","purple_green_fluorite_axe","purple_green_fluorite","refined_gem_or_component","not_applicable","momg-1.1.9-release-neoforge-1.21.1.jar"
"more_ores_more_gems","more_ores_more_gems:purple_green_fluorite_hoe","purple_green_fluorite_hoe","purple_green_fluorite","refined_gem_or_component","not_applicable","momg-1.1.9-release-neoforge-1.21.1.jar"
"more_ores_more_gems","more_ores_more_gems:purple_green_fluorite_pickaxe","purple_green_fluorite_pickaxe","purple_green_fluorite","refined_gem_or_component","not_applicable","momg-1.1.9-release-neoforge-1.21.1.jar"
"more_ores_more_gems","more_ores_more_gems:purple_green_fluorite_shovel","purple_green_fluorite_shovel","purple_green_fluorite","refined_gem_or_component","not_applicable","momg-1.1.9-release-neoforge-1.21.1.jar"
"more_ores_more_gems","more_ores_more_gems:purple_green_fluorite_sword","purple_green_fluorite_sword","purple_green_fluorite","refined_gem_or_component","not_applicable","momg-1.1.9-release-neoforge-1.21.1.jar"
"more_ores_more_gems","more_ores_more_gems:radiation_icon","radiation_icon","radiation_icon","refined_gem_or_component","not_applicable","momg-1.1.9-release-neoforge-1.21.1.jar"
"more_ores_more_gems","more_ores_more_gems:radioactive_mineral_icon","radioactive_mineral_icon","radioactive_mineral_icon","refined_gem_or_component","not_applicable","momg-1.1.9-release-neoforge-1.21.1.jar"
"more_ores_more_gems","more_ores_more_gems:radium_armor_boots","radium_armor_boots","radium","refined_gem_or_component","not_applicable","momg-1.1.9-release-neoforge-1.21.1.jar"
"more_ores_more_gems","more_ores_more_gems:radium_armor_chestplate","radium_armor_chestplate","radium","refined_gem_or_component","not_applicable","momg-1.1.9-release-neoforge-1.21.1.jar"
"more_ores_more_gems","more_ores_more_gems:radium_armor_helmet","radium_armor_helmet","radium","refined_gem_or_component","not_applicable","momg-1.1.9-release-neoforge-1.21.1.jar"
"more_ores_more_gems","more_ores_more_gems:radium_armor_leggings","radium_armor_leggings","radium","refined_gem_or_component","not_applicable","momg-1.1.9-release-neoforge-1.21.1.jar"
"more_ores_more_gems","more_ores_more_gems:radium_axe","radium_axe","radium","refined_gem_or_component","not_applicable","momg-1.1.9-release-neoforge-1.21.1.jar"
"more_ores_more_gems","more_ores_more_gems:radium_dust_ore","radium_dust_ore","radium_dust","ore","overworld","momg-1.1.9-release-neoforge-1.21.1.jar"
"more_ores_more_gems","more_ores_more_gems:radium_hoe","radium_hoe","radium","refined_gem_or_component","not_applicable","momg-1.1.9-release-neoforge-1.21.1.jar"
"more_ores_more_gems","more_ores_more_gems:radium_ore","radium_ore","radium","ore","overworld","momg-1.1.9-release-neoforge-1.21.1.jar"
"more_ores_more_gems","more_ores_more_gems:radium_pickaxe","radium_pickaxe","radium","refined_gem_or_component","not_applicable","momg-1.1.9-release-neoforge-1.21.1.jar"
"more_ores_more_gems","more_ores_more_gems:radium_shovel","radium_shovel","radium","refined_gem_or_component","not_applicable","momg-1.1.9-release-neoforge-1.21.1.jar"
"more_ores_more_gems","more_ores_more_gems:radium_sword","radium_sword","radium","refined_gem_or_component","not_applicable","momg-1.1.9-release-neoforge-1.21.1.jar"
"more_ores_more_gems","more_ores_more_gems:radium226_dust","radium226_dust","radium226_dust","refined_gem_or_component","not_applicable","momg-1.1.9-release-neoforge-1.21.1.jar"
"more_ores_more_gems","more_ores_more_gems:radium226_ingot","radium226_ingot","radium226","ingot","not_applicable","momg-1.1.9-release-neoforge-1.21.1.jar"
"more_ores_more_gems","more_ores_more_gems:radium226_nugget","radium226_nugget","radium226","nugget","not_applicable","momg-1.1.9-release-neoforge-1.21.1.jar"
"more_ores_more_gems","more_ores_more_gems:rainbow_fluorite_armor_boots","rainbow_fluorite_armor_boots","rainbow_fluorite","refined_gem_or_component","not_applicable","momg-1.1.9-release-neoforge-1.21.1.jar"
"more_ores_more_gems","more_ores_more_gems:rainbow_fluorite_armor_chestplate","rainbow_fluorite_armor_chestplate","rainbow_fluorite","refined_gem_or_component","not_applicable","momg-1.1.9-release-neoforge-1.21.1.jar"
"more_ores_more_gems","more_ores_more_gems:rainbow_fluorite_armor_helmet","rainbow_fluorite_armor_helmet","rainbow_fluorite","refined_gem_or_component","not_applicable","momg-1.1.9-release-neoforge-1.21.1.jar"
"more_ores_more_gems","more_ores_more_gems:rainbow_fluorite_armor_leggings","rainbow_fluorite_armor_leggings","rainbow_fluorite","refined_gem_or_component","not_applicable","momg-1.1.9-release-neoforge-1.21.1.jar"
"more_ores_more_gems","more_ores_more_gems:rainbow_fluorite_axe","rainbow_fluorite_axe","rainbow_fluorite","refined_gem_or_component","not_applicable","momg-1.1.9-release-neoforge-1.21.1.jar"
"more_ores_more_gems","more_ores_more_gems:rainbow_fluorite_hoe","rainbow_fluorite_hoe","rainbow_fluorite","refined_gem_or_component","not_applicable","momg-1.1.9-release-neoforge-1.21.1.jar"
"more_ores_more_gems","more_ores_more_gems:rainbow_fluorite_pickaxe","rainbow_fluorite_pickaxe","rainbow_fluorite","refined_gem_or_component","not_applicable","momg-1.1.9-release-neoforge-1.21.1.jar"
"more_ores_more_gems","more_ores_more_gems:rainbow_fluorite_shovel","rainbow_fluorite_shovel","rainbow_fluorite","refined_gem_or_component","not_applicable","momg-1.1.9-release-neoforge-1.21.1.jar"
"more_ores_more_gems","more_ores_more_gems:rainbow_fluorite_sword","rainbow_fluorite_sword","rainbow_fluorite","refined_gem_or_component","not_applicable","momg-1.1.9-release-neoforge-1.21.1.jar"
"more_ores_more_gems","more_ores_more_gems:rare_axe","rare_axe","rare","refined_gem_or_component","not_applicable","momg-1.1.9-release-neoforge-1.21.1.jar"
"more_ores_more_gems","more_ores_more_gems:rare_gemstone_icon","rare_gemstone_icon","rare_gemstone_icon","refined_gem_or_component","not_applicable","momg-1.1.9-release-neoforge-1.21.1.jar"
"more_ores_more_gems","more_ores_more_gems:rare_hoe","rare_hoe","rare","refined_gem_or_component","not_applicable","momg-1.1.9-release-neoforge-1.21.1.jar"
"more_ores_more_gems","more_ores_more_gems:rare_pickaxe","rare_pickaxe","rare","refined_gem_or_component","not_applicable","momg-1.1.9-release-neoforge-1.21.1.jar"
"more_ores_more_gems","more_ores_more_gems:rare_sapphire","rare_sapphire","rare_sapphire","refined_gem_or_component","not_applicable","momg-1.1.9-release-neoforge-1.21.1.jar"
"more_ores_more_gems","more_ores_more_gems:rare_sapphire_ore","rare_sapphire_ore","rare_sapphire","ore","overworld","momg-1.1.9-release-neoforge-1.21.1.jar"
"more_ores_more_gems","more_ores_more_gems:rare_sapphirel_armor_boots","rare_sapphirel_armor_boots","rare_sapphirel","refined_gem_or_component","not_applicable","momg-1.1.9-release-neoforge-1.21.1.jar"
"more_ores_more_gems","more_ores_more_gems:rare_sapphirel_armor_chestplate","rare_sapphirel_armor_chestplate","rare_sapphirel","refined_gem_or_component","not_applicable","momg-1.1.9-release-neoforge-1.21.1.jar"
"more_ores_more_gems","more_ores_more_gems:rare_sapphirel_armor_helmet","rare_sapphirel_armor_helmet","rare_sapphirel","refined_gem_or_component","not_applicable","momg-1.1.9-release-neoforge-1.21.1.jar"
"more_ores_more_gems","more_ores_more_gems:rare_sapphirel_armor_leggings","rare_sapphirel_armor_leggings","rare_sapphirel","refined_gem_or_component","not_applicable","momg-1.1.9-release-neoforge-1.21.1.jar"
"more_ores_more_gems","more_ores_more_gems:rare_shovel","rare_shovel","rare","refined_gem_or_component","not_applicable","momg-1.1.9-release-neoforge-1.21.1.jar"
"more_ores_more_gems","more_ores_more_gems:rare_sword","rare_sword","rare","refined_gem_or_component","not_applicable","momg-1.1.9-release-neoforge-1.21.1.jar"
"more_ores_more_gems","more_ores_more_gems:raw_adamantite","raw_adamantite","adamantite","raw_material","not_applicable","momg-1.1.9-release-neoforge-1.21.1.jar"
"more_ores_more_gems","more_ores_more_gems:raw_aetherium","raw_aetherium","aetherium","raw_material","not_applicable","momg-1.1.9-release-neoforge-1.21.1.jar"
"more_ores_more_gems","more_ores_more_gems:raw_antimony","raw_antimony","antimony","raw_material","not_applicable","momg-1.1.9-release-neoforge-1.21.1.jar"
"more_ores_more_gems","more_ores_more_gems:raw_bromine","raw_bromine","bromine","raw_material","not_applicable","momg-1.1.9-release-neoforge-1.21.1.jar"
"more_ores_more_gems","more_ores_more_gems:raw_chromium","raw_chromium","chromium","raw_material","not_applicable","momg-1.1.9-release-neoforge-1.21.1.jar"
"more_ores_more_gems","more_ores_more_gems:raw_cobalt","raw_cobalt","cobalt","raw_material","not_applicable","momg-1.1.9-release-neoforge-1.21.1.jar"
"more_ores_more_gems","more_ores_more_gems:raw_crimsonite","raw_crimsonite","crimsonite","raw_material","not_applicable","momg-1.1.9-release-neoforge-1.21.1.jar"
"more_ores_more_gems","more_ores_more_gems:raw_indium","raw_indium","indium","raw_material","not_applicable","momg-1.1.9-release-neoforge-1.21.1.jar"
"more_ores_more_gems","more_ores_more_gems:raw_lead","raw_lead","lead","raw_material","not_applicable","momg-1.1.9-release-neoforge-1.21.1.jar"
"more_ores_more_gems","more_ores_more_gems:raw_magnesium","raw_magnesium","magnesium","raw_material","not_applicable","momg-1.1.9-release-neoforge-1.21.1.jar"
"more_ores_more_gems","more_ores_more_gems:raw_monel","raw_monel","monel","raw_material","not_applicable","momg-1.1.9-release-neoforge-1.21.1.jar"
"more_ores_more_gems","more_ores_more_gems:raw_neptunium","raw_neptunium","neptunium","raw_material","not_applicable","momg-1.1.9-release-neoforge-1.21.1.jar"
"more_ores_more_gems","more_ores_more_gems:raw_nickel","raw_nickel","nickel","raw_material","not_applicable","momg-1.1.9-release-neoforge-1.21.1.jar"
"more_ores_more_gems","more_ores_more_gems:raw_nitinol","raw_nitinol","nitinol","raw_material","not_applicable","momg-1.1.9-release-neoforge-1.21.1.jar"
"more_ores_more_gems","more_ores_more_gems:raw_osmium","raw_osmium","osmium","raw_material","not_applicable","momg-1.1.9-release-neoforge-1.21.1.jar"
"more_ores_more_gems","more_ores_more_gems:raw_platinum","raw_platinum","platinum","raw_material","not_applicable","momg-1.1.9-release-neoforge-1.21.1.jar"
"more_ores_more_gems","more_ores_more_gems:raw_radium226","raw_radium226","radium226","raw_material","not_applicable","momg-1.1.9-release-neoforge-1.21.1.jar"
"more_ores_more_gems","more_ores_more_gems:raw_rhodium","raw_rhodium","rhodium","raw_material","not_applicable","momg-1.1.9-release-neoforge-1.21.1.jar"
"more_ores_more_gems","more_ores_more_gems:raw_rose_gold","raw_rose_gold","rose_gold","raw_material","not_applicable","momg-1.1.9-release-neoforge-1.21.1.jar"
"more_ores_more_gems","more_ores_more_gems:raw_shadowite","raw_shadowite","shadowite","raw_material","not_applicable","momg-1.1.9-release-neoforge-1.21.1.jar"
"more_ores_more_gems","more_ores_more_gems:raw_shadowsteel","raw_shadowsteel","shadowsteel","raw_material","not_applicable","momg-1.1.9-release-neoforge-1.21.1.jar"
"more_ores_more_gems","more_ores_more_gems:raw_skysteel","raw_skysteel","skysteel","raw_material","not_applicable","momg-1.1.9-release-neoforge-1.21.1.jar"
"more_ores_more_gems","more_ores_more_gems:raw_sliver","raw_sliver","sliver","raw_material","not_applicable","momg-1.1.9-release-neoforge-1.21.1.jar"
"more_ores_more_gems","more_ores_more_gems:raw_steel","raw_steel","steel","raw_material","not_applicable","momg-1.1.9-release-neoforge-1.21.1.jar"
"more_ores_more_gems","more_ores_more_gems:raw_thalassium","raw_thalassium","thalassium","raw_material","not_applicable","momg-1.1.9-release-neoforge-1.21.1.jar"
"more_ores_more_gems","more_ores_more_gems:raw_thorium","raw_thorium","thorium","raw_material","not_applicable","momg-1.1.9-release-neoforge-1.21.1.jar"
"more_ores_more_gems","more_ores_more_gems:raw_tin","raw_tin","tin","raw_material","not_applicable","momg-1.1.9-release-neoforge-1.21.1.jar"
"more_ores_more_gems","more_ores_more_gems:raw_titanium","raw_titanium","titanium","raw_material","not_applicable","momg-1.1.9-release-neoforge-1.21.1.jar"
"more_ores_more_gems","more_ores_more_gems:raw_titanium_quartz","raw_titanium_quartz","titanium_quartz","raw_material","not_applicable","momg-1.1.9-release-neoforge-1.21.1.jar"
"more_ores_more_gems","more_ores_more_gems:raw_tungsten","raw_tungsten","tungsten","raw_material","not_applicable","momg-1.1.9-release-neoforge-1.21.1.jar"
"more_ores_more_gems","more_ores_more_gems:raw_uranium","raw_uranium","uranium","raw_material","not_applicable","momg-1.1.9-release-neoforge-1.21.1.jar"
"more_ores_more_gems","more_ores_more_gems:raw_uranium_234","raw_uranium_234","uranium_234","raw_material","not_applicable","momg-1.1.9-release-neoforge-1.21.1.jar"
"more_ores_more_gems","more_ores_more_gems:raw_uranium_238","raw_uranium_238","uranium_238","raw_material","not_applicable","momg-1.1.9-release-neoforge-1.21.1.jar"
"more_ores_more_gems","more_ores_more_gems:raw_urantherium","raw_urantherium","urantherium","raw_material","not_applicable","momg-1.1.9-release-neoforge-1.21.1.jar"
"more_ores_more_gems","more_ores_more_gems:raw_volcagmium","raw_volcagmium","volcagmium","raw_material","not_applicable","momg-1.1.9-release-neoforge-1.21.1.jar"
"more_ores_more_gems","more_ores_more_gems:rhodium_armor_boots","rhodium_armor_boots","rhodium","refined_gem_or_component","not_applicable","momg-1.1.9-release-neoforge-1.21.1.jar"
"more_ores_more_gems","more_ores_more_gems:rhodium_armor_chestplate","rhodium_armor_chestplate","rhodium","refined_gem_or_component","not_applicable","momg-1.1.9-release-neoforge-1.21.1.jar"
"more_ores_more_gems","more_ores_more_gems:rhodium_armor_helmet","rhodium_armor_helmet","rhodium","refined_gem_or_component","not_applicable","momg-1.1.9-release-neoforge-1.21.1.jar"
"more_ores_more_gems","more_ores_more_gems:rhodium_armor_leggings","rhodium_armor_leggings","rhodium","refined_gem_or_component","not_applicable","momg-1.1.9-release-neoforge-1.21.1.jar"
"more_ores_more_gems","more_ores_more_gems:rhodium_axe","rhodium_axe","rhodium","refined_gem_or_component","not_applicable","momg-1.1.9-release-neoforge-1.21.1.jar"
"more_ores_more_gems","more_ores_more_gems:rhodium_hoe","rhodium_hoe","rhodium","refined_gem_or_component","not_applicable","momg-1.1.9-release-neoforge-1.21.1.jar"
"more_ores_more_gems","more_ores_more_gems:rhodium_ingot","rhodium_ingot","rhodium","ingot","not_applicable","momg-1.1.9-release-neoforge-1.21.1.jar"
"more_ores_more_gems","more_ores_more_gems:rhodium_nugget","rhodium_nugget","rhodium","nugget","not_applicable","momg-1.1.9-release-neoforge-1.21.1.jar"
"more_ores_more_gems","more_ores_more_gems:rhodium_ore","rhodium_ore","rhodium","ore","overworld","momg-1.1.9-release-neoforge-1.21.1.jar"
"more_ores_more_gems","more_ores_more_gems:rhodium_pickaxe","rhodium_pickaxe","rhodium","refined_gem_or_component","not_applicable","momg-1.1.9-release-neoforge-1.21.1.jar"
"more_ores_more_gems","more_ores_more_gems:rhodium_shovel","rhodium_shovel","rhodium","refined_gem_or_component","not_applicable","momg-1.1.9-release-neoforge-1.21.1.jar"
"more_ores_more_gems","more_ores_more_gems:rhodium_sword","rhodium_sword","rhodium","refined_gem_or_component","not_applicable","momg-1.1.9-release-neoforge-1.21.1.jar"
"more_ores_more_gems","more_ores_more_gems:rose_gold_armor_boots","rose_gold_armor_boots","rose_gold","refined_gem_or_component","not_applicable","momg-1.1.9-release-neoforge-1.21.1.jar"
"more_ores_more_gems","more_ores_more_gems:rose_gold_armor_chestplate","rose_gold_armor_chestplate","rose_gold","refined_gem_or_component","not_applicable","momg-1.1.9-release-neoforge-1.21.1.jar"
"more_ores_more_gems","more_ores_more_gems:rose_gold_armor_helmet","rose_gold_armor_helmet","rose_gold","refined_gem_or_component","not_applicable","momg-1.1.9-release-neoforge-1.21.1.jar"
"more_ores_more_gems","more_ores_more_gems:rose_gold_armor_leggings","rose_gold_armor_leggings","rose_gold","refined_gem_or_component","not_applicable","momg-1.1.9-release-neoforge-1.21.1.jar"
"more_ores_more_gems","more_ores_more_gems:rose_gold_axe","rose_gold_axe","rose_gold","refined_gem_or_component","not_applicable","momg-1.1.9-release-neoforge-1.21.1.jar"
"more_ores_more_gems","more_ores_more_gems:rose_gold_hoe","rose_gold_hoe","rose_gold","refined_gem_or_component","not_applicable","momg-1.1.9-release-neoforge-1.21.1.jar"
"more_ores_more_gems","more_ores_more_gems:rose_gold_ingot","rose_gold_ingot","rose_gold","ingot","not_applicable","momg-1.1.9-release-neoforge-1.21.1.jar"
"more_ores_more_gems","more_ores_more_gems:rose_gold_nugget","rose_gold_nugget","rose_gold","nugget","not_applicable","momg-1.1.9-release-neoforge-1.21.1.jar"
"more_ores_more_gems","more_ores_more_gems:rose_gold_ore","rose_gold_ore","rose_gold","ore","overworld","momg-1.1.9-release-neoforge-1.21.1.jar"
"more_ores_more_gems","more_ores_more_gems:rose_gold_pickaxe","rose_gold_pickaxe","rose_gold","refined_gem_or_component","not_applicable","momg-1.1.9-release-neoforge-1.21.1.jar"
"more_ores_more_gems","more_ores_more_gems:rose_gold_shovel","rose_gold_shovel","rose_gold","refined_gem_or_component","not_applicable","momg-1.1.9-release-neoforge-1.21.1.jar"
"more_ores_more_gems","more_ores_more_gems:rose_gold_sword","rose_gold_sword","rose_gold","refined_gem_or_component","not_applicable","momg-1.1.9-release-neoforge-1.21.1.jar"
"more_ores_more_gems","more_ores_more_gems:ruby_armor_boots","ruby_armor_boots","ruby","refined_gem_or_component","not_applicable","momg-1.1.9-release-neoforge-1.21.1.jar"
"more_ores_more_gems","more_ores_more_gems:ruby_armor_chestplate","ruby_armor_chestplate","ruby","refined_gem_or_component","not_applicable","momg-1.1.9-release-neoforge-1.21.1.jar"
"more_ores_more_gems","more_ores_more_gems:ruby_armor_helmet","ruby_armor_helmet","ruby","refined_gem_or_component","not_applicable","momg-1.1.9-release-neoforge-1.21.1.jar"
"more_ores_more_gems","more_ores_more_gems:ruby_armor_leggings","ruby_armor_leggings","ruby","refined_gem_or_component","not_applicable","momg-1.1.9-release-neoforge-1.21.1.jar"
"more_ores_more_gems","more_ores_more_gems:ruby_axe","ruby_axe","ruby","refined_gem_or_component","not_applicable","momg-1.1.9-release-neoforge-1.21.1.jar"
"more_ores_more_gems","more_ores_more_gems:ruby_hoe","ruby_hoe","ruby","refined_gem_or_component","not_applicable","momg-1.1.9-release-neoforge-1.21.1.jar"
"more_ores_more_gems","more_ores_more_gems:ruby_ore_deepslate","ruby_ore_deepslate","ruby","ore","overworld","momg-1.1.9-release-neoforge-1.21.1.jar"
"more_ores_more_gems","more_ores_more_gems:ruby_pack","ruby_pack","ruby_pack","refined_gem_or_component","not_applicable","momg-1.1.9-release-neoforge-1.21.1.jar"
"more_ores_more_gems","more_ores_more_gems:ruby_pack_block","ruby_pack_block","ruby_pack_block","storage_or_special_block","not_applicable","momg-1.1.9-release-neoforge-1.21.1.jar"
"more_ores_more_gems","more_ores_more_gems:ruby_pack_ore","ruby_pack_ore","ruby_pack","ore","overworld","momg-1.1.9-release-neoforge-1.21.1.jar"
"more_ores_more_gems","more_ores_more_gems:ruby_pickaxe","ruby_pickaxe","ruby","refined_gem_or_component","not_applicable","momg-1.1.9-release-neoforge-1.21.1.jar"
"more_ores_more_gems","more_ores_more_gems:ruby_shovel","ruby_shovel","ruby","refined_gem_or_component","not_applicable","momg-1.1.9-release-neoforge-1.21.1.jar"
"more_ores_more_gems","more_ores_more_gems:ruby_sword","ruby_sword","ruby","refined_gem_or_component","not_applicable","momg-1.1.9-release-neoforge-1.21.1.jar"
"more_ores_more_gems","more_ores_more_gems:safe_gunpowder_block","safe_gunpowder_block","safe_gunpowder_block","storage_or_special_block","not_applicable","momg-1.1.9-release-neoforge-1.21.1.jar"
"more_ores_more_gems","more_ores_more_gems:sapphire","sapphire","sapphire","refined_gem_or_component","not_applicable","momg-1.1.9-release-neoforge-1.21.1.jar"
"more_ores_more_gems","more_ores_more_gems:sapphire_ore","sapphire_ore","sapphire","ore","overworld","momg-1.1.9-release-neoforge-1.21.1.jar"
"more_ores_more_gems","more_ores_more_gems:sapphirel_armor_boots","sapphirel_armor_boots","sapphirel","refined_gem_or_component","not_applicable","momg-1.1.9-release-neoforge-1.21.1.jar"
"more_ores_more_gems","more_ores_more_gems:sapphirel_armor_chestplate","sapphirel_armor_chestplate","sapphirel","refined_gem_or_component","not_applicable","momg-1.1.9-release-neoforge-1.21.1.jar"
"more_ores_more_gems","more_ores_more_gems:sapphirel_armor_helmet","sapphirel_armor_helmet","sapphirel","refined_gem_or_component","not_applicable","momg-1.1.9-release-neoforge-1.21.1.jar"
"more_ores_more_gems","more_ores_more_gems:sapphirel_armor_leggings","sapphirel_armor_leggings","sapphirel","refined_gem_or_component","not_applicable","momg-1.1.9-release-neoforge-1.21.1.jar"
"more_ores_more_gems","more_ores_more_gems:sapphirel_axe","sapphirel_axe","sapphirel","refined_gem_or_component","not_applicable","momg-1.1.9-release-neoforge-1.21.1.jar"
"more_ores_more_gems","more_ores_more_gems:sapphirel_hoe","sapphirel_hoe","sapphirel","refined_gem_or_component","not_applicable","momg-1.1.9-release-neoforge-1.21.1.jar"
"more_ores_more_gems","more_ores_more_gems:sapphirel_pickaxe","sapphirel_pickaxe","sapphirel","refined_gem_or_component","not_applicable","momg-1.1.9-release-neoforge-1.21.1.jar"
"more_ores_more_gems","more_ores_more_gems:sapphirel_shovel","sapphirel_shovel","sapphirel","refined_gem_or_component","not_applicable","momg-1.1.9-release-neoforge-1.21.1.jar"
"more_ores_more_gems","more_ores_more_gems:sapphirel_sword","sapphirel_sword","sapphirel","refined_gem_or_component","not_applicable","momg-1.1.9-release-neoforge-1.21.1.jar"
"more_ores_more_gems","more_ores_more_gems:shadowite","shadowite","shadowite","refined_gem_or_component","not_applicable","momg-1.1.9-release-neoforge-1.21.1.jar"
"more_ores_more_gems","more_ores_more_gems:shadowite_1_axe","shadowite_1_axe","shadowite_1","refined_gem_or_component","not_applicable","momg-1.1.9-release-neoforge-1.21.1.jar"
"more_ores_more_gems","more_ores_more_gems:shadowite_1_hoe","shadowite_1_hoe","shadowite_1","refined_gem_or_component","not_applicable","momg-1.1.9-release-neoforge-1.21.1.jar"
"more_ores_more_gems","more_ores_more_gems:shadowite_1_pickaxe","shadowite_1_pickaxe","shadowite_1","refined_gem_or_component","not_applicable","momg-1.1.9-release-neoforge-1.21.1.jar"
"more_ores_more_gems","more_ores_more_gems:shadowite_1_shovel","shadowite_1_shovel","shadowite_1","refined_gem_or_component","not_applicable","momg-1.1.9-release-neoforge-1.21.1.jar"
"more_ores_more_gems","more_ores_more_gems:shadowite_1_sword","shadowite_1_sword","shadowite_1","refined_gem_or_component","not_applicable","momg-1.1.9-release-neoforge-1.21.1.jar"
"more_ores_more_gems","more_ores_more_gems:shadowite_ore","shadowite_ore","shadowite","ore","overworld","momg-1.1.9-release-neoforge-1.21.1.jar"
"more_ores_more_gems","more_ores_more_gems:shadowitel_armor_boots","shadowitel_armor_boots","shadowitel","refined_gem_or_component","not_applicable","momg-1.1.9-release-neoforge-1.21.1.jar"
"more_ores_more_gems","more_ores_more_gems:shadowitel_armor_chestplate","shadowitel_armor_chestplate","shadowitel","refined_gem_or_component","not_applicable","momg-1.1.9-release-neoforge-1.21.1.jar"
"more_ores_more_gems","more_ores_more_gems:shadowitel_armor_helmet","shadowitel_armor_helmet","shadowitel","refined_gem_or_component","not_applicable","momg-1.1.9-release-neoforge-1.21.1.jar"
"more_ores_more_gems","more_ores_more_gems:shadowitel_armor_leggings","shadowitel_armor_leggings","shadowitel","refined_gem_or_component","not_applicable","momg-1.1.9-release-neoforge-1.21.1.jar"
"more_ores_more_gems","more_ores_more_gems:shadowsteel_armor_boots","shadowsteel_armor_boots","shadowsteel","refined_gem_or_component","not_applicable","momg-1.1.9-release-neoforge-1.21.1.jar"
"more_ores_more_gems","more_ores_more_gems:shadowsteel_armor_chestplate","shadowsteel_armor_chestplate","shadowsteel","refined_gem_or_component","not_applicable","momg-1.1.9-release-neoforge-1.21.1.jar"
"more_ores_more_gems","more_ores_more_gems:shadowsteel_armor_helmet","shadowsteel_armor_helmet","shadowsteel","refined_gem_or_component","not_applicable","momg-1.1.9-release-neoforge-1.21.1.jar"
"more_ores_more_gems","more_ores_more_gems:shadowsteel_armor_leggings","shadowsteel_armor_leggings","shadowsteel","refined_gem_or_component","not_applicable","momg-1.1.9-release-neoforge-1.21.1.jar"
"more_ores_more_gems","more_ores_more_gems:shadowsteel_axe","shadowsteel_axe","shadowsteel","refined_gem_or_component","not_applicable","momg-1.1.9-release-neoforge-1.21.1.jar"
"more_ores_more_gems","more_ores_more_gems:shadowsteel_hoe","shadowsteel_hoe","shadowsteel","refined_gem_or_component","not_applicable","momg-1.1.9-release-neoforge-1.21.1.jar"
"more_ores_more_gems","more_ores_more_gems:shadowsteel_ingot","shadowsteel_ingot","shadowsteel","ingot","not_applicable","momg-1.1.9-release-neoforge-1.21.1.jar"
"more_ores_more_gems","more_ores_more_gems:shadowsteel_pickaxe","shadowsteel_pickaxe","shadowsteel","refined_gem_or_component","not_applicable","momg-1.1.9-release-neoforge-1.21.1.jar"
"more_ores_more_gems","more_ores_more_gems:shadowsteel_shovel","shadowsteel_shovel","shadowsteel","refined_gem_or_component","not_applicable","momg-1.1.9-release-neoforge-1.21.1.jar"
"more_ores_more_gems","more_ores_more_gems:shadowsteel_sword","shadowsteel_sword","shadowsteel","refined_gem_or_component","not_applicable","momg-1.1.9-release-neoforge-1.21.1.jar"
"more_ores_more_gems","more_ores_more_gems:silver_nugget","silver_nugget","silver","nugget","not_applicable","momg-1.1.9-release-neoforge-1.21.1.jar"
"more_ores_more_gems","more_ores_more_gems:skysteel","skysteel","skysteel","refined_gem_or_component","not_applicable","momg-1.1.9-release-neoforge-1.21.1.jar"
"more_ores_more_gems","more_ores_more_gems:skysteel_5_armor_boots","skysteel_5_armor_boots","skysteel_5","refined_gem_or_component","not_applicable","momg-1.1.9-release-neoforge-1.21.1.jar"
"more_ores_more_gems","more_ores_more_gems:skysteel_5_armor_chestplate","skysteel_5_armor_chestplate","skysteel_5","refined_gem_or_component","not_applicable","momg-1.1.9-release-neoforge-1.21.1.jar"
"more_ores_more_gems","more_ores_more_gems:skysteel_5_armor_helmet","skysteel_5_armor_helmet","skysteel_5","refined_gem_or_component","not_applicable","momg-1.1.9-release-neoforge-1.21.1.jar"
"more_ores_more_gems","more_ores_more_gems:skysteel_5_armor_leggings","skysteel_5_armor_leggings","skysteel_5","refined_gem_or_component","not_applicable","momg-1.1.9-release-neoforge-1.21.1.jar"
"more_ores_more_gems","more_ores_more_gems:skysteel_bow","skysteel_bow","skysteel_bow","refined_gem_or_component","not_applicable","momg-1.1.9-release-neoforge-1.21.1.jar"
"more_ores_more_gems","more_ores_more_gems:skysteel_p_axe","skysteel_p_axe","skysteel_p","refined_gem_or_component","not_applicable","momg-1.1.9-release-neoforge-1.21.1.jar"
"more_ores_more_gems","more_ores_more_gems:skysteel_p_hoe","skysteel_p_hoe","skysteel_p","refined_gem_or_component","not_applicable","momg-1.1.9-release-neoforge-1.21.1.jar"
"more_ores_more_gems","more_ores_more_gems:skysteel_p_pickaxe","skysteel_p_pickaxe","skysteel_p","refined_gem_or_component","not_applicable","momg-1.1.9-release-neoforge-1.21.1.jar"
"more_ores_more_gems","more_ores_more_gems:skysteel_p_shovel","skysteel_p_shovel","skysteel_p","refined_gem_or_component","not_applicable","momg-1.1.9-release-neoforge-1.21.1.jar"
"more_ores_more_gems","more_ores_more_gems:skysteel_p_sword","skysteel_p_sword","skysteel_p","refined_gem_or_component","not_applicable","momg-1.1.9-release-neoforge-1.21.1.jar"
"more_ores_more_gems","more_ores_more_gems:skysteel_shield","skysteel_shield","skysteel","refined_gem_or_component","not_applicable","momg-1.1.9-release-neoforge-1.21.1.jar"
"more_ores_more_gems","more_ores_more_gems:skysteel_shield_0","skysteel_shield_0","skysteel","refined_gem_or_component","not_applicable","momg-1.1.9-release-neoforge-1.21.1.jar"
"more_ores_more_gems","more_ores_more_gems:sliver_armor_boots","sliver_armor_boots","sliver","refined_gem_or_component","not_applicable","momg-1.1.9-release-neoforge-1.21.1.jar"
"more_ores_more_gems","more_ores_more_gems:sliver_armor_chestplate","sliver_armor_chestplate","sliver","refined_gem_or_component","not_applicable","momg-1.1.9-release-neoforge-1.21.1.jar"
"more_ores_more_gems","more_ores_more_gems:sliver_armor_helmet","sliver_armor_helmet","sliver","refined_gem_or_component","not_applicable","momg-1.1.9-release-neoforge-1.21.1.jar"
"more_ores_more_gems","more_ores_more_gems:sliver_armor_leggings","sliver_armor_leggings","sliver","refined_gem_or_component","not_applicable","momg-1.1.9-release-neoforge-1.21.1.jar"
"more_ores_more_gems","more_ores_more_gems:sliver_axe","sliver_axe","sliver","refined_gem_or_component","not_applicable","momg-1.1.9-release-neoforge-1.21.1.jar"
"more_ores_more_gems","more_ores_more_gems:sliver_hoe","sliver_hoe","sliver","refined_gem_or_component","not_applicable","momg-1.1.9-release-neoforge-1.21.1.jar"
"more_ores_more_gems","more_ores_more_gems:sliver_ingot","sliver_ingot","sliver","ingot","not_applicable","momg-1.1.9-release-neoforge-1.21.1.jar"
"more_ores_more_gems","more_ores_more_gems:sliver_ore","sliver_ore","sliver","ore","overworld","momg-1.1.9-release-neoforge-1.21.1.jar"
"more_ores_more_gems","more_ores_more_gems:sliver_pickaxe","sliver_pickaxe","sliver","refined_gem_or_component","not_applicable","momg-1.1.9-release-neoforge-1.21.1.jar"
"more_ores_more_gems","more_ores_more_gems:sliver_shovel","sliver_shovel","sliver","refined_gem_or_component","not_applicable","momg-1.1.9-release-neoforge-1.21.1.jar"
"more_ores_more_gems","more_ores_more_gems:sliver_sword","sliver_sword","sliver","refined_gem_or_component","not_applicable","momg-1.1.9-release-neoforge-1.21.1.jar"
"more_ores_more_gems","more_ores_more_gems:small_crystal_item","small_crystal_item","small_crystal_item","refined_gem_or_component","not_applicable","momg-1.1.9-release-neoforge-1.21.1.jar"
"more_ores_more_gems","more_ores_more_gems:steel_armor_boots","steel_armor_boots","steel","refined_gem_or_component","not_applicable","momg-1.1.9-release-neoforge-1.21.1.jar"
"more_ores_more_gems","more_ores_more_gems:steel_armor_chestplate","steel_armor_chestplate","steel","refined_gem_or_component","not_applicable","momg-1.1.9-release-neoforge-1.21.1.jar"
"more_ores_more_gems","more_ores_more_gems:steel_armor_helmet","steel_armor_helmet","steel","refined_gem_or_component","not_applicable","momg-1.1.9-release-neoforge-1.21.1.jar"
"more_ores_more_gems","more_ores_more_gems:steel_armor_leggings","steel_armor_leggings","steel","refined_gem_or_component","not_applicable","momg-1.1.9-release-neoforge-1.21.1.jar"
"more_ores_more_gems","more_ores_more_gems:steel_axe","steel_axe","steel","refined_gem_or_component","not_applicable","momg-1.1.9-release-neoforge-1.21.1.jar"
"more_ores_more_gems","more_ores_more_gems:steel_hoe","steel_hoe","steel","refined_gem_or_component","not_applicable","momg-1.1.9-release-neoforge-1.21.1.jar"
"more_ores_more_gems","more_ores_more_gems:steel_ingot","steel_ingot","steel","ingot","not_applicable","momg-1.1.9-release-neoforge-1.21.1.jar"
"more_ores_more_gems","more_ores_more_gems:steel_pickaxe","steel_pickaxe","steel","refined_gem_or_component","not_applicable","momg-1.1.9-release-neoforge-1.21.1.jar"
"more_ores_more_gems","more_ores_more_gems:steel_shield","steel_shield","steel","refined_gem_or_component","not_applicable","momg-1.1.9-release-neoforge-1.21.1.jar"
"more_ores_more_gems","more_ores_more_gems:steel_shield_0","steel_shield_0","steel","refined_gem_or_component","not_applicable","momg-1.1.9-release-neoforge-1.21.1.jar"
"more_ores_more_gems","more_ores_more_gems:steel_shovel","steel_shovel","steel","refined_gem_or_component","not_applicable","momg-1.1.9-release-neoforge-1.21.1.jar"
"more_ores_more_gems","more_ores_more_gems:steel_sword","steel_sword","steel","refined_gem_or_component","not_applicable","momg-1.1.9-release-neoforge-1.21.1.jar"
"more_ores_more_gems","more_ores_more_gems:stone_icon","stone_icon","stone_icon","refined_gem_or_component","not_applicable","momg-1.1.9-release-neoforge-1.21.1.jar"
"more_ores_more_gems","more_ores_more_gems:sunflare_gem","sunflare_gem","sunflare_gem","refined_gem_or_component","not_applicable","momg-1.1.9-release-neoforge-1.21.1.jar"
"more_ores_more_gems","more_ores_more_gems:sunflare_gem_ore","sunflare_gem_ore","sunflare_gem","ore","overworld","momg-1.1.9-release-neoforge-1.21.1.jar"
"more_ores_more_gems","more_ores_more_gems:super_gunpowder_block","super_gunpowder_block","super_gunpowder_block","storage_or_special_block","not_applicable","momg-1.1.9-release-neoforge-1.21.1.jar"
"more_ores_more_gems","more_ores_more_gems:tanzanite","tanzanite","tanzanite","refined_gem_or_component","not_applicable","momg-1.1.9-release-neoforge-1.21.1.jar"
"more_ores_more_gems","more_ores_more_gems:tanzanite_5_armor_boots","tanzanite_5_armor_boots","tanzanite_5","refined_gem_or_component","not_applicable","momg-1.1.9-release-neoforge-1.21.1.jar"
"more_ores_more_gems","more_ores_more_gems:tanzanite_5_armor_chestplate","tanzanite_5_armor_chestplate","tanzanite_5","refined_gem_or_component","not_applicable","momg-1.1.9-release-neoforge-1.21.1.jar"
"more_ores_more_gems","more_ores_more_gems:tanzanite_5_armor_helmet","tanzanite_5_armor_helmet","tanzanite_5","refined_gem_or_component","not_applicable","momg-1.1.9-release-neoforge-1.21.1.jar"
"more_ores_more_gems","more_ores_more_gems:tanzanite_5_armor_leggings","tanzanite_5_armor_leggings","tanzanite_5","refined_gem_or_component","not_applicable","momg-1.1.9-release-neoforge-1.21.1.jar"
"more_ores_more_gems","more_ores_more_gems:tanzanite_5_axe","tanzanite_5_axe","tanzanite_5","refined_gem_or_component","not_applicable","momg-1.1.9-release-neoforge-1.21.1.jar"
"more_ores_more_gems","more_ores_more_gems:tanzanite_5_hoe","tanzanite_5_hoe","tanzanite_5","refined_gem_or_component","not_applicable","momg-1.1.9-release-neoforge-1.21.1.jar"
"more_ores_more_gems","more_ores_more_gems:tanzanite_5_pickaxe","tanzanite_5_pickaxe","tanzanite_5","refined_gem_or_component","not_applicable","momg-1.1.9-release-neoforge-1.21.1.jar"
"more_ores_more_gems","more_ores_more_gems:tanzanite_5_shovel","tanzanite_5_shovel","tanzanite_5","refined_gem_or_component","not_applicable","momg-1.1.9-release-neoforge-1.21.1.jar"
"more_ores_more_gems","more_ores_more_gems:tanzanite_5_sword","tanzanite_5_sword","tanzanite_5","refined_gem_or_component","not_applicable","momg-1.1.9-release-neoforge-1.21.1.jar"
"more_ores_more_gems","more_ores_more_gems:tanzanite_ore","tanzanite_ore","tanzanite","ore","overworld","momg-1.1.9-release-neoforge-1.21.1.jar"
"more_ores_more_gems","more_ores_more_gems:thalassium_armor_boots","thalassium_armor_boots","thalassium","refined_gem_or_component","not_applicable","momg-1.1.9-release-neoforge-1.21.1.jar"
"more_ores_more_gems","more_ores_more_gems:thalassium_armor_chestplate","thalassium_armor_chestplate","thalassium","refined_gem_or_component","not_applicable","momg-1.1.9-release-neoforge-1.21.1.jar"
"more_ores_more_gems","more_ores_more_gems:thalassium_armor_helmet","thalassium_armor_helmet","thalassium","refined_gem_or_component","not_applicable","momg-1.1.9-release-neoforge-1.21.1.jar"
"more_ores_more_gems","more_ores_more_gems:thalassium_armor_leggings","thalassium_armor_leggings","thalassium","refined_gem_or_component","not_applicable","momg-1.1.9-release-neoforge-1.21.1.jar"
"more_ores_more_gems","more_ores_more_gems:thalassium_axe","thalassium_axe","thalassium","refined_gem_or_component","not_applicable","momg-1.1.9-release-neoforge-1.21.1.jar"
"more_ores_more_gems","more_ores_more_gems:thalassium_hoe","thalassium_hoe","thalassium","refined_gem_or_component","not_applicable","momg-1.1.9-release-neoforge-1.21.1.jar"
"more_ores_more_gems","more_ores_more_gems:thalassium_ingot","thalassium_ingot","thalassium","ingot","not_applicable","momg-1.1.9-release-neoforge-1.21.1.jar"
"more_ores_more_gems","more_ores_more_gems:thalassium_ore","thalassium_ore","thalassium","ore","overworld","momg-1.1.9-release-neoforge-1.21.1.jar"
"more_ores_more_gems","more_ores_more_gems:thalassium_pickaxe","thalassium_pickaxe","thalassium","refined_gem_or_component","not_applicable","momg-1.1.9-release-neoforge-1.21.1.jar"
"more_ores_more_gems","more_ores_more_gems:thalassium_shield","thalassium_shield","thalassium","refined_gem_or_component","not_applicable","momg-1.1.9-release-neoforge-1.21.1.jar"
"more_ores_more_gems","more_ores_more_gems:thalassium_shield_0","thalassium_shield_0","thalassium","refined_gem_or_component","not_applicable","momg-1.1.9-release-neoforge-1.21.1.jar"
"more_ores_more_gems","more_ores_more_gems:thalassium_shovel","thalassium_shovel","thalassium","refined_gem_or_component","not_applicable","momg-1.1.9-release-neoforge-1.21.1.jar"
"more_ores_more_gems","more_ores_more_gems:thalassium_sword","thalassium_sword","thalassium","refined_gem_or_component","not_applicable","momg-1.1.9-release-neoforge-1.21.1.jar"
"more_ores_more_gems","more_ores_more_gems:thorium_armor_boots","thorium_armor_boots","thorium","refined_gem_or_component","not_applicable","momg-1.1.9-release-neoforge-1.21.1.jar"
"more_ores_more_gems","more_ores_more_gems:thorium_armor_chestplate","thorium_armor_chestplate","thorium","refined_gem_or_component","not_applicable","momg-1.1.9-release-neoforge-1.21.1.jar"
"more_ores_more_gems","more_ores_more_gems:thorium_armor_helmet","thorium_armor_helmet","thorium","refined_gem_or_component","not_applicable","momg-1.1.9-release-neoforge-1.21.1.jar"
"more_ores_more_gems","more_ores_more_gems:thorium_armor_leggings","thorium_armor_leggings","thorium","refined_gem_or_component","not_applicable","momg-1.1.9-release-neoforge-1.21.1.jar"
"more_ores_more_gems","more_ores_more_gems:thorium_axe","thorium_axe","thorium","refined_gem_or_component","not_applicable","momg-1.1.9-release-neoforge-1.21.1.jar"
"more_ores_more_gems","more_ores_more_gems:thorium_hoe","thorium_hoe","thorium","refined_gem_or_component","not_applicable","momg-1.1.9-release-neoforge-1.21.1.jar"
"more_ores_more_gems","more_ores_more_gems:thorium_ingot","thorium_ingot","thorium","ingot","not_applicable","momg-1.1.9-release-neoforge-1.21.1.jar"
"more_ores_more_gems","more_ores_more_gems:thorium_nugget","thorium_nugget","thorium","nugget","not_applicable","momg-1.1.9-release-neoforge-1.21.1.jar"
"more_ores_more_gems","more_ores_more_gems:thorium_ore","thorium_ore","thorium","ore","overworld","momg-1.1.9-release-neoforge-1.21.1.jar"
"more_ores_more_gems","more_ores_more_gems:thorium_pickaxe","thorium_pickaxe","thorium","refined_gem_or_component","not_applicable","momg-1.1.9-release-neoforge-1.21.1.jar"
"more_ores_more_gems","more_ores_more_gems:thorium_shovel","thorium_shovel","thorium","refined_gem_or_component","not_applicable","momg-1.1.9-release-neoforge-1.21.1.jar"
"more_ores_more_gems","more_ores_more_gems:thorium_sword","thorium_sword","thorium","refined_gem_or_component","not_applicable","momg-1.1.9-release-neoforge-1.21.1.jar"
"more_ores_more_gems","more_ores_more_gems:tin_armor_boots","tin_armor_boots","tin","refined_gem_or_component","not_applicable","momg-1.1.9-release-neoforge-1.21.1.jar"
"more_ores_more_gems","more_ores_more_gems:tin_armor_chestplate","tin_armor_chestplate","tin","refined_gem_or_component","not_applicable","momg-1.1.9-release-neoforge-1.21.1.jar"
"more_ores_more_gems","more_ores_more_gems:tin_armor_helmet","tin_armor_helmet","tin","refined_gem_or_component","not_applicable","momg-1.1.9-release-neoforge-1.21.1.jar"
"more_ores_more_gems","more_ores_more_gems:tin_armor_leggings","tin_armor_leggings","tin","refined_gem_or_component","not_applicable","momg-1.1.9-release-neoforge-1.21.1.jar"
"more_ores_more_gems","more_ores_more_gems:tin_axe","tin_axe","tin","refined_gem_or_component","not_applicable","momg-1.1.9-release-neoforge-1.21.1.jar"
"more_ores_more_gems","more_ores_more_gems:tin_hoe","tin_hoe","tin","refined_gem_or_component","not_applicable","momg-1.1.9-release-neoforge-1.21.1.jar"
"more_ores_more_gems","more_ores_more_gems:tin_ingot","tin_ingot","tin","ingot","not_applicable","momg-1.1.9-release-neoforge-1.21.1.jar"
"more_ores_more_gems","more_ores_more_gems:tin_ore","tin_ore","tin","ore","overworld","momg-1.1.9-release-neoforge-1.21.1.jar"
"more_ores_more_gems","more_ores_more_gems:tin_pickaxe","tin_pickaxe","tin","refined_gem_or_component","not_applicable","momg-1.1.9-release-neoforge-1.21.1.jar"
"more_ores_more_gems","more_ores_more_gems:tin_shovel","tin_shovel","tin","refined_gem_or_component","not_applicable","momg-1.1.9-release-neoforge-1.21.1.jar"
"more_ores_more_gems","more_ores_more_gems:tin_sword","tin_sword","tin","refined_gem_or_component","not_applicable","momg-1.1.9-release-neoforge-1.21.1.jar"
"more_ores_more_gems","more_ores_more_gems:titanium_armor_boots","titanium_armor_boots","titanium","refined_gem_or_component","not_applicable","momg-1.1.9-release-neoforge-1.21.1.jar"
"more_ores_more_gems","more_ores_more_gems:titanium_armor_chestplate","titanium_armor_chestplate","titanium","refined_gem_or_component","not_applicable","momg-1.1.9-release-neoforge-1.21.1.jar"
"more_ores_more_gems","more_ores_more_gems:titanium_armor_helmet","titanium_armor_helmet","titanium","refined_gem_or_component","not_applicable","momg-1.1.9-release-neoforge-1.21.1.jar"
"more_ores_more_gems","more_ores_more_gems:titanium_armor_leggings","titanium_armor_leggings","titanium","refined_gem_or_component","not_applicable","momg-1.1.9-release-neoforge-1.21.1.jar"
"more_ores_more_gems","more_ores_more_gems:titanium_axe","titanium_axe","titanium","refined_gem_or_component","not_applicable","momg-1.1.9-release-neoforge-1.21.1.jar"
"more_ores_more_gems","more_ores_more_gems:titanium_hoe","titanium_hoe","titanium","refined_gem_or_component","not_applicable","momg-1.1.9-release-neoforge-1.21.1.jar"
"more_ores_more_gems","more_ores_more_gems:titanium_ingot","titanium_ingot","titanium","ingot","not_applicable","momg-1.1.9-release-neoforge-1.21.1.jar"
"more_ores_more_gems","more_ores_more_gems:titanium_nugget","titanium_nugget","titanium","nugget","not_applicable","momg-1.1.9-release-neoforge-1.21.1.jar"
"more_ores_more_gems","more_ores_more_gems:titanium_ore","titanium_ore","titanium","ore","overworld","momg-1.1.9-release-neoforge-1.21.1.jar"
"more_ores_more_gems","more_ores_more_gems:titanium_pickaxe","titanium_pickaxe","titanium","refined_gem_or_component","not_applicable","momg-1.1.9-release-neoforge-1.21.1.jar"
"more_ores_more_gems","more_ores_more_gems:titanium_quartz","titanium_quartz","titanium_quartz","refined_gem_or_component","not_applicable","momg-1.1.9-release-neoforge-1.21.1.jar"
"more_ores_more_gems","more_ores_more_gems:titanium_quartz_2_armor_boots","titanium_quartz_2_armor_boots","titanium_quartz_2","refined_gem_or_component","not_applicable","momg-1.1.9-release-neoforge-1.21.1.jar"
"more_ores_more_gems","more_ores_more_gems:titanium_quartz_2_armor_chestplate","titanium_quartz_2_armor_chestplate","titanium_quartz_2","refined_gem_or_component","not_applicable","momg-1.1.9-release-neoforge-1.21.1.jar"
"more_ores_more_gems","more_ores_more_gems:titanium_quartz_2_armor_helmet","titanium_quartz_2_armor_helmet","titanium_quartz_2","refined_gem_or_component","not_applicable","momg-1.1.9-release-neoforge-1.21.1.jar"
"more_ores_more_gems","more_ores_more_gems:titanium_quartz_2_armor_leggings","titanium_quartz_2_armor_leggings","titanium_quartz_2","refined_gem_or_component","not_applicable","momg-1.1.9-release-neoforge-1.21.1.jar"
"more_ores_more_gems","more_ores_more_gems:titanium_quartz_6_axe","titanium_quartz_6_axe","titanium_quartz_6","refined_gem_or_component","not_applicable","momg-1.1.9-release-neoforge-1.21.1.jar"
"more_ores_more_gems","more_ores_more_gems:titanium_quartz_6_hoe","titanium_quartz_6_hoe","titanium_quartz_6","refined_gem_or_component","not_applicable","momg-1.1.9-release-neoforge-1.21.1.jar"
"more_ores_more_gems","more_ores_more_gems:titanium_quartz_6_pickaxe","titanium_quartz_6_pickaxe","titanium_quartz_6","refined_gem_or_component","not_applicable","momg-1.1.9-release-neoforge-1.21.1.jar"
"more_ores_more_gems","more_ores_more_gems:titanium_quartz_6_shovel","titanium_quartz_6_shovel","titanium_quartz_6","refined_gem_or_component","not_applicable","momg-1.1.9-release-neoforge-1.21.1.jar"
"more_ores_more_gems","more_ores_more_gems:titanium_quartz_6_sword","titanium_quartz_6_sword","titanium_quartz_6","refined_gem_or_component","not_applicable","momg-1.1.9-release-neoforge-1.21.1.jar"
"more_ores_more_gems","more_ores_more_gems:titanium_quartz_nugget","titanium_quartz_nugget","titanium_quartz","nugget","not_applicable","momg-1.1.9-release-neoforge-1.21.1.jar"
"more_ores_more_gems","more_ores_more_gems:titanium_quartz_ore","titanium_quartz_ore","titanium_quartz","ore","overworld","momg-1.1.9-release-neoforge-1.21.1.jar"
"more_ores_more_gems","more_ores_more_gems:titanium_shield","titanium_shield","titanium","refined_gem_or_component","not_applicable","momg-1.1.9-release-neoforge-1.21.1.jar"
"more_ores_more_gems","more_ores_more_gems:titanium_shield_0","titanium_shield_0","titanium","refined_gem_or_component","not_applicable","momg-1.1.9-release-neoforge-1.21.1.jar"
"more_ores_more_gems","more_ores_more_gems:titanium_shovel","titanium_shovel","titanium","refined_gem_or_component","not_applicable","momg-1.1.9-release-neoforge-1.21.1.jar"
"more_ores_more_gems","more_ores_more_gems:titanium_stick","titanium_stick","titanium_stick","refined_gem_or_component","not_applicable","momg-1.1.9-release-neoforge-1.21.1.jar"
"more_ores_more_gems","more_ores_more_gems:titanium_sword","titanium_sword","titanium","refined_gem_or_component","not_applicable","momg-1.1.9-release-neoforge-1.21.1.jar"
"more_ores_more_gems","more_ores_more_gems:topaz","topaz","topaz","refined_gem_or_component","not_applicable","momg-1.1.9-release-neoforge-1.21.1.jar"
"more_ores_more_gems","more_ores_more_gems:topaz_5_armor_boots","topaz_5_armor_boots","topaz_5","refined_gem_or_component","not_applicable","momg-1.1.9-release-neoforge-1.21.1.jar"
"more_ores_more_gems","more_ores_more_gems:topaz_5_armor_chestplate","topaz_5_armor_chestplate","topaz_5","refined_gem_or_component","not_applicable","momg-1.1.9-release-neoforge-1.21.1.jar"
"more_ores_more_gems","more_ores_more_gems:topaz_5_armor_helmet","topaz_5_armor_helmet","topaz_5","refined_gem_or_component","not_applicable","momg-1.1.9-release-neoforge-1.21.1.jar"
"more_ores_more_gems","more_ores_more_gems:topaz_5_armor_leggings","topaz_5_armor_leggings","topaz_5","refined_gem_or_component","not_applicable","momg-1.1.9-release-neoforge-1.21.1.jar"
"more_ores_more_gems","more_ores_more_gems:topaz_ore","topaz_ore","topaz","ore","overworld","momg-1.1.9-release-neoforge-1.21.1.jar"
"more_ores_more_gems","more_ores_more_gems:topazo_axe","topazo_axe","topazo","refined_gem_or_component","not_applicable","momg-1.1.9-release-neoforge-1.21.1.jar"
"more_ores_more_gems","more_ores_more_gems:topazo_hoe","topazo_hoe","topazo","refined_gem_or_component","not_applicable","momg-1.1.9-release-neoforge-1.21.1.jar"
"more_ores_more_gems","more_ores_more_gems:topazo_pickaxe","topazo_pickaxe","topazo","refined_gem_or_component","not_applicable","momg-1.1.9-release-neoforge-1.21.1.jar"
"more_ores_more_gems","more_ores_more_gems:topazo_shovel","topazo_shovel","topazo","refined_gem_or_component","not_applicable","momg-1.1.9-release-neoforge-1.21.1.jar"
"more_ores_more_gems","more_ores_more_gems:topazo_sword","topazo_sword","topazo","refined_gem_or_component","not_applicable","momg-1.1.9-release-neoforge-1.21.1.jar"
"more_ores_more_gems","more_ores_more_gems:tungsten","tungsten","tungsten","refined_gem_or_component","not_applicable","momg-1.1.9-release-neoforge-1.21.1.jar"
"more_ores_more_gems","more_ores_more_gems:tungsten_metal_armor_boots","tungsten_metal_armor_boots","tungsten","refined_gem_or_component","not_applicable","momg-1.1.9-release-neoforge-1.21.1.jar"
"more_ores_more_gems","more_ores_more_gems:tungsten_metal_armor_chestplate","tungsten_metal_armor_chestplate","tungsten","refined_gem_or_component","not_applicable","momg-1.1.9-release-neoforge-1.21.1.jar"
"more_ores_more_gems","more_ores_more_gems:tungsten_metal_armor_helmet","tungsten_metal_armor_helmet","tungsten","refined_gem_or_component","not_applicable","momg-1.1.9-release-neoforge-1.21.1.jar"
"more_ores_more_gems","more_ores_more_gems:tungsten_metal_armor_leggings","tungsten_metal_armor_leggings","tungsten","refined_gem_or_component","not_applicable","momg-1.1.9-release-neoforge-1.21.1.jar"
"more_ores_more_gems","more_ores_more_gems:tungsten_metal_axe","tungsten_metal_axe","tungsten","refined_gem_or_component","not_applicable","momg-1.1.9-release-neoforge-1.21.1.jar"
"more_ores_more_gems","more_ores_more_gems:tungsten_metal_hoe","tungsten_metal_hoe","tungsten","refined_gem_or_component","not_applicable","momg-1.1.9-release-neoforge-1.21.1.jar"
"more_ores_more_gems","more_ores_more_gems:tungsten_metal_pickaxe","tungsten_metal_pickaxe","tungsten","refined_gem_or_component","not_applicable","momg-1.1.9-release-neoforge-1.21.1.jar"
"more_ores_more_gems","more_ores_more_gems:tungsten_metal_shovel","tungsten_metal_shovel","tungsten","refined_gem_or_component","not_applicable","momg-1.1.9-release-neoforge-1.21.1.jar"
"more_ores_more_gems","more_ores_more_gems:tungsten_metal_sword","tungsten_metal_sword","tungsten","refined_gem_or_component","not_applicable","momg-1.1.9-release-neoforge-1.21.1.jar"
"more_ores_more_gems","more_ores_more_gems:tungsten_nugget","tungsten_nugget","tungsten","nugget","not_applicable","momg-1.1.9-release-neoforge-1.21.1.jar"
"more_ores_more_gems","more_ores_more_gems:tungsten_ore","tungsten_ore","tungsten","ore","overworld","momg-1.1.9-release-neoforge-1.21.1.jar"
"more_ores_more_gems","more_ores_more_gems:tungsten_shield","tungsten_shield","tungsten","refined_gem_or_component","not_applicable","momg-1.1.9-release-neoforge-1.21.1.jar"
"more_ores_more_gems","more_ores_more_gems:tungsten_shield_0","tungsten_shield_0","tungsten","refined_gem_or_component","not_applicable","momg-1.1.9-release-neoforge-1.21.1.jar"
"more_ores_more_gems","more_ores_more_gems:uraninite_block","uraninite_block","uraninite_block","storage_or_special_block","not_applicable","momg-1.1.9-release-neoforge-1.21.1.jar"
"more_ores_more_gems","more_ores_more_gems:uraninite_brick","uraninite_brick","uraninite_brick","refined_gem_or_component","not_applicable","momg-1.1.9-release-neoforge-1.21.1.jar"
"more_ores_more_gems","more_ores_more_gems:uraninite_brick_slab","uraninite_brick_slab","uraninite_brick_slab","refined_gem_or_component","not_applicable","momg-1.1.9-release-neoforge-1.21.1.jar"
"more_ores_more_gems","more_ores_more_gems:uraninite_brick_stairs","uraninite_brick_stairs","uraninite_brick_stairs","refined_gem_or_component","not_applicable","momg-1.1.9-release-neoforge-1.21.1.jar"
"more_ores_more_gems","more_ores_more_gems:uraninite_brick_wall","uraninite_brick_wall","uraninite_brick_wall","refined_gem_or_component","not_applicable","momg-1.1.9-release-neoforge-1.21.1.jar"
"more_ores_more_gems","more_ores_more_gems:uraninite_button","uraninite_button","uraninite_button","refined_gem_or_component","not_applicable","momg-1.1.9-release-neoforge-1.21.1.jar"
"more_ores_more_gems","more_ores_more_gems:uraninite_pressure_plate","uraninite_pressure_plate","uraninite_pressure_plate","refined_gem_or_component","not_applicable","momg-1.1.9-release-neoforge-1.21.1.jar"
"more_ores_more_gems","more_ores_more_gems:uraninite_slab","uraninite_slab","uraninite_slab","refined_gem_or_component","not_applicable","momg-1.1.9-release-neoforge-1.21.1.jar"
"more_ores_more_gems","more_ores_more_gems:uraninite_stairs","uraninite_stairs","uraninite_stairs","refined_gem_or_component","not_applicable","momg-1.1.9-release-neoforge-1.21.1.jar"
"more_ores_more_gems","more_ores_more_gems:uraninite_stone","uraninite_stone","uraninite_stone","refined_gem_or_component","not_applicable","momg-1.1.9-release-neoforge-1.21.1.jar"
"more_ores_more_gems","more_ores_more_gems:uraninite_wall","uraninite_wall","uraninite_wall","refined_gem_or_component","not_applicable","momg-1.1.9-release-neoforge-1.21.1.jar"
"more_ores_more_gems","more_ores_more_gems:uranium_234_armor_boots","uranium_234_armor_boots","uranium_234","refined_gem_or_component","not_applicable","momg-1.1.9-release-neoforge-1.21.1.jar"
"more_ores_more_gems","more_ores_more_gems:uranium_234_armor_chestplate","uranium_234_armor_chestplate","uranium_234","refined_gem_or_component","not_applicable","momg-1.1.9-release-neoforge-1.21.1.jar"
"more_ores_more_gems","more_ores_more_gems:uranium_234_armor_helmet","uranium_234_armor_helmet","uranium_234","refined_gem_or_component","not_applicable","momg-1.1.9-release-neoforge-1.21.1.jar"
"more_ores_more_gems","more_ores_more_gems:uranium_234_armor_leggings","uranium_234_armor_leggings","uranium_234","refined_gem_or_component","not_applicable","momg-1.1.9-release-neoforge-1.21.1.jar"
"more_ores_more_gems","more_ores_more_gems:uranium_234_axe","uranium_234_axe","uranium_234","refined_gem_or_component","not_applicable","momg-1.1.9-release-neoforge-1.21.1.jar"
"more_ores_more_gems","more_ores_more_gems:uranium_234_hoe","uranium_234_hoe","uranium_234","refined_gem_or_component","not_applicable","momg-1.1.9-release-neoforge-1.21.1.jar"
"more_ores_more_gems","more_ores_more_gems:uranium_234_ingot","uranium_234_ingot","uranium_234","ingot","not_applicable","momg-1.1.9-release-neoforge-1.21.1.jar"
"more_ores_more_gems","more_ores_more_gems:uranium_234_nugget","uranium_234_nugget","uranium_234","nugget","not_applicable","momg-1.1.9-release-neoforge-1.21.1.jar"
"more_ores_more_gems","more_ores_more_gems:uranium_234_pickaxe","uranium_234_pickaxe","uranium_234","refined_gem_or_component","not_applicable","momg-1.1.9-release-neoforge-1.21.1.jar"
"more_ores_more_gems","more_ores_more_gems:uranium_234_shovel","uranium_234_shovel","uranium_234","refined_gem_or_component","not_applicable","momg-1.1.9-release-neoforge-1.21.1.jar"
"more_ores_more_gems","more_ores_more_gems:uranium_234_sword","uranium_234_sword","uranium_234","refined_gem_or_component","not_applicable","momg-1.1.9-release-neoforge-1.21.1.jar"
"more_ores_more_gems","more_ores_more_gems:uranium_238_armor_boots","uranium_238_armor_boots","uranium_238","refined_gem_or_component","not_applicable","momg-1.1.9-release-neoforge-1.21.1.jar"
"more_ores_more_gems","more_ores_more_gems:uranium_238_armor_chestplate","uranium_238_armor_chestplate","uranium_238","refined_gem_or_component","not_applicable","momg-1.1.9-release-neoforge-1.21.1.jar"
"more_ores_more_gems","more_ores_more_gems:uranium_238_armor_helmet","uranium_238_armor_helmet","uranium_238","refined_gem_or_component","not_applicable","momg-1.1.9-release-neoforge-1.21.1.jar"
"more_ores_more_gems","more_ores_more_gems:uranium_238_armor_leggings","uranium_238_armor_leggings","uranium_238","refined_gem_or_component","not_applicable","momg-1.1.9-release-neoforge-1.21.1.jar"
"more_ores_more_gems","more_ores_more_gems:uranium_238_axe","uranium_238_axe","uranium_238","refined_gem_or_component","not_applicable","momg-1.1.9-release-neoforge-1.21.1.jar"
"more_ores_more_gems","more_ores_more_gems:uranium_238_hoe","uranium_238_hoe","uranium_238","refined_gem_or_component","not_applicable","momg-1.1.9-release-neoforge-1.21.1.jar"
"more_ores_more_gems","more_ores_more_gems:uranium_238_ingot","uranium_238_ingot","uranium_238","ingot","not_applicable","momg-1.1.9-release-neoforge-1.21.1.jar"
"more_ores_more_gems","more_ores_more_gems:uranium_238_nugget","uranium_238_nugget","uranium_238","nugget","not_applicable","momg-1.1.9-release-neoforge-1.21.1.jar"
"more_ores_more_gems","more_ores_more_gems:uranium_238_pickaxe","uranium_238_pickaxe","uranium_238","refined_gem_or_component","not_applicable","momg-1.1.9-release-neoforge-1.21.1.jar"
"more_ores_more_gems","more_ores_more_gems:uranium_238_shovel","uranium_238_shovel","uranium_238","refined_gem_or_component","not_applicable","momg-1.1.9-release-neoforge-1.21.1.jar"
"more_ores_more_gems","more_ores_more_gems:uranium_238_sword","uranium_238_sword","uranium_238","refined_gem_or_component","not_applicable","momg-1.1.9-release-neoforge-1.21.1.jar"
"more_ores_more_gems","more_ores_more_gems:uranium_armor_boots","uranium_armor_boots","uranium","refined_gem_or_component","not_applicable","momg-1.1.9-release-neoforge-1.21.1.jar"
"more_ores_more_gems","more_ores_more_gems:uranium_armor_chestplate","uranium_armor_chestplate","uranium","refined_gem_or_component","not_applicable","momg-1.1.9-release-neoforge-1.21.1.jar"
"more_ores_more_gems","more_ores_more_gems:uranium_armor_helmet","uranium_armor_helmet","uranium","refined_gem_or_component","not_applicable","momg-1.1.9-release-neoforge-1.21.1.jar"
"more_ores_more_gems","more_ores_more_gems:uranium_armor_leggings","uranium_armor_leggings","uranium","refined_gem_or_component","not_applicable","momg-1.1.9-release-neoforge-1.21.1.jar"
"more_ores_more_gems","more_ores_more_gems:uranium_axe","uranium_axe","uranium","refined_gem_or_component","not_applicable","momg-1.1.9-release-neoforge-1.21.1.jar"
"more_ores_more_gems","more_ores_more_gems:uranium_dust","uranium_dust","uranium_dust","refined_gem_or_component","not_applicable","momg-1.1.9-release-neoforge-1.21.1.jar"
"more_ores_more_gems","more_ores_more_gems:uranium_hoe","uranium_hoe","uranium","refined_gem_or_component","not_applicable","momg-1.1.9-release-neoforge-1.21.1.jar"
"more_ores_more_gems","more_ores_more_gems:uranium_ingot","uranium_ingot","uranium","ingot","not_applicable","momg-1.1.9-release-neoforge-1.21.1.jar"
"more_ores_more_gems","more_ores_more_gems:uranium_nugget","uranium_nugget","uranium","nugget","not_applicable","momg-1.1.9-release-neoforge-1.21.1.jar"
"more_ores_more_gems","more_ores_more_gems:uranium_ore","uranium_ore","uranium","ore","overworld","momg-1.1.9-release-neoforge-1.21.1.jar"
"more_ores_more_gems","more_ores_more_gems:uranium_pickaxe","uranium_pickaxe","uranium","refined_gem_or_component","not_applicable","momg-1.1.9-release-neoforge-1.21.1.jar"
"more_ores_more_gems","more_ores_more_gems:uranium_radioactive_tnt","uranium_radioactive_tnt","uranium_radioactive_tnt","refined_gem_or_component","not_applicable","momg-1.1.9-release-neoforge-1.21.1.jar"
"more_ores_more_gems","more_ores_more_gems:uranium_shovel","uranium_shovel","uranium","refined_gem_or_component","not_applicable","momg-1.1.9-release-neoforge-1.21.1.jar"
"more_ores_more_gems","more_ores_more_gems:uranium_sword","uranium_sword","uranium","refined_gem_or_component","not_applicable","momg-1.1.9-release-neoforge-1.21.1.jar"
"more_ores_more_gems","more_ores_more_gems:urantherium_armor_boots","urantherium_armor_boots","urantherium","refined_gem_or_component","not_applicable","momg-1.1.9-release-neoforge-1.21.1.jar"
"more_ores_more_gems","more_ores_more_gems:urantherium_armor_chestplate","urantherium_armor_chestplate","urantherium","refined_gem_or_component","not_applicable","momg-1.1.9-release-neoforge-1.21.1.jar"
"more_ores_more_gems","more_ores_more_gems:urantherium_armor_helmet","urantherium_armor_helmet","urantherium","refined_gem_or_component","not_applicable","momg-1.1.9-release-neoforge-1.21.1.jar"
"more_ores_more_gems","more_ores_more_gems:urantherium_armor_leggings","urantherium_armor_leggings","urantherium","refined_gem_or_component","not_applicable","momg-1.1.9-release-neoforge-1.21.1.jar"
"more_ores_more_gems","more_ores_more_gems:urantherium_axe","urantherium_axe","urantherium","refined_gem_or_component","not_applicable","momg-1.1.9-release-neoforge-1.21.1.jar"
"more_ores_more_gems","more_ores_more_gems:urantherium_hoe","urantherium_hoe","urantherium","refined_gem_or_component","not_applicable","momg-1.1.9-release-neoforge-1.21.1.jar"
"more_ores_more_gems","more_ores_more_gems:urantherium_ingot","urantherium_ingot","urantherium","ingot","not_applicable","momg-1.1.9-release-neoforge-1.21.1.jar"
"more_ores_more_gems","more_ores_more_gems:urantherium_pickaxe","urantherium_pickaxe","urantherium","refined_gem_or_component","not_applicable","momg-1.1.9-release-neoforge-1.21.1.jar"
"more_ores_more_gems","more_ores_more_gems:urantherium_shovel","urantherium_shovel","urantherium","refined_gem_or_component","not_applicable","momg-1.1.9-release-neoforge-1.21.1.jar"
"more_ores_more_gems","more_ores_more_gems:urantherium_sword","urantherium_sword","urantherium","refined_gem_or_component","not_applicable","momg-1.1.9-release-neoforge-1.21.1.jar"
"more_ores_more_gems","more_ores_more_gems:ussingite","ussingite","ussingite","refined_gem_or_component","not_applicable","momg-1.1.9-release-neoforge-1.21.1.jar"
"more_ores_more_gems","more_ores_more_gems:ussingite_ore","ussingite_ore","ussingite","ore","overworld","momg-1.1.9-release-neoforge-1.21.1.jar"
"more_ores_more_gems","more_ores_more_gems:volcagmium","volcagmium","volcagmium","refined_gem_or_component","not_applicable","momg-1.1.9-release-neoforge-1.21.1.jar"
"more_ores_more_gems","more_ores_more_gems:volcagmium_2_armor_boots","volcagmium_2_armor_boots","volcagmium_2","refined_gem_or_component","not_applicable","momg-1.1.9-release-neoforge-1.21.1.jar"
"more_ores_more_gems","more_ores_more_gems:volcagmium_2_armor_chestplate","volcagmium_2_armor_chestplate","volcagmium_2","refined_gem_or_component","not_applicable","momg-1.1.9-release-neoforge-1.21.1.jar"
"more_ores_more_gems","more_ores_more_gems:volcagmium_2_armor_helmet","volcagmium_2_armor_helmet","volcagmium_2","refined_gem_or_component","not_applicable","momg-1.1.9-release-neoforge-1.21.1.jar"
"more_ores_more_gems","more_ores_more_gems:volcagmium_2_armor_leggings","volcagmium_2_armor_leggings","volcagmium_2","refined_gem_or_component","not_applicable","momg-1.1.9-release-neoforge-1.21.1.jar"
"more_ores_more_gems","more_ores_more_gems:volcagmium_ore","volcagmium_ore","volcagmium","ore","overworld","momg-1.1.9-release-neoforge-1.21.1.jar"
"more_ores_more_gems","more_ores_more_gems:volcagmium_zz_axe","volcagmium_zz_axe","volcagmium_zz","refined_gem_or_component","not_applicable","momg-1.1.9-release-neoforge-1.21.1.jar"
"more_ores_more_gems","more_ores_more_gems:volcagmium_zz_hoe","volcagmium_zz_hoe","volcagmium_zz","refined_gem_or_component","not_applicable","momg-1.1.9-release-neoforge-1.21.1.jar"
"more_ores_more_gems","more_ores_more_gems:volcagmium_zz_pickaxe","volcagmium_zz_pickaxe","volcagmium_zz","refined_gem_or_component","not_applicable","momg-1.1.9-release-neoforge-1.21.1.jar"
"more_ores_more_gems","more_ores_more_gems:volcagmium_zz_shovel","volcagmium_zz_shovel","volcagmium_zz","refined_gem_or_component","not_applicable","momg-1.1.9-release-neoforge-1.21.1.jar"
"more_ores_more_gems","more_ores_more_gems:volcagmium_zz_sword","volcagmium_zz_sword","volcagmium_zz","refined_gem_or_component","not_applicable","momg-1.1.9-release-neoforge-1.21.1.jar"
"more_ores_more_gems","more_ores_more_gems:white_armor_boots","white_armor_boots","white","refined_gem_or_component","not_applicable","momg-1.1.9-release-neoforge-1.21.1.jar"
"more_ores_more_gems","more_ores_more_gems:white_armor_chestplate","white_armor_chestplate","white","refined_gem_or_component","not_applicable","momg-1.1.9-release-neoforge-1.21.1.jar"
"more_ores_more_gems","more_ores_more_gems:white_armor_helmet","white_armor_helmet","white","refined_gem_or_component","not_applicable","momg-1.1.9-release-neoforge-1.21.1.jar"
"more_ores_more_gems","more_ores_more_gems:white_armor_leggings","white_armor_leggings","white","refined_gem_or_component","not_applicable","momg-1.1.9-release-neoforge-1.21.1.jar"
"more_ores_more_gems","more_ores_more_gems:white_axe","white_axe","white","refined_gem_or_component","not_applicable","momg-1.1.9-release-neoforge-1.21.1.jar"
"more_ores_more_gems","more_ores_more_gems:white_crystal","white_crystal","white_crystal","refined_gem_or_component","not_applicable","momg-1.1.9-release-neoforge-1.21.1.jar"
"more_ores_more_gems","more_ores_more_gems:white_crystal_ore","white_crystal_ore","white_crystal","ore","overworld","momg-1.1.9-release-neoforge-1.21.1.jar"
"more_ores_more_gems","more_ores_more_gems:white_fluorite_armor_boots","white_fluorite_armor_boots","white_fluorite","refined_gem_or_component","not_applicable","momg-1.1.9-release-neoforge-1.21.1.jar"
"more_ores_more_gems","more_ores_more_gems:white_fluorite_armor_chestplate","white_fluorite_armor_chestplate","white_fluorite","refined_gem_or_component","not_applicable","momg-1.1.9-release-neoforge-1.21.1.jar"
"more_ores_more_gems","more_ores_more_gems:white_fluorite_armor_helmet","white_fluorite_armor_helmet","white_fluorite","refined_gem_or_component","not_applicable","momg-1.1.9-release-neoforge-1.21.1.jar"
"more_ores_more_gems","more_ores_more_gems:white_fluorite_armor_leggings","white_fluorite_armor_leggings","white_fluorite","refined_gem_or_component","not_applicable","momg-1.1.9-release-neoforge-1.21.1.jar"
"more_ores_more_gems","more_ores_more_gems:white_fluorite_axe","white_fluorite_axe","white_fluorite","refined_gem_or_component","not_applicable","momg-1.1.9-release-neoforge-1.21.1.jar"
"more_ores_more_gems","more_ores_more_gems:white_fluorite_hoe","white_fluorite_hoe","white_fluorite","refined_gem_or_component","not_applicable","momg-1.1.9-release-neoforge-1.21.1.jar"
"more_ores_more_gems","more_ores_more_gems:white_fluorite_pickaxe","white_fluorite_pickaxe","white_fluorite","refined_gem_or_component","not_applicable","momg-1.1.9-release-neoforge-1.21.1.jar"
"more_ores_more_gems","more_ores_more_gems:white_fluorite_shovel","white_fluorite_shovel","white_fluorite","refined_gem_or_component","not_applicable","momg-1.1.9-release-neoforge-1.21.1.jar"
"more_ores_more_gems","more_ores_more_gems:white_fluorite_sword","white_fluorite_sword","white_fluorite","refined_gem_or_component","not_applicable","momg-1.1.9-release-neoforge-1.21.1.jar"
"more_ores_more_gems","more_ores_more_gems:white_hoe","white_hoe","white","refined_gem_or_component","not_applicable","momg-1.1.9-release-neoforge-1.21.1.jar"
"more_ores_more_gems","more_ores_more_gems:white_opal","white_opal","white_opal","refined_gem_or_component","not_applicable","momg-1.1.9-release-neoforge-1.21.1.jar"
"more_ores_more_gems","more_ores_more_gems:white_opal_gem_armor_boots","white_opal_gem_armor_boots","white_opal","refined_gem_or_component","not_applicable","momg-1.1.9-release-neoforge-1.21.1.jar"
"more_ores_more_gems","more_ores_more_gems:white_opal_gem_armor_chestplate","white_opal_gem_armor_chestplate","white_opal","refined_gem_or_component","not_applicable","momg-1.1.9-release-neoforge-1.21.1.jar"
"more_ores_more_gems","more_ores_more_gems:white_opal_gem_armor_helmet","white_opal_gem_armor_helmet","white_opal","refined_gem_or_component","not_applicable","momg-1.1.9-release-neoforge-1.21.1.jar"
"more_ores_more_gems","more_ores_more_gems:white_opal_gem_armor_leggings","white_opal_gem_armor_leggings","white_opal","refined_gem_or_component","not_applicable","momg-1.1.9-release-neoforge-1.21.1.jar"
"more_ores_more_gems","more_ores_more_gems:white_opal_gem_axe","white_opal_gem_axe","white_opal","refined_gem_or_component","not_applicable","momg-1.1.9-release-neoforge-1.21.1.jar"
"more_ores_more_gems","more_ores_more_gems:white_opal_gem_hoe","white_opal_gem_hoe","white_opal","refined_gem_or_component","not_applicable","momg-1.1.9-release-neoforge-1.21.1.jar"
"more_ores_more_gems","more_ores_more_gems:white_opal_gem_pickaxe","white_opal_gem_pickaxe","white_opal","refined_gem_or_component","not_applicable","momg-1.1.9-release-neoforge-1.21.1.jar"
"more_ores_more_gems","more_ores_more_gems:white_opal_gem_shovel","white_opal_gem_shovel","white_opal","refined_gem_or_component","not_applicable","momg-1.1.9-release-neoforge-1.21.1.jar"
"more_ores_more_gems","more_ores_more_gems:white_opal_gem_sword","white_opal_gem_sword","white_opal","refined_gem_or_component","not_applicable","momg-1.1.9-release-neoforge-1.21.1.jar"
"more_ores_more_gems","more_ores_more_gems:white_opal_ore","white_opal_ore","white_opal","ore","overworld","momg-1.1.9-release-neoforge-1.21.1.jar"
"more_ores_more_gems","more_ores_more_gems:white_pickaxe","white_pickaxe","white","refined_gem_or_component","not_applicable","momg-1.1.9-release-neoforge-1.21.1.jar"
"more_ores_more_gems","more_ores_more_gems:white_shovel","white_shovel","white","refined_gem_or_component","not_applicable","momg-1.1.9-release-neoforge-1.21.1.jar"
"more_ores_more_gems","more_ores_more_gems:white_sword","white_sword","white","refined_gem_or_component","not_applicable","momg-1.1.9-release-neoforge-1.21.1.jar"
