"tag","member","jar","resource"
"ae2:has_meteorites","#minecraft:is_overworld","appliedenergistics2-19.2.17.jar","data/ae2/tags/worldgen/biome/has_meteorites.json"
"ae2lt:has_alien_starship","#minecraft:is_overworld","ae2lt-2.0.8.jar","data/ae2lt/tags/worldgen/biome/has_alien_starship.json"
"ae2lt:has_firmament_starship","minecraft:end_barrens","ae2lt-2.0.8.jar","data/ae2lt/tags/worldgen/biome/has_firmament_starship.json"
"ae2lt:has_firmament_starship","minecraft:end_highlands","ae2lt-2.0.8.jar","data/ae2lt/tags/worldgen/biome/has_firmament_starship.json"
"ae2lt:has_firmament_starship","minecraft:end_midlands","ae2lt-2.0.8.jar","data/ae2lt/tags/worldgen/biome/has_firmament_starship.json"
"ae2lt:has_firmament_starship","minecraft:small_end_islands","ae2lt-2.0.8.jar","data/ae2lt/tags/worldgen/biome/has_firmament_starship.json"
"c:is_cold","stellaris:mars_ice_spikes","stellaris-1.21-neoforge-1.4.25.jar","data/c/tags/worldgen/biome/is_cold.json"
"c:is_cold","stellaris:moon_desert","stellaris-1.21-neoforge-1.4.25.jar","data/c/tags/worldgen/biome/is_cold.json"
"c:is_dry","stellaris:infernal_venus_barrens","stellaris-1.21-neoforge-1.4.25.jar","data/c/tags/worldgen/biome/is_dry.json"
"c:is_dry","stellaris:mars_desert","stellaris-1.21-neoforge-1.4.25.jar","data/c/tags/worldgen/biome/is_dry.json"
"c:is_dry","stellaris:moon_desert","stellaris-1.21-neoforge-1.4.25.jar","data/c/tags/worldgen/biome/is_dry.json"
"c:is_dry","stellaris:venus_desert","stellaris-1.21-neoforge-1.4.25.jar","data/c/tags/worldgen/biome/is_dry.json"
"c:is_magical","quark:glimmering_weald","Quark-4.1-482.jar","data/c/tags/worldgen/biome/is_magical.json"
"c:is_mushroom","quark:glimmering_weald","Quark-4.1-482.jar","data/c/tags/worldgen/biome/is_mushroom.json"
"c:is_overworld","quark:glimmering_weald","Quark-4.1-482.jar","data/c/tags/worldgen/biome/is_overworld.json"
"c:is_rare","quark:glimmering_weald","Quark-4.1-482.jar","data/c/tags/worldgen/biome/is_rare.json"
"c:is_underground","quark:glimmering_weald","Quark-4.1-482.jar","data/c/tags/worldgen/biome/is_underground.json"
"create_structures_arise:airborne_structure_avoid_biomes","#c:cliffs","create_structures_arise-176.49.48 NeoForge 1.21.1.jar","data/create_structures_arise/tags/worldgen/biome/airborne_structure_avoid_biomes.json"
"create_structures_arise:airborne_structure_avoid_biomes","#c:hills","create_structures_arise-176.49.48 NeoForge 1.21.1.jar","data/create_structures_arise/tags/worldgen/biome/airborne_structure_avoid_biomes.json"
"create_structures_arise:airborne_structure_avoid_biomes","#c:is_cliff","create_structures_arise-176.49.48 NeoForge 1.21.1.jar","data/create_structures_arise/tags/worldgen/biome/airborne_structure_avoid_biomes.json"
"create_structures_arise:airborne_structure_avoid_biomes","#c:is_hill","create_structures_arise-176.49.48 NeoForge 1.21.1.jar","data/create_structures_arise/tags/worldgen/biome/airborne_structure_avoid_biomes.json"
"create_structures_arise:airborne_structure_avoid_biomes","#c:is_mountain","create_structures_arise-176.49.48 NeoForge 1.21.1.jar","data/create_structures_arise/tags/worldgen/biome/airborne_structure_avoid_biomes.json"
"create_structures_arise:airborne_structure_avoid_biomes","#c:is_peak","create_structures_arise-176.49.48 NeoForge 1.21.1.jar","data/create_structures_arise/tags/worldgen/biome/airborne_structure_avoid_biomes.json"
"create_structures_arise:airborne_structure_avoid_biomes","#c:mountains","create_structures_arise-176.49.48 NeoForge 1.21.1.jar","data/create_structures_arise/tags/worldgen/biome/airborne_structure_avoid_biomes.json"
"create_structures_arise:airborne_structure_avoid_biomes","#c:peaks","create_structures_arise-176.49.48 NeoForge 1.21.1.jar","data/create_structures_arise/tags/worldgen/biome/airborne_structure_avoid_biomes.json"
"create_structures_arise:airborne_structure_avoid_biomes","#minecraft:is_hill","create_structures_arise-176.49.48 NeoForge 1.21.1.jar","data/create_structures_arise/tags/worldgen/biome/airborne_structure_avoid_biomes.json"
"create_structures_arise:airborne_structure_avoid_biomes","#minecraft:is_mountain","create_structures_arise-176.49.48 NeoForge 1.21.1.jar","data/create_structures_arise/tags/worldgen/biome/airborne_structure_avoid_biomes.json"
"create_structures_arise:airborne_structure_avoid_biomes","minecraft:frozen_peaks","create_structures_arise-176.49.48 NeoForge 1.21.1.jar","data/create_structures_arise/tags/worldgen/biome/airborne_structure_avoid_biomes.json"
"create_structures_arise:airborne_structure_avoid_biomes","minecraft:grove","create_structures_arise-176.49.48 NeoForge 1.21.1.jar","data/create_structures_arise/tags/worldgen/biome/airborne_structure_avoid_biomes.json"
"create_structures_arise:airborne_structure_avoid_biomes","minecraft:jagged_peaks","create_structures_arise-176.49.48 NeoForge 1.21.1.jar","data/create_structures_arise/tags/worldgen/biome/airborne_structure_avoid_biomes.json"
"create_structures_arise:airborne_structure_avoid_biomes","minecraft:snowy_slopes","create_structures_arise-176.49.48 NeoForge 1.21.1.jar","data/create_structures_arise/tags/worldgen/biome/airborne_structure_avoid_biomes.json"
"create_structures_arise:airborne_structure_avoid_biomes","minecraft:stony_peaks","create_structures_arise-176.49.48 NeoForge 1.21.1.jar","data/create_structures_arise/tags/worldgen/biome/airborne_structure_avoid_biomes.json"
"create_structures_arise:airborne_structure_avoid_biomes","minecraft:windswept_forest","create_structures_arise-176.49.48 NeoForge 1.21.1.jar","data/create_structures_arise/tags/worldgen/biome/airborne_structure_avoid_biomes.json"
"create_structures_arise:airborne_structure_avoid_biomes","minecraft:windswept_gravelly_hills","create_structures_arise-176.49.48 NeoForge 1.21.1.jar","data/create_structures_arise/tags/worldgen/biome/airborne_structure_avoid_biomes.json"
"create_structures_arise:airborne_structure_avoid_biomes","minecraft:windswept_hills","create_structures_arise-176.49.48 NeoForge 1.21.1.jar","data/create_structures_arise/tags/worldgen/biome/airborne_structure_avoid_biomes.json"
"create_structures_arise:airborne_structure_avoid_biomes_o_plenty_biomes","#biomesoplenty:cliffs","create_structures_arise-176.49.48 NeoForge 1.21.1.jar","data/create_structures_arise/tags/worldgen/biome/airborne_structure_avoid_biomes_o_plenty_biomes.json"
"create_structures_arise:airborne_structure_avoid_biomes_o_plenty_biomes","#biomesoplenty:is_mountain","create_structures_arise-176.49.48 NeoForge 1.21.1.jar","data/create_structures_arise/tags/worldgen/biome/airborne_structure_avoid_biomes_o_plenty_biomes.json"
"create_structures_arise:airborne_structure_avoid_biomes_o_plenty_biomes","#biomesoplenty:mountains","create_structures_arise-176.49.48 NeoForge 1.21.1.jar","data/create_structures_arise/tags/worldgen/biome/airborne_structure_avoid_biomes_o_plenty_biomes.json"
"create_structures_arise:airborne_structure_avoid_biomes_o_plenty_biomes","biomesoplenty:crag","create_structures_arise-176.49.48 NeoForge 1.21.1.jar","data/create_structures_arise/tags/worldgen/biome/airborne_structure_avoid_biomes_o_plenty_biomes.json"
"create_structures_arise:airborne_structure_avoid_biomes_o_plenty_biomes","biomesoplenty:highland","create_structures_arise-176.49.48 NeoForge 1.21.1.jar","data/create_structures_arise/tags/worldgen/biome/airborne_structure_avoid_biomes_o_plenty_biomes.json"
"create_structures_arise:airborne_structure_avoid_biomes_o_plenty_biomes","biomesoplenty:hot_springs","create_structures_arise-176.49.48 NeoForge 1.21.1.jar","data/create_structures_arise/tags/worldgen/biome/airborne_structure_avoid_biomes_o_plenty_biomes.json"
"create_structures_arise:airborne_structure_avoid_biomes_o_plenty_biomes","biomesoplenty:jade_cliffs","create_structures_arise-176.49.48 NeoForge 1.21.1.jar","data/create_structures_arise/tags/worldgen/biome/airborne_structure_avoid_biomes_o_plenty_biomes.json"
"create_structures_arise:airborne_structure_avoid_biomes_o_plenty_biomes","biomesoplenty:mountain","create_structures_arise-176.49.48 NeoForge 1.21.1.jar","data/create_structures_arise/tags/worldgen/biome/airborne_structure_avoid_biomes_o_plenty_biomes.json"
"create_structures_arise:airborne_structure_avoid_biomes_o_plenty_biomes","biomesoplenty:mountain_foothills","create_structures_arise-176.49.48 NeoForge 1.21.1.jar","data/create_structures_arise/tags/worldgen/biome/airborne_structure_avoid_biomes_o_plenty_biomes.json"
"create_structures_arise:airborne_structure_avoid_biomes_o_plenty_biomes","biomesoplenty:volcano","create_structures_arise-176.49.48 NeoForge 1.21.1.jar","data/create_structures_arise/tags/worldgen/biome/airborne_structure_avoid_biomes_o_plenty_biomes.json"
"create_structures_arise:airborne_structure_avoid_tectonic_biomes","#tectonic:cliffs","create_structures_arise-176.49.48 NeoForge 1.21.1.jar","data/create_structures_arise/tags/worldgen/biome/airborne_structure_avoid_tectonic_biomes.json"
"create_structures_arise:airborne_structure_avoid_tectonic_biomes","#tectonic:extreme_terrain","create_structures_arise-176.49.48 NeoForge 1.21.1.jar","data/create_structures_arise/tags/worldgen/biome/airborne_structure_avoid_tectonic_biomes.json"
"create_structures_arise:airborne_structure_avoid_tectonic_biomes","#tectonic:hills","create_structures_arise-176.49.48 NeoForge 1.21.1.jar","data/create_structures_arise/tags/worldgen/biome/airborne_structure_avoid_tectonic_biomes.json"
"create_structures_arise:airborne_structure_avoid_tectonic_biomes","#tectonic:mountain_biomes","create_structures_arise-176.49.48 NeoForge 1.21.1.jar","data/create_structures_arise/tags/worldgen/biome/airborne_structure_avoid_tectonic_biomes.json"
"create_structures_arise:airborne_structure_avoid_tectonic_biomes","#tectonic:mountains","create_structures_arise-176.49.48 NeoForge 1.21.1.jar","data/create_structures_arise/tags/worldgen/biome/airborne_structure_avoid_tectonic_biomes.json"
"create_structures_arise:airborne_structure_avoid_tectonic_biomes","#tectonic:peaks","create_structures_arise-176.49.48 NeoForge 1.21.1.jar","data/create_structures_arise/tags/worldgen/biome/airborne_structure_avoid_tectonic_biomes.json"
"create_structures_arise:airborne_structure_avoid_tectonic_biomes","#tectonic:skylands","create_structures_arise-176.49.48 NeoForge 1.21.1.jar","data/create_structures_arise/tags/worldgen/biome/airborne_structure_avoid_tectonic_biomes.json"
"create_structures_arise:airborne_structure_avoid_terralith_biomes","#terralith:cliffs","create_structures_arise-176.49.48 NeoForge 1.21.1.jar","data/create_structures_arise/tags/worldgen/biome/airborne_structure_avoid_terralith_biomes.json"
"create_structures_arise:airborne_structure_avoid_terralith_biomes","#terralith:extreme_terrain","create_structures_arise-176.49.48 NeoForge 1.21.1.jar","data/create_structures_arise/tags/worldgen/biome/airborne_structure_avoid_terralith_biomes.json"
"create_structures_arise:airborne_structure_avoid_terralith_biomes","#terralith:mountains","create_structures_arise-176.49.48 NeoForge 1.21.1.jar","data/create_structures_arise/tags/worldgen/biome/airborne_structure_avoid_terralith_biomes.json"
"create_structures_arise:airborne_structure_avoid_terralith_biomes","#terralith:peaks","create_structures_arise-176.49.48 NeoForge 1.21.1.jar","data/create_structures_arise/tags/worldgen/biome/airborne_structure_avoid_terralith_biomes.json"
"create_structures_arise:airborne_structure_avoid_terralith_biomes","#terralith:skylands","create_structures_arise-176.49.48 NeoForge 1.21.1.jar","data/create_structures_arise/tags/worldgen/biome/airborne_structure_avoid_terralith_biomes.json"
"create_structures_arise:airborne_structure_avoid_terralith_biomes","terralith:alpine_grove","create_structures_arise-176.49.48 NeoForge 1.21.1.jar","data/create_structures_arise/tags/worldgen/biome/airborne_structure_avoid_terralith_biomes.json"
"create_structures_arise:airborne_structure_avoid_terralith_biomes","terralith:alpine_highlands","create_structures_arise-176.49.48 NeoForge 1.21.1.jar","data/create_structures_arise/tags/worldgen/biome/airborne_structure_avoid_terralith_biomes.json"
"create_structures_arise:airborne_structure_avoid_terralith_biomes","terralith:bryce_canyon","create_structures_arise-176.49.48 NeoForge 1.21.1.jar","data/create_structures_arise/tags/worldgen/biome/airborne_structure_avoid_terralith_biomes.json"
"create_structures_arise:airborne_structure_avoid_terralith_biomes","terralith:desert_spires","create_structures_arise-176.49.48 NeoForge 1.21.1.jar","data/create_structures_arise/tags/worldgen/biome/airborne_structure_avoid_terralith_biomes.json"
"create_structures_arise:airborne_structure_avoid_terralith_biomes","terralith:granite_cliffs","create_structures_arise-176.49.48 NeoForge 1.21.1.jar","data/create_structures_arise/tags/worldgen/biome/airborne_structure_avoid_terralith_biomes.json"
"create_structures_arise:airborne_structure_avoid_terralith_biomes","terralith:painted_mountains","create_structures_arise-176.49.48 NeoForge 1.21.1.jar","data/create_structures_arise/tags/worldgen/biome/airborne_structure_avoid_terralith_biomes.json"
"create_structures_arise:airborne_structure_avoid_terralith_biomes","terralith:rocky_mountains","create_structures_arise-176.49.48 NeoForge 1.21.1.jar","data/create_structures_arise/tags/worldgen/biome/airborne_structure_avoid_terralith_biomes.json"
"create_structures_arise:airborne_structure_avoid_terralith_biomes","terralith:scarlet_mountains","create_structures_arise-176.49.48 NeoForge 1.21.1.jar","data/create_structures_arise/tags/worldgen/biome/airborne_structure_avoid_terralith_biomes.json"
"create_structures_arise:airborne_structure_avoid_terralith_biomes","terralith:skylands_autumn","create_structures_arise-176.49.48 NeoForge 1.21.1.jar","data/create_structures_arise/tags/worldgen/biome/airborne_structure_avoid_terralith_biomes.json"
"create_structures_arise:airborne_structure_avoid_terralith_biomes","terralith:skylands_spring","create_structures_arise-176.49.48 NeoForge 1.21.1.jar","data/create_structures_arise/tags/worldgen/biome/airborne_structure_avoid_terralith_biomes.json"
"create_structures_arise:airborne_structure_avoid_terralith_biomes","terralith:skylands_summer","create_structures_arise-176.49.48 NeoForge 1.21.1.jar","data/create_structures_arise/tags/worldgen/biome/airborne_structure_avoid_terralith_biomes.json"
"create_structures_arise:airborne_structure_avoid_terralith_biomes","terralith:skylands_winter","create_structures_arise-176.49.48 NeoForge 1.21.1.jar","data/create_structures_arise/tags/worldgen/biome/airborne_structure_avoid_terralith_biomes.json"
"create_structures_arise:airborne_structure_avoid_terralith_biomes","terralith:volcanic_crater","create_structures_arise-176.49.48 NeoForge 1.21.1.jar","data/create_structures_arise/tags/worldgen/biome/airborne_structure_avoid_terralith_biomes.json"
"create_structures_arise:airborne_structure_avoid_terralith_biomes","terralith:white_cliffs","create_structures_arise-176.49.48 NeoForge 1.21.1.jar","data/create_structures_arise/tags/worldgen/biome/airborne_structure_avoid_terralith_biomes.json"
"create_structures_arise:airborne_structure_avoid_terralith_biomes","terralith:yellowstone","create_structures_arise-176.49.48 NeoForge 1.21.1.jar","data/create_structures_arise/tags/worldgen/biome/airborne_structure_avoid_terralith_biomes.json"
"create_structures_arise:airborne_structure_biomes","#minecraft:is_overworld","create_structures_arise-176.49.48 NeoForge 1.21.1.jar","data/create_structures_arise/tags/worldgen/biome/airborne_structure_biomes.json"
"create_structures_arise:structure_land_biomes","#minecraft:is_beach","create_structures_arise-176.49.48 NeoForge 1.21.1.jar","data/create_structures_arise/tags/worldgen/biome/structure_land_biomes.json"
"create_structures_arise:structure_land_biomes","#minecraft:is_forest","create_structures_arise-176.49.48 NeoForge 1.21.1.jar","data/create_structures_arise/tags/worldgen/biome/structure_land_biomes.json"
"create_structures_arise:structure_land_biomes","#minecraft:is_hill","create_structures_arise-176.49.48 NeoForge 1.21.1.jar","data/create_structures_arise/tags/worldgen/biome/structure_land_biomes.json"
"create_structures_arise:structure_land_biomes","#minecraft:is_jungle","create_structures_arise-176.49.48 NeoForge 1.21.1.jar","data/create_structures_arise/tags/worldgen/biome/structure_land_biomes.json"
"create_structures_arise:structure_land_biomes","#minecraft:is_savanna","create_structures_arise-176.49.48 NeoForge 1.21.1.jar","data/create_structures_arise/tags/worldgen/biome/structure_land_biomes.json"
"create_structures_arise:structure_land_biomes","#minecraft:is_taiga","create_structures_arise-176.49.48 NeoForge 1.21.1.jar","data/create_structures_arise/tags/worldgen/biome/structure_land_biomes.json"
"create_structures_arise:structure_land_biomes","#minecraft:snow_golem_melts","create_structures_arise-176.49.48 NeoForge 1.21.1.jar","data/create_structures_arise/tags/worldgen/biome/structure_land_biomes.json"
"create_structures_arise:structure_land_biomes","beach","create_structures_arise-176.49.48 NeoForge 1.21.1.jar","data/create_structures_arise/tags/worldgen/biome/structure_land_biomes.json"
"create_structures_arise:structure_land_biomes","cherry_grove","create_structures_arise-176.49.48 NeoForge 1.21.1.jar","data/create_structures_arise/tags/worldgen/biome/structure_land_biomes.json"
"create_structures_arise:structure_land_biomes","flower_forest","create_structures_arise-176.49.48 NeoForge 1.21.1.jar","data/create_structures_arise/tags/worldgen/biome/structure_land_biomes.json"
"create_structures_arise:structure_land_biomes","forest","create_structures_arise-176.49.48 NeoForge 1.21.1.jar","data/create_structures_arise/tags/worldgen/biome/structure_land_biomes.json"
"create_structures_arise:structure_land_biomes","plains","create_structures_arise-176.49.48 NeoForge 1.21.1.jar","data/create_structures_arise/tags/worldgen/biome/structure_land_biomes.json"
"create_structures_arise:structure_land_biomes","sparse_jungle","create_structures_arise-176.49.48 NeoForge 1.21.1.jar","data/create_structures_arise/tags/worldgen/biome/structure_land_biomes.json"
"createcybernetics:cybermonster_spawns","#minecraft:is_overworld","createcybernetics-0.5.1-neoforge-1.21.1-HOTFIX.jar","data/createcybernetics/tags/worldgen/biome/cybermonster_spawns.json"
"createcybernetics:has_structure/lab","minecraft:badlands","createcybernetics-0.5.1-neoforge-1.21.1-HOTFIX.jar","data/createcybernetics/tags/worldgen/biome/has_structure/lab.json"
"createcybernetics:has_structure/lab","minecraft:birch_forest","createcybernetics-0.5.1-neoforge-1.21.1-HOTFIX.jar","data/createcybernetics/tags/worldgen/biome/has_structure/lab.json"
"createcybernetics:has_structure/lab","minecraft:cherry_grove","createcybernetics-0.5.1-neoforge-1.21.1-HOTFIX.jar","data/createcybernetics/tags/worldgen/biome/has_structure/lab.json"
"createcybernetics:has_structure/lab","minecraft:dark_forest","createcybernetics-0.5.1-neoforge-1.21.1-HOTFIX.jar","data/createcybernetics/tags/worldgen/biome/has_structure/lab.json"
"createcybernetics:has_structure/lab","minecraft:desert","createcybernetics-0.5.1-neoforge-1.21.1-HOTFIX.jar","data/createcybernetics/tags/worldgen/biome/has_structure/lab.json"
"createcybernetics:has_structure/lab","minecraft:eroded_badlands","createcybernetics-0.5.1-neoforge-1.21.1-HOTFIX.jar","data/createcybernetics/tags/worldgen/biome/has_structure/lab.json"
"createcybernetics:has_structure/lab","minecraft:flower_forest","createcybernetics-0.5.1-neoforge-1.21.1-HOTFIX.jar","data/createcybernetics/tags/worldgen/biome/has_structure/lab.json"
"createcybernetics:has_structure/lab","minecraft:forest","createcybernetics-0.5.1-neoforge-1.21.1-HOTFIX.jar","data/createcybernetics/tags/worldgen/biome/has_structure/lab.json"
"createcybernetics:has_structure/lab","minecraft:grove","createcybernetics-0.5.1-neoforge-1.21.1-HOTFIX.jar","data/createcybernetics/tags/worldgen/biome/has_structure/lab.json"
"createcybernetics:has_structure/lab","minecraft:jungle","createcybernetics-0.5.1-neoforge-1.21.1-HOTFIX.jar","data/createcybernetics/tags/worldgen/biome/has_structure/lab.json"
"createcybernetics:has_structure/lab","minecraft:meadow","createcybernetics-0.5.1-neoforge-1.21.1-HOTFIX.jar","data/createcybernetics/tags/worldgen/biome/has_structure/lab.json"
"createcybernetics:has_structure/lab","minecraft:old_growth_birch_forest","createcybernetics-0.5.1-neoforge-1.21.1-HOTFIX.jar","data/createcybernetics/tags/worldgen/biome/has_structure/lab.json"
"createcybernetics:has_structure/lab","minecraft:old_growth_pine_taiga","createcybernetics-0.5.1-neoforge-1.21.1-HOTFIX.jar","data/createcybernetics/tags/worldgen/biome/has_structure/lab.json"
"createcybernetics:has_structure/lab","minecraft:old_growth_spruce_taiga","createcybernetics-0.5.1-neoforge-1.21.1-HOTFIX.jar","data/createcybernetics/tags/worldgen/biome/has_structure/lab.json"
"createcybernetics:has_structure/lab","minecraft:plains","createcybernetics-0.5.1-neoforge-1.21.1-HOTFIX.jar","data/createcybernetics/tags/worldgen/biome/has_structure/lab.json"
"createcybernetics:has_structure/lab","minecraft:savanna","createcybernetics-0.5.1-neoforge-1.21.1-HOTFIX.jar","data/createcybernetics/tags/worldgen/biome/has_structure/lab.json"
"createcybernetics:has_structure/lab","minecraft:savanna_plateau","createcybernetics-0.5.1-neoforge-1.21.1-HOTFIX.jar","data/createcybernetics/tags/worldgen/biome/has_structure/lab.json"
"createcybernetics:has_structure/lab","minecraft:snowy_plains","createcybernetics-0.5.1-neoforge-1.21.1-HOTFIX.jar","data/createcybernetics/tags/worldgen/biome/has_structure/lab.json"
"createcybernetics:has_structure/lab","minecraft:snowy_taiga","createcybernetics-0.5.1-neoforge-1.21.1-HOTFIX.jar","data/createcybernetics/tags/worldgen/biome/has_structure/lab.json"
"createcybernetics:has_structure/lab","minecraft:sparse_jungle","createcybernetics-0.5.1-neoforge-1.21.1-HOTFIX.jar","data/createcybernetics/tags/worldgen/biome/has_structure/lab.json"
"createcybernetics:has_structure/lab","minecraft:stony_peaks","createcybernetics-0.5.1-neoforge-1.21.1-HOTFIX.jar","data/createcybernetics/tags/worldgen/biome/has_structure/lab.json"
"createcybernetics:has_structure/lab","minecraft:sunflower_plains","createcybernetics-0.5.1-neoforge-1.21.1-HOTFIX.jar","data/createcybernetics/tags/worldgen/biome/has_structure/lab.json"
"createcybernetics:has_structure/lab","minecraft:taiga","createcybernetics-0.5.1-neoforge-1.21.1-HOTFIX.jar","data/createcybernetics/tags/worldgen/biome/has_structure/lab.json"
"createcybernetics:has_structure/lab","minecraft:windswept_forest","createcybernetics-0.5.1-neoforge-1.21.1-HOTFIX.jar","data/createcybernetics/tags/worldgen/biome/has_structure/lab.json"
"createcybernetics:has_structure/lab","minecraft:windswept_gravelly_hills","createcybernetics-0.5.1-neoforge-1.21.1-HOTFIX.jar","data/createcybernetics/tags/worldgen/biome/has_structure/lab.json"
"createcybernetics:has_structure/lab","minecraft:windswept_hills","createcybernetics-0.5.1-neoforge-1.21.1-HOTFIX.jar","data/createcybernetics/tags/worldgen/biome/has_structure/lab.json"
"createcybernetics:has_structure/lab","minecraft:windswept_savanna","createcybernetics-0.5.1-neoforge-1.21.1-HOTFIX.jar","data/createcybernetics/tags/worldgen/biome/has_structure/lab.json"
"createcybernetics:has_structure/lab","minecraft:wooded_badlands","createcybernetics-0.5.1-neoforge-1.21.1-HOTFIX.jar","data/createcybernetics/tags/worldgen/biome/has_structure/lab.json"
"createcybernetics:has_structure/ripper_clinic","minecraft:badlands","createcybernetics-0.5.1-neoforge-1.21.1-HOTFIX.jar","data/createcybernetics/tags/worldgen/biome/has_structure/ripper_clinic.json"
"createcybernetics:has_structure/ripper_clinic","minecraft:desert","createcybernetics-0.5.1-neoforge-1.21.1-HOTFIX.jar","data/createcybernetics/tags/worldgen/biome/has_structure/ripper_clinic.json"
"createcybernetics:has_structure/ripper_clinic","minecraft:eroded_badlands","createcybernetics-0.5.1-neoforge-1.21.1-HOTFIX.jar","data/createcybernetics/tags/worldgen/biome/has_structure/ripper_clinic.json"
"createcybernetics:has_structure/ripper_clinic","minecraft:plains","createcybernetics-0.5.1-neoforge-1.21.1-HOTFIX.jar","data/createcybernetics/tags/worldgen/biome/has_structure/ripper_clinic.json"
"createcybernetics:has_structure/ripper_clinic","minecraft:savanna","createcybernetics-0.5.1-neoforge-1.21.1-HOTFIX.jar","data/createcybernetics/tags/worldgen/biome/has_structure/ripper_clinic.json"
"createcybernetics:has_structure/ripper_clinic","minecraft:sunflower_plains","createcybernetics-0.5.1-neoforge-1.21.1-HOTFIX.jar","data/createcybernetics/tags/worldgen/biome/has_structure/ripper_clinic.json"
"createcybernetics:has_structure/ripper_clinic","minecraft:windswept_savanna","createcybernetics-0.5.1-neoforge-1.21.1-HOTFIX.jar","data/createcybernetics/tags/worldgen/biome/has_structure/ripper_clinic.json"
"createcybernetics:has_structure/tattooist_hut","minecraft:warped_forest","createcybernetics-0.5.1-neoforge-1.21.1-HOTFIX.jar","data/createcybernetics/tags/worldgen/biome/has_structure/tattooist_hut.json"
"createdieselgenerators:oil_biomes","minecraft:badlands","createdieselgenerators-1.21.1-1.3.15.jar","data/createdieselgenerators/tags/worldgen/biome/oil_biomes.json"
"createdieselgenerators:oil_biomes","minecraft:cold_ocean","createdieselgenerators-1.21.1-1.3.15.jar","data/createdieselgenerators/tags/worldgen/biome/oil_biomes.json"
"createdieselgenerators:oil_biomes","minecraft:deep_cold_ocean","createdieselgenerators-1.21.1-1.3.15.jar","data/createdieselgenerators/tags/worldgen/biome/oil_biomes.json"
"createdieselgenerators:oil_biomes","minecraft:deep_frozen_ocean","createdieselgenerators-1.21.1-1.3.15.jar","data/createdieselgenerators/tags/worldgen/biome/oil_biomes.json"
"createdieselgenerators:oil_biomes","minecraft:deep_lukewarm_ocean","createdieselgenerators-1.21.1-1.3.15.jar","data/createdieselgenerators/tags/worldgen/biome/oil_biomes.json"
"createdieselgenerators:oil_biomes","minecraft:deep_ocean","createdieselgenerators-1.21.1-1.3.15.jar","data/createdieselgenerators/tags/worldgen/biome/oil_biomes.json"
"createdieselgenerators:oil_biomes","minecraft:desert","createdieselgenerators-1.21.1-1.3.15.jar","data/createdieselgenerators/tags/worldgen/biome/oil_biomes.json"
"createdieselgenerators:oil_biomes","minecraft:eroded_badlands","createdieselgenerators-1.21.1-1.3.15.jar","data/createdieselgenerators/tags/worldgen/biome/oil_biomes.json"
"createdieselgenerators:oil_biomes","minecraft:frozen_ocean","createdieselgenerators-1.21.1-1.3.15.jar","data/createdieselgenerators/tags/worldgen/biome/oil_biomes.json"
"createdieselgenerators:oil_biomes","minecraft:lukewarm_ocean","createdieselgenerators-1.21.1-1.3.15.jar","data/createdieselgenerators/tags/worldgen/biome/oil_biomes.json"
"createdieselgenerators:oil_biomes","minecraft:ocean","createdieselgenerators-1.21.1-1.3.15.jar","data/createdieselgenerators/tags/worldgen/biome/oil_biomes.json"
"createdieselgenerators:oil_biomes","minecraft:plains","createdieselgenerators-1.21.1-1.3.15.jar","data/createdieselgenerators/tags/worldgen/biome/oil_biomes.json"
"createdieselgenerators:oil_biomes","minecraft:savanna","createdieselgenerators-1.21.1-1.3.15.jar","data/createdieselgenerators/tags/worldgen/biome/oil_biomes.json"
"createdieselgenerators:oil_biomes","minecraft:savanna_plateau","createdieselgenerators-1.21.1-1.3.15.jar","data/createdieselgenerators/tags/worldgen/biome/oil_biomes.json"
"createdieselgenerators:oil_biomes","minecraft:warm_ocean","createdieselgenerators-1.21.1-1.3.15.jar","data/createdieselgenerators/tags/worldgen/biome/oil_biomes.json"
"createdieselgenerators:oil_biomes","minecraft:wooded_badlands","createdieselgenerators-1.21.1-1.3.15.jar","data/createdieselgenerators/tags/worldgen/biome/oil_biomes.json"
"createreautomatedtraces:has_traces","#minecraft:is_nether","createreautomatedtraces-0.3.0.jar","data/createreautomatedtraces/tags/worldgen/biome/has_traces.json"
"createreautomatedtraces:has_traces","#minecraft:is_overworld","createreautomatedtraces-0.3.0.jar","data/createreautomatedtraces/tags/worldgen/biome/has_traces.json"
"dungeons_arise:collections/other_badlands","#c:is_badlands","DungeonsArise-1.21.1-2.1.68-release.jar","data/dungeons_arise/tags/worldgen/biome/collections/other_badlands.json"
"dungeons_arise:collections/other_cherry","#c:is_floral","DungeonsArise-1.21.1-2.1.68-release.jar","data/dungeons_arise/tags/worldgen/biome/collections/other_cherry.json"
"dungeons_arise:collections/other_cherry","minecraft:cherry_grove","DungeonsArise-1.21.1-2.1.68-release.jar","data/dungeons_arise/tags/worldgen/biome/collections/other_cherry.json"
"dungeons_arise:collections/other_deserts","#c:is_desert","DungeonsArise-1.21.1-2.1.68-release.jar","data/dungeons_arise/tags/worldgen/biome/collections/other_deserts.json"
"dungeons_arise:collections/other_deserts","#forge:is_desert","DungeonsArise-1.21.1-2.1.68-release.jar","data/dungeons_arise/tags/worldgen/biome/collections/other_deserts.json"
"dungeons_arise:collections/other_forests","#c:is_forest","DungeonsArise-1.21.1-2.1.68-release.jar","data/dungeons_arise/tags/worldgen/biome/collections/other_forests.json"
"dungeons_arise:collections/other_forests","#forge:is_forest","DungeonsArise-1.21.1-2.1.68-release.jar","data/dungeons_arise/tags/worldgen/biome/collections/other_forests.json"
"dungeons_arise:collections/other_forests","#minecraft:is_forest","DungeonsArise-1.21.1-2.1.68-release.jar","data/dungeons_arise/tags/worldgen/biome/collections/other_forests.json"
"dungeons_arise:collections/other_jungles","#c:is_jungle","DungeonsArise-1.21.1-2.1.68-release.jar","data/dungeons_arise/tags/worldgen/biome/collections/other_jungles.json"
"dungeons_arise:collections/other_mountains","#c:is_mountain","DungeonsArise-1.21.1-2.1.68-release.jar","data/dungeons_arise/tags/worldgen/biome/collections/other_mountains.json"
"dungeons_arise:collections/other_mountains","#forge:is_mountain","DungeonsArise-1.21.1-2.1.68-release.jar","data/dungeons_arise/tags/worldgen/biome/collections/other_mountains.json"
"dungeons_arise:collections/other_oceans","#c:is_ocean","DungeonsArise-1.21.1-2.1.68-release.jar","data/dungeons_arise/tags/worldgen/biome/collections/other_oceans.json"
"dungeons_arise:collections/other_plains","#c:is_plains","DungeonsArise-1.21.1-2.1.68-release.jar","data/dungeons_arise/tags/worldgen/biome/collections/other_plains.json"
"dungeons_arise:collections/other_plains","#forge:is_plains","DungeonsArise-1.21.1-2.1.68-release.jar","data/dungeons_arise/tags/worldgen/biome/collections/other_plains.json"
"dungeons_arise:collections/other_snowy","#c:is_snowy","DungeonsArise-1.21.1-2.1.68-release.jar","data/dungeons_arise/tags/worldgen/biome/collections/other_snowy.json"
"dungeons_arise:collections/other_snowy","#forge:is_snowy","DungeonsArise-1.21.1-2.1.68-release.jar","data/dungeons_arise/tags/worldgen/biome/collections/other_snowy.json"
"dungeons_arise:collections/other_swamps","#c:is_swamp","DungeonsArise-1.21.1-2.1.68-release.jar","data/dungeons_arise/tags/worldgen/biome/collections/other_swamps.json"
"dungeons_arise:collections/other_swamps","#forge:is_swamp","DungeonsArise-1.21.1-2.1.68-release.jar","data/dungeons_arise/tags/worldgen/biome/collections/other_swamps.json"
"dungeons_arise:collections/other_taigas","#c:is_taiga","DungeonsArise-1.21.1-2.1.68-release.jar","data/dungeons_arise/tags/worldgen/biome/collections/other_taigas.json"
"dungeons_arise:collections/other_taigas","#forge:is_coniferous","DungeonsArise-1.21.1-2.1.68-release.jar","data/dungeons_arise/tags/worldgen/biome/collections/other_taigas.json"
"dungeons_arise:has_structure/abandoned_temple_biomes","#dungeons_arise:collections/other_taigas","DungeonsArise-1.21.1-2.1.68-release.jar","data/dungeons_arise/tags/worldgen/biome/has_structure/abandoned_temple_biomes.json"
"dungeons_arise:has_structure/abandoned_temple_biomes","#minecraft:is_hill","DungeonsArise-1.21.1-2.1.68-release.jar","data/dungeons_arise/tags/worldgen/biome/has_structure/abandoned_temple_biomes.json"
"dungeons_arise:has_structure/abandoned_temple_biomes","#minecraft:is_mountain","DungeonsArise-1.21.1-2.1.68-release.jar","data/dungeons_arise/tags/worldgen/biome/has_structure/abandoned_temple_biomes.json"
"dungeons_arise:has_structure/abandoned_temple_biomes","#minecraft:is_taiga","DungeonsArise-1.21.1-2.1.68-release.jar","data/dungeons_arise/tags/worldgen/biome/has_structure/abandoned_temple_biomes.json"
"dungeons_arise:has_structure/aviary_biomes","minecraft:end_highlands","DungeonsArise-1.21.1-2.1.68-release.jar","data/dungeons_arise/tags/worldgen/biome/has_structure/aviary_biomes.json"
"dungeons_arise:has_structure/aviary_biomes","minecraft:end_midlands","DungeonsArise-1.21.1-2.1.68-release.jar","data/dungeons_arise/tags/worldgen/biome/has_structure/aviary_biomes.json"
"dungeons_arise:has_structure/bandit_towers_biomes","#dungeons_arise:collections/other_badlands","DungeonsArise-1.21.1-2.1.68-release.jar","data/dungeons_arise/tags/worldgen/biome/has_structure/bandit_towers_biomes.json"
"dungeons_arise:has_structure/bandit_towers_biomes","#minecraft:is_badlands","DungeonsArise-1.21.1-2.1.68-release.jar","data/dungeons_arise/tags/worldgen/biome/has_structure/bandit_towers_biomes.json"
"dungeons_arise:has_structure/bandit_village_biomes","#dungeons_arise:collections/other_badlands","DungeonsArise-1.21.1-2.1.68-release.jar","data/dungeons_arise/tags/worldgen/biome/has_structure/bandit_village_biomes.json"
"dungeons_arise:has_structure/bandit_village_biomes","#minecraft:is_badlands","DungeonsArise-1.21.1-2.1.68-release.jar","data/dungeons_arise/tags/worldgen/biome/has_structure/bandit_village_biomes.json"
"dungeons_arise:has_structure/bathhouse_biomes","#dungeons_arise:collections/other_plains","DungeonsArise-1.21.1-2.1.68-release.jar","data/dungeons_arise/tags/worldgen/biome/has_structure/bathhouse_biomes.json"
"dungeons_arise:has_structure/bathhouse_biomes","#dungeons_arise:collections/other_snowy","DungeonsArise-1.21.1-2.1.68-release.jar","data/dungeons_arise/tags/worldgen/biome/has_structure/bathhouse_biomes.json"
"dungeons_arise:has_structure/bathhouse_biomes","#minecraft:is_taiga","DungeonsArise-1.21.1-2.1.68-release.jar","data/dungeons_arise/tags/worldgen/biome/has_structure/bathhouse_biomes.json"
"dungeons_arise:has_structure/bathhouse_biomes","minecraft:dark_forest","DungeonsArise-1.21.1-2.1.68-release.jar","data/dungeons_arise/tags/worldgen/biome/has_structure/bathhouse_biomes.json"
"dungeons_arise:has_structure/bathhouse_biomes","minecraft:meadow","DungeonsArise-1.21.1-2.1.68-release.jar","data/dungeons_arise/tags/worldgen/biome/has_structure/bathhouse_biomes.json"
"dungeons_arise:has_structure/bathhouse_biomes","minecraft:plains","DungeonsArise-1.21.1-2.1.68-release.jar","data/dungeons_arise/tags/worldgen/biome/has_structure/bathhouse_biomes.json"
"dungeons_arise:has_structure/bathhouse_biomes","minecraft:savanna","DungeonsArise-1.21.1-2.1.68-release.jar","data/dungeons_arise/tags/worldgen/biome/has_structure/bathhouse_biomes.json"
"dungeons_arise:has_structure/bathhouse_biomes","minecraft:snowy_taiga","DungeonsArise-1.21.1-2.1.68-release.jar","data/dungeons_arise/tags/worldgen/biome/has_structure/bathhouse_biomes.json"
"dungeons_arise:has_structure/bathhouse_biomes","minecraft:sunflower_plains","DungeonsArise-1.21.1-2.1.68-release.jar","data/dungeons_arise/tags/worldgen/biome/has_structure/bathhouse_biomes.json"
"dungeons_arise:has_structure/ceryneian_hind_biomes","#dungeons_arise:collections/other_deserts","DungeonsArise-1.21.1-2.1.68-release.jar","data/dungeons_arise/tags/worldgen/biome/has_structure/ceryneian_hind_biomes.json"
"dungeons_arise:has_structure/ceryneian_hind_biomes","#minecraft:has_structure/desert_pyramid","DungeonsArise-1.21.1-2.1.68-release.jar","data/dungeons_arise/tags/worldgen/biome/has_structure/ceryneian_hind_biomes.json"
"dungeons_arise:has_structure/ceryneian_hind_biomes","minecraft:desert","DungeonsArise-1.21.1-2.1.68-release.jar","data/dungeons_arise/tags/worldgen/biome/has_structure/ceryneian_hind_biomes.json"
"dungeons_arise:has_structure/coliseum_biomes","#dungeons_arise:collections/other_plains","DungeonsArise-1.21.1-2.1.68-release.jar","data/dungeons_arise/tags/worldgen/biome/has_structure/coliseum_biomes.json"
"dungeons_arise:has_structure/coliseum_biomes","minecraft:meadow","DungeonsArise-1.21.1-2.1.68-release.jar","data/dungeons_arise/tags/worldgen/biome/has_structure/coliseum_biomes.json"
"dungeons_arise:has_structure/coliseum_biomes","minecraft:plains","DungeonsArise-1.21.1-2.1.68-release.jar","data/dungeons_arise/tags/worldgen/biome/has_structure/coliseum_biomes.json"
"dungeons_arise:has_structure/coliseum_biomes","minecraft:sunflower_plains","DungeonsArise-1.21.1-2.1.68-release.jar","data/dungeons_arise/tags/worldgen/biome/has_structure/coliseum_biomes.json"
"dungeons_arise:has_structure/fishing_hut_biomes","#minecraft:is_beach","DungeonsArise-1.21.1-2.1.68-release.jar","data/dungeons_arise/tags/worldgen/biome/has_structure/fishing_hut_biomes.json"
"dungeons_arise:has_structure/foundry_biomes","#dungeons_arise:collections/other_mountains","DungeonsArise-1.21.1-2.1.68-release.jar","data/dungeons_arise/tags/worldgen/biome/has_structure/foundry_biomes.json"
"dungeons_arise:has_structure/foundry_biomes","#dungeons_arise:collections/other_taigas","DungeonsArise-1.21.1-2.1.68-release.jar","data/dungeons_arise/tags/worldgen/biome/has_structure/foundry_biomes.json"
"dungeons_arise:has_structure/foundry_biomes","#minecraft:is_forest","DungeonsArise-1.21.1-2.1.68-release.jar","data/dungeons_arise/tags/worldgen/biome/has_structure/foundry_biomes.json"
"dungeons_arise:has_structure/foundry_biomes","#minecraft:is_jungle","DungeonsArise-1.21.1-2.1.68-release.jar","data/dungeons_arise/tags/worldgen/biome/has_structure/foundry_biomes.json"
"dungeons_arise:has_structure/foundry_biomes","#minecraft:is_taiga","DungeonsArise-1.21.1-2.1.68-release.jar","data/dungeons_arise/tags/worldgen/biome/has_structure/foundry_biomes.json"
"dungeons_arise:has_structure/foundry_biomes","minecraft:desert","DungeonsArise-1.21.1-2.1.68-release.jar","data/dungeons_arise/tags/worldgen/biome/has_structure/foundry_biomes.json"
"dungeons_arise:has_structure/foundry_biomes","minecraft:plains","DungeonsArise-1.21.1-2.1.68-release.jar","data/dungeons_arise/tags/worldgen/biome/has_structure/foundry_biomes.json"
"dungeons_arise:has_structure/foundry_biomes","minecraft:savanna","DungeonsArise-1.21.1-2.1.68-release.jar","data/dungeons_arise/tags/worldgen/biome/has_structure/foundry_biomes.json"
"dungeons_arise:has_structure/foundry_biomes","minecraft:savanna_plateau","DungeonsArise-1.21.1-2.1.68-release.jar","data/dungeons_arise/tags/worldgen/biome/has_structure/foundry_biomes.json"
"dungeons_arise:has_structure/foundry_biomes","minecraft:snowy_plains","DungeonsArise-1.21.1-2.1.68-release.jar","data/dungeons_arise/tags/worldgen/biome/has_structure/foundry_biomes.json"
"dungeons_arise:has_structure/foundry_biomes","minecraft:sunflower_plains","DungeonsArise-1.21.1-2.1.68-release.jar","data/dungeons_arise/tags/worldgen/biome/has_structure/foundry_biomes.json"
"dungeons_arise:has_structure/foundry_biomes","minecraft:windswept_savanna","DungeonsArise-1.21.1-2.1.68-release.jar","data/dungeons_arise/tags/worldgen/biome/has_structure/foundry_biomes.json"
"dungeons_arise:has_structure/giant_mushroom_biomes","minecraft:meadow","DungeonsArise-1.21.1-2.1.68-release.jar","data/dungeons_arise/tags/worldgen/biome/has_structure/giant_mushroom_biomes.json"
"dungeons_arise:has_structure/giant_mushroom_biomes","minecraft:plains","DungeonsArise-1.21.1-2.1.68-release.jar","data/dungeons_arise/tags/worldgen/biome/has_structure/giant_mushroom_biomes.json"
"dungeons_arise:has_structure/giant_mushroom_biomes","minecraft:sunflower_plains","DungeonsArise-1.21.1-2.1.68-release.jar","data/dungeons_arise/tags/worldgen/biome/has_structure/giant_mushroom_biomes.json"
"dungeons_arise:has_structure/greenwood_pub_biomes","#dungeons_arise:collections/other_forests","DungeonsArise-1.21.1-2.1.68-release.jar","data/dungeons_arise/tags/worldgen/biome/has_structure/greenwood_pub_biomes.json"
"dungeons_arise:has_structure/greenwood_pub_biomes","#minecraft:is_forest","DungeonsArise-1.21.1-2.1.68-release.jar","data/dungeons_arise/tags/worldgen/biome/has_structure/greenwood_pub_biomes.json"
"dungeons_arise:has_structure/greenwood_pub_biomes","minecraft:dark_forest","DungeonsArise-1.21.1-2.1.68-release.jar","data/dungeons_arise/tags/worldgen/biome/has_structure/greenwood_pub_biomes.json"
"dungeons_arise:has_structure/greenwood_pub_biomes","minecraft:sunflower_plains","DungeonsArise-1.21.1-2.1.68-release.jar","data/dungeons_arise/tags/worldgen/biome/has_structure/greenwood_pub_biomes.json"
"dungeons_arise:has_structure/heavenly_challenger_biomes","#dungeons_arise:collections/other_forests","DungeonsArise-1.21.1-2.1.68-release.jar","data/dungeons_arise/tags/worldgen/biome/has_structure/heavenly_challenger_biomes.json"
"dungeons_arise:has_structure/heavenly_challenger_biomes","#minecraft:is_forest","DungeonsArise-1.21.1-2.1.68-release.jar","data/dungeons_arise/tags/worldgen/biome/has_structure/heavenly_challenger_biomes.json"
"dungeons_arise:has_structure/heavenly_challenger_biomes","#minecraft:is_jungle","DungeonsArise-1.21.1-2.1.68-release.jar","data/dungeons_arise/tags/worldgen/biome/has_structure/heavenly_challenger_biomes.json"
"dungeons_arise:has_structure/heavenly_challenger_biomes","minecraft:desert","DungeonsArise-1.21.1-2.1.68-release.jar","data/dungeons_arise/tags/worldgen/biome/has_structure/heavenly_challenger_biomes.json"
"dungeons_arise:has_structure/heavenly_challenger_biomes","minecraft:end_highlands","DungeonsArise-1.21.1-2.1.68-release.jar","data/dungeons_arise/tags/worldgen/biome/has_structure/heavenly_challenger_biomes.json"
"dungeons_arise:has_structure/heavenly_challenger_biomes","minecraft:end_midlands","DungeonsArise-1.21.1-2.1.68-release.jar","data/dungeons_arise/tags/worldgen/biome/has_structure/heavenly_challenger_biomes.json"
"dungeons_arise:has_structure/heavenly_challenger_biomes","minecraft:plains","DungeonsArise-1.21.1-2.1.68-release.jar","data/dungeons_arise/tags/worldgen/biome/has_structure/heavenly_challenger_biomes.json"
"dungeons_arise:has_structure/heavenly_challenger_biomes","minecraft:savanna","DungeonsArise-1.21.1-2.1.68-release.jar","data/dungeons_arise/tags/worldgen/biome/has_structure/heavenly_challenger_biomes.json"
"dungeons_arise:has_structure/heavenly_challenger_biomes","minecraft:savanna_plateau","DungeonsArise-1.21.1-2.1.68-release.jar","data/dungeons_arise/tags/worldgen/biome/has_structure/heavenly_challenger_biomes.json"
"dungeons_arise:has_structure/heavenly_challenger_biomes","minecraft:sunflower_plains","DungeonsArise-1.21.1-2.1.68-release.jar","data/dungeons_arise/tags/worldgen/biome/has_structure/heavenly_challenger_biomes.json"
"dungeons_arise:has_structure/heavenly_conqueror_biomes","#dungeons_arise:collections/other_forests","DungeonsArise-1.21.1-2.1.68-release.jar","data/dungeons_arise/tags/worldgen/biome/has_structure/heavenly_conqueror_biomes.json"
"dungeons_arise:has_structure/heavenly_conqueror_biomes","#minecraft:is_forest","DungeonsArise-1.21.1-2.1.68-release.jar","data/dungeons_arise/tags/worldgen/biome/has_structure/heavenly_conqueror_biomes.json"
"dungeons_arise:has_structure/heavenly_conqueror_biomes","#minecraft:is_jungle","DungeonsArise-1.21.1-2.1.68-release.jar","data/dungeons_arise/tags/worldgen/biome/has_structure/heavenly_conqueror_biomes.json"
"dungeons_arise:has_structure/heavenly_conqueror_biomes","minecraft:desert","DungeonsArise-1.21.1-2.1.68-release.jar","data/dungeons_arise/tags/worldgen/biome/has_structure/heavenly_conqueror_biomes.json"
"dungeons_arise:has_structure/heavenly_conqueror_biomes","minecraft:end_highlands","DungeonsArise-1.21.1-2.1.68-release.jar","data/dungeons_arise/tags/worldgen/biome/has_structure/heavenly_conqueror_biomes.json"
"dungeons_arise:has_structure/heavenly_conqueror_biomes","minecraft:end_midlands","DungeonsArise-1.21.1-2.1.68-release.jar","data/dungeons_arise/tags/worldgen/biome/has_structure/heavenly_conqueror_biomes.json"
"dungeons_arise:has_structure/heavenly_conqueror_biomes","minecraft:plains","DungeonsArise-1.21.1-2.1.68-release.jar","data/dungeons_arise/tags/worldgen/biome/has_structure/heavenly_conqueror_biomes.json"
"dungeons_arise:has_structure/heavenly_conqueror_biomes","minecraft:savanna","DungeonsArise-1.21.1-2.1.68-release.jar","data/dungeons_arise/tags/worldgen/biome/has_structure/heavenly_conqueror_biomes.json"
"dungeons_arise:has_structure/heavenly_conqueror_biomes","minecraft:savanna_plateau","DungeonsArise-1.21.1-2.1.68-release.jar","data/dungeons_arise/tags/worldgen/biome/has_structure/heavenly_conqueror_biomes.json"
"dungeons_arise:has_structure/heavenly_conqueror_biomes","minecraft:sunflower_plains","DungeonsArise-1.21.1-2.1.68-release.jar","data/dungeons_arise/tags/worldgen/biome/has_structure/heavenly_conqueror_biomes.json"
"dungeons_arise:has_structure/heavenly_rider_biomes","#dungeons_arise:collections/other_forests","DungeonsArise-1.21.1-2.1.68-release.jar","data/dungeons_arise/tags/worldgen/biome/has_structure/heavenly_rider_biomes.json"
"dungeons_arise:has_structure/heavenly_rider_biomes","#minecraft:is_forest","DungeonsArise-1.21.1-2.1.68-release.jar","data/dungeons_arise/tags/worldgen/biome/has_structure/heavenly_rider_biomes.json"
"dungeons_arise:has_structure/heavenly_rider_biomes","#minecraft:is_jungle","DungeonsArise-1.21.1-2.1.68-release.jar","data/dungeons_arise/tags/worldgen/biome/has_structure/heavenly_rider_biomes.json"
"dungeons_arise:has_structure/heavenly_rider_biomes","minecraft:desert","DungeonsArise-1.21.1-2.1.68-release.jar","data/dungeons_arise/tags/worldgen/biome/has_structure/heavenly_rider_biomes.json"
"dungeons_arise:has_structure/heavenly_rider_biomes","minecraft:end_highlands","DungeonsArise-1.21.1-2.1.68-release.jar","data/dungeons_arise/tags/worldgen/biome/has_structure/heavenly_rider_biomes.json"
"dungeons_arise:has_structure/heavenly_rider_biomes","minecraft:end_midlands","DungeonsArise-1.21.1-2.1.68-release.jar","data/dungeons_arise/tags/worldgen/biome/has_structure/heavenly_rider_biomes.json"
"dungeons_arise:has_structure/heavenly_rider_biomes","minecraft:plains","DungeonsArise-1.21.1-2.1.68-release.jar","data/dungeons_arise/tags/worldgen/biome/has_structure/heavenly_rider_biomes.json"
"dungeons_arise:has_structure/heavenly_rider_biomes","minecraft:savanna","DungeonsArise-1.21.1-2.1.68-release.jar","data/dungeons_arise/tags/worldgen/biome/has_structure/heavenly_rider_biomes.json"
"dungeons_arise:has_structure/heavenly_rider_biomes","minecraft:savanna_plateau","DungeonsArise-1.21.1-2.1.68-release.jar","data/dungeons_arise/tags/worldgen/biome/has_structure/heavenly_rider_biomes.json"
"dungeons_arise:has_structure/heavenly_rider_biomes","minecraft:sunflower_plains","DungeonsArise-1.21.1-2.1.68-release.jar","data/dungeons_arise/tags/worldgen/biome/has_structure/heavenly_rider_biomes.json"
"dungeons_arise:has_structure/illager_campsite_biomes","#dungeons_arise:collections/other_plains","DungeonsArise-1.21.1-2.1.68-release.jar","data/dungeons_arise/tags/worldgen/biome/has_structure/illager_campsite_biomes.json"
"dungeons_arise:has_structure/illager_campsite_biomes","#dungeons_arise:collections/other_snowy","DungeonsArise-1.21.1-2.1.68-release.jar","data/dungeons_arise/tags/worldgen/biome/has_structure/illager_campsite_biomes.json"
"dungeons_arise:has_structure/illager_campsite_biomes","#minecraft:is_hill","DungeonsArise-1.21.1-2.1.68-release.jar","data/dungeons_arise/tags/worldgen/biome/has_structure/illager_campsite_biomes.json"
"dungeons_arise:has_structure/illager_campsite_biomes","minecraft:meadow","DungeonsArise-1.21.1-2.1.68-release.jar","data/dungeons_arise/tags/worldgen/biome/has_structure/illager_campsite_biomes.json"
"dungeons_arise:has_structure/illager_campsite_biomes","minecraft:plains","DungeonsArise-1.21.1-2.1.68-release.jar","data/dungeons_arise/tags/worldgen/biome/has_structure/illager_campsite_biomes.json"
"dungeons_arise:has_structure/illager_campsite_biomes","minecraft:sunflower_plains","DungeonsArise-1.21.1-2.1.68-release.jar","data/dungeons_arise/tags/worldgen/biome/has_structure/illager_campsite_biomes.json"
"dungeons_arise:has_structure/illager_corsair_biomes","#dungeons_arise:collections/other_oceans","DungeonsArise-1.21.1-2.1.68-release.jar","data/dungeons_arise/tags/worldgen/biome/has_structure/illager_corsair_biomes.json"
"dungeons_arise:has_structure/illager_corsair_biomes","#minecraft:is_ocean","DungeonsArise-1.21.1-2.1.68-release.jar","data/dungeons_arise/tags/worldgen/biome/has_structure/illager_corsair_biomes.json"
"dungeons_arise:has_structure/illager_fort_biomes","#dungeons_arise:collections/other_snowy","DungeonsArise-1.21.1-2.1.68-release.jar","data/dungeons_arise/tags/worldgen/biome/has_structure/illager_fort_biomes.json"
"dungeons_arise:has_structure/illager_fort_biomes","#dungeons_arise:collections/other_taigas","DungeonsArise-1.21.1-2.1.68-release.jar","data/dungeons_arise/tags/worldgen/biome/has_structure/illager_fort_biomes.json"
"dungeons_arise:has_structure/illager_fort_biomes","#minecraft:is_taiga","DungeonsArise-1.21.1-2.1.68-release.jar","data/dungeons_arise/tags/worldgen/biome/has_structure/illager_fort_biomes.json"
"dungeons_arise:has_structure/illager_fort_biomes","minecraft:snowy_plains","DungeonsArise-1.21.1-2.1.68-release.jar","data/dungeons_arise/tags/worldgen/biome/has_structure/illager_fort_biomes.json"
"dungeons_arise:has_structure/illager_fort_biomes","minecraft:snowy_slopes","DungeonsArise-1.21.1-2.1.68-release.jar","data/dungeons_arise/tags/worldgen/biome/has_structure/illager_fort_biomes.json"
"dungeons_arise:has_structure/illager_fort_biomes","minecraft:snowy_taiga","DungeonsArise-1.21.1-2.1.68-release.jar","data/dungeons_arise/tags/worldgen/biome/has_structure/illager_fort_biomes.json"
"dungeons_arise:has_structure/illager_galley_biomes","#dungeons_arise:collections/other_oceans","DungeonsArise-1.21.1-2.1.68-release.jar","data/dungeons_arise/tags/worldgen/biome/has_structure/illager_galley_biomes.json"
"dungeons_arise:has_structure/illager_galley_biomes","#minecraft:is_ocean","DungeonsArise-1.21.1-2.1.68-release.jar","data/dungeons_arise/tags/worldgen/biome/has_structure/illager_galley_biomes.json"
"dungeons_arise:has_structure/illager_windmill_biomes","#dungeons_arise:collections/other_plains","DungeonsArise-1.21.1-2.1.68-release.jar","data/dungeons_arise/tags/worldgen/biome/has_structure/illager_windmill_biomes.json"
"dungeons_arise:has_structure/illager_windmill_biomes","minecraft:meadow","DungeonsArise-1.21.1-2.1.68-release.jar","data/dungeons_arise/tags/worldgen/biome/has_structure/illager_windmill_biomes.json"
"dungeons_arise:has_structure/illager_windmill_biomes","minecraft:plains","DungeonsArise-1.21.1-2.1.68-release.jar","data/dungeons_arise/tags/worldgen/biome/has_structure/illager_windmill_biomes.json"
"dungeons_arise:has_structure/illager_windmill_biomes","minecraft:sunflower_plains","DungeonsArise-1.21.1-2.1.68-release.jar","data/dungeons_arise/tags/worldgen/biome/has_structure/illager_windmill_biomes.json"
"dungeons_arise:has_structure/infested_temple_biomes","#dungeons_arise:collections/other_cherry","DungeonsArise-1.21.1-2.1.68-release.jar","data/dungeons_arise/tags/worldgen/biome/has_structure/infested_temple_biomes.json"
"dungeons_arise:has_structure/infested_temple_biomes","#dungeons_arise:collections/other_snowy","DungeonsArise-1.21.1-2.1.68-release.jar","data/dungeons_arise/tags/worldgen/biome/has_structure/infested_temple_biomes.json"
"dungeons_arise:has_structure/infested_temple_biomes","#dungeons_arise:collections/other_taigas","DungeonsArise-1.21.1-2.1.68-release.jar","data/dungeons_arise/tags/worldgen/biome/has_structure/infested_temple_biomes.json"
"dungeons_arise:has_structure/infested_temple_biomes","#minecraft:is_hill","DungeonsArise-1.21.1-2.1.68-release.jar","data/dungeons_arise/tags/worldgen/biome/has_structure/infested_temple_biomes.json"
"dungeons_arise:has_structure/infested_temple_biomes","#minecraft:is_taiga","DungeonsArise-1.21.1-2.1.68-release.jar","data/dungeons_arise/tags/worldgen/biome/has_structure/infested_temple_biomes.json"
"dungeons_arise:has_structure/jungle_tree_house_biomes","#dungeons_arise:collections/other_jungles","DungeonsArise-1.21.1-2.1.68-release.jar","data/dungeons_arise/tags/worldgen/biome/has_structure/jungle_tree_house_biomes.json"
"dungeons_arise:has_structure/jungle_tree_house_biomes","#minecraft:is_jungle","DungeonsArise-1.21.1-2.1.68-release.jar","data/dungeons_arise/tags/worldgen/biome/has_structure/jungle_tree_house_biomes.json"
"dungeons_arise:has_structure/keep_kayra_biomes","#dungeons_arise:collections/other_swamps","DungeonsArise-1.21.1-2.1.68-release.jar","data/dungeons_arise/tags/worldgen/biome/has_structure/keep_kayra_biomes.json"
"dungeons_arise:has_structure/keep_kayra_biomes","minecraft:mangrove_swamp","DungeonsArise-1.21.1-2.1.68-release.jar","data/dungeons_arise/tags/worldgen/biome/has_structure/keep_kayra_biomes.json"
"dungeons_arise:has_structure/keep_kayra_biomes","minecraft:swamp","DungeonsArise-1.21.1-2.1.68-release.jar","data/dungeons_arise/tags/worldgen/biome/has_structure/keep_kayra_biomes.json"
"dungeons_arise:has_structure/kisegi_sanctuary_biomes","#dungeons_arise:collections/other_cherry","DungeonsArise-1.21.1-2.1.68-release.jar","data/dungeons_arise/tags/worldgen/biome/has_structure/kisegi_sanctuary_biomes.json"
"dungeons_arise:has_structure/kisegi_sanctuary_biomes","#dungeons_arise:collections/other_plains","DungeonsArise-1.21.1-2.1.68-release.jar","data/dungeons_arise/tags/worldgen/biome/has_structure/kisegi_sanctuary_biomes.json"
"dungeons_arise:has_structure/kisegi_sanctuary_biomes","#minecraft:is_hill","DungeonsArise-1.21.1-2.1.68-release.jar","data/dungeons_arise/tags/worldgen/biome/has_structure/kisegi_sanctuary_biomes.json"
"dungeons_arise:has_structure/kisegi_sanctuary_biomes","minecraft:plains","DungeonsArise-1.21.1-2.1.68-release.jar","data/dungeons_arise/tags/worldgen/biome/has_structure/kisegi_sanctuary_biomes.json"
"dungeons_arise:has_structure/lighthouse_biomes","#dungeons_arise:collections/other_plains","DungeonsArise-1.21.1-2.1.68-release.jar","data/dungeons_arise/tags/worldgen/biome/has_structure/lighthouse_biomes.json"
"dungeons_arise:has_structure/lighthouse_biomes","#minecraft:is_beach","DungeonsArise-1.21.1-2.1.68-release.jar","data/dungeons_arise/tags/worldgen/biome/has_structure/lighthouse_biomes.json"
"dungeons_arise:has_structure/lighthouse_biomes","minecraft:plains","DungeonsArise-1.21.1-2.1.68-release.jar","data/dungeons_arise/tags/worldgen/biome/has_structure/lighthouse_biomes.json"
"dungeons_arise:has_structure/mechanical_nest_biomes","#dungeons_arise:collections/other_forests","DungeonsArise-1.21.1-2.1.68-release.jar","data/dungeons_arise/tags/worldgen/biome/has_structure/mechanical_nest_biomes.json"
"dungeons_arise:has_structure/mechanical_nest_biomes","#minecraft:is_forest","DungeonsArise-1.21.1-2.1.68-release.jar","data/dungeons_arise/tags/worldgen/biome/has_structure/mechanical_nest_biomes.json"
"dungeons_arise:has_structure/mechanical_nest_biomes","minecraft:mangrove_swamp","DungeonsArise-1.21.1-2.1.68-release.jar","data/dungeons_arise/tags/worldgen/biome/has_structure/mechanical_nest_biomes.json"
"dungeons_arise:has_structure/mechanical_nest_biomes","minecraft:swamp","DungeonsArise-1.21.1-2.1.68-release.jar","data/dungeons_arise/tags/worldgen/biome/has_structure/mechanical_nest_biomes.json"
"dungeons_arise:has_structure/merchant_campsite_biomes","#dungeons_arise:collections/other_plains","DungeonsArise-1.21.1-2.1.68-release.jar","data/dungeons_arise/tags/worldgen/biome/has_structure/merchant_campsite_biomes.json"
"dungeons_arise:has_structure/merchant_campsite_biomes","minecraft:meadow","DungeonsArise-1.21.1-2.1.68-release.jar","data/dungeons_arise/tags/worldgen/biome/has_structure/merchant_campsite_biomes.json"
"dungeons_arise:has_structure/merchant_campsite_biomes","minecraft:plains","DungeonsArise-1.21.1-2.1.68-release.jar","data/dungeons_arise/tags/worldgen/biome/has_structure/merchant_campsite_biomes.json"
"dungeons_arise:has_structure/merchant_campsite_biomes","minecraft:sunflower_plains","DungeonsArise-1.21.1-2.1.68-release.jar","data/dungeons_arise/tags/worldgen/biome/has_structure/merchant_campsite_biomes.json"
"dungeons_arise:has_structure/mining_complex_biomes","#dungeons_arise:collections/other_forests","DungeonsArise-1.21.1-2.1.68-release.jar","data/dungeons_arise/tags/worldgen/biome/has_structure/mining_complex_biomes.json"
"dungeons_arise:has_structure/mining_complex_biomes","#dungeons_arise:collections/other_taigas","DungeonsArise-1.21.1-2.1.68-release.jar","data/dungeons_arise/tags/worldgen/biome/has_structure/mining_complex_biomes.json"
"dungeons_arise:has_structure/mining_complex_biomes","#minecraft:is_forest","DungeonsArise-1.21.1-2.1.68-release.jar","data/dungeons_arise/tags/worldgen/biome/has_structure/mining_complex_biomes.json"
"dungeons_arise:has_structure/mining_complex_biomes","#minecraft:is_jungle","DungeonsArise-1.21.1-2.1.68-release.jar","data/dungeons_arise/tags/worldgen/biome/has_structure/mining_complex_biomes.json"
"dungeons_arise:has_structure/mining_complex_biomes","#minecraft:is_taiga","DungeonsArise-1.21.1-2.1.68-release.jar","data/dungeons_arise/tags/worldgen/biome/has_structure/mining_complex_biomes.json"
"dungeons_arise:has_structure/mining_complex_biomes","minecraft:desert","DungeonsArise-1.21.1-2.1.68-release.jar","data/dungeons_arise/tags/worldgen/biome/has_structure/mining_complex_biomes.json"
"dungeons_arise:has_structure/mining_complex_biomes","minecraft:plains","DungeonsArise-1.21.1-2.1.68-release.jar","data/dungeons_arise/tags/worldgen/biome/has_structure/mining_complex_biomes.json"
"dungeons_arise:has_structure/mining_complex_biomes","minecraft:savanna","DungeonsArise-1.21.1-2.1.68-release.jar","data/dungeons_arise/tags/worldgen/biome/has_structure/mining_complex_biomes.json"
"dungeons_arise:has_structure/mining_complex_biomes","minecraft:savanna_plateau","DungeonsArise-1.21.1-2.1.68-release.jar","data/dungeons_arise/tags/worldgen/biome/has_structure/mining_complex_biomes.json"
"dungeons_arise:has_structure/mining_complex_biomes","minecraft:snowy_plains","DungeonsArise-1.21.1-2.1.68-release.jar","data/dungeons_arise/tags/worldgen/biome/has_structure/mining_complex_biomes.json"
"dungeons_arise:has_structure/mining_complex_biomes","minecraft:sunflower_plains","DungeonsArise-1.21.1-2.1.68-release.jar","data/dungeons_arise/tags/worldgen/biome/has_structure/mining_complex_biomes.json"
"dungeons_arise:has_structure/mining_complex_biomes","minecraft:windswept_savanna","DungeonsArise-1.21.1-2.1.68-release.jar","data/dungeons_arise/tags/worldgen/biome/has_structure/mining_complex_biomes.json"
"dungeons_arise:has_structure/monastery_biomes","#dungeons_arise:collections/other_mountains","DungeonsArise-1.21.1-2.1.68-release.jar","data/dungeons_arise/tags/worldgen/biome/has_structure/monastery_biomes.json"
"dungeons_arise:has_structure/monastery_biomes","#dungeons_arise:collections/other_taigas","DungeonsArise-1.21.1-2.1.68-release.jar","data/dungeons_arise/tags/worldgen/biome/has_structure/monastery_biomes.json"
"dungeons_arise:has_structure/monastery_biomes","#minecraft:is_hill","DungeonsArise-1.21.1-2.1.68-release.jar","data/dungeons_arise/tags/worldgen/biome/has_structure/monastery_biomes.json"
"dungeons_arise:has_structure/monastery_biomes","#minecraft:is_mountain","DungeonsArise-1.21.1-2.1.68-release.jar","data/dungeons_arise/tags/worldgen/biome/has_structure/monastery_biomes.json"
"dungeons_arise:has_structure/monastery_biomes","#minecraft:is_taiga","DungeonsArise-1.21.1-2.1.68-release.jar","data/dungeons_arise/tags/worldgen/biome/has_structure/monastery_biomes.json"
"dungeons_arise:has_structure/mushroom_house_biomes","#dungeons_arise:collections/other_forests","DungeonsArise-1.21.1-2.1.68-release.jar","data/dungeons_arise/tags/worldgen/biome/has_structure/mushroom_house_biomes.json"
"dungeons_arise:has_structure/mushroom_house_biomes","#minecraft:is_forest","DungeonsArise-1.21.1-2.1.68-release.jar","data/dungeons_arise/tags/worldgen/biome/has_structure/mushroom_house_biomes.json"
"dungeons_arise:has_structure/mushroom_mines_biomes","#dungeons_arise:collections/other_forests","DungeonsArise-1.21.1-2.1.68-release.jar","data/dungeons_arise/tags/worldgen/biome/has_structure/mushroom_mines_biomes.json"
"dungeons_arise:has_structure/mushroom_mines_biomes","#minecraft:is_forest","DungeonsArise-1.21.1-2.1.68-release.jar","data/dungeons_arise/tags/worldgen/biome/has_structure/mushroom_mines_biomes.json"
"dungeons_arise:has_structure/mushroom_village_biomes","#dungeons_arise:collections/other_forests","DungeonsArise-1.21.1-2.1.68-release.jar","data/dungeons_arise/tags/worldgen/biome/has_structure/mushroom_village_biomes.json"
"dungeons_arise:has_structure/mushroom_village_biomes","#minecraft:is_forest","DungeonsArise-1.21.1-2.1.68-release.jar","data/dungeons_arise/tags/worldgen/biome/has_structure/mushroom_village_biomes.json"
"dungeons_arise:has_structure/plague_asylum_biomes","#dungeons_arise:collections/other_forests","DungeonsArise-1.21.1-2.1.68-release.jar","data/dungeons_arise/tags/worldgen/biome/has_structure/plague_asylum_biomes.json"
"dungeons_arise:has_structure/plague_asylum_biomes","#dungeons_arise:collections/other_mountains","DungeonsArise-1.21.1-2.1.68-release.jar","data/dungeons_arise/tags/worldgen/biome/has_structure/plague_asylum_biomes.json"
"dungeons_arise:has_structure/plague_asylum_biomes","#dungeons_arise:collections/other_taigas","DungeonsArise-1.21.1-2.1.68-release.jar","data/dungeons_arise/tags/worldgen/biome/has_structure/plague_asylum_biomes.json"
"dungeons_arise:has_structure/plague_asylum_biomes","#minecraft:is_forest","DungeonsArise-1.21.1-2.1.68-release.jar","data/dungeons_arise/tags/worldgen/biome/has_structure/plague_asylum_biomes.json"
"dungeons_arise:has_structure/scorched_mines_biomes","#dungeons_arise:collections/other_deserts","DungeonsArise-1.21.1-2.1.68-release.jar","data/dungeons_arise/tags/worldgen/biome/has_structure/scorched_mines_biomes.json"
"dungeons_arise:has_structure/scorched_mines_biomes","#minecraft:has_structure/desert_pyramid","DungeonsArise-1.21.1-2.1.68-release.jar","data/dungeons_arise/tags/worldgen/biome/has_structure/scorched_mines_biomes.json"
"dungeons_arise:has_structure/scorched_mines_biomes","minecraft:desert","DungeonsArise-1.21.1-2.1.68-release.jar","data/dungeons_arise/tags/worldgen/biome/has_structure/scorched_mines_biomes.json"
"dungeons_arise:has_structure/shiraz_palace_biomes","#dungeons_arise:collections/other_deserts","DungeonsArise-1.21.1-2.1.68-release.jar","data/dungeons_arise/tags/worldgen/biome/has_structure/shiraz_palace_biomes.json"
"dungeons_arise:has_structure/shiraz_palace_biomes","#minecraft:has_structure/desert_pyramid","DungeonsArise-1.21.1-2.1.68-release.jar","data/dungeons_arise/tags/worldgen/biome/has_structure/shiraz_palace_biomes.json"
"dungeons_arise:has_structure/shiraz_palace_biomes","minecraft:desert","DungeonsArise-1.21.1-2.1.68-release.jar","data/dungeons_arise/tags/worldgen/biome/has_structure/shiraz_palace_biomes.json"
"dungeons_arise:has_structure/small_blimp_biomes","#dungeons_arise:collections/other_forests","DungeonsArise-1.21.1-2.1.68-release.jar","data/dungeons_arise/tags/worldgen/biome/has_structure/small_blimp_biomes.json"
"dungeons_arise:has_structure/small_blimp_biomes","#dungeons_arise:collections/other_plains","DungeonsArise-1.21.1-2.1.68-release.jar","data/dungeons_arise/tags/worldgen/biome/has_structure/small_blimp_biomes.json"
"dungeons_arise:has_structure/small_blimp_biomes","#dungeons_arise:collections/other_taigas","DungeonsArise-1.21.1-2.1.68-release.jar","data/dungeons_arise/tags/worldgen/biome/has_structure/small_blimp_biomes.json"
"dungeons_arise:has_structure/small_blimp_biomes","#minecraft:is_forest","DungeonsArise-1.21.1-2.1.68-release.jar","data/dungeons_arise/tags/worldgen/biome/has_structure/small_blimp_biomes.json"
"dungeons_arise:has_structure/small_blimp_biomes","#minecraft:is_jungle","DungeonsArise-1.21.1-2.1.68-release.jar","data/dungeons_arise/tags/worldgen/biome/has_structure/small_blimp_biomes.json"
"dungeons_arise:has_structure/small_blimp_biomes","#minecraft:is_taiga","DungeonsArise-1.21.1-2.1.68-release.jar","data/dungeons_arise/tags/worldgen/biome/has_structure/small_blimp_biomes.json"
"dungeons_arise:has_structure/small_blimp_biomes","minecraft:desert","DungeonsArise-1.21.1-2.1.68-release.jar","data/dungeons_arise/tags/worldgen/biome/has_structure/small_blimp_biomes.json"
"dungeons_arise:has_structure/small_blimp_biomes","minecraft:plains","DungeonsArise-1.21.1-2.1.68-release.jar","data/dungeons_arise/tags/worldgen/biome/has_structure/small_blimp_biomes.json"
"dungeons_arise:has_structure/small_blimp_biomes","minecraft:savanna","DungeonsArise-1.21.1-2.1.68-release.jar","data/dungeons_arise/tags/worldgen/biome/has_structure/small_blimp_biomes.json"
"dungeons_arise:has_structure/small_blimp_biomes","minecraft:savanna_plateau","DungeonsArise-1.21.1-2.1.68-release.jar","data/dungeons_arise/tags/worldgen/biome/has_structure/small_blimp_biomes.json"
"dungeons_arise:has_structure/small_blimp_biomes","minecraft:snowy_plains","DungeonsArise-1.21.1-2.1.68-release.jar","data/dungeons_arise/tags/worldgen/biome/has_structure/small_blimp_biomes.json"
"dungeons_arise:has_structure/small_blimp_biomes","minecraft:sunflower_plains","DungeonsArise-1.21.1-2.1.68-release.jar","data/dungeons_arise/tags/worldgen/biome/has_structure/small_blimp_biomes.json"
"dungeons_arise:has_structure/small_blimp_biomes","minecraft:windswept_savanna","DungeonsArise-1.21.1-2.1.68-release.jar","data/dungeons_arise/tags/worldgen/biome/has_structure/small_blimp_biomes.json"
"dungeons_arise:has_structure/small_prairie_house_biomes","minecraft:meadow","DungeonsArise-1.21.1-2.1.68-release.jar","data/dungeons_arise/tags/worldgen/biome/has_structure/small_prairie_house_biomes.json"
"dungeons_arise:has_structure/small_prairie_house_biomes","minecraft:plains","DungeonsArise-1.21.1-2.1.68-release.jar","data/dungeons_arise/tags/worldgen/biome/has_structure/small_prairie_house_biomes.json"
"dungeons_arise:has_structure/small_prairie_house_biomes","minecraft:sunflower_plains","DungeonsArise-1.21.1-2.1.68-release.jar","data/dungeons_arise/tags/worldgen/biome/has_structure/small_prairie_house_biomes.json"
"dungeons_arise:has_structure/thornborn_towers_biomes","#dungeons_arise:collections/other_forests","DungeonsArise-1.21.1-2.1.68-release.jar","data/dungeons_arise/tags/worldgen/biome/has_structure/thornborn_towers_biomes.json"
"dungeons_arise:has_structure/thornborn_towers_biomes","#minecraft:is_forest","DungeonsArise-1.21.1-2.1.68-release.jar","data/dungeons_arise/tags/worldgen/biome/has_structure/thornborn_towers_biomes.json"
"dungeons_arise:has_structure/typhon_biomes","#dungeons_arise:collections/other_oceans","DungeonsArise-1.21.1-2.1.68-release.jar","data/dungeons_arise/tags/worldgen/biome/has_structure/typhon_biomes.json"
"dungeons_arise:has_structure/typhon_biomes","#minecraft:is_ocean","DungeonsArise-1.21.1-2.1.68-release.jar","data/dungeons_arise/tags/worldgen/biome/has_structure/typhon_biomes.json"
"dungeons_arise:has_structure/undead_pirate_ship_biomes","#dungeons_arise:collections/other_oceans","DungeonsArise-1.21.1-2.1.68-release.jar","data/dungeons_arise/tags/worldgen/biome/has_structure/undead_pirate_ship_biomes.json"
"dungeons_arise:has_structure/undead_pirate_ship_biomes","#minecraft:is_ocean","DungeonsArise-1.21.1-2.1.68-release.jar","data/dungeons_arise/tags/worldgen/biome/has_structure/undead_pirate_ship_biomes.json"
"dungeons_arise:has_structure/wishing_well_biomes","#dungeons_arise:collections/other_plains","DungeonsArise-1.21.1-2.1.68-release.jar","data/dungeons_arise/tags/worldgen/biome/has_structure/wishing_well_biomes.json"
"dungeons_arise:has_structure/wishing_well_biomes","minecraft:meadow","DungeonsArise-1.21.1-2.1.68-release.jar","data/dungeons_arise/tags/worldgen/biome/has_structure/wishing_well_biomes.json"
"dungeons_arise:has_structure/wishing_well_biomes","minecraft:plains","DungeonsArise-1.21.1-2.1.68-release.jar","data/dungeons_arise/tags/worldgen/biome/has_structure/wishing_well_biomes.json"
"dungeons_arise:has_structure/wishing_well_biomes","minecraft:sunflower_plains","DungeonsArise-1.21.1-2.1.68-release.jar","data/dungeons_arise/tags/worldgen/biome/has_structure/wishing_well_biomes.json"
"dungeons_arise_seven_seas:has_structure/corsair_corvette_biomes","#integrated_api:collections/deep_oceans","ISS-1.21.1.jar","data/dungeons_arise_seven_seas/tags/worldgen/biome/has_structure/corsair_corvette_biomes.json"
"dungeons_arise_seven_seas:has_structure/corsair_corvette_biomes","#minecraft:is_ocean","DungeonsAriseSevenSeas-1.21.x-1.0.4-neoforge.jar","data/dungeons_arise_seven_seas/tags/worldgen/biome/has_structure/corsair_corvette_biomes.json"
"dungeons_arise_seven_seas:has_structure/corsair_corvette_biomes","minecraft:deep_ocean","ISS-1.21.1.jar","data/dungeons_arise_seven_seas/tags/worldgen/biome/has_structure/corsair_corvette_biomes.json"
"dungeons_arise_seven_seas:has_structure/pirate_junk_biomes","#integrated_api:collections/deep_oceans","ISS-1.21.1.jar","data/dungeons_arise_seven_seas/tags/worldgen/biome/has_structure/pirate_junk_biomes.json"
"dungeons_arise_seven_seas:has_structure/pirate_junk_biomes","#minecraft:is_ocean","DungeonsAriseSevenSeas-1.21.x-1.0.4-neoforge.jar","data/dungeons_arise_seven_seas/tags/worldgen/biome/has_structure/pirate_junk_biomes.json"
"dungeons_arise_seven_seas:has_structure/pirate_junk_biomes","minecraft:deep_ocean","ISS-1.21.1.jar","data/dungeons_arise_seven_seas/tags/worldgen/biome/has_structure/pirate_junk_biomes.json"
"dungeons_arise_seven_seas:has_structure/small_yacht_biomes","#integrated_api:collections/deep_oceans","ISS-1.21.1.jar","data/dungeons_arise_seven_seas/tags/worldgen/biome/has_structure/small_yacht_biomes.json"
"dungeons_arise_seven_seas:has_structure/small_yacht_biomes","#minecraft:is_ocean","DungeonsAriseSevenSeas-1.21.x-1.0.4-neoforge.jar","data/dungeons_arise_seven_seas/tags/worldgen/biome/has_structure/small_yacht_biomes.json"
"dungeons_arise_seven_seas:has_structure/small_yacht_biomes","minecraft:deep_ocean","ISS-1.21.1.jar","data/dungeons_arise_seven_seas/tags/worldgen/biome/has_structure/small_yacht_biomes.json"
"dungeons_arise_seven_seas:has_structure/unicorn_galleon_biomes","#integrated_api:collections/deep_oceans","ISS-1.21.1.jar","data/dungeons_arise_seven_seas/tags/worldgen/biome/has_structure/unicorn_galleon_biomes.json"
"dungeons_arise_seven_seas:has_structure/unicorn_galleon_biomes","#minecraft:is_ocean","DungeonsAriseSevenSeas-1.21.x-1.0.4-neoforge.jar","data/dungeons_arise_seven_seas/tags/worldgen/biome/has_structure/unicorn_galleon_biomes.json"
"dungeons_arise_seven_seas:has_structure/unicorn_galleon_biomes","minecraft:deep_ocean","ISS-1.21.1.jar","data/dungeons_arise_seven_seas/tags/worldgen/biome/has_structure/unicorn_galleon_biomes.json"
"dungeons_arise_seven_seas:has_structure/victory_frigate_biomes","#minecraft:is_ocean","DungeonsAriseSevenSeas-1.21.x-1.0.4-neoforge.jar","data/dungeons_arise_seven_seas/tags/worldgen/biome/has_structure/victory_frigate_biomes.json"
"ftbessentials:ignore_rtp","#minecraft:is_ocean","ftb-essentials-neoforge-2101.1.10.jar","data/ftbessentials/tags/worldgen/biome/ignore_rtp.json"
"graveyard:ghoul_spawns","#c:is_dense_vegetation/overworld","graveyard-2.6.2 NeoForge 1.21.1.jar","data/graveyard/tags/worldgen/biome/ghoul_spawns.json"
"graveyard:ghoul_spawns","#c:is_swamp","graveyard-2.6.2 NeoForge 1.21.1.jar","data/graveyard/tags/worldgen/biome/ghoul_spawns.json"
"graveyard:ghoul_spawns","#c:is_tree/coniferous","graveyard-2.6.2 NeoForge 1.21.1.jar","data/graveyard/tags/worldgen/biome/ghoul_spawns.json"
"graveyard:has_structure/altar","minecraft:ice_spikes","graveyard-2.6.2 NeoForge 1.21.1.jar","data/graveyard/tags/worldgen/biome/has_structure/altar.json"
"graveyard:has_structure/altar","minecraft:snowy_plains","graveyard-2.6.2 NeoForge 1.21.1.jar","data/graveyard/tags/worldgen/biome/has_structure/altar.json"
"graveyard:has_structure/crypt","#c:is_underground","graveyard-2.6.2 NeoForge 1.21.1.jar","data/graveyard/tags/worldgen/biome/has_structure/crypt.json"
"graveyard:has_structure/dead_tree","#c:is_dense_vegetation/overworld","graveyard-2.6.2 NeoForge 1.21.1.jar","data/graveyard/tags/worldgen/biome/has_structure/dead_tree.json"
"graveyard:has_structure/dead_tree","#c:is_swamp","graveyard-2.6.2 NeoForge 1.21.1.jar","data/graveyard/tags/worldgen/biome/has_structure/dead_tree.json"
"graveyard:has_structure/dead_tree","#c:is_tree/coniferous","graveyard-2.6.2 NeoForge 1.21.1.jar","data/graveyard/tags/worldgen/biome/has_structure/dead_tree.json"
"graveyard:has_structure/dead_tree","minecraft:forest","graveyard-2.6.2 NeoForge 1.21.1.jar","data/graveyard/tags/worldgen/biome/has_structure/dead_tree.json"
"graveyard:has_structure/giant_mushroom","#c:is_mushroom","graveyard-2.6.2 NeoForge 1.21.1.jar","data/graveyard/tags/worldgen/biome/has_structure/giant_mushroom.json"
"graveyard:has_structure/haunted_house","#c:is_swamp","graveyard-2.6.2 NeoForge 1.21.1.jar","data/graveyard/tags/worldgen/biome/has_structure/haunted_house.json"
"graveyard:has_structure/haunted_house","graveyard_biomes:haunted_lakes","graveyard-2.6.2 NeoForge 1.21.1.jar","data/graveyard/tags/worldgen/biome/has_structure/haunted_house.json"
"graveyard:has_structure/haunted_house","minecraft:dark_forest","graveyard-2.6.2 NeoForge 1.21.1.jar","data/graveyard/tags/worldgen/biome/has_structure/haunted_house.json"
"graveyard:has_structure/haunted_house","minecraft:old_growth_pine_taiga","graveyard-2.6.2 NeoForge 1.21.1.jar","data/graveyard/tags/worldgen/biome/has_structure/haunted_house.json"
"graveyard:has_structure/haunted_house","minecraft:old_growth_spruce_taiga","graveyard-2.6.2 NeoForge 1.21.1.jar","data/graveyard/tags/worldgen/biome/has_structure/haunted_house.json"
"graveyard:has_structure/haunted_house","terralith:cloud_forest","graveyard-2.6.2 NeoForge 1.21.1.jar","data/graveyard/tags/worldgen/biome/has_structure/haunted_house.json"
"graveyard:has_structure/haunted_house","terralith:moonlight_valley","graveyard-2.6.2 NeoForge 1.21.1.jar","data/graveyard/tags/worldgen/biome/has_structure/haunted_house.json"
"graveyard:has_structure/large_graveyard","#c:is_plains","graveyard-2.6.2 NeoForge 1.21.1.jar","data/graveyard/tags/worldgen/biome/has_structure/large_graveyard.json"
"graveyard:has_structure/large_graveyard","graveyard_biomes:haunted_forest","graveyard-2.6.2 NeoForge 1.21.1.jar","data/graveyard/tags/worldgen/biome/has_structure/large_graveyard.json"
"graveyard:has_structure/large_graveyard","minecraft:snowy_taiga","graveyard-2.6.2 NeoForge 1.21.1.jar","data/graveyard/tags/worldgen/biome/has_structure/large_graveyard.json"
"graveyard:has_structure/large_graveyard","minecraft:taiga","graveyard-2.6.2 NeoForge 1.21.1.jar","data/graveyard/tags/worldgen/biome/has_structure/large_graveyard.json"
"graveyard:has_structure/large_graveyard","terralith:forested_highlands","graveyard-2.6.2 NeoForge 1.21.1.jar","data/graveyard/tags/worldgen/biome/has_structure/large_graveyard.json"
"graveyard:has_structure/large_graveyard","terralith:lush_valley","graveyard-2.6.2 NeoForge 1.21.1.jar","data/graveyard/tags/worldgen/biome/has_structure/large_graveyard.json"
"graveyard:has_structure/large_graveyard","terralith:shield","graveyard-2.6.2 NeoForge 1.21.1.jar","data/graveyard/tags/worldgen/biome/has_structure/large_graveyard.json"
"graveyard:has_structure/large_graveyard","terralith:shield_clearing","graveyard-2.6.2 NeoForge 1.21.1.jar","data/graveyard/tags/worldgen/biome/has_structure/large_graveyard.json"
"graveyard:has_structure/large_graveyard","terralith:wintry_forest","graveyard-2.6.2 NeoForge 1.21.1.jar","data/graveyard/tags/worldgen/biome/has_structure/large_graveyard.json"
"graveyard:has_structure/lich_prison","minecraft:deep_lukewarm_ocean","graveyard-2.6.2 NeoForge 1.21.1.jar","data/graveyard/tags/worldgen/biome/has_structure/lich_prison.json"
"graveyard:has_structure/lich_prison","minecraft:deep_ocean","graveyard-2.6.2 NeoForge 1.21.1.jar","data/graveyard/tags/worldgen/biome/has_structure/lich_prison.json"
"graveyard:has_structure/lich_prison","minecraft:lukewarm_ocean","graveyard-2.6.2 NeoForge 1.21.1.jar","data/graveyard/tags/worldgen/biome/has_structure/lich_prison.json"
"graveyard:has_structure/lich_prison","minecraft:ocean","graveyard-2.6.2 NeoForge 1.21.1.jar","data/graveyard/tags/worldgen/biome/has_structure/lich_prison.json"
"graveyard:has_structure/lich_prison","minecraft:warm_ocean","graveyard-2.6.2 NeoForge 1.21.1.jar","data/graveyard/tags/worldgen/biome/has_structure/lich_prison.json"
"graveyard:has_structure/medium_graveyard","graveyard_biomes:eroded_haunted_forest","graveyard-2.6.2 NeoForge 1.21.1.jar","data/graveyard/tags/worldgen/biome/has_structure/medium_graveyard.json"
"graveyard:has_structure/medium_graveyard","minecraft:flower_forest","graveyard-2.6.2 NeoForge 1.21.1.jar","data/graveyard/tags/worldgen/biome/has_structure/medium_graveyard.json"
"graveyard:has_structure/medium_graveyard","minecraft:forest","graveyard-2.6.2 NeoForge 1.21.1.jar","data/graveyard/tags/worldgen/biome/has_structure/medium_graveyard.json"
"graveyard:has_structure/medium_graveyard","minecraft:windswept_forest","graveyard-2.6.2 NeoForge 1.21.1.jar","data/graveyard/tags/worldgen/biome/has_structure/medium_graveyard.json"
"graveyard:has_structure/medium_graveyard","terralith:blooming_valley","graveyard-2.6.2 NeoForge 1.21.1.jar","data/graveyard/tags/worldgen/biome/has_structure/medium_graveyard.json"
"graveyard:has_structure/medium_graveyard","terralith:brushland","graveyard-2.6.2 NeoForge 1.21.1.jar","data/graveyard/tags/worldgen/biome/has_structure/medium_graveyard.json"
"graveyard:has_structure/medium_graveyard","terralith:temperate_highlands","graveyard-2.6.2 NeoForge 1.21.1.jar","data/graveyard/tags/worldgen/biome/has_structure/medium_graveyard.json"
"graveyard:has_structure/memorial_tree","minecraft:birch_forest","graveyard-2.6.2 NeoForge 1.21.1.jar","data/graveyard/tags/worldgen/biome/has_structure/memorial_tree.json"
"graveyard:has_structure/memorial_tree","minecraft:old_growth_birch_forest","graveyard-2.6.2 NeoForge 1.21.1.jar","data/graveyard/tags/worldgen/biome/has_structure/memorial_tree.json"
"graveyard:has_structure/memorial_tree","terralith:birch_taiga","graveyard-2.6.2 NeoForge 1.21.1.jar","data/graveyard/tags/worldgen/biome/has_structure/memorial_tree.json"
"graveyard:has_structure/mushroom_grave","#c:is_mushroom","graveyard-2.6.2 NeoForge 1.21.1.jar","data/graveyard/tags/worldgen/biome/has_structure/mushroom_grave.json"
"graveyard:has_structure/mushroom_grave","#c:is_swamp","graveyard-2.6.2 NeoForge 1.21.1.jar","data/graveyard/tags/worldgen/biome/has_structure/mushroom_grave.json"
"graveyard:has_structure/mushroom_grave","minecraft:bamboo_jungle","graveyard-2.6.2 NeoForge 1.21.1.jar","data/graveyard/tags/worldgen/biome/has_structure/mushroom_grave.json"
"graveyard:has_structure/mushroom_grave","minecraft:jungle","graveyard-2.6.2 NeoForge 1.21.1.jar","data/graveyard/tags/worldgen/biome/has_structure/mushroom_grave.json"
"graveyard:has_structure/mushroom_grave","minecraft:sparse_jungle","graveyard-2.6.2 NeoForge 1.21.1.jar","data/graveyard/tags/worldgen/biome/has_structure/mushroom_grave.json"
"graveyard:has_structure/ruins","#c:is_dense_vegetation/overworld","graveyard-2.6.2 NeoForge 1.21.1.jar","data/graveyard/tags/worldgen/biome/has_structure/ruins.json"
"graveyard:has_structure/ruins","minecraft:forest","graveyard-2.6.2 NeoForge 1.21.1.jar","data/graveyard/tags/worldgen/biome/has_structure/ruins.json"
"graveyard:has_structure/small_desert_grave","minecraft:desert","graveyard-2.6.2 NeoForge 1.21.1.jar","data/graveyard/tags/worldgen/biome/has_structure/small_desert_grave.json"
"graveyard:has_structure/small_desert_graveyard","minecraft:desert","graveyard-2.6.2 NeoForge 1.21.1.jar","data/graveyard/tags/worldgen/biome/has_structure/small_desert_graveyard.json"
"graveyard:has_structure/small_grave","#c:is_dense_vegetation/overworld","graveyard-2.6.2 NeoForge 1.21.1.jar","data/graveyard/tags/worldgen/biome/has_structure/small_grave.json"
"graveyard:has_structure/small_grave","#c:is_plains","graveyard-2.6.2 NeoForge 1.21.1.jar","data/graveyard/tags/worldgen/biome/has_structure/small_grave.json"
"graveyard:has_structure/small_grave","#c:is_tree/coniferous","graveyard-2.6.2 NeoForge 1.21.1.jar","data/graveyard/tags/worldgen/biome/has_structure/small_grave.json"
"graveyard:has_structure/small_grave","minecraft:forest","graveyard-2.6.2 NeoForge 1.21.1.jar","data/graveyard/tags/worldgen/biome/has_structure/small_grave.json"
"graveyard:has_structure/small_grave","terralith:blooming_plateau","graveyard-2.6.2 NeoForge 1.21.1.jar","data/graveyard/tags/worldgen/biome/has_structure/small_grave.json"
"graveyard:has_structure/small_grave","terralith:blooming_valley","graveyard-2.6.2 NeoForge 1.21.1.jar","data/graveyard/tags/worldgen/biome/has_structure/small_grave.json"
"graveyard:has_structure/small_graveyard","#c:is_plains","graveyard-2.6.2 NeoForge 1.21.1.jar","data/graveyard/tags/worldgen/biome/has_structure/small_graveyard.json"
"graveyard:has_structure/small_graveyard","minecraft:meadow","graveyard-2.6.2 NeoForge 1.21.1.jar","data/graveyard/tags/worldgen/biome/has_structure/small_graveyard.json"
"graveyard:has_structure/small_graveyard","terralith:blooming_plateau","graveyard-2.6.2 NeoForge 1.21.1.jar","data/graveyard/tags/worldgen/biome/has_structure/small_graveyard.json"
"graveyard:has_structure/small_graveyard","terralith:blooming_valley","graveyard-2.6.2 NeoForge 1.21.1.jar","data/graveyard/tags/worldgen/biome/has_structure/small_graveyard.json"
"graveyard:has_structure/small_mountain_grave","#c:is_mountain","graveyard-2.6.2 NeoForge 1.21.1.jar","data/graveyard/tags/worldgen/biome/has_structure/small_mountain_grave.json"
"graveyard:has_structure/small_mountain_grave","terralith:haze_mountain","graveyard-2.6.2 NeoForge 1.21.1.jar","data/graveyard/tags/worldgen/biome/has_structure/small_mountain_grave.json"
"graveyard:has_structure/small_mountain_grave","terralith:mountain_steppe","graveyard-2.6.2 NeoForge 1.21.1.jar","data/graveyard/tags/worldgen/biome/has_structure/small_mountain_grave.json"
"graveyard:has_structure/small_mountain_grave","terralith:painted_mountains","graveyard-2.6.2 NeoForge 1.21.1.jar","data/graveyard/tags/worldgen/biome/has_structure/small_mountain_grave.json"
"graveyard:has_structure/small_mountain_grave","terralith:rocky_mountains","graveyard-2.6.2 NeoForge 1.21.1.jar","data/graveyard/tags/worldgen/biome/has_structure/small_mountain_grave.json"
"graveyard:has_structure/small_savanna_grave","#c:is_dry/overworld","graveyard-2.6.2 NeoForge 1.21.1.jar","data/graveyard/tags/worldgen/biome/has_structure/small_savanna_grave.json"
"graveyard:has_structure/small_savanna_grave","terralith:fractured_savanna","graveyard-2.6.2 NeoForge 1.21.1.jar","data/graveyard/tags/worldgen/biome/has_structure/small_savanna_grave.json"
"graveyard:has_structure/small_savanna_grave","terralith:savanna_badlands","graveyard-2.6.2 NeoForge 1.21.1.jar","data/graveyard/tags/worldgen/biome/has_structure/small_savanna_grave.json"
"graveyard:has_structure/small_savanna_grave","terralith:savanna_slopes","graveyard-2.6.2 NeoForge 1.21.1.jar","data/graveyard/tags/worldgen/biome/has_structure/small_savanna_grave.json"
"graveyard:nightmare_spawns","#c:is_dry/overworld","graveyard-2.6.2 NeoForge 1.21.1.jar","data/graveyard/tags/worldgen/biome/nightmare_spawns.json"
"graveyard:nightmare_spawns","#c:is_plains","graveyard-2.6.2 NeoForge 1.21.1.jar","data/graveyard/tags/worldgen/biome/nightmare_spawns.json"
"graveyard:nightmare_spawns","#c:is_sandy","graveyard-2.6.2 NeoForge 1.21.1.jar","data/graveyard/tags/worldgen/biome/nightmare_spawns.json"
"graveyard:nightmare_spawns","#c:is_snowy","graveyard-2.6.2 NeoForge 1.21.1.jar","data/graveyard/tags/worldgen/biome/nightmare_spawns.json"
"graveyard:nightmare_spawns","#c:is_swamp","graveyard-2.6.2 NeoForge 1.21.1.jar","data/graveyard/tags/worldgen/biome/nightmare_spawns.json"
"graveyard:nightmare_spawns","#c:is_wasteland","graveyard-2.6.2 NeoForge 1.21.1.jar","data/graveyard/tags/worldgen/biome/nightmare_spawns.json"
"graveyard:reaper_spawns","#c:is_spooky","graveyard-2.6.2 NeoForge 1.21.1.jar","data/graveyard/tags/worldgen/biome/reaper_spawns.json"
"graveyard:revenant_spawns","#c:is_cold/overworld","graveyard-2.6.2 NeoForge 1.21.1.jar","data/graveyard/tags/worldgen/biome/revenant_spawns.json"
"graveyard:revenant_spawns","#c:is_snowy","graveyard-2.6.2 NeoForge 1.21.1.jar","data/graveyard/tags/worldgen/biome/revenant_spawns.json"
"graveyard:revenant_spawns","minecraft:snowy_taiga","graveyard-2.6.2 NeoForge 1.21.1.jar","data/graveyard/tags/worldgen/biome/revenant_spawns.json"
"graveyard:skeleton_creeper_spawns","#c:is_cold/overworld","graveyard-2.6.2 NeoForge 1.21.1.jar","data/graveyard/tags/worldgen/biome/skeleton_creeper_spawns.json"
"graveyard:skeleton_creeper_spawns","#c:is_dense_vegetation/overworld","graveyard-2.6.2 NeoForge 1.21.1.jar","data/graveyard/tags/worldgen/biome/skeleton_creeper_spawns.json"
"graveyard:skeleton_creeper_spawns","#c:is_dry/overworld","graveyard-2.6.2 NeoForge 1.21.1.jar","data/graveyard/tags/worldgen/biome/skeleton_creeper_spawns.json"
"graveyard:skeleton_creeper_spawns","#c:is_hot/overworld","graveyard-2.6.2 NeoForge 1.21.1.jar","data/graveyard/tags/worldgen/biome/skeleton_creeper_spawns.json"
"graveyard:skeleton_creeper_spawns","#c:is_sparse_vegetation/overworld","graveyard-2.6.2 NeoForge 1.21.1.jar","data/graveyard/tags/worldgen/biome/skeleton_creeper_spawns.json"
"graveyard:skeleton_creeper_spawns","#c:is_wet/overworld","graveyard-2.6.2 NeoForge 1.21.1.jar","data/graveyard/tags/worldgen/biome/skeleton_creeper_spawns.json"
"iceandfire:entity_gen/amphithere","#minecraft:is_jungle","iceandfire-neoforge-2.1.13-1.21.1-port.1.jar","data/iceandfire/tags/worldgen/biome/entity_gen/amphithere.json"
"iceandfire:entity_gen/cockatrice","#minecraft:is_savanna","iceandfire-neoforge-2.1.13-1.21.1-port.1.jar","data/iceandfire/tags/worldgen/biome/entity_gen/cockatrice.json"
"iceandfire:entity_gen/deathworm","minecraft:desert","iceandfire-neoforge-2.1.13-1.21.1-port.1.jar","data/iceandfire/tags/worldgen/biome/entity_gen/deathworm.json"
"iceandfire:entity_gen/hippocampus","#minecraft:is_ocean","iceandfire-neoforge-2.1.13-1.21.1-port.1.jar","data/iceandfire/tags/worldgen/biome/entity_gen/hippocampus.json"
"iceandfire:entity_gen/hippogryph","#iceandfire:entity_gen/hippogryph_black","iceandfire-neoforge-2.1.13-1.21.1-port.1.jar","data/iceandfire/tags/worldgen/biome/entity_gen/hippogryph.json"
"iceandfire:entity_gen/hippogryph","#iceandfire:entity_gen/hippogryph_brown","iceandfire-neoforge-2.1.13-1.21.1-port.1.jar","data/iceandfire/tags/worldgen/biome/entity_gen/hippogryph.json"
"iceandfire:entity_gen/hippogryph","#iceandfire:entity_gen/hippogryph_chestnut","iceandfire-neoforge-2.1.13-1.21.1-port.1.jar","data/iceandfire/tags/worldgen/biome/entity_gen/hippogryph.json"
"iceandfire:entity_gen/hippogryph","#iceandfire:entity_gen/hippogryph_creamy","iceandfire-neoforge-2.1.13-1.21.1-port.1.jar","data/iceandfire/tags/worldgen/biome/entity_gen/hippogryph.json"
"iceandfire:entity_gen/hippogryph","#iceandfire:entity_gen/hippogryph_dark_brown","iceandfire-neoforge-2.1.13-1.21.1-port.1.jar","data/iceandfire/tags/worldgen/biome/entity_gen/hippogryph.json"
"iceandfire:entity_gen/hippogryph","#iceandfire:entity_gen/hippogryph_gray","iceandfire-neoforge-2.1.13-1.21.1-port.1.jar","data/iceandfire/tags/worldgen/biome/entity_gen/hippogryph.json"
"iceandfire:entity_gen/hippogryph","#iceandfire:entity_gen/hippogryph_white","iceandfire-neoforge-2.1.13-1.21.1-port.1.jar","data/iceandfire/tags/worldgen/biome/entity_gen/hippogryph.json"
"iceandfire:entity_gen/hippogryph_black","minecraft:badlands","iceandfire-neoforge-2.1.13-1.21.1-port.1.jar","data/iceandfire/tags/worldgen/biome/entity_gen/hippogryph_black.json"
"iceandfire:entity_gen/hippogryph_brown","#minecraft:is_hill","iceandfire-neoforge-2.1.13-1.21.1-port.1.jar","data/iceandfire/tags/worldgen/biome/entity_gen/hippogryph_brown.json"
"iceandfire:entity_gen/hippogryph_brown","minecraft:frozen_peaks","iceandfire-neoforge-2.1.13-1.21.1-port.1.jar","data/iceandfire/tags/worldgen/biome/entity_gen/hippogryph_brown.json"
"iceandfire:entity_gen/hippogryph_brown","minecraft:grove","iceandfire-neoforge-2.1.13-1.21.1-port.1.jar","data/iceandfire/tags/worldgen/biome/entity_gen/hippogryph_brown.json"
"iceandfire:entity_gen/hippogryph_brown","minecraft:jagged_peaks","iceandfire-neoforge-2.1.13-1.21.1-port.1.jar","data/iceandfire/tags/worldgen/biome/entity_gen/hippogryph_brown.json"
"iceandfire:entity_gen/hippogryph_brown","minecraft:meadow","iceandfire-neoforge-2.1.13-1.21.1-port.1.jar","data/iceandfire/tags/worldgen/biome/entity_gen/hippogryph_brown.json"
"iceandfire:entity_gen/hippogryph_brown","minecraft:savanna_plateau","iceandfire-neoforge-2.1.13-1.21.1-port.1.jar","data/iceandfire/tags/worldgen/biome/entity_gen/hippogryph_brown.json"
"iceandfire:entity_gen/hippogryph_brown","minecraft:snowy_slopes","iceandfire-neoforge-2.1.13-1.21.1-port.1.jar","data/iceandfire/tags/worldgen/biome/entity_gen/hippogryph_brown.json"
"iceandfire:entity_gen/hippogryph_brown","minecraft:stony_peaks","iceandfire-neoforge-2.1.13-1.21.1-port.1.jar","data/iceandfire/tags/worldgen/biome/entity_gen/hippogryph_brown.json"
"iceandfire:entity_gen/hippogryph_brown","minecraft:wooded_badlands","iceandfire-neoforge-2.1.13-1.21.1-port.1.jar","data/iceandfire/tags/worldgen/biome/entity_gen/hippogryph_brown.json"
"iceandfire:entity_gen/hippogryph_chestnut","minecraft:dark_forest","iceandfire-neoforge-2.1.13-1.21.1-port.1.jar","data/iceandfire/tags/worldgen/biome/entity_gen/hippogryph_chestnut.json"
"iceandfire:entity_gen/hippogryph_chestnut","minecraft:frozen_peaks","iceandfire-neoforge-2.1.13-1.21.1-port.1.jar","data/iceandfire/tags/worldgen/biome/entity_gen/hippogryph_chestnut.json"
"iceandfire:entity_gen/hippogryph_chestnut","minecraft:grove","iceandfire-neoforge-2.1.13-1.21.1-port.1.jar","data/iceandfire/tags/worldgen/biome/entity_gen/hippogryph_chestnut.json"
"iceandfire:entity_gen/hippogryph_chestnut","minecraft:jagged_peaks","iceandfire-neoforge-2.1.13-1.21.1-port.1.jar","data/iceandfire/tags/worldgen/biome/entity_gen/hippogryph_chestnut.json"
"iceandfire:entity_gen/hippogryph_chestnut","minecraft:jungle","iceandfire-neoforge-2.1.13-1.21.1-port.1.jar","data/iceandfire/tags/worldgen/biome/entity_gen/hippogryph_chestnut.json"
"iceandfire:entity_gen/hippogryph_chestnut","minecraft:meadow","iceandfire-neoforge-2.1.13-1.21.1-port.1.jar","data/iceandfire/tags/worldgen/biome/entity_gen/hippogryph_chestnut.json"
"iceandfire:entity_gen/hippogryph_chestnut","minecraft:old_growth_birch_forest","iceandfire-neoforge-2.1.13-1.21.1-port.1.jar","data/iceandfire/tags/worldgen/biome/entity_gen/hippogryph_chestnut.json"
"iceandfire:entity_gen/hippogryph_chestnut","minecraft:old_growth_spruce_taiga","iceandfire-neoforge-2.1.13-1.21.1-port.1.jar","data/iceandfire/tags/worldgen/biome/entity_gen/hippogryph_chestnut.json"
"iceandfire:entity_gen/hippogryph_chestnut","minecraft:savanna_plateau","iceandfire-neoforge-2.1.13-1.21.1-port.1.jar","data/iceandfire/tags/worldgen/biome/entity_gen/hippogryph_chestnut.json"
"iceandfire:entity_gen/hippogryph_chestnut","minecraft:snowy_slopes","iceandfire-neoforge-2.1.13-1.21.1-port.1.jar","data/iceandfire/tags/worldgen/biome/entity_gen/hippogryph_chestnut.json"
"iceandfire:entity_gen/hippogryph_chestnut","minecraft:stony_peaks","iceandfire-neoforge-2.1.13-1.21.1-port.1.jar","data/iceandfire/tags/worldgen/biome/entity_gen/hippogryph_chestnut.json"
"iceandfire:entity_gen/hippogryph_chestnut","minecraft:wooded_badlands","iceandfire-neoforge-2.1.13-1.21.1-port.1.jar","data/iceandfire/tags/worldgen/biome/entity_gen/hippogryph_chestnut.json"
"iceandfire:entity_gen/hippogryph_creamy","minecraft:savanna_plateau","iceandfire-neoforge-2.1.13-1.21.1-port.1.jar","data/iceandfire/tags/worldgen/biome/entity_gen/hippogryph_creamy.json"
"iceandfire:entity_gen/hippogryph_dark_brown","minecraft:grove","iceandfire-neoforge-2.1.13-1.21.1-port.1.jar","data/iceandfire/tags/worldgen/biome/entity_gen/hippogryph_dark_brown.json"
"iceandfire:entity_gen/hippogryph_dark_brown","minecraft:snowy_taiga","iceandfire-neoforge-2.1.13-1.21.1-port.1.jar","data/iceandfire/tags/worldgen/biome/entity_gen/hippogryph_dark_brown.json"
"iceandfire:entity_gen/hippogryph_gray","minecraft:windswept_forest","iceandfire-neoforge-2.1.13-1.21.1-port.1.jar","data/iceandfire/tags/worldgen/biome/entity_gen/hippogryph_gray.json"
"iceandfire:entity_gen/hippogryph_gray","minecraft:windswept_hills","iceandfire-neoforge-2.1.13-1.21.1-port.1.jar","data/iceandfire/tags/worldgen/biome/entity_gen/hippogryph_gray.json"
"iceandfire:entity_gen/hippogryph_white","minecraft:frozen_peaks","iceandfire-neoforge-2.1.13-1.21.1-port.1.jar","data/iceandfire/tags/worldgen/biome/entity_gen/hippogryph_white.json"
"iceandfire:entity_gen/hippogryph_white","minecraft:jagged_peaks","iceandfire-neoforge-2.1.13-1.21.1-port.1.jar","data/iceandfire/tags/worldgen/biome/entity_gen/hippogryph_white.json"
"iceandfire:entity_gen/myrmex_desert","minecraft:desert","iceandfire-neoforge-2.1.13-1.21.1-port.1.jar","data/iceandfire/tags/worldgen/biome/entity_gen/myrmex_desert.json"
"iceandfire:entity_gen/myrmex_jungle","#minecraft:is_jungle","iceandfire-neoforge-2.1.13-1.21.1-port.1.jar","data/iceandfire/tags/worldgen/biome/entity_gen/myrmex_jungle.json"
"iceandfire:entity_gen/sea_serpent","#minecraft:is_ocean","iceandfire-neoforge-2.1.13-1.21.1-port.1.jar","data/iceandfire/tags/worldgen/biome/entity_gen/sea_serpent.json"
"iceandfire:entity_gen/stymphalian_bird","minecraft:mangrove_swamp","iceandfire-neoforge-2.1.13-1.21.1-port.1.jar","data/iceandfire/tags/worldgen/biome/entity_gen/stymphalian_bird.json"
"iceandfire:entity_gen/stymphalian_bird","minecraft:swamp","iceandfire-neoforge-2.1.13-1.21.1-port.1.jar","data/iceandfire/tags/worldgen/biome/entity_gen/stymphalian_bird.json"
"iceandfire:entity_gen/troll","#iceandfire:entity_gen/troll_forest","iceandfire-neoforge-2.1.13-1.21.1-port.1.jar","data/iceandfire/tags/worldgen/biome/entity_gen/troll.json"
"iceandfire:entity_gen/troll","#iceandfire:entity_gen/troll_mountain","iceandfire-neoforge-2.1.13-1.21.1-port.1.jar","data/iceandfire/tags/worldgen/biome/entity_gen/troll.json"
"iceandfire:entity_gen/troll","#iceandfire:entity_gen/troll_snowy","iceandfire-neoforge-2.1.13-1.21.1-port.1.jar","data/iceandfire/tags/worldgen/biome/entity_gen/troll.json"
"iceandfire:entity_gen/troll_forest","#minecraft:is_forest","iceandfire-neoforge-2.1.13-1.21.1-port.1.jar","data/iceandfire/tags/worldgen/biome/entity_gen/troll_forest.json"
"iceandfire:entity_gen/troll_mountain","#minecraft:is_hill","iceandfire-neoforge-2.1.13-1.21.1-port.1.jar","data/iceandfire/tags/worldgen/biome/entity_gen/troll_mountain.json"
"iceandfire:entity_gen/troll_mountain","#minecraft:is_mountain","iceandfire-neoforge-2.1.13-1.21.1-port.1.jar","data/iceandfire/tags/worldgen/biome/entity_gen/troll_mountain.json"
"iceandfire:entity_gen/troll_snowy","minecraft:bamboo_jungle","iceandfire-neoforge-2.1.13-1.21.1-port.1.jar","data/iceandfire/tags/worldgen/biome/entity_gen/troll_snowy.json"
"iceandfire:entity_gen/troll_snowy","minecraft:beach","iceandfire-neoforge-2.1.13-1.21.1-port.1.jar","data/iceandfire/tags/worldgen/biome/entity_gen/troll_snowy.json"
"iceandfire:entity_gen/troll_snowy","minecraft:frozen_ocean","iceandfire-neoforge-2.1.13-1.21.1-port.1.jar","data/iceandfire/tags/worldgen/biome/entity_gen/troll_snowy.json"
"iceandfire:entity_gen/troll_snowy","minecraft:frozen_peaks","iceandfire-neoforge-2.1.13-1.21.1-port.1.jar","data/iceandfire/tags/worldgen/biome/entity_gen/troll_snowy.json"
"iceandfire:entity_gen/troll_snowy","minecraft:frozen_river","iceandfire-neoforge-2.1.13-1.21.1-port.1.jar","data/iceandfire/tags/worldgen/biome/entity_gen/troll_snowy.json"
"iceandfire:entity_gen/troll_snowy","minecraft:grove","iceandfire-neoforge-2.1.13-1.21.1-port.1.jar","data/iceandfire/tags/worldgen/biome/entity_gen/troll_snowy.json"
"iceandfire:entity_gen/troll_snowy","minecraft:ice_spikes","iceandfire-neoforge-2.1.13-1.21.1-port.1.jar","data/iceandfire/tags/worldgen/biome/entity_gen/troll_snowy.json"
"iceandfire:entity_gen/troll_snowy","minecraft:jagged_peaks","iceandfire-neoforge-2.1.13-1.21.1-port.1.jar","data/iceandfire/tags/worldgen/biome/entity_gen/troll_snowy.json"
"iceandfire:entity_gen/troll_snowy","minecraft:jungle","iceandfire-neoforge-2.1.13-1.21.1-port.1.jar","data/iceandfire/tags/worldgen/biome/entity_gen/troll_snowy.json"
"iceandfire:entity_gen/troll_snowy","minecraft:lush_caves","iceandfire-neoforge-2.1.13-1.21.1-port.1.jar","data/iceandfire/tags/worldgen/biome/entity_gen/troll_snowy.json"
"iceandfire:entity_gen/troll_snowy","minecraft:mangrove_swamp","iceandfire-neoforge-2.1.13-1.21.1-port.1.jar","data/iceandfire/tags/worldgen/biome/entity_gen/troll_snowy.json"
"iceandfire:entity_gen/troll_snowy","minecraft:snowy_beach","iceandfire-neoforge-2.1.13-1.21.1-port.1.jar","data/iceandfire/tags/worldgen/biome/entity_gen/troll_snowy.json"
"iceandfire:entity_gen/troll_snowy","minecraft:snowy_plains","iceandfire-neoforge-2.1.13-1.21.1-port.1.jar","data/iceandfire/tags/worldgen/biome/entity_gen/troll_snowy.json"
"iceandfire:entity_gen/troll_snowy","minecraft:snowy_slopes","iceandfire-neoforge-2.1.13-1.21.1-port.1.jar","data/iceandfire/tags/worldgen/biome/entity_gen/troll_snowy.json"
"iceandfire:entity_gen/troll_snowy","minecraft:snowy_taiga","iceandfire-neoforge-2.1.13-1.21.1-port.1.jar","data/iceandfire/tags/worldgen/biome/entity_gen/troll_snowy.json"
"iceandfire:entity_gen/troll_snowy","minecraft:sparse_jungle","iceandfire-neoforge-2.1.13-1.21.1-port.1.jar","data/iceandfire/tags/worldgen/biome/entity_gen/troll_snowy.json"
"iceandfire:entity_gen/troll_snowy","minecraft:swamp","iceandfire-neoforge-2.1.13-1.21.1-port.1.jar","data/iceandfire/tags/worldgen/biome/entity_gen/troll_snowy.json"
"iceandfire:entity_gen/wandering_cyclops","minecraft:meadow","iceandfire-neoforge-2.1.13-1.21.1-port.1.jar","data/iceandfire/tags/worldgen/biome/entity_gen/wandering_cyclops.json"
"iceandfire:entity_gen/wandering_cyclops","minecraft:plains","iceandfire-neoforge-2.1.13-1.21.1-port.1.jar","data/iceandfire/tags/worldgen/biome/entity_gen/wandering_cyclops.json"
"iceandfire:entity_gen/wandering_cyclops","minecraft:snowy_plains","iceandfire-neoforge-2.1.13-1.21.1-port.1.jar","data/iceandfire/tags/worldgen/biome/entity_gen/wandering_cyclops.json"
"iceandfire:entity_gen/wandering_cyclops","minecraft:sunflower_plains","iceandfire-neoforge-2.1.13-1.21.1-port.1.jar","data/iceandfire/tags/worldgen/biome/entity_gen/wandering_cyclops.json"
"iceandfire:is_dreadland","iceandfire:dread_forest","iceandfire-neoforge-2.1.13-1.21.1-port.1.jar","data/iceandfire/tags/worldgen/biome/is_dreadland.json"
"iceandfire:is_dreadland","iceandfire:dread_plain","iceandfire-neoforge-2.1.13-1.21.1-port.1.jar","data/iceandfire/tags/worldgen/biome/is_dreadland.json"
"iceandfire:ore_gen/sapphire","minecraft:frozen_ocean","iceandfire-neoforge-2.1.13-1.21.1-port.1.jar","data/iceandfire/tags/worldgen/biome/ore_gen/sapphire.json"
"iceandfire:ore_gen/sapphire","minecraft:frozen_peaks","iceandfire-neoforge-2.1.13-1.21.1-port.1.jar","data/iceandfire/tags/worldgen/biome/ore_gen/sapphire.json"
"iceandfire:ore_gen/sapphire","minecraft:frozen_river","iceandfire-neoforge-2.1.13-1.21.1-port.1.jar","data/iceandfire/tags/worldgen/biome/ore_gen/sapphire.json"
"iceandfire:ore_gen/sapphire","minecraft:grove","iceandfire-neoforge-2.1.13-1.21.1-port.1.jar","data/iceandfire/tags/worldgen/biome/ore_gen/sapphire.json"
"iceandfire:ore_gen/sapphire","minecraft:ice_spikes","iceandfire-neoforge-2.1.13-1.21.1-port.1.jar","data/iceandfire/tags/worldgen/biome/ore_gen/sapphire.json"
"iceandfire:ore_gen/sapphire","minecraft:jagged_peaks","iceandfire-neoforge-2.1.13-1.21.1-port.1.jar","data/iceandfire/tags/worldgen/biome/ore_gen/sapphire.json"
"iceandfire:ore_gen/sapphire","minecraft:snowy_beach","iceandfire-neoforge-2.1.13-1.21.1-port.1.jar","data/iceandfire/tags/worldgen/biome/ore_gen/sapphire.json"
"iceandfire:ore_gen/sapphire","minecraft:snowy_plains","iceandfire-neoforge-2.1.13-1.21.1-port.1.jar","data/iceandfire/tags/worldgen/biome/ore_gen/sapphire.json"
"iceandfire:ore_gen/sapphire","minecraft:snowy_slopes","iceandfire-neoforge-2.1.13-1.21.1-port.1.jar","data/iceandfire/tags/worldgen/biome/ore_gen/sapphire.json"
"iceandfire:ore_gen/sapphire","minecraft:snowy_taiga","iceandfire-neoforge-2.1.13-1.21.1-port.1.jar","data/iceandfire/tags/worldgen/biome/ore_gen/sapphire.json"
"iceandfire:ore_gen/silver","#minecraft:is_overworld","iceandfire-neoforge-2.1.13-1.21.1-port.1.jar","data/iceandfire/tags/worldgen/biome/ore_gen/silver.json"
"iceandfire:structure_gen/cyclops_cave","#minecraft:is_beach","iceandfire-neoforge-2.1.13-1.21.1-port.1.jar","data/iceandfire/tags/worldgen/biome/structure_gen/cyclops_cave.json"
"iceandfire:structure_gen/fire","#c:climate_hot","iceandfire-neoforge-2.1.13-1.21.1-port.1.jar","data/iceandfire/tags/worldgen/biome/structure_gen/fire.json"
"iceandfire:structure_gen/fire","minecraft:bamboo_jungle","iceandfire-neoforge-2.1.13-1.21.1-port.1.jar","data/iceandfire/tags/worldgen/biome/structure_gen/fire.json"
"iceandfire:structure_gen/fire","minecraft:desert","iceandfire-neoforge-2.1.13-1.21.1-port.1.jar","data/iceandfire/tags/worldgen/biome/structure_gen/fire.json"
"iceandfire:structure_gen/fire","minecraft:eroded_badlands","iceandfire-neoforge-2.1.13-1.21.1-port.1.jar","data/iceandfire/tags/worldgen/biome/structure_gen/fire.json"
"iceandfire:structure_gen/fire","minecraft:jungle","iceandfire-neoforge-2.1.13-1.21.1-port.1.jar","data/iceandfire/tags/worldgen/biome/structure_gen/fire.json"
"iceandfire:structure_gen/fire","minecraft:mangrove_swamp","iceandfire-neoforge-2.1.13-1.21.1-port.1.jar","data/iceandfire/tags/worldgen/biome/structure_gen/fire.json"
"iceandfire:structure_gen/fire","minecraft:meadow","iceandfire-neoforge-2.1.13-1.21.1-port.1.jar","data/iceandfire/tags/worldgen/biome/structure_gen/fire.json"
"iceandfire:structure_gen/fire","minecraft:plains","iceandfire-neoforge-2.1.13-1.21.1-port.1.jar","data/iceandfire/tags/worldgen/biome/structure_gen/fire.json"
"iceandfire:structure_gen/fire","minecraft:sparse_jungle","iceandfire-neoforge-2.1.13-1.21.1-port.1.jar","data/iceandfire/tags/worldgen/biome/structure_gen/fire.json"
"iceandfire:structure_gen/fire","minecraft:stony_peaks","iceandfire-neoforge-2.1.13-1.21.1-port.1.jar","data/iceandfire/tags/worldgen/biome/structure_gen/fire.json"
"iceandfire:structure_gen/fire","minecraft:sunflower_plains","iceandfire-neoforge-2.1.13-1.21.1-port.1.jar","data/iceandfire/tags/worldgen/biome/structure_gen/fire.json"
"iceandfire:structure_gen/fire","minecraft:windswept_savanna","iceandfire-neoforge-2.1.13-1.21.1-port.1.jar","data/iceandfire/tags/worldgen/biome/structure_gen/fire.json"
"iceandfire:structure_gen/gorgon_temple","#minecraft:is_beach","iceandfire-neoforge-2.1.13-1.21.1-port.1.jar","data/iceandfire/tags/worldgen/biome/structure_gen/gorgon_temple.json"
"iceandfire:structure_gen/graveyard","#minecraft:stronghold_biased_to","iceandfire-neoforge-2.1.13-1.21.1-port.1.jar","data/iceandfire/tags/worldgen/biome/structure_gen/graveyard.json"
"iceandfire:structure_gen/hydra_cave","minecraft:mangrove_swamp","iceandfire-neoforge-2.1.13-1.21.1-port.1.jar","data/iceandfire/tags/worldgen/biome/structure_gen/hydra_cave.json"
"iceandfire:structure_gen/hydra_cave","minecraft:swamp","iceandfire-neoforge-2.1.13-1.21.1-port.1.jar","data/iceandfire/tags/worldgen/biome/structure_gen/hydra_cave.json"
"iceandfire:structure_gen/ice","#c:climate_cold","iceandfire-neoforge-2.1.13-1.21.1-port.1.jar","data/iceandfire/tags/worldgen/biome/structure_gen/ice.json"
"iceandfire:structure_gen/ice","minecraft:deep_frozen_ocean","iceandfire-neoforge-2.1.13-1.21.1-port.1.jar","data/iceandfire/tags/worldgen/biome/structure_gen/ice.json"
"iceandfire:structure_gen/ice","minecraft:frozen_ocean","iceandfire-neoforge-2.1.13-1.21.1-port.1.jar","data/iceandfire/tags/worldgen/biome/structure_gen/ice.json"
"iceandfire:structure_gen/ice","minecraft:frozen_peaks","iceandfire-neoforge-2.1.13-1.21.1-port.1.jar","data/iceandfire/tags/worldgen/biome/structure_gen/ice.json"
"iceandfire:structure_gen/ice","minecraft:frozen_river","iceandfire-neoforge-2.1.13-1.21.1-port.1.jar","data/iceandfire/tags/worldgen/biome/structure_gen/ice.json"
"iceandfire:structure_gen/ice","minecraft:grove","iceandfire-neoforge-2.1.13-1.21.1-port.1.jar","data/iceandfire/tags/worldgen/biome/structure_gen/ice.json"
"iceandfire:structure_gen/ice","minecraft:ice_spikes","iceandfire-neoforge-2.1.13-1.21.1-port.1.jar","data/iceandfire/tags/worldgen/biome/structure_gen/ice.json"
"iceandfire:structure_gen/ice","minecraft:jagged_peaks","iceandfire-neoforge-2.1.13-1.21.1-port.1.jar","data/iceandfire/tags/worldgen/biome/structure_gen/ice.json"
"iceandfire:structure_gen/ice","minecraft:old_growth_pine_taiga","iceandfire-neoforge-2.1.13-1.21.1-port.1.jar","data/iceandfire/tags/worldgen/biome/structure_gen/ice.json"
"iceandfire:structure_gen/ice","minecraft:snowy_beach","iceandfire-neoforge-2.1.13-1.21.1-port.1.jar","data/iceandfire/tags/worldgen/biome/structure_gen/ice.json"
"iceandfire:structure_gen/ice","minecraft:snowy_plains","iceandfire-neoforge-2.1.13-1.21.1-port.1.jar","data/iceandfire/tags/worldgen/biome/structure_gen/ice.json"
"iceandfire:structure_gen/ice","minecraft:snowy_slopes","iceandfire-neoforge-2.1.13-1.21.1-port.1.jar","data/iceandfire/tags/worldgen/biome/structure_gen/ice.json"
"iceandfire:structure_gen/ice","minecraft:snowy_taiga","iceandfire-neoforge-2.1.13-1.21.1-port.1.jar","data/iceandfire/tags/worldgen/biome/structure_gen/ice.json"
"iceandfire:structure_gen/lightning","#minecraft:is_badlands","iceandfire-neoforge-2.1.13-1.21.1-port.1.jar","data/iceandfire/tags/worldgen/biome/structure_gen/lightning.json"
"iceandfire:structure_gen/lightning","#minecraft:is_jungle","iceandfire-neoforge-2.1.13-1.21.1-port.1.jar","data/iceandfire/tags/worldgen/biome/structure_gen/lightning.json"
"iceandfire:structure_gen/lightning","#minecraft:is_savanna","iceandfire-neoforge-2.1.13-1.21.1-port.1.jar","data/iceandfire/tags/worldgen/biome/structure_gen/lightning.json"
"iceandfire:structure_gen/lightning","minecraft:mangrove_swamp","iceandfire-neoforge-2.1.13-1.21.1-port.1.jar","data/iceandfire/tags/worldgen/biome/structure_gen/lightning.json"
"iceandfire:structure_gen/lightning","minecraft:swamp","iceandfire-neoforge-2.1.13-1.21.1-port.1.jar","data/iceandfire/tags/worldgen/biome/structure_gen/lightning.json"
"iceandfire:structure_gen/mausoleum","minecraft:frozen_peaks","iceandfire-neoforge-2.1.13-1.21.1-port.1.jar","data/iceandfire/tags/worldgen/biome/structure_gen/mausoleum.json"
"iceandfire:structure_gen/mausoleum","minecraft:grove","iceandfire-neoforge-2.1.13-1.21.1-port.1.jar","data/iceandfire/tags/worldgen/biome/structure_gen/mausoleum.json"
"iceandfire:structure_gen/mausoleum","minecraft:ice_spikes","iceandfire-neoforge-2.1.13-1.21.1-port.1.jar","data/iceandfire/tags/worldgen/biome/structure_gen/mausoleum.json"
"iceandfire:structure_gen/mausoleum","minecraft:jagged_peaks","iceandfire-neoforge-2.1.13-1.21.1-port.1.jar","data/iceandfire/tags/worldgen/biome/structure_gen/mausoleum.json"
"iceandfire:structure_gen/mausoleum","minecraft:snowy_beach","iceandfire-neoforge-2.1.13-1.21.1-port.1.jar","data/iceandfire/tags/worldgen/biome/structure_gen/mausoleum.json"
"iceandfire:structure_gen/mausoleum","minecraft:snowy_plains","iceandfire-neoforge-2.1.13-1.21.1-port.1.jar","data/iceandfire/tags/worldgen/biome/structure_gen/mausoleum.json"
"iceandfire:structure_gen/mausoleum","minecraft:snowy_slopes","iceandfire-neoforge-2.1.13-1.21.1-port.1.jar","data/iceandfire/tags/worldgen/biome/structure_gen/mausoleum.json"
"iceandfire:structure_gen/mausoleum","minecraft:snowy_taiga","iceandfire-neoforge-2.1.13-1.21.1-port.1.jar","data/iceandfire/tags/worldgen/biome/structure_gen/mausoleum.json"
"iceandfire:structure_gen/no_graveyard","#minecraft:is_beach","iceandfire-neoforge-2.1.13-1.21.1-port.1.jar","data/iceandfire/tags/worldgen/biome/structure_gen/no_graveyard.json"
"iceandfire:structure_gen/no_graveyard","#minecraft:is_end","iceandfire-neoforge-2.1.13-1.21.1-port.1.jar","data/iceandfire/tags/worldgen/biome/structure_gen/no_graveyard.json"
"iceandfire:structure_gen/no_graveyard","#minecraft:is_nether","iceandfire-neoforge-2.1.13-1.21.1-port.1.jar","data/iceandfire/tags/worldgen/biome/structure_gen/no_graveyard.json"
"iceandfire:structure_gen/no_graveyard","#minecraft:is_ocean","iceandfire-neoforge-2.1.13-1.21.1-port.1.jar","data/iceandfire/tags/worldgen/biome/structure_gen/no_graveyard.json"
"iceandfire:structure_gen/no_graveyard","minecraft:deep_dark","iceandfire-neoforge-2.1.13-1.21.1-port.1.jar","data/iceandfire/tags/worldgen/biome/structure_gen/no_graveyard.json"
"iceandfire:structure_gen/no_graveyard","minecraft:dripstone_caves","iceandfire-neoforge-2.1.13-1.21.1-port.1.jar","data/iceandfire/tags/worldgen/biome/structure_gen/no_graveyard.json"
"iceandfire:structure_gen/no_graveyard","minecraft:lush_caves","iceandfire-neoforge-2.1.13-1.21.1-port.1.jar","data/iceandfire/tags/worldgen/biome/structure_gen/no_graveyard.json"
"iceandfire:structure_gen/pixie_village","#minecraft:is_forest","iceandfire-neoforge-2.1.13-1.21.1-port.1.jar","data/iceandfire/tags/worldgen/biome/structure_gen/pixie_village.json"
"iceandfire:structure_gen/pixie_village","#minecraft:is_jungle","iceandfire-neoforge-2.1.13-1.21.1-port.1.jar","data/iceandfire/tags/worldgen/biome/structure_gen/pixie_village.json"
"iceandfire:structure_gen/pixie_village","minecraft:bamboo_jungle","iceandfire-neoforge-2.1.13-1.21.1-port.1.jar","data/iceandfire/tags/worldgen/biome/structure_gen/pixie_village.json"
"iceandfire:structure_gen/pixie_village","minecraft:dark_forest","iceandfire-neoforge-2.1.13-1.21.1-port.1.jar","data/iceandfire/tags/worldgen/biome/structure_gen/pixie_village.json"
"iceandfire:structure_gen/pixie_village","minecraft:flower_forest","iceandfire-neoforge-2.1.13-1.21.1-port.1.jar","data/iceandfire/tags/worldgen/biome/structure_gen/pixie_village.json"
"iceandfire:structure_gen/pixie_village","minecraft:forest","iceandfire-neoforge-2.1.13-1.21.1-port.1.jar","data/iceandfire/tags/worldgen/biome/structure_gen/pixie_village.json"
"iceandfire:structure_gen/pixie_village","minecraft:jungle","iceandfire-neoforge-2.1.13-1.21.1-port.1.jar","data/iceandfire/tags/worldgen/biome/structure_gen/pixie_village.json"
"iceandfire:structure_gen/pixie_village","minecraft:mushroom_fields","iceandfire-neoforge-2.1.13-1.21.1-port.1.jar","data/iceandfire/tags/worldgen/biome/structure_gen/pixie_village.json"
"iceandfire:structure_gen/pixie_village","minecraft:old_growth_birch_forest","iceandfire-neoforge-2.1.13-1.21.1-port.1.jar","data/iceandfire/tags/worldgen/biome/structure_gen/pixie_village.json"
"iceandfire:structure_gen/pixie_village","minecraft:old_growth_spruce_taiga","iceandfire-neoforge-2.1.13-1.21.1-port.1.jar","data/iceandfire/tags/worldgen/biome/structure_gen/pixie_village.json"
"iceandfire:structure_gen/pixie_village","minecraft:sparse_jungle","iceandfire-neoforge-2.1.13-1.21.1-port.1.jar","data/iceandfire/tags/worldgen/biome/structure_gen/pixie_village.json"
"iceandfire:structure_gen/pixie_village","minecraft:windswept_gravelly_hills","iceandfire-neoforge-2.1.13-1.21.1-port.1.jar","data/iceandfire/tags/worldgen/biome/structure_gen/pixie_village.json"
"iceandfire:structure_gen/siren_island","#minecraft:is_ocean","iceandfire-neoforge-2.1.13-1.21.1-port.1.jar","data/iceandfire/tags/worldgen/biome/structure_gen/siren_island.json"
"integrated_api:collections/any_forests","#c:forest","integrated_api-1.7.4+1.21.1-neoforge.jar","data/integrated_api/tags/worldgen/biome/collections/any_forests.json"
"integrated_api:collections/any_forests","#forge:is_forest","integrated_api-1.7.4+1.21.1-neoforge.jar","data/integrated_api/tags/worldgen/biome/collections/any_forests.json"
"integrated_api:collections/any_forests","#minecraft:is_forest","integrated_api-1.7.4+1.21.1-neoforge.jar","data/integrated_api/tags/worldgen/biome/collections/any_forests.json"
"integrated_api:collections/any_taiga","#minecraft:is_taiga","integrated_api-1.7.4+1.21.1-neoforge.jar","data/integrated_api/tags/worldgen/biome/collections/any_taiga.json"
"integrated_api:collections/any_taiga","biomesoplenty:dead_forest","integrated_api-1.7.4+1.21.1-neoforge.jar","data/integrated_api/tags/worldgen/biome/collections/any_taiga.json"
"integrated_api:collections/any_taiga","biomesoplenty:jade_cliffs","integrated_api-1.7.4+1.21.1-neoforge.jar","data/integrated_api/tags/worldgen/biome/collections/any_taiga.json"
"integrated_api:collections/any_taiga","biomesoplenty:mediterranean_taiga","integrated_api-1.7.4+1.21.1-neoforge.jar","data/integrated_api/tags/worldgen/biome/collections/any_taiga.json"
"integrated_api:collections/any_taiga","biomesoplenty:old_growth_dead_forest","integrated_api-1.7.4+1.21.1-neoforge.jar","data/integrated_api/tags/worldgen/biome/collections/any_taiga.json"
"integrated_api:collections/any_taiga","biomesoplenty:redwood_forest","integrated_api-1.7.4+1.21.1-neoforge.jar","data/integrated_api/tags/worldgen/biome/collections/any_taiga.json"
"integrated_api:collections/any_taiga","byg:autumnal_taiga","integrated_api-1.7.4+1.21.1-neoforge.jar","data/integrated_api/tags/worldgen/biome/collections/any_taiga.json"
"integrated_api:collections/any_taiga","byg:canadian_shield","integrated_api-1.7.4+1.21.1-neoforge.jar","data/integrated_api/tags/worldgen/biome/collections/any_taiga.json"
"integrated_api:collections/any_taiga","byg:maple_taiga","integrated_api-1.7.4+1.21.1-neoforge.jar","data/integrated_api/tags/worldgen/biome/collections/any_taiga.json"
"integrated_api:collections/any_taiga","byg:redwood_thicket","integrated_api-1.7.4+1.21.1-neoforge.jar","data/integrated_api/tags/worldgen/biome/collections/any_taiga.json"
"integrated_api:collections/any_taiga","minecraft:grove","integrated_api-1.7.4+1.21.1-neoforge.jar","data/integrated_api/tags/worldgen/biome/collections/any_taiga.json"
"integrated_api:collections/any_taiga","projectvibrantjourneys:boreal_forest","integrated_api-1.7.4+1.21.1-neoforge.jar","data/integrated_api/tags/worldgen/biome/collections/any_taiga.json"
"integrated_api:collections/any_taiga","projectvibrantjourneys:crystal_lakes","integrated_api-1.7.4+1.21.1-neoforge.jar","data/integrated_api/tags/worldgen/biome/collections/any_taiga.json"
"integrated_api:collections/any_taiga","projectvibrantjourneys:redwoods","integrated_api-1.7.4+1.21.1-neoforge.jar","data/integrated_api/tags/worldgen/biome/collections/any_taiga.json"
"integrated_api:collections/any_taiga","regions_unexplored:boreal_forest","integrated_api-1.7.4+1.21.1-neoforge.jar","data/integrated_api/tags/worldgen/biome/collections/any_taiga.json"
"integrated_api:collections/any_taiga","regions_unexplored:boreal_taiga","integrated_api-1.7.4+1.21.1-neoforge.jar","data/integrated_api/tags/worldgen/biome/collections/any_taiga.json"
"integrated_api:collections/any_taiga","regions_unexplored:golden_boreal_forest","integrated_api-1.7.4+1.21.1-neoforge.jar","data/integrated_api/tags/worldgen/biome/collections/any_taiga.json"
"integrated_api:collections/any_taiga","regions_unexplored:golden_boreal_taiga","integrated_api-1.7.4+1.21.1-neoforge.jar","data/integrated_api/tags/worldgen/biome/collections/any_taiga.json"
"integrated_api:collections/any_taiga","regions_unexplored:pine_forest","integrated_api-1.7.4+1.21.1-neoforge.jar","data/integrated_api/tags/worldgen/biome/collections/any_taiga.json"
"integrated_api:collections/any_taiga","regions_unexplored:pine_slopes","integrated_api-1.7.4+1.21.1-neoforge.jar","data/integrated_api/tags/worldgen/biome/collections/any_taiga.json"
"integrated_api:collections/any_taiga","regions_unexplored:pine_taiga","integrated_api-1.7.4+1.21.1-neoforge.jar","data/integrated_api/tags/worldgen/biome/collections/any_taiga.json"
"integrated_api:collections/any_taiga","regions_unexplored:willow_forest","integrated_api-1.7.4+1.21.1-neoforge.jar","data/integrated_api/tags/worldgen/biome/collections/any_taiga.json"
"integrated_api:collections/any_taiga","terralith:cloud_forest","integrated_api-1.7.4+1.21.1-neoforge.jar","data/integrated_api/tags/worldgen/biome/collections/any_taiga.json"
"integrated_api:collections/any_taiga","terralith:forested_highlands","integrated_api-1.7.4+1.21.1-neoforge.jar","data/integrated_api/tags/worldgen/biome/collections/any_taiga.json"
"integrated_api:collections/any_taiga","terralith:lavender_forest","integrated_api-1.7.4+1.21.1-neoforge.jar","data/integrated_api/tags/worldgen/biome/collections/any_taiga.json"
"integrated_api:collections/any_taiga","terralith:lavender_valley","integrated_api-1.7.4+1.21.1-neoforge.jar","data/integrated_api/tags/worldgen/biome/collections/any_taiga.json"
"integrated_api:collections/any_taiga","terralith:moonlight_grove","integrated_api-1.7.4+1.21.1-neoforge.jar","data/integrated_api/tags/worldgen/biome/collections/any_taiga.json"
"integrated_api:collections/any_taiga","terralith:moonlight_valley","integrated_api-1.7.4+1.21.1-neoforge.jar","data/integrated_api/tags/worldgen/biome/collections/any_taiga.json"
"integrated_api:collections/any_taiga","terralith:rocky_shrubland","integrated_api-1.7.4+1.21.1-neoforge.jar","data/integrated_api/tags/worldgen/biome/collections/any_taiga.json"
"integrated_api:collections/any_taiga","terralith:shrubland","integrated_api-1.7.4+1.21.1-neoforge.jar","data/integrated_api/tags/worldgen/biome/collections/any_taiga.json"
"integrated_api:collections/any_taiga","terralith:wintry_forest","integrated_api-1.7.4+1.21.1-neoforge.jar","data/integrated_api/tags/worldgen/biome/collections/any_taiga.json"
"integrated_api:collections/any_taiga","wythers:ancient_taiga","integrated_api-1.7.4+1.21.1-neoforge.jar","data/integrated_api/tags/worldgen/biome/collections/any_taiga.json"
"integrated_api:collections/any_taiga","wythers:birch_taiga","integrated_api-1.7.4+1.21.1-neoforge.jar","data/integrated_api/tags/worldgen/biome/collections/any_taiga.json"
"integrated_api:collections/any_taiga","wythers:boreal_forest_red","integrated_api-1.7.4+1.21.1-neoforge.jar","data/integrated_api/tags/worldgen/biome/collections/any_taiga.json"
"integrated_api:collections/any_taiga","wythers:boreal_forest_yellow","integrated_api-1.7.4+1.21.1-neoforge.jar","data/integrated_api/tags/worldgen/biome/collections/any_taiga.json"
"integrated_api:collections/any_taiga","wythers:cold_island","integrated_api-1.7.4+1.21.1-neoforge.jar","data/integrated_api/tags/worldgen/biome/collections/any_taiga.json"
"integrated_api:collections/any_taiga","wythers:flooded_temperate_rainforest","integrated_api-1.7.4+1.21.1-neoforge.jar","data/integrated_api/tags/worldgen/biome/collections/any_taiga.json"
"integrated_api:collections/any_taiga","wythers:forested_highlands","integrated_api-1.7.4+1.21.1-neoforge.jar","data/integrated_api/tags/worldgen/biome/collections/any_taiga.json"
"integrated_api:collections/any_taiga","wythers:jade_highlands","integrated_api-1.7.4+1.21.1-neoforge.jar","data/integrated_api/tags/worldgen/biome/collections/any_taiga.json"
"integrated_api:collections/any_taiga","wythers:larch_taiga","integrated_api-1.7.4+1.21.1-neoforge.jar","data/integrated_api/tags/worldgen/biome/collections/any_taiga.json"
"integrated_api:collections/any_taiga","wythers:old_growth_taiga_crags","integrated_api-1.7.4+1.21.1-neoforge.jar","data/integrated_api/tags/worldgen/biome/collections/any_taiga.json"
"integrated_api:collections/any_taiga","wythers:old_growth_taiga_swamp","integrated_api-1.7.4+1.21.1-neoforge.jar","data/integrated_api/tags/worldgen/biome/collections/any_taiga.json"
"integrated_api:collections/any_taiga","wythers:pine_barrens","integrated_api-1.7.4+1.21.1-neoforge.jar","data/integrated_api/tags/worldgen/biome/collections/any_taiga.json"
"integrated_api:collections/any_taiga","wythers:sparse_eucalyptus_jungle","integrated_api-1.7.4+1.21.1-neoforge.jar","data/integrated_api/tags/worldgen/biome/collections/any_taiga.json"
"integrated_api:collections/any_taiga","wythers:sparse_eucalyptus_woodland","integrated_api-1.7.4+1.21.1-neoforge.jar","data/integrated_api/tags/worldgen/biome/collections/any_taiga.json"
"integrated_api:collections/any_taiga","wythers:temperate_rainforest","integrated_api-1.7.4+1.21.1-neoforge.jar","data/integrated_api/tags/worldgen/biome/collections/any_taiga.json"
"integrated_api:collections/any_taiga","wythers:temperate_rainforest_crags","integrated_api-1.7.4+1.21.1-neoforge.jar","data/integrated_api/tags/worldgen/biome/collections/any_taiga.json"
"integrated_api:collections/any_taiga","wythers:thermal_taiga","integrated_api-1.7.4+1.21.1-neoforge.jar","data/integrated_api/tags/worldgen/biome/collections/any_taiga.json"
"integrated_api:collections/badlands","#c:badlands","integrated_api-1.7.4+1.21.1-neoforge.jar","data/integrated_api/tags/worldgen/biome/collections/badlands.json"
"integrated_api:collections/badlands","#c:in_mesa","integrated_api-1.7.4+1.21.1-neoforge.jar","data/integrated_api/tags/worldgen/biome/collections/badlands.json"
"integrated_api:collections/badlands","#forge:is_badlands","integrated_api-1.7.4+1.21.1-neoforge.jar","data/integrated_api/tags/worldgen/biome/collections/badlands.json"
"integrated_api:collections/badlands","#forge:is_mesa","integrated_api-1.7.4+1.21.1-neoforge.jar","data/integrated_api/tags/worldgen/biome/collections/badlands.json"
"integrated_api:collections/badlands","#minecraft:is_badlands","integrated_api-1.7.4+1.21.1-neoforge.jar","data/integrated_api/tags/worldgen/biome/collections/badlands.json"
"integrated_api:collections/badlands","byg:atacama_desert","integrated_api-1.7.4+1.21.1-neoforge.jar","data/integrated_api/tags/worldgen/biome/collections/badlands.json"
"integrated_api:collections/badlands","terralith:savanna_badlands","integrated_api-1.7.4+1.21.1-neoforge.jar","data/integrated_api/tags/worldgen/biome/collections/badlands.json"
"integrated_api:collections/bamboos","minecraft:bamboo_jungle","integrated_api-1.7.4+1.21.1-neoforge.jar","data/integrated_api/tags/worldgen/biome/collections/bamboos.json"
"integrated_api:collections/bamboos","regions_unexplored:bamboo_forest","integrated_api-1.7.4+1.21.1-neoforge.jar","data/integrated_api/tags/worldgen/biome/collections/bamboos.json"
"integrated_api:collections/bamboos","wythers:bamboo_jungle_canyon","integrated_api-1.7.4+1.21.1-neoforge.jar","data/integrated_api/tags/worldgen/biome/collections/bamboos.json"
"integrated_api:collections/bamboos","wythers:bamboo_jungle_highlands","integrated_api-1.7.4+1.21.1-neoforge.jar","data/integrated_api/tags/worldgen/biome/collections/bamboos.json"
"integrated_api:collections/bamboos","wythers:bamboo_jungle_swamp","integrated_api-1.7.4+1.21.1-neoforge.jar","data/integrated_api/tags/worldgen/biome/collections/bamboos.json"
"integrated_api:collections/bamboos","wythers:bamboo_swamp","integrated_api-1.7.4+1.21.1-neoforge.jar","data/integrated_api/tags/worldgen/biome/collections/bamboos.json"
"integrated_api:collections/bamboos","wythers:sparse_bamboo_jungle","integrated_api-1.7.4+1.21.1-neoforge.jar","data/integrated_api/tags/worldgen/biome/collections/bamboos.json"
"integrated_api:collections/beaches","#c:beach","integrated_api-1.7.4+1.21.1-neoforge.jar","data/integrated_api/tags/worldgen/biome/collections/beaches.json"
"integrated_api:collections/beaches","#forge:is_beach","integrated_api-1.7.4+1.21.1-neoforge.jar","data/integrated_api/tags/worldgen/biome/collections/beaches.json"
"integrated_api:collections/beaches","#minecraft:is_beach","integrated_api-1.7.4+1.21.1-neoforge.jar","data/integrated_api/tags/worldgen/biome/collections/beaches.json"
"integrated_api:collections/birch_forests","byg:aspen_forest","integrated_api-1.7.4+1.21.1-neoforge.jar","data/integrated_api/tags/worldgen/biome/collections/birch_forests.json"
"integrated_api:collections/birch_forests","byg:temperate_grove","integrated_api-1.7.4+1.21.1-neoforge.jar","data/integrated_api/tags/worldgen/biome/collections/birch_forests.json"
"integrated_api:collections/birch_forests","c:birch_forest","integrated_api-1.7.4+1.21.1-neoforge.jar","data/integrated_api/tags/worldgen/biome/collections/birch_forests.json"
"integrated_api:collections/birch_forests","forge:birch_forest","integrated_api-1.7.4+1.21.1-neoforge.jar","data/integrated_api/tags/worldgen/biome/collections/birch_forests.json"
"integrated_api:collections/birch_forests","minecraft:birch_forest","integrated_api-1.7.4+1.21.1-neoforge.jar","data/integrated_api/tags/worldgen/biome/collections/birch_forests.json"
"integrated_api:collections/birch_forests","minecraft:old_growth_birch_forest","integrated_api-1.7.4+1.21.1-neoforge.jar","data/integrated_api/tags/worldgen/biome/collections/birch_forests.json"
"integrated_api:collections/birch_forests","projectvibrantjourneys:aspen_grove","integrated_api-1.7.4+1.21.1-neoforge.jar","data/integrated_api/tags/worldgen/biome/collections/birch_forests.json"
"integrated_api:collections/birch_forests","regions_unexplored:silver_birch_forest","integrated_api-1.7.4+1.21.1-neoforge.jar","data/integrated_api/tags/worldgen/biome/collections/birch_forests.json"
"integrated_api:collections/birch_forests","terralith:birch_taiga","integrated_api-1.7.4+1.21.1-neoforge.jar","data/integrated_api/tags/worldgen/biome/collections/birch_forests.json"
"integrated_api:collections/birch_forests","terralith:temperate_highlands","integrated_api-1.7.4+1.21.1-neoforge.jar","data/integrated_api/tags/worldgen/biome/collections/birch_forests.json"
"integrated_api:collections/birch_forests","terralith:white_cliffs","integrated_api-1.7.4+1.21.1-neoforge.jar","data/integrated_api/tags/worldgen/biome/collections/birch_forests.json"
"integrated_api:collections/birch_forests","wythers:autumnal_birch_forest","integrated_api-1.7.4+1.21.1-neoforge.jar","data/integrated_api/tags/worldgen/biome/collections/birch_forests.json"
"integrated_api:collections/birch_forests","wythers:birch_swamp","integrated_api-1.7.4+1.21.1-neoforge.jar","data/integrated_api/tags/worldgen/biome/collections/birch_forests.json"
"integrated_api:collections/birch_forests","wythers:birch_taiga","integrated_api-1.7.4+1.21.1-neoforge.jar","data/integrated_api/tags/worldgen/biome/collections/birch_forests.json"
"integrated_api:collections/birch_forests","wythers:warm_birch_forest","integrated_api-1.7.4+1.21.1-neoforge.jar","data/integrated_api/tags/worldgen/biome/collections/birch_forests.json"
"integrated_api:collections/caves","#c:caves","integrated_api-1.7.4+1.21.1-neoforge.jar","data/integrated_api/tags/worldgen/biome/collections/caves.json"
"integrated_api:collections/caves","#c:underground","integrated_api-1.7.4+1.21.1-neoforge.jar","data/integrated_api/tags/worldgen/biome/collections/caves.json"
"integrated_api:collections/caves","#forge:is_cave","integrated_api-1.7.4+1.21.1-neoforge.jar","data/integrated_api/tags/worldgen/biome/collections/caves.json"
"integrated_api:collections/caves","#forge:is_underground","integrated_api-1.7.4+1.21.1-neoforge.jar","data/integrated_api/tags/worldgen/biome/collections/caves.json"
"integrated_api:collections/caves","minecraft:deep_dark","integrated_api-1.7.4+1.21.1-neoforge.jar","data/integrated_api/tags/worldgen/biome/collections/caves.json"
"integrated_api:collections/caves","minecraft:dripstone_caves","integrated_api-1.7.4+1.21.1-neoforge.jar","data/integrated_api/tags/worldgen/biome/collections/caves.json"
"integrated_api:collections/caves","minecraft:lush_caves","integrated_api-1.7.4+1.21.1-neoforge.jar","data/integrated_api/tags/worldgen/biome/collections/caves.json"
"integrated_api:collections/caves","terralith:cave/andesite_caves","integrated_api-1.7.4+1.21.1-neoforge.jar","data/integrated_api/tags/worldgen/biome/collections/caves.json"
"integrated_api:collections/caves","terralith:cave/crystal_caves","integrated_api-1.7.4+1.21.1-neoforge.jar","data/integrated_api/tags/worldgen/biome/collections/caves.json"
"integrated_api:collections/caves","terralith:cave/deep_caves","integrated_api-1.7.4+1.21.1-neoforge.jar","data/integrated_api/tags/worldgen/biome/collections/caves.json"
"integrated_api:collections/caves","terralith:cave/desert_caves","integrated_api-1.7.4+1.21.1-neoforge.jar","data/integrated_api/tags/worldgen/biome/collections/caves.json"
"integrated_api:collections/caves","terralith:cave/diorite_caves","integrated_api-1.7.4+1.21.1-neoforge.jar","data/integrated_api/tags/worldgen/biome/collections/caves.json"
"integrated_api:collections/caves","terralith:cave/frostfire_caves","integrated_api-1.7.4+1.21.1-neoforge.jar","data/integrated_api/tags/worldgen/biome/collections/caves.json"
"integrated_api:collections/caves","terralith:cave/fungal_caves","integrated_api-1.7.4+1.21.1-neoforge.jar","data/integrated_api/tags/worldgen/biome/collections/caves.json"
"integrated_api:collections/caves","terralith:cave/granite_caves","integrated_api-1.7.4+1.21.1-neoforge.jar","data/integrated_api/tags/worldgen/biome/collections/caves.json"
"integrated_api:collections/caves","terralith:cave/ice_caves","integrated_api-1.7.4+1.21.1-neoforge.jar","data/integrated_api/tags/worldgen/biome/collections/caves.json"
"integrated_api:collections/caves","terralith:cave/infested_caves","integrated_api-1.7.4+1.21.1-neoforge.jar","data/integrated_api/tags/worldgen/biome/collections/caves.json"
"integrated_api:collections/caves","terralith:cave/mantle_caves","integrated_api-1.7.4+1.21.1-neoforge.jar","data/integrated_api/tags/worldgen/biome/collections/caves.json"
"integrated_api:collections/caves","terralith:cave/thermal_caves","integrated_api-1.7.4+1.21.1-neoforge.jar","data/integrated_api/tags/worldgen/biome/collections/caves.json"
"integrated_api:collections/caves","terralith:cave/tuff_caves","integrated_api-1.7.4+1.21.1-neoforge.jar","data/integrated_api/tags/worldgen/biome/collections/caves.json"
"integrated_api:collections/caves","terralith:cave/underground_jungle","integrated_api-1.7.4+1.21.1-neoforge.jar","data/integrated_api/tags/worldgen/biome/collections/caves.json"
"integrated_api:collections/dark_oak_forests","minecraft:dark_forest","integrated_api-1.7.4+1.21.1-neoforge.jar","data/integrated_api/tags/worldgen/biome/collections/dark_oak_forests.json"
"integrated_api:collections/deep_oceans","#c:deep_ocean","integrated_api-1.7.4+1.21.1-neoforge.jar","data/integrated_api/tags/worldgen/biome/collections/deep_oceans.json"
"integrated_api:collections/deep_oceans","#minecraft:is_deep_ocean","integrated_api-1.7.4+1.21.1-neoforge.jar","data/integrated_api/tags/worldgen/biome/collections/deep_oceans.json"
"integrated_api:collections/deserts","#c:desert","integrated_api-1.7.4+1.21.1-neoforge.jar","data/integrated_api/tags/worldgen/biome/collections/deserts.json"
"integrated_api:collections/deserts","#forge:is_desert","integrated_api-1.7.4+1.21.1-neoforge.jar","data/integrated_api/tags/worldgen/biome/collections/deserts.json"
"integrated_api:collections/deserts","biomesoplenty:lush_desert","integrated_api-1.7.4+1.21.1-neoforge.jar","data/integrated_api/tags/worldgen/biome/collections/deserts.json"
"integrated_api:collections/deserts","minecraft:desert","integrated_api-1.7.4+1.21.1-neoforge.jar","data/integrated_api/tags/worldgen/biome/collections/deserts.json"
"integrated_api:collections/deserts","projectvibrantjourneys:desert_shrubland","integrated_api-1.7.4+1.21.1-neoforge.jar","data/integrated_api/tags/worldgen/biome/collections/deserts.json"
"integrated_api:collections/deserts","projectvibrantjourneys:verdant_sands","integrated_api-1.7.4+1.21.1-neoforge.jar","data/integrated_api/tags/worldgen/biome/collections/deserts.json"
"integrated_api:collections/deserts","terralith:lush_desert","integrated_api-1.7.4+1.21.1-neoforge.jar","data/integrated_api/tags/worldgen/biome/collections/deserts.json"
"integrated_api:collections/end_island_land","#c:end_islands","integrated_api-1.7.4+1.21.1-neoforge.jar","data/integrated_api/tags/worldgen/biome/collections/end_island_land.json"
"integrated_api:collections/end_island_land","#c:in_the_end","integrated_api-1.7.4+1.21.1-neoforge.jar","data/integrated_api/tags/worldgen/biome/collections/end_island_land.json"
"integrated_api:collections/end_island_land","#forge:is_end","integrated_api-1.7.4+1.21.1-neoforge.jar","data/integrated_api/tags/worldgen/biome/collections/end_island_land.json"
"integrated_api:collections/end_island_land","#minecraft:is_end","integrated_api-1.7.4+1.21.1-neoforge.jar","data/integrated_api/tags/worldgen/biome/collections/end_island_land.json"
"integrated_api:collections/end_island_land","betterend:amber_land","integrated_api-1.7.4+1.21.1-neoforge.jar","data/integrated_api/tags/worldgen/biome/collections/end_island_land.json"
"integrated_api:collections/end_island_land","betterend:blossoming_spires","integrated_api-1.7.4+1.21.1-neoforge.jar","data/integrated_api/tags/worldgen/biome/collections/end_island_land.json"
"integrated_api:collections/end_island_land","betterend:chorus_forest","integrated_api-1.7.4+1.21.1-neoforge.jar","data/integrated_api/tags/worldgen/biome/collections/end_island_land.json"
"integrated_api:collections/end_island_land","betterend:crystal_mountains","integrated_api-1.7.4+1.21.1-neoforge.jar","data/integrated_api/tags/worldgen/biome/collections/end_island_land.json"
"integrated_api:collections/end_island_land","betterend:dragon_graveyards","integrated_api-1.7.4+1.21.1-neoforge.jar","data/integrated_api/tags/worldgen/biome/collections/end_island_land.json"
"integrated_api:collections/end_island_land","betterend:dry_shrubland","integrated_api-1.7.4+1.21.1-neoforge.jar","data/integrated_api/tags/worldgen/biome/collections/end_island_land.json"
"integrated_api:collections/end_island_land","betterend:dust_wasteland","integrated_api-1.7.4+1.21.1-neoforge.jar","data/integrated_api/tags/worldgen/biome/collections/end_island_land.json"
"integrated_api:collections/end_island_land","betterend:empty_aurora_cave","integrated_api-1.7.4+1.21.1-neoforge.jar","data/integrated_api/tags/worldgen/biome/collections/end_island_land.json"
"integrated_api:collections/end_island_land","betterend:empty_end_cave","integrated_api-1.7.4+1.21.1-neoforge.jar","data/integrated_api/tags/worldgen/biome/collections/end_island_land.json"
"integrated_api:collections/end_island_land","betterend:empty_smaragdant_cave","integrated_api-1.7.4+1.21.1-neoforge.jar","data/integrated_api/tags/worldgen/biome/collections/end_island_land.json"
"integrated_api:collections/end_island_land","betterend:foggy_mushroomland","integrated_api-1.7.4+1.21.1-neoforge.jar","data/integrated_api/tags/worldgen/biome/collections/end_island_land.json"
"integrated_api:collections/end_island_land","betterend:glowing_grassland","integrated_api-1.7.4+1.21.1-neoforge.jar","data/integrated_api/tags/worldgen/biome/collections/end_island_land.json"
"integrated_api:collections/end_island_land","betterend:jade_cave","integrated_api-1.7.4+1.21.1-neoforge.jar","data/integrated_api/tags/worldgen/biome/collections/end_island_land.json"
"integrated_api:collections/end_island_land","betterend:lantern_woods","integrated_api-1.7.4+1.21.1-neoforge.jar","data/integrated_api/tags/worldgen/biome/collections/end_island_land.json"
"integrated_api:collections/end_island_land","betterend:lush_aurora_cave","integrated_api-1.7.4+1.21.1-neoforge.jar","data/integrated_api/tags/worldgen/biome/collections/end_island_land.json"
"integrated_api:collections/end_island_land","betterend:lush_smaragdant_cave","integrated_api-1.7.4+1.21.1-neoforge.jar","data/integrated_api/tags/worldgen/biome/collections/end_island_land.json"
"integrated_api:collections/end_island_land","betterend:megalake","integrated_api-1.7.4+1.21.1-neoforge.jar","data/integrated_api/tags/worldgen/biome/collections/end_island_land.json"
"integrated_api:collections/end_island_land","betterend:megalake_grove","integrated_api-1.7.4+1.21.1-neoforge.jar","data/integrated_api/tags/worldgen/biome/collections/end_island_land.json"
"integrated_api:collections/end_island_land","betterend:neon_oasis","integrated_api-1.7.4+1.21.1-neoforge.jar","data/integrated_api/tags/worldgen/biome/collections/end_island_land.json"
"integrated_api:collections/end_island_land","betterend:painted_mountains","integrated_api-1.7.4+1.21.1-neoforge.jar","data/integrated_api/tags/worldgen/biome/collections/end_island_land.json"
"integrated_api:collections/end_island_land","betterend:shadow_forest","integrated_api-1.7.4+1.21.1-neoforge.jar","data/integrated_api/tags/worldgen/biome/collections/end_island_land.json"
"integrated_api:collections/end_island_land","betterend:sulphur_springs","integrated_api-1.7.4+1.21.1-neoforge.jar","data/integrated_api/tags/worldgen/biome/collections/end_island_land.json"
"integrated_api:collections/end_island_land","betterend:umbra_valley","integrated_api-1.7.4+1.21.1-neoforge.jar","data/integrated_api/tags/worldgen/biome/collections/end_island_land.json"
"integrated_api:collections/end_island_land","betterend:umbrella_jungle","integrated_api-1.7.4+1.21.1-neoforge.jar","data/integrated_api/tags/worldgen/biome/collections/end_island_land.json"
"integrated_api:collections/end_voids","betterend:ice_starfield","integrated_api-1.7.4+1.21.1-neoforge.jar","data/integrated_api/tags/worldgen/biome/collections/end_voids.json"
"integrated_api:collections/end_voids","minecraft:end_barrens","integrated_api-1.7.4+1.21.1-neoforge.jar","data/integrated_api/tags/worldgen/biome/collections/end_voids.json"
"integrated_api:collections/end_voids","minecraft:small_end_islands","integrated_api-1.7.4+1.21.1-neoforge.jar","data/integrated_api/tags/worldgen/biome/collections/end_voids.json"
"integrated_api:collections/floral","#byg:is_floral","integrated_api-1.7.4+1.21.1-neoforge.jar","data/integrated_api/tags/worldgen/biome/collections/floral.json"
"integrated_api:collections/floral","#c:flower_forests","integrated_api-1.7.4+1.21.1-neoforge.jar","data/integrated_api/tags/worldgen/biome/collections/floral.json"
"integrated_api:collections/floral","biomesoplenty:cherry_blossom_grove","integrated_api-1.7.4+1.21.1-neoforge.jar","data/integrated_api/tags/worldgen/biome/collections/floral.json"
"integrated_api:collections/floral","biomesoplenty:lavender_field","integrated_api-1.7.4+1.21.1-neoforge.jar","data/integrated_api/tags/worldgen/biome/collections/floral.json"
"integrated_api:collections/floral","biomesoplenty:lavender_forest","integrated_api-1.7.4+1.21.1-neoforge.jar","data/integrated_api/tags/worldgen/biome/collections/floral.json"
"integrated_api:collections/floral","minecraft:cherry_grove","integrated_api-1.7.4+1.21.1-neoforge.jar","data/integrated_api/tags/worldgen/biome/collections/floral.json"
"integrated_api:collections/floral","minecraft:flower_forest","integrated_api-1.7.4+1.21.1-neoforge.jar","data/integrated_api/tags/worldgen/biome/collections/floral.json"
"integrated_api:collections/floral","projectvibrantjourneys:blossoming_fields","integrated_api-1.7.4+1.21.1-neoforge.jar","data/integrated_api/tags/worldgen/biome/collections/floral.json"
"integrated_api:collections/floral","regions_unexplored:cherry_hills","integrated_api-1.7.4+1.21.1-neoforge.jar","data/integrated_api/tags/worldgen/biome/collections/floral.json"
"integrated_api:collections/floral","regions_unexplored:clover_plains","integrated_api-1.7.4+1.21.1-neoforge.jar","data/integrated_api/tags/worldgen/biome/collections/floral.json"
"integrated_api:collections/floral","regions_unexplored:flower_field","integrated_api-1.7.4+1.21.1-neoforge.jar","data/integrated_api/tags/worldgen/biome/collections/floral.json"
"integrated_api:collections/floral","regions_unexplored:flower_fields","integrated_api-1.7.4+1.21.1-neoforge.jar","data/integrated_api/tags/worldgen/biome/collections/floral.json"
"integrated_api:collections/floral","regions_unexplored:highland_fields","integrated_api-1.7.4+1.21.1-neoforge.jar","data/integrated_api/tags/worldgen/biome/collections/floral.json"
"integrated_api:collections/floral","regions_unexplored:lupine_plains","integrated_api-1.7.4+1.21.1-neoforge.jar","data/integrated_api/tags/worldgen/biome/collections/floral.json"
"integrated_api:collections/floral","regions_unexplored:magnolia_woodland","integrated_api-1.7.4+1.21.1-neoforge.jar","data/integrated_api/tags/worldgen/biome/collections/floral.json"
"integrated_api:collections/floral","regions_unexplored:mauve_hills","integrated_api-1.7.4+1.21.1-neoforge.jar","data/integrated_api/tags/worldgen/biome/collections/floral.json"
"integrated_api:collections/floral","regions_unexplored:meadow","integrated_api-1.7.4+1.21.1-neoforge.jar","data/integrated_api/tags/worldgen/biome/collections/floral.json"
"integrated_api:collections/floral","regions_unexplored:poppy_fields","integrated_api-1.7.4+1.21.1-neoforge.jar","data/integrated_api/tags/worldgen/biome/collections/floral.json"
"integrated_api:collections/floral","regions_unexplored:temperate_grove","integrated_api-1.7.4+1.21.1-neoforge.jar","data/integrated_api/tags/worldgen/biome/collections/floral.json"
"integrated_api:collections/floral","terralith:blooming_plateau","integrated_api-1.7.4+1.21.1-neoforge.jar","data/integrated_api/tags/worldgen/biome/collections/floral.json"
"integrated_api:collections/floral","terralith:blooming_valley","integrated_api-1.7.4+1.21.1-neoforge.jar","data/integrated_api/tags/worldgen/biome/collections/floral.json"
"integrated_api:collections/floral","terralith:moonlight_grove","integrated_api-1.7.4+1.21.1-neoforge.jar","data/integrated_api/tags/worldgen/biome/collections/floral.json"
"integrated_api:collections/floral","terralith:moonlight_valley","integrated_api-1.7.4+1.21.1-neoforge.jar","data/integrated_api/tags/worldgen/biome/collections/floral.json"
"integrated_api:collections/floral","terralith:sakura_grove","integrated_api-1.7.4+1.21.1-neoforge.jar","data/integrated_api/tags/worldgen/biome/collections/floral.json"
"integrated_api:collections/floral","terralith:sakura_valley","integrated_api-1.7.4+1.21.1-neoforge.jar","data/integrated_api/tags/worldgen/biome/collections/floral.json"
"integrated_api:collections/floral","terralith:snowy_cherry_grove","integrated_api-1.7.4+1.21.1-neoforge.jar","data/integrated_api/tags/worldgen/biome/collections/floral.json"
"integrated_api:collections/flower_forests","#byg:is_floral","integrated_api-1.7.4+1.21.1-neoforge.jar","data/integrated_api/tags/worldgen/biome/collections/flower_forests.json"
"integrated_api:collections/flower_forests","#c:flower_forests","integrated_api-1.7.4+1.21.1-neoforge.jar","data/integrated_api/tags/worldgen/biome/collections/flower_forests.json"
"integrated_api:collections/flower_forests","biomesoplenty:cherry_blossom_grove","integrated_api-1.7.4+1.21.1-neoforge.jar","data/integrated_api/tags/worldgen/biome/collections/flower_forests.json"
"integrated_api:collections/flower_forests","biomesoplenty:lavender_field","integrated_api-1.7.4+1.21.1-neoforge.jar","data/integrated_api/tags/worldgen/biome/collections/flower_forests.json"
"integrated_api:collections/flower_forests","biomesoplenty:lavender_forest","integrated_api-1.7.4+1.21.1-neoforge.jar","data/integrated_api/tags/worldgen/biome/collections/flower_forests.json"
"integrated_api:collections/flower_forests","minecraft:cherry_grove","integrated_api-1.7.4+1.21.1-neoforge.jar","data/integrated_api/tags/worldgen/biome/collections/flower_forests.json"
"integrated_api:collections/flower_forests","minecraft:flower_forest","integrated_api-1.7.4+1.21.1-neoforge.jar","data/integrated_api/tags/worldgen/biome/collections/flower_forests.json"
"integrated_api:collections/flower_forests","projectvibrantjourneys:blossoming_fields","integrated_api-1.7.4+1.21.1-neoforge.jar","data/integrated_api/tags/worldgen/biome/collections/flower_forests.json"
"integrated_api:collections/flower_forests","regions_unexplored:cherry_hills","integrated_api-1.7.4+1.21.1-neoforge.jar","data/integrated_api/tags/worldgen/biome/collections/flower_forests.json"
"integrated_api:collections/flower_forests","regions_unexplored:clover_plains","integrated_api-1.7.4+1.21.1-neoforge.jar","data/integrated_api/tags/worldgen/biome/collections/flower_forests.json"
"integrated_api:collections/flower_forests","regions_unexplored:flower_field","integrated_api-1.7.4+1.21.1-neoforge.jar","data/integrated_api/tags/worldgen/biome/collections/flower_forests.json"
"integrated_api:collections/flower_forests","regions_unexplored:flower_fields","integrated_api-1.7.4+1.21.1-neoforge.jar","data/integrated_api/tags/worldgen/biome/collections/flower_forests.json"
"integrated_api:collections/flower_forests","regions_unexplored:highland_fields","integrated_api-1.7.4+1.21.1-neoforge.jar","data/integrated_api/tags/worldgen/biome/collections/flower_forests.json"
"integrated_api:collections/flower_forests","regions_unexplored:lupine_plains","integrated_api-1.7.4+1.21.1-neoforge.jar","data/integrated_api/tags/worldgen/biome/collections/flower_forests.json"
"integrated_api:collections/flower_forests","regions_unexplored:magnolia_woodland","integrated_api-1.7.4+1.21.1-neoforge.jar","data/integrated_api/tags/worldgen/biome/collections/flower_forests.json"
"integrated_api:collections/flower_forests","regions_unexplored:mauve_hills","integrated_api-1.7.4+1.21.1-neoforge.jar","data/integrated_api/tags/worldgen/biome/collections/flower_forests.json"
"integrated_api:collections/flower_forests","regions_unexplored:meadow","integrated_api-1.7.4+1.21.1-neoforge.jar","data/integrated_api/tags/worldgen/biome/collections/flower_forests.json"
"integrated_api:collections/flower_forests","regions_unexplored:poppy_fields","integrated_api-1.7.4+1.21.1-neoforge.jar","data/integrated_api/tags/worldgen/biome/collections/flower_forests.json"
"integrated_api:collections/flower_forests","regions_unexplored:temperate_grove","integrated_api-1.7.4+1.21.1-neoforge.jar","data/integrated_api/tags/worldgen/biome/collections/flower_forests.json"
"integrated_api:collections/flower_forests","terralith:blooming_plateau","integrated_api-1.7.4+1.21.1-neoforge.jar","data/integrated_api/tags/worldgen/biome/collections/flower_forests.json"
"integrated_api:collections/flower_forests","terralith:blooming_valley","integrated_api-1.7.4+1.21.1-neoforge.jar","data/integrated_api/tags/worldgen/biome/collections/flower_forests.json"
"integrated_api:collections/flower_forests","terralith:moonlight_grove","integrated_api-1.7.4+1.21.1-neoforge.jar","data/integrated_api/tags/worldgen/biome/collections/flower_forests.json"
"integrated_api:collections/flower_forests","terralith:moonlight_valley","integrated_api-1.7.4+1.21.1-neoforge.jar","data/integrated_api/tags/worldgen/biome/collections/flower_forests.json"
"integrated_api:collections/flower_forests","terralith:sakura_grove","integrated_api-1.7.4+1.21.1-neoforge.jar","data/integrated_api/tags/worldgen/biome/collections/flower_forests.json"
"integrated_api:collections/flower_forests","terralith:sakura_valley","integrated_api-1.7.4+1.21.1-neoforge.jar","data/integrated_api/tags/worldgen/biome/collections/flower_forests.json"
"integrated_api:collections/flower_forests","terralith:snowy_cherry_grove","integrated_api-1.7.4+1.21.1-neoforge.jar","data/integrated_api/tags/worldgen/biome/collections/flower_forests.json"
"integrated_api:collections/giant_taigas","biomesoplenty:redwood_forest","integrated_api-1.7.4+1.21.1-neoforge.jar","data/integrated_api/tags/worldgen/biome/collections/giant_taigas.json"
"integrated_api:collections/giant_taigas","byg:redwood_thicket","integrated_api-1.7.4+1.21.1-neoforge.jar","data/integrated_api/tags/worldgen/biome/collections/giant_taigas.json"
"integrated_api:collections/giant_taigas","minecraft:old_growth_pine_taiga","integrated_api-1.7.4+1.21.1-neoforge.jar","data/integrated_api/tags/worldgen/biome/collections/giant_taigas.json"
"integrated_api:collections/giant_taigas","minecraft:old_growth_spruce_taiga","integrated_api-1.7.4+1.21.1-neoforge.jar","data/integrated_api/tags/worldgen/biome/collections/giant_taigas.json"
"integrated_api:collections/giant_taigas","projectvibrantjourneys:redwoods","integrated_api-1.7.4+1.21.1-neoforge.jar","data/integrated_api/tags/worldgen/biome/collections/giant_taigas.json"
"integrated_api:collections/giant_taigas","regions_unexplored:redwoods","integrated_api-1.7.4+1.21.1-neoforge.jar","data/integrated_api/tags/worldgen/biome/collections/giant_taigas.json"
"integrated_api:collections/giant_taigas","regions_unexplored:sparse_redwoods","integrated_api-1.7.4+1.21.1-neoforge.jar","data/integrated_api/tags/worldgen/biome/collections/giant_taigas.json"
"integrated_api:collections/giant_taigas","wythers:ancient_taiga","integrated_api-1.7.4+1.21.1-neoforge.jar","data/integrated_api/tags/worldgen/biome/collections/giant_taigas.json"
"integrated_api:collections/giant_taigas","wythers:flooded_temperate_rainforest","integrated_api-1.7.4+1.21.1-neoforge.jar","data/integrated_api/tags/worldgen/biome/collections/giant_taigas.json"
"integrated_api:collections/giant_taigas","wythers:old_growth_taiga_crags","integrated_api-1.7.4+1.21.1-neoforge.jar","data/integrated_api/tags/worldgen/biome/collections/giant_taigas.json"
"integrated_api:collections/giant_taigas","wythers:old_growth_taiga_swamp","integrated_api-1.7.4+1.21.1-neoforge.jar","data/integrated_api/tags/worldgen/biome/collections/giant_taigas.json"
"integrated_api:collections/giant_taigas","wythers:old_growth_taiga_swamp","integrated_api-1.7.4+1.21.1-neoforge.jar","data/integrated_api/tags/worldgen/biome/collections/giant_taigas.json"
"integrated_api:collections/giant_taigas","wythers:sparse_eucalyptus_jungle","integrated_api-1.7.4+1.21.1-neoforge.jar","data/integrated_api/tags/worldgen/biome/collections/giant_taigas.json"
"integrated_api:collections/giant_taigas","wythers:sparse_eucalyptus_woodland","integrated_api-1.7.4+1.21.1-neoforge.jar","data/integrated_api/tags/worldgen/biome/collections/giant_taigas.json"
"integrated_api:collections/giant_taigas","wythers:temperate_rainforest","integrated_api-1.7.4+1.21.1-neoforge.jar","data/integrated_api/tags/worldgen/biome/collections/giant_taigas.json"
"integrated_api:collections/giant_taigas","wythers:temperate_rainforest_crags","integrated_api-1.7.4+1.21.1-neoforge.jar","data/integrated_api/tags/worldgen/biome/collections/giant_taigas.json"
"integrated_api:collections/giant_trees","biomesoplenty:coniferous_forest","integrated_api-1.7.4+1.21.1-neoforge.jar","data/integrated_api/tags/worldgen/biome/collections/giant_trees.json"
"integrated_api:collections/giant_trees","biomesoplenty:redwood_forest","integrated_api-1.7.4+1.21.1-neoforge.jar","data/integrated_api/tags/worldgen/biome/collections/giant_trees.json"
"integrated_api:collections/giant_trees","byg:cherry_blossom_forest","integrated_api-1.7.4+1.21.1-neoforge.jar","data/integrated_api/tags/worldgen/biome/collections/giant_trees.json"
"integrated_api:collections/giant_trees","byg:cika_woods","integrated_api-1.7.4+1.21.1-neoforge.jar","data/integrated_api/tags/worldgen/biome/collections/giant_trees.json"
"integrated_api:collections/giant_trees","byg:coniferous_forest","integrated_api-1.7.4+1.21.1-neoforge.jar","data/integrated_api/tags/worldgen/biome/collections/giant_trees.json"
"integrated_api:collections/giant_trees","byg:coniferous_forest_hills","integrated_api-1.7.4+1.21.1-neoforge.jar","data/integrated_api/tags/worldgen/biome/collections/giant_trees.json"
"integrated_api:collections/giant_trees","byg:ebony_hills","integrated_api-1.7.4+1.21.1-neoforge.jar","data/integrated_api/tags/worldgen/biome/collections/giant_trees.json"
"integrated_api:collections/giant_trees","byg:ebony_woods","integrated_api-1.7.4+1.21.1-neoforge.jar","data/integrated_api/tags/worldgen/biome/collections/giant_trees.json"
"integrated_api:collections/giant_trees","byg:orchard","integrated_api-1.7.4+1.21.1-neoforge.jar","data/integrated_api/tags/worldgen/biome/collections/giant_trees.json"
"integrated_api:collections/giant_trees","byg:redwood_thicket","integrated_api-1.7.4+1.21.1-neoforge.jar","data/integrated_api/tags/worldgen/biome/collections/giant_trees.json"
"integrated_api:collections/giant_trees","byg:tropical_rainforest","integrated_api-1.7.4+1.21.1-neoforge.jar","data/integrated_api/tags/worldgen/biome/collections/giant_trees.json"
"integrated_api:collections/giant_trees","byg:tropical_rainforest_hills","integrated_api-1.7.4+1.21.1-neoforge.jar","data/integrated_api/tags/worldgen/biome/collections/giant_trees.json"
"integrated_api:collections/giant_trees","minecraft:bamboo_jungle","integrated_api-1.7.4+1.21.1-neoforge.jar","data/integrated_api/tags/worldgen/biome/collections/giant_trees.json"
"integrated_api:collections/giant_trees","minecraft:jungle","integrated_api-1.7.4+1.21.1-neoforge.jar","data/integrated_api/tags/worldgen/biome/collections/giant_trees.json"
"integrated_api:collections/giant_trees","minecraft:old_growth_pine_taiga","integrated_api-1.7.4+1.21.1-neoforge.jar","data/integrated_api/tags/worldgen/biome/collections/giant_trees.json"
"integrated_api:collections/giant_trees","minecraft:old_growth_spruce_taiga","integrated_api-1.7.4+1.21.1-neoforge.jar","data/integrated_api/tags/worldgen/biome/collections/giant_trees.json"
"integrated_api:collections/giant_trees","projectvibrantjourneys:baobab_fields","integrated_api-1.7.4+1.21.1-neoforge.jar","data/integrated_api/tags/worldgen/biome/collections/giant_trees.json"
"integrated_api:collections/giant_trees","projectvibrantjourneys:redwoods","integrated_api-1.7.4+1.21.1-neoforge.jar","data/integrated_api/tags/worldgen/biome/collections/giant_trees.json"
"integrated_api:collections/giant_trees","projectvibrantjourneys:snowy_redwoods","integrated_api-1.7.4+1.21.1-neoforge.jar","data/integrated_api/tags/worldgen/biome/collections/giant_trees.json"
"integrated_api:collections/giant_trees","regions_unexplored:boreal_forest","integrated_api-1.7.4+1.21.1-neoforge.jar","data/integrated_api/tags/worldgen/biome/collections/giant_trees.json"
"integrated_api:collections/giant_trees","regions_unexplored:boreal_taiga","integrated_api-1.7.4+1.21.1-neoforge.jar","data/integrated_api/tags/worldgen/biome/collections/giant_trees.json"
"integrated_api:collections/giant_trees","regions_unexplored:cold_boreal_forest","integrated_api-1.7.4+1.21.1-neoforge.jar","data/integrated_api/tags/worldgen/biome/collections/giant_trees.json"
"integrated_api:collections/giant_trees","regions_unexplored:cold_boreal_taiga","integrated_api-1.7.4+1.21.1-neoforge.jar","data/integrated_api/tags/worldgen/biome/collections/giant_trees.json"
"integrated_api:collections/giant_trees","regions_unexplored:giant_bayou","integrated_api-1.7.4+1.21.1-neoforge.jar","data/integrated_api/tags/worldgen/biome/collections/giant_trees.json"
"integrated_api:collections/giant_trees","regions_unexplored:golden_boreal_forest","integrated_api-1.7.4+1.21.1-neoforge.jar","data/integrated_api/tags/worldgen/biome/collections/giant_trees.json"
"integrated_api:collections/giant_trees","regions_unexplored:golden_boreal_taiga","integrated_api-1.7.4+1.21.1-neoforge.jar","data/integrated_api/tags/worldgen/biome/collections/giant_trees.json"
"integrated_api:collections/giant_trees","regions_unexplored:old_growth_bayou","integrated_api-1.7.4+1.21.1-neoforge.jar","data/integrated_api/tags/worldgen/biome/collections/giant_trees.json"
"integrated_api:collections/giant_trees","regions_unexplored:redwoods","integrated_api-1.7.4+1.21.1-neoforge.jar","data/integrated_api/tags/worldgen/biome/collections/giant_trees.json"
"integrated_api:collections/giant_trees","regions_unexplored:sparse_redwoods","integrated_api-1.7.4+1.21.1-neoforge.jar","data/integrated_api/tags/worldgen/biome/collections/giant_trees.json"
"integrated_api:collections/giant_trees","terralith:amethyst_rainforest","integrated_api-1.7.4+1.21.1-neoforge.jar","data/integrated_api/tags/worldgen/biome/collections/giant_trees.json"
"integrated_api:collections/giant_trees","terralith:jungle_mountains","integrated_api-1.7.4+1.21.1-neoforge.jar","data/integrated_api/tags/worldgen/biome/collections/giant_trees.json"
"integrated_api:collections/giant_trees","terralith:rocky_jungle","integrated_api-1.7.4+1.21.1-neoforge.jar","data/integrated_api/tags/worldgen/biome/collections/giant_trees.json"
"integrated_api:collections/giant_trees","wythers:ancient_taiga","integrated_api-1.7.4+1.21.1-neoforge.jar","data/integrated_api/tags/worldgen/biome/collections/giant_trees.json"
"integrated_api:collections/giant_trees","wythers:eucalyptus_deanei_forest","integrated_api-1.7.4+1.21.1-neoforge.jar","data/integrated_api/tags/worldgen/biome/collections/giant_trees.json"
"integrated_api:collections/giant_trees","wythers:eucalyptus_jungle","integrated_api-1.7.4+1.21.1-neoforge.jar","data/integrated_api/tags/worldgen/biome/collections/giant_trees.json"
"integrated_api:collections/giant_trees","wythers:eucalyptus_jungle_canyon","integrated_api-1.7.4+1.21.1-neoforge.jar","data/integrated_api/tags/worldgen/biome/collections/giant_trees.json"
"integrated_api:collections/giant_trees","wythers:eucalyptus_salubris_woodland","integrated_api-1.7.4+1.21.1-neoforge.jar","data/integrated_api/tags/worldgen/biome/collections/giant_trees.json"
"integrated_api:collections/giant_trees","wythers:eucalyptus_woodland","integrated_api-1.7.4+1.21.1-neoforge.jar","data/integrated_api/tags/worldgen/biome/collections/giant_trees.json"
"integrated_api:collections/giant_trees","wythers:flooded_jungle","integrated_api-1.7.4+1.21.1-neoforge.jar","data/integrated_api/tags/worldgen/biome/collections/giant_trees.json"
"integrated_api:collections/giant_trees","wythers:flooded_rainforest","integrated_api-1.7.4+1.21.1-neoforge.jar","data/integrated_api/tags/worldgen/biome/collections/giant_trees.json"
"integrated_api:collections/giant_trees","wythers:flooded_temperate_rainforest","integrated_api-1.7.4+1.21.1-neoforge.jar","data/integrated_api/tags/worldgen/biome/collections/giant_trees.json"
"integrated_api:collections/giant_trees","wythers:old_growth_taiga_crags","integrated_api-1.7.4+1.21.1-neoforge.jar","data/integrated_api/tags/worldgen/biome/collections/giant_trees.json"
"integrated_api:collections/giant_trees","wythers:old_growth_taiga_swamp","integrated_api-1.7.4+1.21.1-neoforge.jar","data/integrated_api/tags/worldgen/biome/collections/giant_trees.json"
"integrated_api:collections/giant_trees","wythers:temperate_rainforest","integrated_api-1.7.4+1.21.1-neoforge.jar","data/integrated_api/tags/worldgen/biome/collections/giant_trees.json"
"integrated_api:collections/giant_trees","wythers:temperate_rainforest_crags","integrated_api-1.7.4+1.21.1-neoforge.jar","data/integrated_api/tags/worldgen/biome/collections/giant_trees.json"
"integrated_api:collections/hills","#c:extreme_hills","integrated_api-1.7.4+1.21.1-neoforge.jar","data/integrated_api/tags/worldgen/biome/collections/hills.json"
"integrated_api:collections/hills","#forge:is_hills","integrated_api-1.7.4+1.21.1-neoforge.jar","data/integrated_api/tags/worldgen/biome/collections/hills.json"
"integrated_api:collections/hills","#minecraft:is_hill","integrated_api-1.7.4+1.21.1-neoforge.jar","data/integrated_api/tags/worldgen/biome/collections/hills.json"
"integrated_api:collections/icy","#byg:is_icy","integrated_api-1.7.4+1.21.1-neoforge.jar","data/integrated_api/tags/worldgen/biome/collections/icy.json"
"integrated_api:collections/icy","#forge:is_icy","integrated_api-1.7.4+1.21.1-neoforge.jar","data/integrated_api/tags/worldgen/biome/collections/icy.json"
"integrated_api:collections/icy","minecraft:frozen_peaks","integrated_api-1.7.4+1.21.1-neoforge.jar","data/integrated_api/tags/worldgen/biome/collections/icy.json"
"integrated_api:collections/icy","minecraft:ice_spikes","integrated_api-1.7.4+1.21.1-neoforge.jar","data/integrated_api/tags/worldgen/biome/collections/icy.json"
"integrated_api:collections/icy","regions_unexplored:icy_desert","integrated_api-1.7.4+1.21.1-neoforge.jar","data/integrated_api/tags/worldgen/biome/collections/icy.json"
"integrated_api:collections/icy","regions_unexplored:icy_heights","integrated_api-1.7.4+1.21.1-neoforge.jar","data/integrated_api/tags/worldgen/biome/collections/icy.json"
"integrated_api:collections/icy","regions_unexplored:spires","integrated_api-1.7.4+1.21.1-neoforge.jar","data/integrated_api/tags/worldgen/biome/collections/icy.json"
"integrated_api:collections/icy","wythers:glacial_cliffs","integrated_api-1.7.4+1.21.1-neoforge.jar","data/integrated_api/tags/worldgen/biome/collections/icy.json"
"integrated_api:collections/icy","wythers:ice_cap","integrated_api-1.7.4+1.21.1-neoforge.jar","data/integrated_api/tags/worldgen/biome/collections/icy.json"
"integrated_api:collections/icy","wythers:snowy_bog","integrated_api-1.7.4+1.21.1-neoforge.jar","data/integrated_api/tags/worldgen/biome/collections/icy.json"
"integrated_api:collections/jungles","#c:in_jungle","integrated_api-1.7.4+1.21.1-neoforge.jar","data/integrated_api/tags/worldgen/biome/collections/jungles.json"
"integrated_api:collections/jungles","#forge:is_jungle","integrated_api-1.7.4+1.21.1-neoforge.jar","data/integrated_api/tags/worldgen/biome/collections/jungles.json"
"integrated_api:collections/jungles","#minecraft:is_jungle","integrated_api-1.7.4+1.21.1-neoforge.jar","data/integrated_api/tags/worldgen/biome/collections/jungles.json"
"integrated_api:collections/mangroves","minecraft:mangrove_swamp","integrated_api-1.7.4+1.21.1-neoforge.jar","data/integrated_api/tags/worldgen/biome/collections/mangroves.json"
"integrated_api:collections/mangroves","wythers:autumnal_swamp","integrated_api-1.7.4+1.21.1-neoforge.jar","data/integrated_api/tags/worldgen/biome/collections/mangroves.json"
"integrated_api:collections/mangroves","wythers:bamboo_swamp","integrated_api-1.7.4+1.21.1-neoforge.jar","data/integrated_api/tags/worldgen/biome/collections/mangroves.json"
"integrated_api:collections/mangroves","wythers:bayou","integrated_api-1.7.4+1.21.1-neoforge.jar","data/integrated_api/tags/worldgen/biome/collections/mangroves.json"
"integrated_api:collections/mangroves","wythers:berry_bog","integrated_api-1.7.4+1.21.1-neoforge.jar","data/integrated_api/tags/worldgen/biome/collections/mangroves.json"
"integrated_api:collections/mangroves","wythers:coastal_mangroves","integrated_api-1.7.4+1.21.1-neoforge.jar","data/integrated_api/tags/worldgen/biome/collections/mangroves.json"
"integrated_api:collections/mangroves","wythers:dripleaf_swamp","integrated_api-1.7.4+1.21.1-neoforge.jar","data/integrated_api/tags/worldgen/biome/collections/mangroves.json"
"integrated_api:collections/mangroves","wythers:tangled_forest","integrated_api-1.7.4+1.21.1-neoforge.jar","data/integrated_api/tags/worldgen/biome/collections/mangroves.json"
"integrated_api:collections/meadows","biomesoplenty:clover_patch","integrated_api-1.7.4+1.21.1-neoforge.jar","data/integrated_api/tags/worldgen/biome/collections/meadows.json"
"integrated_api:collections/meadows","biomesoplenty:field","integrated_api-1.7.4+1.21.1-neoforge.jar","data/integrated_api/tags/worldgen/biome/collections/meadows.json"
"integrated_api:collections/meadows","biomesoplenty:highland","integrated_api-1.7.4+1.21.1-neoforge.jar","data/integrated_api/tags/worldgen/biome/collections/meadows.json"
"integrated_api:collections/meadows","biomesoplenty:highland_moor","integrated_api-1.7.4+1.21.1-neoforge.jar","data/integrated_api/tags/worldgen/biome/collections/meadows.json"
"integrated_api:collections/meadows","biomesoplenty:rocky_shrubland","integrated_api-1.7.4+1.21.1-neoforge.jar","data/integrated_api/tags/worldgen/biome/collections/meadows.json"
"integrated_api:collections/meadows","minecraft:meadow","integrated_api-1.7.4+1.21.1-neoforge.jar","data/integrated_api/tags/worldgen/biome/collections/meadows.json"
"integrated_api:collections/meadows","projectvibrantjourneys:pine_meadows","integrated_api-1.7.4+1.21.1-neoforge.jar","data/integrated_api/tags/worldgen/biome/collections/meadows.json"
"integrated_api:collections/meadows","regions_unexplored:highland_fields","integrated_api-1.7.4+1.21.1-neoforge.jar","data/integrated_api/tags/worldgen/biome/collections/meadows.json"
"integrated_api:collections/meadows","regions_unexplored:meadow","integrated_api-1.7.4+1.21.1-neoforge.jar","data/integrated_api/tags/worldgen/biome/collections/meadows.json"
"integrated_api:collections/meadows","regions_unexplored:shrubland","integrated_api-1.7.4+1.21.1-neoforge.jar","data/integrated_api/tags/worldgen/biome/collections/meadows.json"
"integrated_api:collections/meadows","wythers:autumnal_plains","integrated_api-1.7.4+1.21.1-neoforge.jar","data/integrated_api/tags/worldgen/biome/collections/meadows.json"
"integrated_api:collections/meadows","wythers:cold_plains","integrated_api-1.7.4+1.21.1-neoforge.jar","data/integrated_api/tags/worldgen/biome/collections/meadows.json"
"integrated_api:collections/meadows","wythers:cool_plains","integrated_api-1.7.4+1.21.1-neoforge.jar","data/integrated_api/tags/worldgen/biome/collections/meadows.json"
"integrated_api:collections/meadows","wythers:harvest_fields","integrated_api-1.7.4+1.21.1-neoforge.jar","data/integrated_api/tags/worldgen/biome/collections/meadows.json"
"integrated_api:collections/meadows","wythers:highland_plains","integrated_api-1.7.4+1.21.1-neoforge.jar","data/integrated_api/tags/worldgen/biome/collections/meadows.json"
"integrated_api:collections/mountains","#c:mountain","integrated_api-1.7.4+1.21.1-neoforge.jar","data/integrated_api/tags/worldgen/biome/collections/mountains.json"
"integrated_api:collections/mountains","#c:mountain_peak","integrated_api-1.7.4+1.21.1-neoforge.jar","data/integrated_api/tags/worldgen/biome/collections/mountains.json"
"integrated_api:collections/mountains","#c:mountain_slope","integrated_api-1.7.4+1.21.1-neoforge.jar","data/integrated_api/tags/worldgen/biome/collections/mountains.json"
"integrated_api:collections/mountains","#forge:is_peak","integrated_api-1.7.4+1.21.1-neoforge.jar","data/integrated_api/tags/worldgen/biome/collections/mountains.json"
"integrated_api:collections/mountains","#minecraft:is_mountain","integrated_api-1.7.4+1.21.1-neoforge.jar","data/integrated_api/tags/worldgen/biome/collections/mountains.json"
"integrated_api:collections/mushrooms","#c:mushroom","integrated_api-1.7.4+1.21.1-neoforge.jar","data/integrated_api/tags/worldgen/biome/collections/mushrooms.json"
"integrated_api:collections/mushrooms","#forge:is_mushroom","integrated_api-1.7.4+1.21.1-neoforge.jar","data/integrated_api/tags/worldgen/biome/collections/mushrooms.json"
"integrated_api:collections/mushrooms","biomesoplenty:fungal_jungle","integrated_api-1.7.4+1.21.1-neoforge.jar","data/integrated_api/tags/worldgen/biome/collections/mushrooms.json"
"integrated_api:collections/mushrooms","minecraft:mushroom_fields","integrated_api-1.7.4+1.21.1-neoforge.jar","data/integrated_api/tags/worldgen/biome/collections/mushrooms.json"
"integrated_api:collections/nether","#c:in_nether","integrated_api-1.7.4+1.21.1-neoforge.jar","data/integrated_api/tags/worldgen/biome/collections/nether.json"
"integrated_api:collections/nether","#c:nether","integrated_api-1.7.4+1.21.1-neoforge.jar","data/integrated_api/tags/worldgen/biome/collections/nether.json"
"integrated_api:collections/nether","#forge:is_nether","integrated_api-1.7.4+1.21.1-neoforge.jar","data/integrated_api/tags/worldgen/biome/collections/nether.json"
"integrated_api:collections/nether","#minecraft:is_nether","integrated_api-1.7.4+1.21.1-neoforge.jar","data/integrated_api/tags/worldgen/biome/collections/nether.json"
"integrated_api:collections/nether","betternether:bone_reef","integrated_api-1.7.4+1.21.1-neoforge.jar","data/integrated_api/tags/worldgen/biome/collections/nether.json"
"integrated_api:collections/nether","betternether:crimson_glowing_woods","integrated_api-1.7.4+1.21.1-neoforge.jar","data/integrated_api/tags/worldgen/biome/collections/nether.json"
"integrated_api:collections/nether","betternether:crimson_pinewood","integrated_api-1.7.4+1.21.1-neoforge.jar","data/integrated_api/tags/worldgen/biome/collections/nether.json"
"integrated_api:collections/nether","betternether:flooded_deltas","integrated_api-1.7.4+1.21.1-neoforge.jar","data/integrated_api/tags/worldgen/biome/collections/nether.json"
"integrated_api:collections/nether","betternether:gravel_desert","integrated_api-1.7.4+1.21.1-neoforge.jar","data/integrated_api/tags/worldgen/biome/collections/nether.json"
"integrated_api:collections/nether","betternether:magma_land","integrated_api-1.7.4+1.21.1-neoforge.jar","data/integrated_api/tags/worldgen/biome/collections/nether.json"
"integrated_api:collections/nether","betternether:nether_grasslands","integrated_api-1.7.4+1.21.1-neoforge.jar","data/integrated_api/tags/worldgen/biome/collections/nether.json"
"integrated_api:collections/nether","betternether:nether_jungle","integrated_api-1.7.4+1.21.1-neoforge.jar","data/integrated_api/tags/worldgen/biome/collections/nether.json"
"integrated_api:collections/nether","betternether:nether_mushroom_forest","integrated_api-1.7.4+1.21.1-neoforge.jar","data/integrated_api/tags/worldgen/biome/collections/nether.json"
"integrated_api:collections/nether","betternether:nether_mushroom_forest_edge","integrated_api-1.7.4+1.21.1-neoforge.jar","data/integrated_api/tags/worldgen/biome/collections/nether.json"
"integrated_api:collections/nether","betternether:nether_swampland","integrated_api-1.7.4+1.21.1-neoforge.jar","data/integrated_api/tags/worldgen/biome/collections/nether.json"
"integrated_api:collections/nether","betternether:nether_swampland_terraces","integrated_api-1.7.4+1.21.1-neoforge.jar","data/integrated_api/tags/worldgen/biome/collections/nether.json"
"integrated_api:collections/nether","betternether:old_fungiwoods","integrated_api-1.7.4+1.21.1-neoforge.jar","data/integrated_api/tags/worldgen/biome/collections/nether.json"
"integrated_api:collections/nether","betternether:old_swampland","integrated_api-1.7.4+1.21.1-neoforge.jar","data/integrated_api/tags/worldgen/biome/collections/nether.json"
"integrated_api:collections/nether","betternether:old_warped_woods","integrated_api-1.7.4+1.21.1-neoforge.jar","data/integrated_api/tags/worldgen/biome/collections/nether.json"
"integrated_api:collections/nether","betternether:poor_nether_grasslands","integrated_api-1.7.4+1.21.1-neoforge.jar","data/integrated_api/tags/worldgen/biome/collections/nether.json"
"integrated_api:collections/nether","betternether:soul_plain","integrated_api-1.7.4+1.21.1-neoforge.jar","data/integrated_api/tags/worldgen/biome/collections/nether.json"
"integrated_api:collections/nether","betternether:sulfuric_bone_reef","integrated_api-1.7.4+1.21.1-neoforge.jar","data/integrated_api/tags/worldgen/biome/collections/nether.json"
"integrated_api:collections/nether","betternether:upside_down_forest","integrated_api-1.7.4+1.21.1-neoforge.jar","data/integrated_api/tags/worldgen/biome/collections/nether.json"
"integrated_api:collections/nether","betternether:upside_down_forest_cleared","integrated_api-1.7.4+1.21.1-neoforge.jar","data/integrated_api/tags/worldgen/biome/collections/nether.json"
"integrated_api:collections/nether","betternether:wart_forest","integrated_api-1.7.4+1.21.1-neoforge.jar","data/integrated_api/tags/worldgen/biome/collections/nether.json"
"integrated_api:collections/nether","betternether:wart_forest_edge","integrated_api-1.7.4+1.21.1-neoforge.jar","data/integrated_api/tags/worldgen/biome/collections/nether.json"
"integrated_api:collections/nether_basalts","betternether:flooded_deltas","integrated_api-1.7.4+1.21.1-neoforge.jar","data/integrated_api/tags/worldgen/biome/collections/nether_basalts.json"
"integrated_api:collections/nether_basalts","betternether:gravel_desert","integrated_api-1.7.4+1.21.1-neoforge.jar","data/integrated_api/tags/worldgen/biome/collections/nether_basalts.json"
"integrated_api:collections/nether_basalts","betternether:magma_land","integrated_api-1.7.4+1.21.1-neoforge.jar","data/integrated_api/tags/worldgen/biome/collections/nether_basalts.json"
"integrated_api:collections/nether_basalts","biomesoplenty:withered_abyss","integrated_api-1.7.4+1.21.1-neoforge.jar","data/integrated_api/tags/worldgen/biome/collections/nether_basalts.json"
"integrated_api:collections/nether_basalts","byg:brimstone_caverns","integrated_api-1.7.4+1.21.1-neoforge.jar","data/integrated_api/tags/worldgen/biome/collections/nether_basalts.json"
"integrated_api:collections/nether_basalts","byg:magma_wastes","integrated_api-1.7.4+1.21.1-neoforge.jar","data/integrated_api/tags/worldgen/biome/collections/nether_basalts.json"
"integrated_api:collections/nether_basalts","incendium:ash_barrens","integrated_api-1.7.4+1.21.1-neoforge.jar","data/integrated_api/tags/worldgen/biome/collections/nether_basalts.json"
"integrated_api:collections/nether_basalts","incendium:volcanic_deltas","integrated_api-1.7.4+1.21.1-neoforge.jar","data/integrated_api/tags/worldgen/biome/collections/nether_basalts.json"
"integrated_api:collections/nether_basalts","incendium:withered_forest","integrated_api-1.7.4+1.21.1-neoforge.jar","data/integrated_api/tags/worldgen/biome/collections/nether_basalts.json"
"integrated_api:collections/nether_basalts","minecraft:basalt_deltas","integrated_api-1.7.4+1.21.1-neoforge.jar","data/integrated_api/tags/worldgen/biome/collections/nether_basalts.json"
"integrated_api:collections/nether_crimson_forests","betternether:crimson_glowing_woods","integrated_api-1.7.4+1.21.1-neoforge.jar","data/integrated_api/tags/worldgen/biome/collections/nether_crimson_forests.json"
"integrated_api:collections/nether_crimson_forests","betternether:crimson_pinewood","integrated_api-1.7.4+1.21.1-neoforge.jar","data/integrated_api/tags/worldgen/biome/collections/nether_crimson_forests.json"
"integrated_api:collections/nether_crimson_forests","betternether:nether_swampland","integrated_api-1.7.4+1.21.1-neoforge.jar","data/integrated_api/tags/worldgen/biome/collections/nether_crimson_forests.json"
"integrated_api:collections/nether_crimson_forests","betternether:old_swampland","integrated_api-1.7.4+1.21.1-neoforge.jar","data/integrated_api/tags/worldgen/biome/collections/nether_crimson_forests.json"
"integrated_api:collections/nether_crimson_forests","byg:crimson_gardens","integrated_api-1.7.4+1.21.1-neoforge.jar","data/integrated_api/tags/worldgen/biome/collections/nether_crimson_forests.json"
"integrated_api:collections/nether_crimson_forests","byg:weeping_mire","integrated_api-1.7.4+1.21.1-neoforge.jar","data/integrated_api/tags/worldgen/biome/collections/nether_crimson_forests.json"
"integrated_api:collections/nether_crimson_forests","gardens_of_the_dead:whistling_woods","integrated_api-1.7.4+1.21.1-neoforge.jar","data/integrated_api/tags/worldgen/biome/collections/nether_crimson_forests.json"
"integrated_api:collections/nether_crimson_forests","minecraft:crimson_forest","integrated_api-1.7.4+1.21.1-neoforge.jar","data/integrated_api/tags/worldgen/biome/collections/nether_crimson_forests.json"
"integrated_api:collections/nether_crimson_forests","pyromancer:flaming_grove","integrated_api-1.7.4+1.21.1-neoforge.jar","data/integrated_api/tags/worldgen/biome/collections/nether_crimson_forests.json"
"integrated_api:collections/nether_souls","betternether:nether_grasslands","integrated_api-1.7.4+1.21.1-neoforge.jar","data/integrated_api/tags/worldgen/biome/collections/nether_souls.json"
"integrated_api:collections/nether_souls","betternether:poor_nether_grasslands","integrated_api-1.7.4+1.21.1-neoforge.jar","data/integrated_api/tags/worldgen/biome/collections/nether_souls.json"
"integrated_api:collections/nether_souls","betternether:soul_plain","integrated_api-1.7.4+1.21.1-neoforge.jar","data/integrated_api/tags/worldgen/biome/collections/nether_souls.json"
"integrated_api:collections/nether_souls","betternether:wart_forest","integrated_api-1.7.4+1.21.1-neoforge.jar","data/integrated_api/tags/worldgen/biome/collections/nether_souls.json"
"integrated_api:collections/nether_souls","betternether:wart_forest_edge","integrated_api-1.7.4+1.21.1-neoforge.jar","data/integrated_api/tags/worldgen/biome/collections/nether_souls.json"
"integrated_api:collections/nether_souls","byg:wailing_garth","integrated_api-1.7.4+1.21.1-neoforge.jar","data/integrated_api/tags/worldgen/biome/collections/nether_souls.json"
"integrated_api:collections/nether_souls","cinderscapes:blackstone_shales","integrated_api-1.7.4+1.21.1-neoforge.jar","data/integrated_api/tags/worldgen/biome/collections/nether_souls.json"
"integrated_api:collections/nether_souls","gardens_of_the_dead:soulblight_forest","integrated_api-1.7.4+1.21.1-neoforge.jar","data/integrated_api/tags/worldgen/biome/collections/nether_souls.json"
"integrated_api:collections/nether_souls","incendium:weeping_valley","integrated_api-1.7.4+1.21.1-neoforge.jar","data/integrated_api/tags/worldgen/biome/collections/nether_souls.json"
"integrated_api:collections/nether_souls","minecraft:soul_sand_valley","integrated_api-1.7.4+1.21.1-neoforge.jar","data/integrated_api/tags/worldgen/biome/collections/nether_souls.json"
"integrated_api:collections/nether_warped_forests","betternether:bone_reef","integrated_api-1.7.4+1.21.1-neoforge.jar","data/integrated_api/tags/worldgen/biome/collections/nether_warped_forests.json"
"integrated_api:collections/nether_warped_forests","betternether:nether_jungle","integrated_api-1.7.4+1.21.1-neoforge.jar","data/integrated_api/tags/worldgen/biome/collections/nether_warped_forests.json"
"integrated_api:collections/nether_warped_forests","betternether:old_warped_woods","integrated_api-1.7.4+1.21.1-neoforge.jar","data/integrated_api/tags/worldgen/biome/collections/nether_warped_forests.json"
"integrated_api:collections/nether_warped_forests","betternether:upside_down_forest","integrated_api-1.7.4+1.21.1-neoforge.jar","data/integrated_api/tags/worldgen/biome/collections/nether_warped_forests.json"
"integrated_api:collections/nether_warped_forests","betternether:upside_down_forest_cleared","integrated_api-1.7.4+1.21.1-neoforge.jar","data/integrated_api/tags/worldgen/biome/collections/nether_warped_forests.json"
"integrated_api:collections/nether_warped_forests","byg:glowstone_gardens","integrated_api-1.7.4+1.21.1-neoforge.jar","data/integrated_api/tags/worldgen/biome/collections/nether_warped_forests.json"
"integrated_api:collections/nether_warped_forests","byg:warped_desert","integrated_api-1.7.4+1.21.1-neoforge.jar","data/integrated_api/tags/worldgen/biome/collections/nether_warped_forests.json"
"integrated_api:collections/nether_warped_forests","cinderscapes:luminous_grove","integrated_api-1.7.4+1.21.1-neoforge.jar","data/integrated_api/tags/worldgen/biome/collections/nether_warped_forests.json"
"integrated_api:collections/nether_warped_forests","incendium:inverted_forest","integrated_api-1.7.4+1.21.1-neoforge.jar","data/integrated_api/tags/worldgen/biome/collections/nether_warped_forests.json"
"integrated_api:collections/nether_warped_forests","minecraft:warped_forest","integrated_api-1.7.4+1.21.1-neoforge.jar","data/integrated_api/tags/worldgen/biome/collections/nether_warped_forests.json"
"integrated_api:collections/nether_wastes","minecraft:nether_wastes","integrated_api-1.7.4+1.21.1-neoforge.jar","data/integrated_api/tags/worldgen/biome/collections/nether_wastes.json"
"integrated_api:collections/oceans","#c:deep_ocean","integrated_api-1.7.4+1.21.1-neoforge.jar","data/integrated_api/tags/worldgen/biome/collections/oceans.json"
"integrated_api:collections/oceans","#c:ocean","integrated_api-1.7.4+1.21.1-neoforge.jar","data/integrated_api/tags/worldgen/biome/collections/oceans.json"
"integrated_api:collections/oceans","#c:shallow_ocean","integrated_api-1.7.4+1.21.1-neoforge.jar","data/integrated_api/tags/worldgen/biome/collections/oceans.json"
"integrated_api:collections/oceans","#forge:is_ocean","integrated_api-1.7.4+1.21.1-neoforge.jar","data/integrated_api/tags/worldgen/biome/collections/oceans.json"
"integrated_api:collections/oceans","#minecraft:is_deep_ocean","integrated_api-1.7.4+1.21.1-neoforge.jar","data/integrated_api/tags/worldgen/biome/collections/oceans.json"
"integrated_api:collections/oceans","#minecraft:is_ocean","integrated_api-1.7.4+1.21.1-neoforge.jar","data/integrated_api/tags/worldgen/biome/collections/oceans.json"
"integrated_api:collections/orange_deserts","biomesoplenty:lush_desert","integrated_api-1.7.4+1.21.1-neoforge.jar","data/integrated_api/tags/worldgen/biome/collections/orange_deserts.json"
"integrated_api:collections/overworld","#c:in_overworld","integrated_api-1.7.4+1.21.1-neoforge.jar","data/integrated_api/tags/worldgen/biome/collections/overworld.json"
"integrated_api:collections/overworld","#forge:is_overworld","integrated_api-1.7.4+1.21.1-neoforge.jar","data/integrated_api/tags/worldgen/biome/collections/overworld.json"
"integrated_api:collections/overworld","#minecraft:is_overworld","integrated_api-1.7.4+1.21.1-neoforge.jar","data/integrated_api/tags/worldgen/biome/collections/overworld.json"
"integrated_api:collections/plains","#c:plains","integrated_api-1.7.4+1.21.1-neoforge.jar","data/integrated_api/tags/worldgen/biome/collections/plains.json"
"integrated_api:collections/plains","minecraft:plains","integrated_api-1.7.4+1.21.1-neoforge.jar","data/integrated_api/tags/worldgen/biome/collections/plains.json"
"integrated_api:collections/plains","minecraft:sunflower_plains","integrated_api-1.7.4+1.21.1-neoforge.jar","data/integrated_api/tags/worldgen/biome/collections/plains.json"
"integrated_api:collections/plains","projectvibrantjourneys:prairie","integrated_api-1.7.4+1.21.1-neoforge.jar","data/integrated_api/tags/worldgen/biome/collections/plains.json"
"integrated_api:collections/plains","regions_unexplored:barley_fields","integrated_api-1.7.4+1.21.1-neoforge.jar","data/integrated_api/tags/worldgen/biome/collections/plains.json"
"integrated_api:collections/plains","regions_unexplored:clover_plains","integrated_api-1.7.4+1.21.1-neoforge.jar","data/integrated_api/tags/worldgen/biome/collections/plains.json"
"integrated_api:collections/plains","regions_unexplored:grassland","integrated_api-1.7.4+1.21.1-neoforge.jar","data/integrated_api/tags/worldgen/biome/collections/plains.json"
"integrated_api:collections/plains","regions_unexplored:lupine_plains","integrated_api-1.7.4+1.21.1-neoforge.jar","data/integrated_api/tags/worldgen/biome/collections/plains.json"
"integrated_api:collections/plains","regions_unexplored:lush_hills","integrated_api-1.7.4+1.21.1-neoforge.jar","data/integrated_api/tags/worldgen/biome/collections/plains.json"
"integrated_api:collections/plains","regions_unexplored:poppy_fields","integrated_api-1.7.4+1.21.1-neoforge.jar","data/integrated_api/tags/worldgen/biome/collections/plains.json"
"integrated_api:collections/plains","regions_unexplored:prairie","integrated_api-1.7.4+1.21.1-neoforge.jar","data/integrated_api/tags/worldgen/biome/collections/plains.json"
"integrated_api:collections/plains","regions_unexplored:shrubland","integrated_api-1.7.4+1.21.1-neoforge.jar","data/integrated_api/tags/worldgen/biome/collections/plains.json"
"integrated_api:collections/plains","terralith:brushland","integrated_api-1.7.4+1.21.1-neoforge.jar","data/integrated_api/tags/worldgen/biome/collections/plains.json"
"integrated_api:collections/regular_forests","biomesoplenty:cherry_blossom_grove","integrated_api-1.7.4+1.21.1-neoforge.jar","data/integrated_api/tags/worldgen/biome/collections/regular_forests.json"
"integrated_api:collections/regular_forests","biomesoplenty:old_growth_woodland","integrated_api-1.7.4+1.21.1-neoforge.jar","data/integrated_api/tags/worldgen/biome/collections/regular_forests.json"
"integrated_api:collections/regular_forests","biomesoplenty:orchard","integrated_api-1.7.4+1.21.1-neoforge.jar","data/integrated_api/tags/worldgen/biome/collections/regular_forests.json"
"integrated_api:collections/regular_forests","biomesoplenty:seasonal_forest","integrated_api-1.7.4+1.21.1-neoforge.jar","data/integrated_api/tags/worldgen/biome/collections/regular_forests.json"
"integrated_api:collections/regular_forests","biomesoplenty:woodland","integrated_api-1.7.4+1.21.1-neoforge.jar","data/integrated_api/tags/worldgen/biome/collections/regular_forests.json"
"integrated_api:collections/regular_forests","byg:autumnal_forest","integrated_api-1.7.4+1.21.1-neoforge.jar","data/integrated_api/tags/worldgen/biome/collections/regular_forests.json"
"integrated_api:collections/regular_forests","byg:cherry_blossom_forest","integrated_api-1.7.4+1.21.1-neoforge.jar","data/integrated_api/tags/worldgen/biome/collections/regular_forests.json"
"integrated_api:collections/regular_forests","byg:orchard","integrated_api-1.7.4+1.21.1-neoforge.jar","data/integrated_api/tags/worldgen/biome/collections/regular_forests.json"
"integrated_api:collections/regular_forests","byg:red_oak_forest","integrated_api-1.7.4+1.21.1-neoforge.jar","data/integrated_api/tags/worldgen/biome/collections/regular_forests.json"
"integrated_api:collections/regular_forests","byg:temperate_rainforest","integrated_api-1.7.4+1.21.1-neoforge.jar","data/integrated_api/tags/worldgen/biome/collections/regular_forests.json"
"integrated_api:collections/regular_forests","magicalforest:magical_forest","integrated_api-1.7.4+1.21.1-neoforge.jar","data/integrated_api/tags/worldgen/biome/collections/regular_forests.json"
"integrated_api:collections/regular_forests","minecraft:forest","integrated_api-1.7.4+1.21.1-neoforge.jar","data/integrated_api/tags/worldgen/biome/collections/regular_forests.json"
"integrated_api:collections/regular_forests","regions_unexplored:autumnal_maple_forest","integrated_api-1.7.4+1.21.1-neoforge.jar","data/integrated_api/tags/worldgen/biome/collections/regular_forests.json"
"integrated_api:collections/regular_forests","regions_unexplored:deciduous_forest","integrated_api-1.7.4+1.21.1-neoforge.jar","data/integrated_api/tags/worldgen/biome/collections/regular_forests.json"
"integrated_api:collections/regular_forests","regions_unexplored:maple_forest","integrated_api-1.7.4+1.21.1-neoforge.jar","data/integrated_api/tags/worldgen/biome/collections/regular_forests.json"
"integrated_api:collections/regular_forests","regions_unexplored:orchard","integrated_api-1.7.4+1.21.1-neoforge.jar","data/integrated_api/tags/worldgen/biome/collections/regular_forests.json"
"integrated_api:collections/regular_forests","wythers:ancient_copper_beech_forest","integrated_api-1.7.4+1.21.1-neoforge.jar","data/integrated_api/tags/worldgen/biome/collections/regular_forests.json"
"integrated_api:collections/regular_forests","wythers:ancient_emerald_beech_forest","integrated_api-1.7.4+1.21.1-neoforge.jar","data/integrated_api/tags/worldgen/biome/collections/regular_forests.json"
"integrated_api:collections/regular_forests","wythers:ancient_golden_beech_forest","integrated_api-1.7.4+1.21.1-neoforge.jar","data/integrated_api/tags/worldgen/biome/collections/regular_forests.json"
"integrated_api:collections/regular_forests","wythers:autumnal_flower_forest","integrated_api-1.7.4+1.21.1-neoforge.jar","data/integrated_api/tags/worldgen/biome/collections/regular_forests.json"
"integrated_api:collections/regular_forests","wythers:autumnal_forest","integrated_api-1.7.4+1.21.1-neoforge.jar","data/integrated_api/tags/worldgen/biome/collections/regular_forests.json"
"integrated_api:collections/regular_forests","wythers:cool_forest","integrated_api-1.7.4+1.21.1-neoforge.jar","data/integrated_api/tags/worldgen/biome/collections/regular_forests.json"
"integrated_api:collections/regular_forests","wythers:flowering_pantanal","integrated_api-1.7.4+1.21.1-neoforge.jar","data/integrated_api/tags/worldgen/biome/collections/regular_forests.json"
"integrated_api:collections/regular_forests","wythers:sakura_forest","integrated_api-1.7.4+1.21.1-neoforge.jar","data/integrated_api/tags/worldgen/biome/collections/regular_forests.json"
"integrated_api:collections/regular_forests","wythers:spring_flower_forest","integrated_api-1.7.4+1.21.1-neoforge.jar","data/integrated_api/tags/worldgen/biome/collections/regular_forests.json"
"integrated_api:collections/regular_forests","wythers:wistman_woods","integrated_api-1.7.4+1.21.1-neoforge.jar","data/integrated_api/tags/worldgen/biome/collections/regular_forests.json"
"integrated_api:collections/rivers","minecraft:river","integrated_api-1.7.4+1.21.1-neoforge.jar","data/integrated_api/tags/worldgen/biome/collections/rivers.json"
"integrated_api:collections/rocky_mountains","biomesoplenty:crag","integrated_api-1.7.4+1.21.1-neoforge.jar","data/integrated_api/tags/worldgen/biome/collections/rocky_mountains.json"
"integrated_api:collections/rocky_mountains","byg:canadian_shield","integrated_api-1.7.4+1.21.1-neoforge.jar","data/integrated_api/tags/worldgen/biome/collections/rocky_mountains.json"
"integrated_api:collections/rocky_mountains","projectvibrantjourneys:overgrown_spires","integrated_api-1.7.4+1.21.1-neoforge.jar","data/integrated_api/tags/worldgen/biome/collections/rocky_mountains.json"
"integrated_api:collections/rocky_mountains","regions_unexplored:mountains","integrated_api-1.7.4+1.21.1-neoforge.jar","data/integrated_api/tags/worldgen/biome/collections/rocky_mountains.json"
"integrated_api:collections/rocky_mountains","terralith:amethyst_canyon","integrated_api-1.7.4+1.21.1-neoforge.jar","data/integrated_api/tags/worldgen/biome/collections/rocky_mountains.json"
"integrated_api:collections/rocky_mountains","terralith:basalt_cliffs","integrated_api-1.7.4+1.21.1-neoforge.jar","data/integrated_api/tags/worldgen/biome/collections/rocky_mountains.json"
"integrated_api:collections/rocky_mountains","terralith:emerald_peaks","integrated_api-1.7.4+1.21.1-neoforge.jar","data/integrated_api/tags/worldgen/biome/collections/rocky_mountains.json"
"integrated_api:collections/rocky_mountains","terralith:granite_cliffs","integrated_api-1.7.4+1.21.1-neoforge.jar","data/integrated_api/tags/worldgen/biome/collections/rocky_mountains.json"
"integrated_api:collections/rocky_mountains","terralith:haze_mountain","integrated_api-1.7.4+1.21.1-neoforge.jar","data/integrated_api/tags/worldgen/biome/collections/rocky_mountains.json"
"integrated_api:collections/rocky_mountains","terralith:mountain_steppe","integrated_api-1.7.4+1.21.1-neoforge.jar","data/integrated_api/tags/worldgen/biome/collections/rocky_mountains.json"
"integrated_api:collections/rocky_mountains","terralith:painted_mountains","integrated_api-1.7.4+1.21.1-neoforge.jar","data/integrated_api/tags/worldgen/biome/collections/rocky_mountains.json"
"integrated_api:collections/rocky_mountains","terralith:rocky_mountains","integrated_api-1.7.4+1.21.1-neoforge.jar","data/integrated_api/tags/worldgen/biome/collections/rocky_mountains.json"
"integrated_api:collections/rocky_mountains","terralith:shield_clearing","integrated_api-1.7.4+1.21.1-neoforge.jar","data/integrated_api/tags/worldgen/biome/collections/rocky_mountains.json"
"integrated_api:collections/rocky_mountains","terralith:steppe","integrated_api-1.7.4+1.21.1-neoforge.jar","data/integrated_api/tags/worldgen/biome/collections/rocky_mountains.json"
"integrated_api:collections/rocky_mountains","terralith:stony_spires","integrated_api-1.7.4+1.21.1-neoforge.jar","data/integrated_api/tags/worldgen/biome/collections/rocky_mountains.json"
"integrated_api:collections/rocky_mountains","terralith:valley_clearing","integrated_api-1.7.4+1.21.1-neoforge.jar","data/integrated_api/tags/worldgen/biome/collections/rocky_mountains.json"
"integrated_api:collections/rocky_mountains","wythers:andesite_crags","integrated_api-1.7.4+1.21.1-neoforge.jar","data/integrated_api/tags/worldgen/biome/collections/rocky_mountains.json"
"integrated_api:collections/rocky_mountains","wythers:aspen_crags","integrated_api-1.7.4+1.21.1-neoforge.jar","data/integrated_api/tags/worldgen/biome/collections/rocky_mountains.json"
"integrated_api:collections/rocky_mountains","wythers:cool_stony_peaks","integrated_api-1.7.4+1.21.1-neoforge.jar","data/integrated_api/tags/worldgen/biome/collections/rocky_mountains.json"
"integrated_api:collections/rocky_mountains","wythers:cool_stony_peaks","integrated_api-1.7.4+1.21.1-neoforge.jar","data/integrated_api/tags/worldgen/biome/collections/rocky_mountains.json"
"integrated_api:collections/rocky_mountains","wythers:tepui","integrated_api-1.7.4+1.21.1-neoforge.jar","data/integrated_api/tags/worldgen/biome/collections/rocky_mountains.json"
"integrated_api:collections/rocky_mountains","wythers:tibesti_mountains","integrated_api-1.7.4+1.21.1-neoforge.jar","data/integrated_api/tags/worldgen/biome/collections/rocky_mountains.json"
"integrated_api:collections/savannas","#c:savanna","integrated_api-1.7.4+1.21.1-neoforge.jar","data/integrated_api/tags/worldgen/biome/collections/savannas.json"
"integrated_api:collections/savannas","#forge:is_savanna","integrated_api-1.7.4+1.21.1-neoforge.jar","data/integrated_api/tags/worldgen/biome/collections/savannas.json"
"integrated_api:collections/savannas","#minecraft:is_savanna","integrated_api-1.7.4+1.21.1-neoforge.jar","data/integrated_api/tags/worldgen/biome/collections/savannas.json"
"integrated_api:collections/savannas","projectvibrantjourneys:baobab_fields","integrated_api-1.7.4+1.21.1-neoforge.jar","data/integrated_api/tags/worldgen/biome/collections/savannas.json"
"integrated_api:collections/savannas","terralith:arid_highlands","integrated_api-1.7.4+1.21.1-neoforge.jar","data/integrated_api/tags/worldgen/biome/collections/savannas.json"
"integrated_api:collections/savannas","terralith:hot_shrubland","integrated_api-1.7.4+1.21.1-neoforge.jar","data/integrated_api/tags/worldgen/biome/collections/savannas.json"
"integrated_api:collections/savannas","terralith:sakura_grove","integrated_api-1.7.4+1.21.1-neoforge.jar","data/integrated_api/tags/worldgen/biome/collections/savannas.json"
"integrated_api:collections/savannas","terralith:sakura_valley","integrated_api-1.7.4+1.21.1-neoforge.jar","data/integrated_api/tags/worldgen/biome/collections/savannas.json"
"integrated_api:collections/snowy_forests","biomesoplenty:muskeg","integrated_api-1.7.4+1.21.1-neoforge.jar","data/integrated_api/tags/worldgen/biome/collections/snowy_forests.json"
"integrated_api:collections/snowy_forests","biomesoplenty:rainbow_hills","integrated_api-1.7.4+1.21.1-neoforge.jar","data/integrated_api/tags/worldgen/biome/collections/snowy_forests.json"
"integrated_api:collections/snowy_forests","biomesoplenty:snowy_coniferous_forest","integrated_api-1.7.4+1.21.1-neoforge.jar","data/integrated_api/tags/worldgen/biome/collections/snowy_forests.json"
"integrated_api:collections/snowy_forests","biomesoplenty:snowy_maple_woods","integrated_api-1.7.4+1.21.1-neoforge.jar","data/integrated_api/tags/worldgen/biome/collections/snowy_forests.json"
"integrated_api:collections/snowy_forests","byg:frosted_coniferous_forest","integrated_api-1.7.4+1.21.1-neoforge.jar","data/integrated_api/tags/worldgen/biome/collections/snowy_forests.json"
"integrated_api:collections/snowy_forests","byg:frosted_taiga","integrated_api-1.7.4+1.21.1-neoforge.jar","data/integrated_api/tags/worldgen/biome/collections/snowy_forests.json"
"integrated_api:collections/snowy_forests","minecraft:grove","integrated_api-1.7.4+1.21.1-neoforge.jar","data/integrated_api/tags/worldgen/biome/collections/snowy_forests.json"
"integrated_api:collections/snowy_forests","minecraft:snowy_taiga","integrated_api-1.7.4+1.21.1-neoforge.jar","data/integrated_api/tags/worldgen/biome/collections/snowy_forests.json"
"integrated_api:collections/snowy_forests","projectvibrantjourneys:snowy_boreal_forest","integrated_api-1.7.4+1.21.1-neoforge.jar","data/integrated_api/tags/worldgen/biome/collections/snowy_forests.json"
"integrated_api:collections/snowy_forests","projectvibrantjourneys:snowy_redwoods","integrated_api-1.7.4+1.21.1-neoforge.jar","data/integrated_api/tags/worldgen/biome/collections/snowy_forests.json"
"integrated_api:collections/snowy_forests","regions_unexplored:cold_boreal_forest","integrated_api-1.7.4+1.21.1-neoforge.jar","data/integrated_api/tags/worldgen/biome/collections/snowy_forests.json"
"integrated_api:collections/snowy_forests","regions_unexplored:cold_boreal_taiga","integrated_api-1.7.4+1.21.1-neoforge.jar","data/integrated_api/tags/worldgen/biome/collections/snowy_forests.json"
"integrated_api:collections/snowy_forests","regions_unexplored:cold_deciduous_forest","integrated_api-1.7.4+1.21.1-neoforge.jar","data/integrated_api/tags/worldgen/biome/collections/snowy_forests.json"
"integrated_api:collections/snowy_forests","regions_unexplored:frozen_forest","integrated_api-1.7.4+1.21.1-neoforge.jar","data/integrated_api/tags/worldgen/biome/collections/snowy_forests.json"
"integrated_api:collections/snowy_forests","regions_unexplored:frozen_pine_taiga","integrated_api-1.7.4+1.21.1-neoforge.jar","data/integrated_api/tags/worldgen/biome/collections/snowy_forests.json"
"integrated_api:collections/snowy_forests","wythers:deep_snowy_taiga","integrated_api-1.7.4+1.21.1-neoforge.jar","data/integrated_api/tags/worldgen/biome/collections/snowy_forests.json"
"integrated_api:collections/snowy_forests","wythers:snowy_fen","integrated_api-1.7.4+1.21.1-neoforge.jar","data/integrated_api/tags/worldgen/biome/collections/snowy_forests.json"
"integrated_api:collections/snowy_forests","wythers:snowy_thermal_taiga","integrated_api-1.7.4+1.21.1-neoforge.jar","data/integrated_api/tags/worldgen/biome/collections/snowy_forests.json"
"integrated_api:collections/snowy_mountains","minecraft:snowy_slopes","integrated_api-1.7.4+1.21.1-neoforge.jar","data/integrated_api/tags/worldgen/biome/collections/snowy_mountains.json"
"integrated_api:collections/snowy_mountains","wythers:icy_crags","integrated_api-1.7.4+1.21.1-neoforge.jar","data/integrated_api/tags/worldgen/biome/collections/snowy_mountains.json"
"integrated_api:collections/snowy_mountains","wythers:icy_volcano","integrated_api-1.7.4+1.21.1-neoforge.jar","data/integrated_api/tags/worldgen/biome/collections/snowy_mountains.json"
"integrated_api:collections/snowy_mountains","wythers:snowy_peaks","integrated_api-1.7.4+1.21.1-neoforge.jar","data/integrated_api/tags/worldgen/biome/collections/snowy_mountains.json"
"integrated_api:collections/snowy_plains","#c:snowy_plains","integrated_api-1.7.4+1.21.1-neoforge.jar","data/integrated_api/tags/worldgen/biome/collections/snowy_plains.json"
"integrated_api:collections/snowy_plains","biomesoplenty:snowy_fir_clearing","integrated_api-1.7.4+1.21.1-neoforge.jar","data/integrated_api/tags/worldgen/biome/collections/snowy_plains.json"
"integrated_api:collections/snowy_plains","minecraft:snowy_plains","integrated_api-1.7.4+1.21.1-neoforge.jar","data/integrated_api/tags/worldgen/biome/collections/snowy_plains.json"
"integrated_api:collections/snowy_plains","regions_unexplored:frozen_tundra","integrated_api-1.7.4+1.21.1-neoforge.jar","data/integrated_api/tags/worldgen/biome/collections/snowy_plains.json"
"integrated_api:collections/snowy_plains","terralith:alpine_grove","integrated_api-1.7.4+1.21.1-neoforge.jar","data/integrated_api/tags/worldgen/biome/collections/snowy_plains.json"
"integrated_api:collections/snowy_plains","terralith:cold_shrubland","integrated_api-1.7.4+1.21.1-neoforge.jar","data/integrated_api/tags/worldgen/biome/collections/snowy_plains.json"
"integrated_api:collections/snowy_plains","terralith:snowy_badlands","integrated_api-1.7.4+1.21.1-neoforge.jar","data/integrated_api/tags/worldgen/biome/collections/snowy_plains.json"
"integrated_api:collections/snowy_plains","terralith:snowy_shield","integrated_api-1.7.4+1.21.1-neoforge.jar","data/integrated_api/tags/worldgen/biome/collections/snowy_plains.json"
"integrated_api:collections/snowy_plains","wythers:ice_cap","integrated_api-1.7.4+1.21.1-neoforge.jar","data/integrated_api/tags/worldgen/biome/collections/snowy_plains.json"
"integrated_api:collections/snowy_plains","wythers:snowy_bog","integrated_api-1.7.4+1.21.1-neoforge.jar","data/integrated_api/tags/worldgen/biome/collections/snowy_plains.json"
"integrated_api:collections/snowy_plains","wythers:snowy_tundra","integrated_api-1.7.4+1.21.1-neoforge.jar","data/integrated_api/tags/worldgen/biome/collections/snowy_plains.json"
"integrated_api:collections/spooky_forests","#c:dead","integrated_api-1.7.4+1.21.1-neoforge.jar","data/integrated_api/tags/worldgen/biome/collections/spooky_forests.json"
"integrated_api:collections/spooky_forests","#forge:is_dead","integrated_api-1.7.4+1.21.1-neoforge.jar","data/integrated_api/tags/worldgen/biome/collections/spooky_forests.json"
"integrated_api:collections/spooky_forests","#forge:is_spooky","integrated_api-1.7.4+1.21.1-neoforge.jar","data/integrated_api/tags/worldgen/biome/collections/spooky_forests.json"
"integrated_api:collections/spooky_forests","biomesoplenty:ominous_woods","integrated_api-1.7.4+1.21.1-neoforge.jar","data/integrated_api/tags/worldgen/biome/collections/spooky_forests.json"
"integrated_api:collections/spooky_forests","byg:ancient_forest","integrated_api-1.7.4+1.21.1-neoforge.jar","data/integrated_api/tags/worldgen/biome/collections/spooky_forests.json"
"integrated_api:collections/spooky_forests","byg:ebony_woods","integrated_api-1.7.4+1.21.1-neoforge.jar","data/integrated_api/tags/worldgen/biome/collections/spooky_forests.json"
"integrated_api:collections/spooky_forests","minecraft:dark_forest","integrated_api-1.7.4+1.21.1-neoforge.jar","data/integrated_api/tags/worldgen/biome/collections/spooky_forests.json"
"integrated_api:collections/spooky_forests","regions_unexplored:ashen_woodland","integrated_api-1.7.4+1.21.1-neoforge.jar","data/integrated_api/tags/worldgen/biome/collections/spooky_forests.json"
"integrated_api:collections/spooky_forests","regions_unexplored:blackwood_forest","integrated_api-1.7.4+1.21.1-neoforge.jar","data/integrated_api/tags/worldgen/biome/collections/spooky_forests.json"
"integrated_api:collections/spooky_forests","regions_unexplored:blackwood_taiga","integrated_api-1.7.4+1.21.1-neoforge.jar","data/integrated_api/tags/worldgen/biome/collections/spooky_forests.json"
"integrated_api:collections/spooky_forests","regions_unexplored:pumpkin_fields","integrated_api-1.7.4+1.21.1-neoforge.jar","data/integrated_api/tags/worldgen/biome/collections/spooky_forests.json"
"integrated_api:collections/spooky_forests","regions_unexplored:smouldering_woodland","integrated_api-1.7.4+1.21.1-neoforge.jar","data/integrated_api/tags/worldgen/biome/collections/spooky_forests.json"
"integrated_api:collections/spooky_forests","terralith:mirage_isles","integrated_api-1.7.4+1.21.1-neoforge.jar","data/integrated_api/tags/worldgen/biome/collections/spooky_forests.json"
"integrated_api:collections/spooky_forests","vampirism:vampire_forest","integrated_api-1.7.4+1.21.1-neoforge.jar","data/integrated_api/tags/worldgen/biome/collections/spooky_forests.json"
"integrated_api:collections/spooky_forests","wythers:ancient_moss_forest","integrated_api-1.7.4+1.21.1-neoforge.jar","data/integrated_api/tags/worldgen/biome/collections/spooky_forests.json"
"integrated_api:collections/spooky_forests","wythers:deep_dark_forest","integrated_api-1.7.4+1.21.1-neoforge.jar","data/integrated_api/tags/worldgen/biome/collections/spooky_forests.json"
"integrated_api:collections/spooky_forests","wythers:forbidden_forest","integrated_api-1.7.4+1.21.1-neoforge.jar","data/integrated_api/tags/worldgen/biome/collections/spooky_forests.json"
"integrated_api:collections/spooky_forests","wythers:phantasmal_forest","integrated_api-1.7.4+1.21.1-neoforge.jar","data/integrated_api/tags/worldgen/biome/collections/spooky_forests.json"
"integrated_api:collections/spooky_forests","wythers:phantasmal_swamp","integrated_api-1.7.4+1.21.1-neoforge.jar","data/integrated_api/tags/worldgen/biome/collections/spooky_forests.json"
"integrated_api:collections/stony_shores","#c:stony_shores","integrated_api-1.7.4+1.21.1-neoforge.jar","data/integrated_api/tags/worldgen/biome/collections/stony_shores.json"
"integrated_api:collections/stony_shores","biomesoplenty:cold_desert","integrated_api-1.7.4+1.21.1-neoforge.jar","data/integrated_api/tags/worldgen/biome/collections/stony_shores.json"
"integrated_api:collections/stony_shores","minecraft:stony_shore","integrated_api-1.7.4+1.21.1-neoforge.jar","data/integrated_api/tags/worldgen/biome/collections/stony_shores.json"
"integrated_api:collections/stony_shores","regions_unexplored:chalk_cliffs","integrated_api-1.7.4+1.21.1-neoforge.jar","data/integrated_api/tags/worldgen/biome/collections/stony_shores.json"
"integrated_api:collections/stony_shores","terralith:gravel_desert","integrated_api-1.7.4+1.21.1-neoforge.jar","data/integrated_api/tags/worldgen/biome/collections/stony_shores.json"
"integrated_api:collections/swamps","#c:swamp","integrated_api-1.7.4+1.21.1-neoforge.jar","data/integrated_api/tags/worldgen/biome/collections/swamps.json"
"integrated_api:collections/swamps","#forge:is_swamp","integrated_api-1.7.4+1.21.1-neoforge.jar","data/integrated_api/tags/worldgen/biome/collections/swamps.json"
"integrated_api:collections/swamps","minecraft:mangrove_swamp","integrated_api-1.7.4+1.21.1-neoforge.jar","data/integrated_api/tags/worldgen/biome/collections/swamps.json"
"integrated_api:collections/swamps","minecraft:swamp","integrated_api-1.7.4+1.21.1-neoforge.jar","data/integrated_api/tags/worldgen/biome/collections/swamps.json"
"integrated_api:collections/taigas","biomesoplenty:dead_forest","integrated_api-1.7.4+1.21.1-neoforge.jar","data/integrated_api/tags/worldgen/biome/collections/taigas.json"
"integrated_api:collections/taigas","biomesoplenty:jade_cliffs","integrated_api-1.7.4+1.21.1-neoforge.jar","data/integrated_api/tags/worldgen/biome/collections/taigas.json"
"integrated_api:collections/taigas","biomesoplenty:mediterranean_taiga","integrated_api-1.7.4+1.21.1-neoforge.jar","data/integrated_api/tags/worldgen/biome/collections/taigas.json"
"integrated_api:collections/taigas","biomesoplenty:old_growth_dead_forest","integrated_api-1.7.4+1.21.1-neoforge.jar","data/integrated_api/tags/worldgen/biome/collections/taigas.json"
"integrated_api:collections/taigas","byg:autumnal_taiga","integrated_api-1.7.4+1.21.1-neoforge.jar","data/integrated_api/tags/worldgen/biome/collections/taigas.json"
"integrated_api:collections/taigas","byg:canadian_shield","integrated_api-1.7.4+1.21.1-neoforge.jar","data/integrated_api/tags/worldgen/biome/collections/taigas.json"
"integrated_api:collections/taigas","byg:maple_taiga","integrated_api-1.7.4+1.21.1-neoforge.jar","data/integrated_api/tags/worldgen/biome/collections/taigas.json"
"integrated_api:collections/taigas","minecraft:taiga","integrated_api-1.7.4+1.21.1-neoforge.jar","data/integrated_api/tags/worldgen/biome/collections/taigas.json"
"integrated_api:collections/taigas","projectvibrantjourneys:boreal_forest","integrated_api-1.7.4+1.21.1-neoforge.jar","data/integrated_api/tags/worldgen/biome/collections/taigas.json"
"integrated_api:collections/taigas","projectvibrantjourneys:crystal_lakes","integrated_api-1.7.4+1.21.1-neoforge.jar","data/integrated_api/tags/worldgen/biome/collections/taigas.json"
"integrated_api:collections/taigas","regions_unexplored:pine_forest","integrated_api-1.7.4+1.21.1-neoforge.jar","data/integrated_api/tags/worldgen/biome/collections/taigas.json"
"integrated_api:collections/taigas","regions_unexplored:pine_slopes","integrated_api-1.7.4+1.21.1-neoforge.jar","data/integrated_api/tags/worldgen/biome/collections/taigas.json"
"integrated_api:collections/taigas","regions_unexplored:pine_taiga","integrated_api-1.7.4+1.21.1-neoforge.jar","data/integrated_api/tags/worldgen/biome/collections/taigas.json"
"integrated_api:collections/taigas","regions_unexplored:willow_forest","integrated_api-1.7.4+1.21.1-neoforge.jar","data/integrated_api/tags/worldgen/biome/collections/taigas.json"
"integrated_api:collections/taigas","terralith:cloud_forest","integrated_api-1.7.4+1.21.1-neoforge.jar","data/integrated_api/tags/worldgen/biome/collections/taigas.json"
"integrated_api:collections/taigas","terralith:forested_highlands","integrated_api-1.7.4+1.21.1-neoforge.jar","data/integrated_api/tags/worldgen/biome/collections/taigas.json"
"integrated_api:collections/taigas","terralith:lavender_forest","integrated_api-1.7.4+1.21.1-neoforge.jar","data/integrated_api/tags/worldgen/biome/collections/taigas.json"
"integrated_api:collections/taigas","terralith:lavender_valley","integrated_api-1.7.4+1.21.1-neoforge.jar","data/integrated_api/tags/worldgen/biome/collections/taigas.json"
"integrated_api:collections/taigas","terralith:moonlight_grove","integrated_api-1.7.4+1.21.1-neoforge.jar","data/integrated_api/tags/worldgen/biome/collections/taigas.json"
"integrated_api:collections/taigas","terralith:moonlight_valley","integrated_api-1.7.4+1.21.1-neoforge.jar","data/integrated_api/tags/worldgen/biome/collections/taigas.json"
"integrated_api:collections/taigas","terralith:rocky_shrubland","integrated_api-1.7.4+1.21.1-neoforge.jar","data/integrated_api/tags/worldgen/biome/collections/taigas.json"
"integrated_api:collections/taigas","terralith:shrubland","integrated_api-1.7.4+1.21.1-neoforge.jar","data/integrated_api/tags/worldgen/biome/collections/taigas.json"
"integrated_api:collections/taigas","terralith:wintry_forest","integrated_api-1.7.4+1.21.1-neoforge.jar","data/integrated_api/tags/worldgen/biome/collections/taigas.json"
"integrated_api:collections/taigas","wythers:birch_taiga","integrated_api-1.7.4+1.21.1-neoforge.jar","data/integrated_api/tags/worldgen/biome/collections/taigas.json"
"integrated_api:collections/taigas","wythers:boreal_forest_red","integrated_api-1.7.4+1.21.1-neoforge.jar","data/integrated_api/tags/worldgen/biome/collections/taigas.json"
"integrated_api:collections/taigas","wythers:boreal_forest_yellow","integrated_api-1.7.4+1.21.1-neoforge.jar","data/integrated_api/tags/worldgen/biome/collections/taigas.json"
"integrated_api:collections/taigas","wythers:cold_island","integrated_api-1.7.4+1.21.1-neoforge.jar","data/integrated_api/tags/worldgen/biome/collections/taigas.json"
"integrated_api:collections/taigas","wythers:forested_highlands","integrated_api-1.7.4+1.21.1-neoforge.jar","data/integrated_api/tags/worldgen/biome/collections/taigas.json"
"integrated_api:collections/taigas","wythers:jade_highlands","integrated_api-1.7.4+1.21.1-neoforge.jar","data/integrated_api/tags/worldgen/biome/collections/taigas.json"
"integrated_api:collections/taigas","wythers:larch_taiga","integrated_api-1.7.4+1.21.1-neoforge.jar","data/integrated_api/tags/worldgen/biome/collections/taigas.json"
"integrated_api:collections/taigas","wythers:pine_barrens","integrated_api-1.7.4+1.21.1-neoforge.jar","data/integrated_api/tags/worldgen/biome/collections/taigas.json"
"integrated_api:collections/taigas","wythers:thermal_taiga","integrated_api-1.7.4+1.21.1-neoforge.jar","data/integrated_api/tags/worldgen/biome/collections/taigas.json"
"integrated_api:collections/vanilla_deserts","minecraft:desert","integrated_api-1.7.4+1.21.1-neoforge.jar","data/integrated_api/tags/worldgen/biome/collections/vanilla_deserts.json"
"integrated_api:collections/vanilla_deserts","terralith:ancient_sands","integrated_api-1.7.4+1.21.1-neoforge.jar","data/integrated_api/tags/worldgen/biome/collections/vanilla_deserts.json"
"integrated_api:collections/vanilla_deserts","terralith:desert_oasis","integrated_api-1.7.4+1.21.1-neoforge.jar","data/integrated_api/tags/worldgen/biome/collections/vanilla_deserts.json"
"integrated_api:collections/vanilla_deserts","terralith:desert_spires","integrated_api-1.7.4+1.21.1-neoforge.jar","data/integrated_api/tags/worldgen/biome/collections/vanilla_deserts.json"
"integrated_api:collections/vanilla_deserts","terralith:lush_desert","integrated_api-1.7.4+1.21.1-neoforge.jar","data/integrated_api/tags/worldgen/biome/collections/vanilla_deserts.json"
"integrated_api:collections/vanilla_deserts","terralith:sandstone_valley","integrated_api-1.7.4+1.21.1-neoforge.jar","data/integrated_api/tags/worldgen/biome/collections/vanilla_deserts.json"
"integrated_api:collections/vanilla_jungles","minecraft:jungle","integrated_api-1.7.4+1.21.1-neoforge.jar","data/integrated_api/tags/worldgen/biome/collections/vanilla_jungles.json"
"integrated_api:collections/vanilla_jungles","terralith:rocky_jungle","integrated_api-1.7.4+1.21.1-neoforge.jar","data/integrated_api/tags/worldgen/biome/collections/vanilla_jungles.json"
"integrated_api:collections/vanilla_jungles","terralith:tropical_jungle","integrated_api-1.7.4+1.21.1-neoforge.jar","data/integrated_api/tags/worldgen/biome/collections/vanilla_jungles.json"
"integrated_api:collections/warm_beaches","minecraft:beach","integrated_api-1.7.4+1.21.1-neoforge.jar","data/integrated_api/tags/worldgen/biome/collections/warm_beaches.json"
"integrated_api:collections/warm_beaches","regions_unexplored:grassy_beach","integrated_api-1.7.4+1.21.1-neoforge.jar","data/integrated_api/tags/worldgen/biome/collections/warm_beaches.json"
"integrated_api:collections/windswept_deserts","byg:windswept_desert","integrated_api-1.7.4+1.21.1-neoforge.jar","data/integrated_api/tags/worldgen/biome/collections/windswept_deserts.json"
"jaffabricate:orange_tree_biomes","minecraft:jungle","jaffabricate-1.21.1-6.0.10-1.1.3.jar","data/jaffabricate/tags/worldgen/biome/orange_tree_biomes.json"
"jaffabricate:orange_tree_biomes","minecraft:mangrove_swamp","jaffabricate-1.21.1-6.0.10-1.1.3.jar","data/jaffabricate/tags/worldgen/biome/orange_tree_biomes.json"
"jaffabricate:orange_tree_biomes","minecraft:sparse_jungle","jaffabricate-1.21.1-6.0.10-1.1.3.jar","data/jaffabricate/tags/worldgen/biome/orange_tree_biomes.json"
"jaffabricate:orange_tree_biomes","terralith:desert_oasis","jaffabricate-1.21.1-6.0.10-1.1.3.jar","data/jaffabricate/tags/worldgen/biome/orange_tree_biomes.json"
"jaffabricate:orange_tree_biomes","terralith:desert_oasis","jaffabricate-1.21.1-6.0.10-1.1.3.jar","data/jaffabricate/tags/worldgen/biome/orange_tree_biomes.json"
"jaffabricate:orange_tree_biomes","terralith:red_oasis","jaffabricate-1.21.1-6.0.10-1.1.3.jar","data/jaffabricate/tags/worldgen/biome/orange_tree_biomes.json"
"jaffabricate:orange_tree_biomes","terralith:rocky_jungle","jaffabricate-1.21.1-6.0.10-1.1.3.jar","data/jaffabricate/tags/worldgen/biome/orange_tree_biomes.json"
"jaffabricate:orange_tree_biomes","terralith:skylands_summer","jaffabricate-1.21.1-6.0.10-1.1.3.jar","data/jaffabricate/tags/worldgen/biome/orange_tree_biomes.json"
"jaffabricate:orange_tree_biomes","terralith:tropical_jungle","jaffabricate-1.21.1-6.0.10-1.1.3.jar","data/jaffabricate/tags/worldgen/biome/orange_tree_biomes.json"
"jaffabricate:orange_tree_biomes_rare","minecraft:savanna","jaffabricate-1.21.1-6.0.10-1.1.3.jar","data/jaffabricate/tags/worldgen/biome/orange_tree_biomes_rare.json"
"jaffabricate:orange_tree_biomes_rare","minecraft:savanna_plateau","jaffabricate-1.21.1-6.0.10-1.1.3.jar","data/jaffabricate/tags/worldgen/biome/orange_tree_biomes_rare.json"
"jaffabricate:orange_tree_biomes_rare","minecraft:windswept_savanna","jaffabricate-1.21.1-6.0.10-1.1.3.jar","data/jaffabricate/tags/worldgen/biome/orange_tree_biomes_rare.json"
"jaffabricate:orange_tree_biomes_rare","minecraft:wooded_badlands","jaffabricate-1.21.1-6.0.10-1.1.3.jar","data/jaffabricate/tags/worldgen/biome/orange_tree_biomes_rare.json"
"jaffabricate:orange_tree_biomes_rare","terralith:arid_highlands","jaffabricate-1.21.1-6.0.10-1.1.3.jar","data/jaffabricate/tags/worldgen/biome/orange_tree_biomes_rare.json"
"jaffabricate:orange_tree_biomes_rare","terralith:brushland","jaffabricate-1.21.1-6.0.10-1.1.3.jar","data/jaffabricate/tags/worldgen/biome/orange_tree_biomes_rare.json"
"jaffabricate:orange_tree_biomes_rare","terralith:bryce_canyon","jaffabricate-1.21.1-6.0.10-1.1.3.jar","data/jaffabricate/tags/worldgen/biome/orange_tree_biomes_rare.json"
"jaffabricate:orange_tree_biomes_rare","terralith:desert_spires","jaffabricate-1.21.1-6.0.10-1.1.3.jar","data/jaffabricate/tags/worldgen/biome/orange_tree_biomes_rare.json"
"jaffabricate:orange_tree_biomes_rare","terralith:orchid_swamp","jaffabricate-1.21.1-6.0.10-1.1.3.jar","data/jaffabricate/tags/worldgen/biome/orange_tree_biomes_rare.json"
"jaffabricate:orange_tree_biomes_rare","terralith:savanna_badlands","jaffabricate-1.21.1-6.0.10-1.1.3.jar","data/jaffabricate/tags/worldgen/biome/orange_tree_biomes_rare.json"
"jaffabricate:orange_tree_biomes_rare","terralith:savanna_slopes","jaffabricate-1.21.1-6.0.10-1.1.3.jar","data/jaffabricate/tags/worldgen/biome/orange_tree_biomes_rare.json"
"jaffabricate:orange_tree_biomes_very_rare","minecraft:badlands","jaffabricate-1.21.1-6.0.10-1.1.3.jar","data/jaffabricate/tags/worldgen/biome/orange_tree_biomes_very_rare.json"
"jaffabricate:orange_tree_biomes_very_rare","minecraft:desert","jaffabricate-1.21.1-6.0.10-1.1.3.jar","data/jaffabricate/tags/worldgen/biome/orange_tree_biomes_very_rare.json"
"jaffabricate:orange_tree_biomes_very_rare","minecraft:eroded_badlands","jaffabricate-1.21.1-6.0.10-1.1.3.jar","data/jaffabricate/tags/worldgen/biome/orange_tree_biomes_very_rare.json"
"jaffabricate:orange_tree_biomes_very_rare","terralith:ancient_sands","jaffabricate-1.21.1-6.0.10-1.1.3.jar","data/jaffabricate/tags/worldgen/biome/orange_tree_biomes_very_rare.json"
"jaffabricate:orange_tree_biomes_very_rare","terralith:desert_canyon","jaffabricate-1.21.1-6.0.10-1.1.3.jar","data/jaffabricate/tags/worldgen/biome/orange_tree_biomes_very_rare.json"
"jaffabricate:orange_tree_biomes_very_rare","terralith:lush_desert","jaffabricate-1.21.1-6.0.10-1.1.3.jar","data/jaffabricate/tags/worldgen/biome/orange_tree_biomes_very_rare.json"
"jaffabricate:orange_tree_biomes_very_rare","terralith:painted_mountains","jaffabricate-1.21.1-6.0.10-1.1.3.jar","data/jaffabricate/tags/worldgen/biome/orange_tree_biomes_very_rare.json"
"jaffabricate:orange_tree_biomes_very_rare","terralith:sandstone_valley","jaffabricate-1.21.1-6.0.10-1.1.3.jar","data/jaffabricate/tags/worldgen/biome/orange_tree_biomes_very_rare.json"
"jaffabricate:orange_tree_biomes_very_rare","terralith:warped_mesa","jaffabricate-1.21.1-6.0.10-1.1.3.jar","data/jaffabricate/tags/worldgen/biome/orange_tree_biomes_very_rare.json"
"jaffabricate:orange_tree_biomes_very_rare","terralith:white_mesa","jaffabricate-1.21.1-6.0.10-1.1.3.jar","data/jaffabricate/tags/worldgen/biome/orange_tree_biomes_very_rare.json"
"minecraft:allows_surface_slime_spawns","minecraft:mangrove_swamp","1.21.1.jar","data/minecraft/tags/worldgen/biome/allows_surface_slime_spawns.json"
"minecraft:allows_surface_slime_spawns","minecraft:swamp","1.21.1.jar","data/minecraft/tags/worldgen/biome/allows_surface_slime_spawns.json"
"minecraft:allows_tropical_fish_spawns_at_any_height","minecraft:lush_caves","1.21.1.jar","data/minecraft/tags/worldgen/biome/allows_tropical_fish_spawns_at_any_height.json"
"minecraft:has_closer_water_fog","minecraft:mangrove_swamp","1.21.1.jar","data/minecraft/tags/worldgen/biome/has_closer_water_fog.json"
"minecraft:has_closer_water_fog","minecraft:swamp","1.21.1.jar","data/minecraft/tags/worldgen/biome/has_closer_water_fog.json"
"minecraft:has_structure/ancient_city","minecraft:deep_dark","1.21.1.jar","data/minecraft/tags/worldgen/biome/has_structure/ancient_city.json"
"minecraft:has_structure/bastion_remnant","minecraft:crimson_forest","1.21.1.jar","data/minecraft/tags/worldgen/biome/has_structure/bastion_remnant.json"
"minecraft:has_structure/bastion_remnant","minecraft:nether_wastes","1.21.1.jar","data/minecraft/tags/worldgen/biome/has_structure/bastion_remnant.json"
"minecraft:has_structure/bastion_remnant","minecraft:soul_sand_valley","1.21.1.jar","data/minecraft/tags/worldgen/biome/has_structure/bastion_remnant.json"
"minecraft:has_structure/bastion_remnant","minecraft:warped_forest","1.21.1.jar","data/minecraft/tags/worldgen/biome/has_structure/bastion_remnant.json"
"minecraft:has_structure/buried_treasure","#minecraft:is_beach","1.21.1.jar","data/minecraft/tags/worldgen/biome/has_structure/buried_treasure.json"
"minecraft:has_structure/desert_pyramid","minecraft:desert","1.21.1.jar","data/minecraft/tags/worldgen/biome/has_structure/desert_pyramid.json"
"minecraft:has_structure/end_city","minecraft:end_highlands","1.21.1.jar","data/minecraft/tags/worldgen/biome/has_structure/end_city.json"
"minecraft:has_structure/end_city","minecraft:end_midlands","1.21.1.jar","data/minecraft/tags/worldgen/biome/has_structure/end_city.json"
"minecraft:has_structure/igloo","minecraft:snowy_plains","1.21.1.jar","data/minecraft/tags/worldgen/biome/has_structure/igloo.json"
"minecraft:has_structure/igloo","minecraft:snowy_slopes","1.21.1.jar","data/minecraft/tags/worldgen/biome/has_structure/igloo.json"
"minecraft:has_structure/igloo","minecraft:snowy_taiga","1.21.1.jar","data/minecraft/tags/worldgen/biome/has_structure/igloo.json"
"minecraft:has_structure/jungle_temple","minecraft:bamboo_jungle","1.21.1.jar","data/minecraft/tags/worldgen/biome/has_structure/jungle_temple.json"
"minecraft:has_structure/jungle_temple","minecraft:jungle","1.21.1.jar","data/minecraft/tags/worldgen/biome/has_structure/jungle_temple.json"
"minecraft:has_structure/mineshaft","#minecraft:is_beach","1.21.1.jar","data/minecraft/tags/worldgen/biome/has_structure/mineshaft.json"
"minecraft:has_structure/mineshaft","#minecraft:is_forest","1.21.1.jar","data/minecraft/tags/worldgen/biome/has_structure/mineshaft.json"
"minecraft:has_structure/mineshaft","#minecraft:is_hill","1.21.1.jar","data/minecraft/tags/worldgen/biome/has_structure/mineshaft.json"
"minecraft:has_structure/mineshaft","#minecraft:is_jungle","1.21.1.jar","data/minecraft/tags/worldgen/biome/has_structure/mineshaft.json"
"minecraft:has_structure/mineshaft","#minecraft:is_mountain","1.21.1.jar","data/minecraft/tags/worldgen/biome/has_structure/mineshaft.json"
"minecraft:has_structure/mineshaft","#minecraft:is_ocean","1.21.1.jar","data/minecraft/tags/worldgen/biome/has_structure/mineshaft.json"
"minecraft:has_structure/mineshaft","#minecraft:is_river","1.21.1.jar","data/minecraft/tags/worldgen/biome/has_structure/mineshaft.json"
"minecraft:has_structure/mineshaft","#minecraft:is_taiga","1.21.1.jar","data/minecraft/tags/worldgen/biome/has_structure/mineshaft.json"
"minecraft:has_structure/mineshaft","minecraft:desert","1.21.1.jar","data/minecraft/tags/worldgen/biome/has_structure/mineshaft.json"
"minecraft:has_structure/mineshaft","minecraft:dripstone_caves","1.21.1.jar","data/minecraft/tags/worldgen/biome/has_structure/mineshaft.json"
"minecraft:has_structure/mineshaft","minecraft:ice_spikes","1.21.1.jar","data/minecraft/tags/worldgen/biome/has_structure/mineshaft.json"
"minecraft:has_structure/mineshaft","minecraft:lush_caves","1.21.1.jar","data/minecraft/tags/worldgen/biome/has_structure/mineshaft.json"
"minecraft:has_structure/mineshaft","minecraft:mangrove_swamp","1.21.1.jar","data/minecraft/tags/worldgen/biome/has_structure/mineshaft.json"
"minecraft:has_structure/mineshaft","minecraft:mushroom_fields","1.21.1.jar","data/minecraft/tags/worldgen/biome/has_structure/mineshaft.json"
"minecraft:has_structure/mineshaft","minecraft:plains","1.21.1.jar","data/minecraft/tags/worldgen/biome/has_structure/mineshaft.json"
"minecraft:has_structure/mineshaft","minecraft:savanna","1.21.1.jar","data/minecraft/tags/worldgen/biome/has_structure/mineshaft.json"
"minecraft:has_structure/mineshaft","minecraft:savanna_plateau","1.21.1.jar","data/minecraft/tags/worldgen/biome/has_structure/mineshaft.json"
"minecraft:has_structure/mineshaft","minecraft:snowy_plains","1.21.1.jar","data/minecraft/tags/worldgen/biome/has_structure/mineshaft.json"
"minecraft:has_structure/mineshaft","minecraft:stony_shore","1.21.1.jar","data/minecraft/tags/worldgen/biome/has_structure/mineshaft.json"
"minecraft:has_structure/mineshaft","minecraft:sunflower_plains","1.21.1.jar","data/minecraft/tags/worldgen/biome/has_structure/mineshaft.json"
"minecraft:has_structure/mineshaft","minecraft:swamp","1.21.1.jar","data/minecraft/tags/worldgen/biome/has_structure/mineshaft.json"
"minecraft:has_structure/mineshaft","minecraft:windswept_savanna","1.21.1.jar","data/minecraft/tags/worldgen/biome/has_structure/mineshaft.json"
"minecraft:has_structure/mineshaft_mesa","#minecraft:is_badlands","1.21.1.jar","data/minecraft/tags/worldgen/biome/has_structure/mineshaft_mesa.json"
"minecraft:has_structure/nether_fortress","#minecraft:is_nether","1.21.1.jar","data/minecraft/tags/worldgen/biome/has_structure/nether_fortress.json"
"minecraft:has_structure/nether_fossil","minecraft:soul_sand_valley","1.21.1.jar","data/minecraft/tags/worldgen/biome/has_structure/nether_fossil.json"
"minecraft:has_structure/ocean_monument","#minecraft:is_deep_ocean","1.21.1.jar","data/minecraft/tags/worldgen/biome/has_structure/ocean_monument.json"
"minecraft:has_structure/ocean_ruin_cold","minecraft:cold_ocean","1.21.1.jar","data/minecraft/tags/worldgen/biome/has_structure/ocean_ruin_cold.json"
"minecraft:has_structure/ocean_ruin_cold","minecraft:deep_cold_ocean","1.21.1.jar","data/minecraft/tags/worldgen/biome/has_structure/ocean_ruin_cold.json"
"minecraft:has_structure/ocean_ruin_cold","minecraft:deep_frozen_ocean","1.21.1.jar","data/minecraft/tags/worldgen/biome/has_structure/ocean_ruin_cold.json"
"minecraft:has_structure/ocean_ruin_cold","minecraft:deep_ocean","1.21.1.jar","data/minecraft/tags/worldgen/biome/has_structure/ocean_ruin_cold.json"
"minecraft:has_structure/ocean_ruin_cold","minecraft:frozen_ocean","1.21.1.jar","data/minecraft/tags/worldgen/biome/has_structure/ocean_ruin_cold.json"
"minecraft:has_structure/ocean_ruin_cold","minecraft:ocean","1.21.1.jar","data/minecraft/tags/worldgen/biome/has_structure/ocean_ruin_cold.json"
"minecraft:has_structure/ocean_ruin_warm","minecraft:deep_lukewarm_ocean","1.21.1.jar","data/minecraft/tags/worldgen/biome/has_structure/ocean_ruin_warm.json"
"minecraft:has_structure/ocean_ruin_warm","minecraft:lukewarm_ocean","1.21.1.jar","data/minecraft/tags/worldgen/biome/has_structure/ocean_ruin_warm.json"
"minecraft:has_structure/ocean_ruin_warm","minecraft:warm_ocean","1.21.1.jar","data/minecraft/tags/worldgen/biome/has_structure/ocean_ruin_warm.json"
"minecraft:has_structure/pillager_outpost","#minecraft:is_mountain","1.21.1.jar","data/minecraft/tags/worldgen/biome/has_structure/pillager_outpost.json"
"minecraft:has_structure/pillager_outpost","minecraft:desert","1.21.1.jar","data/minecraft/tags/worldgen/biome/has_structure/pillager_outpost.json"
"minecraft:has_structure/pillager_outpost","minecraft:grove","1.21.1.jar","data/minecraft/tags/worldgen/biome/has_structure/pillager_outpost.json"
"minecraft:has_structure/pillager_outpost","minecraft:plains","1.21.1.jar","data/minecraft/tags/worldgen/biome/has_structure/pillager_outpost.json"
"minecraft:has_structure/pillager_outpost","minecraft:savanna","1.21.1.jar","data/minecraft/tags/worldgen/biome/has_structure/pillager_outpost.json"
"minecraft:has_structure/pillager_outpost","minecraft:snowy_plains","1.21.1.jar","data/minecraft/tags/worldgen/biome/has_structure/pillager_outpost.json"
"minecraft:has_structure/pillager_outpost","minecraft:taiga","1.21.1.jar","data/minecraft/tags/worldgen/biome/has_structure/pillager_outpost.json"
"minecraft:has_structure/ruined_portal_desert","minecraft:desert","1.21.1.jar","data/minecraft/tags/worldgen/biome/has_structure/ruined_portal_desert.json"
"minecraft:has_structure/ruined_portal_jungle","#minecraft:is_jungle","1.21.1.jar","data/minecraft/tags/worldgen/biome/has_structure/ruined_portal_jungle.json"
"minecraft:has_structure/ruined_portal_mountain","#minecraft:is_badlands","1.21.1.jar","data/minecraft/tags/worldgen/biome/has_structure/ruined_portal_mountain.json"
"minecraft:has_structure/ruined_portal_mountain","#minecraft:is_hill","1.21.1.jar","data/minecraft/tags/worldgen/biome/has_structure/ruined_portal_mountain.json"
"minecraft:has_structure/ruined_portal_mountain","#minecraft:is_mountain","1.21.1.jar","data/minecraft/tags/worldgen/biome/has_structure/ruined_portal_mountain.json"
"minecraft:has_structure/ruined_portal_mountain","minecraft:savanna_plateau","1.21.1.jar","data/minecraft/tags/worldgen/biome/has_structure/ruined_portal_mountain.json"
"minecraft:has_structure/ruined_portal_mountain","minecraft:stony_shore","1.21.1.jar","data/minecraft/tags/worldgen/biome/has_structure/ruined_portal_mountain.json"
"minecraft:has_structure/ruined_portal_mountain","minecraft:windswept_savanna","1.21.1.jar","data/minecraft/tags/worldgen/biome/has_structure/ruined_portal_mountain.json"
"minecraft:has_structure/ruined_portal_nether","#minecraft:is_nether","1.21.1.jar","data/minecraft/tags/worldgen/biome/has_structure/ruined_portal_nether.json"
"minecraft:has_structure/ruined_portal_ocean","#minecraft:is_ocean","1.21.1.jar","data/minecraft/tags/worldgen/biome/has_structure/ruined_portal_ocean.json"
"minecraft:has_structure/ruined_portal_standard","#minecraft:is_beach","1.21.1.jar","data/minecraft/tags/worldgen/biome/has_structure/ruined_portal_standard.json"
"minecraft:has_structure/ruined_portal_standard","#minecraft:is_forest","1.21.1.jar","data/minecraft/tags/worldgen/biome/has_structure/ruined_portal_standard.json"
"minecraft:has_structure/ruined_portal_standard","#minecraft:is_river","1.21.1.jar","data/minecraft/tags/worldgen/biome/has_structure/ruined_portal_standard.json"
"minecraft:has_structure/ruined_portal_standard","#minecraft:is_taiga","1.21.1.jar","data/minecraft/tags/worldgen/biome/has_structure/ruined_portal_standard.json"
"minecraft:has_structure/ruined_portal_standard","minecraft:dripstone_caves","1.21.1.jar","data/minecraft/tags/worldgen/biome/has_structure/ruined_portal_standard.json"
"minecraft:has_structure/ruined_portal_standard","minecraft:ice_spikes","1.21.1.jar","data/minecraft/tags/worldgen/biome/has_structure/ruined_portal_standard.json"
"minecraft:has_structure/ruined_portal_standard","minecraft:lush_caves","1.21.1.jar","data/minecraft/tags/worldgen/biome/has_structure/ruined_portal_standard.json"
"minecraft:has_structure/ruined_portal_standard","minecraft:mushroom_fields","1.21.1.jar","data/minecraft/tags/worldgen/biome/has_structure/ruined_portal_standard.json"
"minecraft:has_structure/ruined_portal_standard","minecraft:plains","1.21.1.jar","data/minecraft/tags/worldgen/biome/has_structure/ruined_portal_standard.json"
"minecraft:has_structure/ruined_portal_standard","minecraft:savanna","1.21.1.jar","data/minecraft/tags/worldgen/biome/has_structure/ruined_portal_standard.json"
"minecraft:has_structure/ruined_portal_standard","minecraft:snowy_plains","1.21.1.jar","data/minecraft/tags/worldgen/biome/has_structure/ruined_portal_standard.json"
"minecraft:has_structure/ruined_portal_standard","minecraft:sunflower_plains","1.21.1.jar","data/minecraft/tags/worldgen/biome/has_structure/ruined_portal_standard.json"
"minecraft:has_structure/ruined_portal_swamp","minecraft:mangrove_swamp","1.21.1.jar","data/minecraft/tags/worldgen/biome/has_structure/ruined_portal_swamp.json"
"minecraft:has_structure/ruined_portal_swamp","minecraft:swamp","1.21.1.jar","data/minecraft/tags/worldgen/biome/has_structure/ruined_portal_swamp.json"
"minecraft:has_structure/shipwreck","#minecraft:is_ocean","1.21.1.jar","data/minecraft/tags/worldgen/biome/has_structure/shipwreck.json"
"minecraft:has_structure/shipwreck_beached","#minecraft:is_beach","1.21.1.jar","data/minecraft/tags/worldgen/biome/has_structure/shipwreck_beached.json"
"minecraft:has_structure/stronghold","#minecraft:is_overworld","1.21.1.jar","data/minecraft/tags/worldgen/biome/has_structure/stronghold.json"
"minecraft:has_structure/swamp_hut","minecraft:swamp","1.21.1.jar","data/minecraft/tags/worldgen/biome/has_structure/swamp_hut.json"
"minecraft:has_structure/trail_ruins","minecraft:jungle","1.21.1.jar","data/minecraft/tags/worldgen/biome/has_structure/trail_ruins.json"
"minecraft:has_structure/trail_ruins","minecraft:old_growth_birch_forest","1.21.1.jar","data/minecraft/tags/worldgen/biome/has_structure/trail_ruins.json"
"minecraft:has_structure/trail_ruins","minecraft:old_growth_pine_taiga","1.21.1.jar","data/minecraft/tags/worldgen/biome/has_structure/trail_ruins.json"
"minecraft:has_structure/trail_ruins","minecraft:old_growth_spruce_taiga","1.21.1.jar","data/minecraft/tags/worldgen/biome/has_structure/trail_ruins.json"
"minecraft:has_structure/trail_ruins","minecraft:snowy_taiga","1.21.1.jar","data/minecraft/tags/worldgen/biome/has_structure/trail_ruins.json"
"minecraft:has_structure/trail_ruins","minecraft:taiga","1.21.1.jar","data/minecraft/tags/worldgen/biome/has_structure/trail_ruins.json"
"minecraft:has_structure/trial_chambers","minecraft:badlands","1.21.1.jar","data/minecraft/tags/worldgen/biome/has_structure/trial_chambers.json"
"minecraft:has_structure/trial_chambers","minecraft:bamboo_jungle","1.21.1.jar","data/minecraft/tags/worldgen/biome/has_structure/trial_chambers.json"
"minecraft:has_structure/trial_chambers","minecraft:beach","1.21.1.jar","data/minecraft/tags/worldgen/biome/has_structure/trial_chambers.json"
"minecraft:has_structure/trial_chambers","minecraft:birch_forest","1.21.1.jar","data/minecraft/tags/worldgen/biome/has_structure/trial_chambers.json"
"minecraft:has_structure/trial_chambers","minecraft:cherry_grove","1.21.1.jar","data/minecraft/tags/worldgen/biome/has_structure/trial_chambers.json"
"minecraft:has_structure/trial_chambers","minecraft:cold_ocean","1.21.1.jar","data/minecraft/tags/worldgen/biome/has_structure/trial_chambers.json"
"minecraft:has_structure/trial_chambers","minecraft:dark_forest","1.21.1.jar","data/minecraft/tags/worldgen/biome/has_structure/trial_chambers.json"
"minecraft:has_structure/trial_chambers","minecraft:deep_cold_ocean","1.21.1.jar","data/minecraft/tags/worldgen/biome/has_structure/trial_chambers.json"
"minecraft:has_structure/trial_chambers","minecraft:deep_frozen_ocean","1.21.1.jar","data/minecraft/tags/worldgen/biome/has_structure/trial_chambers.json"
"minecraft:has_structure/trial_chambers","minecraft:deep_lukewarm_ocean","1.21.1.jar","data/minecraft/tags/worldgen/biome/has_structure/trial_chambers.json"
"minecraft:has_structure/trial_chambers","minecraft:deep_ocean","1.21.1.jar","data/minecraft/tags/worldgen/biome/has_structure/trial_chambers.json"
"minecraft:has_structure/trial_chambers","minecraft:desert","1.21.1.jar","data/minecraft/tags/worldgen/biome/has_structure/trial_chambers.json"
"minecraft:has_structure/trial_chambers","minecraft:dripstone_caves","1.21.1.jar","data/minecraft/tags/worldgen/biome/has_structure/trial_chambers.json"
"minecraft:has_structure/trial_chambers","minecraft:eroded_badlands","1.21.1.jar","data/minecraft/tags/worldgen/biome/has_structure/trial_chambers.json"
"minecraft:has_structure/trial_chambers","minecraft:flower_forest","1.21.1.jar","data/minecraft/tags/worldgen/biome/has_structure/trial_chambers.json"
"minecraft:has_structure/trial_chambers","minecraft:forest","1.21.1.jar","data/minecraft/tags/worldgen/biome/has_structure/trial_chambers.json"
"minecraft:has_structure/trial_chambers","minecraft:frozen_ocean","1.21.1.jar","data/minecraft/tags/worldgen/biome/has_structure/trial_chambers.json"
"minecraft:has_structure/trial_chambers","minecraft:frozen_peaks","1.21.1.jar","data/minecraft/tags/worldgen/biome/has_structure/trial_chambers.json"
"minecraft:has_structure/trial_chambers","minecraft:frozen_river","1.21.1.jar","data/minecraft/tags/worldgen/biome/has_structure/trial_chambers.json"
"minecraft:has_structure/trial_chambers","minecraft:grove","1.21.1.jar","data/minecraft/tags/worldgen/biome/has_structure/trial_chambers.json"
"minecraft:has_structure/trial_chambers","minecraft:ice_spikes","1.21.1.jar","data/minecraft/tags/worldgen/biome/has_structure/trial_chambers.json"
"minecraft:has_structure/trial_chambers","minecraft:jagged_peaks","1.21.1.jar","data/minecraft/tags/worldgen/biome/has_structure/trial_chambers.json"
"minecraft:has_structure/trial_chambers","minecraft:jungle","1.21.1.jar","data/minecraft/tags/worldgen/biome/has_structure/trial_chambers.json"
"minecraft:has_structure/trial_chambers","minecraft:lukewarm_ocean","1.21.1.jar","data/minecraft/tags/worldgen/biome/has_structure/trial_chambers.json"
"minecraft:has_structure/trial_chambers","minecraft:lush_caves","1.21.1.jar","data/minecraft/tags/worldgen/biome/has_structure/trial_chambers.json"
"minecraft:has_structure/trial_chambers","minecraft:mangrove_swamp","1.21.1.jar","data/minecraft/tags/worldgen/biome/has_structure/trial_chambers.json"
"minecraft:has_structure/trial_chambers","minecraft:meadow","1.21.1.jar","data/minecraft/tags/worldgen/biome/has_structure/trial_chambers.json"
"minecraft:has_structure/trial_chambers","minecraft:mushroom_fields","1.21.1.jar","data/minecraft/tags/worldgen/biome/has_structure/trial_chambers.json"
"minecraft:has_structure/trial_chambers","minecraft:ocean","1.21.1.jar","data/minecraft/tags/worldgen/biome/has_structure/trial_chambers.json"
"minecraft:has_structure/trial_chambers","minecraft:old_growth_birch_forest","1.21.1.jar","data/minecraft/tags/worldgen/biome/has_structure/trial_chambers.json"
"minecraft:has_structure/trial_chambers","minecraft:old_growth_pine_taiga","1.21.1.jar","data/minecraft/tags/worldgen/biome/has_structure/trial_chambers.json"
"minecraft:has_structure/trial_chambers","minecraft:old_growth_spruce_taiga","1.21.1.jar","data/minecraft/tags/worldgen/biome/has_structure/trial_chambers.json"
"minecraft:has_structure/trial_chambers","minecraft:plains","1.21.1.jar","data/minecraft/tags/worldgen/biome/has_structure/trial_chambers.json"
"minecraft:has_structure/trial_chambers","minecraft:river","1.21.1.jar","data/minecraft/tags/worldgen/biome/has_structure/trial_chambers.json"
"minecraft:has_structure/trial_chambers","minecraft:savanna","1.21.1.jar","data/minecraft/tags/worldgen/biome/has_structure/trial_chambers.json"
"minecraft:has_structure/trial_chambers","minecraft:savanna_plateau","1.21.1.jar","data/minecraft/tags/worldgen/biome/has_structure/trial_chambers.json"
"minecraft:has_structure/trial_chambers","minecraft:snowy_beach","1.21.1.jar","data/minecraft/tags/worldgen/biome/has_structure/trial_chambers.json"
"minecraft:has_structure/trial_chambers","minecraft:snowy_plains","1.21.1.jar","data/minecraft/tags/worldgen/biome/has_structure/trial_chambers.json"
"minecraft:has_structure/trial_chambers","minecraft:snowy_slopes","1.21.1.jar","data/minecraft/tags/worldgen/biome/has_structure/trial_chambers.json"
"minecraft:has_structure/trial_chambers","minecraft:snowy_taiga","1.21.1.jar","data/minecraft/tags/worldgen/biome/has_structure/trial_chambers.json"
"minecraft:has_structure/trial_chambers","minecraft:sparse_jungle","1.21.1.jar","data/minecraft/tags/worldgen/biome/has_structure/trial_chambers.json"
"minecraft:has_structure/trial_chambers","minecraft:stony_peaks","1.21.1.jar","data/minecraft/tags/worldgen/biome/has_structure/trial_chambers.json"
"minecraft:has_structure/trial_chambers","minecraft:stony_shore","1.21.1.jar","data/minecraft/tags/worldgen/biome/has_structure/trial_chambers.json"
"minecraft:has_structure/trial_chambers","minecraft:sunflower_plains","1.21.1.jar","data/minecraft/tags/worldgen/biome/has_structure/trial_chambers.json"
"minecraft:has_structure/trial_chambers","minecraft:swamp","1.21.1.jar","data/minecraft/tags/worldgen/biome/has_structure/trial_chambers.json"
"minecraft:has_structure/trial_chambers","minecraft:taiga","1.21.1.jar","data/minecraft/tags/worldgen/biome/has_structure/trial_chambers.json"
"minecraft:has_structure/trial_chambers","minecraft:warm_ocean","1.21.1.jar","data/minecraft/tags/worldgen/biome/has_structure/trial_chambers.json"
"minecraft:has_structure/trial_chambers","minecraft:windswept_forest","1.21.1.jar","data/minecraft/tags/worldgen/biome/has_structure/trial_chambers.json"
"minecraft:has_structure/trial_chambers","minecraft:windswept_gravelly_hills","1.21.1.jar","data/minecraft/tags/worldgen/biome/has_structure/trial_chambers.json"
"minecraft:has_structure/trial_chambers","minecraft:windswept_hills","1.21.1.jar","data/minecraft/tags/worldgen/biome/has_structure/trial_chambers.json"
"minecraft:has_structure/trial_chambers","minecraft:windswept_savanna","1.21.1.jar","data/minecraft/tags/worldgen/biome/has_structure/trial_chambers.json"
"minecraft:has_structure/trial_chambers","minecraft:wooded_badlands","1.21.1.jar","data/minecraft/tags/worldgen/biome/has_structure/trial_chambers.json"
"minecraft:has_structure/village_desert","minecraft:desert","1.21.1.jar","data/minecraft/tags/worldgen/biome/has_structure/village_desert.json"
"minecraft:has_structure/village_plains","minecraft:meadow","1.21.1.jar","data/minecraft/tags/worldgen/biome/has_structure/village_plains.json"
"minecraft:has_structure/village_plains","minecraft:plains","1.21.1.jar","data/minecraft/tags/worldgen/biome/has_structure/village_plains.json"
"minecraft:has_structure/village_savanna","minecraft:savanna","1.21.1.jar","data/minecraft/tags/worldgen/biome/has_structure/village_savanna.json"
"minecraft:has_structure/village_snowy","minecraft:snowy_plains","1.21.1.jar","data/minecraft/tags/worldgen/biome/has_structure/village_snowy.json"
"minecraft:has_structure/village_taiga","minecraft:taiga","1.21.1.jar","data/minecraft/tags/worldgen/biome/has_structure/village_taiga.json"
"minecraft:has_structure/woodland_mansion","minecraft:dark_forest","1.21.1.jar","data/minecraft/tags/worldgen/biome/has_structure/woodland_mansion.json"
"minecraft:increased_fire_burnout","minecraft:bamboo_jungle","1.21.1.jar","data/minecraft/tags/worldgen/biome/increased_fire_burnout.json"
"minecraft:increased_fire_burnout","minecraft:frozen_peaks","1.21.1.jar","data/minecraft/tags/worldgen/biome/increased_fire_burnout.json"
"minecraft:increased_fire_burnout","minecraft:jagged_peaks","1.21.1.jar","data/minecraft/tags/worldgen/biome/increased_fire_burnout.json"
"minecraft:increased_fire_burnout","minecraft:jungle","1.21.1.jar","data/minecraft/tags/worldgen/biome/increased_fire_burnout.json"
"minecraft:increased_fire_burnout","minecraft:mangrove_swamp","1.21.1.jar","data/minecraft/tags/worldgen/biome/increased_fire_burnout.json"
"minecraft:increased_fire_burnout","minecraft:mushroom_fields","1.21.1.jar","data/minecraft/tags/worldgen/biome/increased_fire_burnout.json"
"minecraft:increased_fire_burnout","minecraft:snowy_slopes","1.21.1.jar","data/minecraft/tags/worldgen/biome/increased_fire_burnout.json"
"minecraft:increased_fire_burnout","minecraft:swamp","1.21.1.jar","data/minecraft/tags/worldgen/biome/increased_fire_burnout.json"
"minecraft:is_badlands","minecraft:badlands","1.21.1.jar","data/minecraft/tags/worldgen/biome/is_badlands.json"
"minecraft:is_badlands","minecraft:eroded_badlands","1.21.1.jar","data/minecraft/tags/worldgen/biome/is_badlands.json"
"minecraft:is_badlands","minecraft:wooded_badlands","1.21.1.jar","data/minecraft/tags/worldgen/biome/is_badlands.json"
"minecraft:is_beach","minecraft:beach","1.21.1.jar","data/minecraft/tags/worldgen/biome/is_beach.json"
"minecraft:is_beach","minecraft:snowy_beach","1.21.1.jar","data/minecraft/tags/worldgen/biome/is_beach.json"
"minecraft:is_deep_ocean","minecraft:deep_cold_ocean","1.21.1.jar","data/minecraft/tags/worldgen/biome/is_deep_ocean.json"
"minecraft:is_deep_ocean","minecraft:deep_frozen_ocean","1.21.1.jar","data/minecraft/tags/worldgen/biome/is_deep_ocean.json"
"minecraft:is_deep_ocean","minecraft:deep_lukewarm_ocean","1.21.1.jar","data/minecraft/tags/worldgen/biome/is_deep_ocean.json"
"minecraft:is_deep_ocean","minecraft:deep_ocean","1.21.1.jar","data/minecraft/tags/worldgen/biome/is_deep_ocean.json"
"minecraft:is_end","minecraft:end_barrens","1.21.1.jar","data/minecraft/tags/worldgen/biome/is_end.json"
"minecraft:is_end","minecraft:end_highlands","1.21.1.jar","data/minecraft/tags/worldgen/biome/is_end.json"
"minecraft:is_end","minecraft:end_midlands","1.21.1.jar","data/minecraft/tags/worldgen/biome/is_end.json"
"minecraft:is_end","minecraft:small_end_islands","1.21.1.jar","data/minecraft/tags/worldgen/biome/is_end.json"
"minecraft:is_end","minecraft:the_end","1.21.1.jar","data/minecraft/tags/worldgen/biome/is_end.json"
"minecraft:is_forest","minecraft:birch_forest","1.21.1.jar","data/minecraft/tags/worldgen/biome/is_forest.json"
"minecraft:is_forest","minecraft:dark_forest","1.21.1.jar","data/minecraft/tags/worldgen/biome/is_forest.json"
"minecraft:is_forest","minecraft:flower_forest","1.21.1.jar","data/minecraft/tags/worldgen/biome/is_forest.json"
"minecraft:is_forest","minecraft:forest","1.21.1.jar","data/minecraft/tags/worldgen/biome/is_forest.json"
"minecraft:is_forest","minecraft:grove","1.21.1.jar","data/minecraft/tags/worldgen/biome/is_forest.json"
"minecraft:is_forest","minecraft:old_growth_birch_forest","1.21.1.jar","data/minecraft/tags/worldgen/biome/is_forest.json"
"minecraft:is_hill","minecraft:windswept_forest","1.21.1.jar","data/minecraft/tags/worldgen/biome/is_hill.json"
"minecraft:is_hill","minecraft:windswept_gravelly_hills","1.21.1.jar","data/minecraft/tags/worldgen/biome/is_hill.json"
"minecraft:is_hill","minecraft:windswept_hills","1.21.1.jar","data/minecraft/tags/worldgen/biome/is_hill.json"
"minecraft:is_jungle","minecraft:bamboo_jungle","1.21.1.jar","data/minecraft/tags/worldgen/biome/is_jungle.json"
"minecraft:is_jungle","minecraft:jungle","1.21.1.jar","data/minecraft/tags/worldgen/biome/is_jungle.json"
"minecraft:is_jungle","minecraft:sparse_jungle","1.21.1.jar","data/minecraft/tags/worldgen/biome/is_jungle.json"
"minecraft:is_mountain","minecraft:cherry_grove","1.21.1.jar","data/minecraft/tags/worldgen/biome/is_mountain.json"
"minecraft:is_mountain","minecraft:frozen_peaks","1.21.1.jar","data/minecraft/tags/worldgen/biome/is_mountain.json"
"minecraft:is_mountain","minecraft:jagged_peaks","1.21.1.jar","data/minecraft/tags/worldgen/biome/is_mountain.json"
"minecraft:is_mountain","minecraft:meadow","1.21.1.jar","data/minecraft/tags/worldgen/biome/is_mountain.json"
"minecraft:is_mountain","minecraft:snowy_slopes","1.21.1.jar","data/minecraft/tags/worldgen/biome/is_mountain.json"
"minecraft:is_mountain","minecraft:stony_peaks","1.21.1.jar","data/minecraft/tags/worldgen/biome/is_mountain.json"
"minecraft:is_nether","minecraft:basalt_deltas","1.21.1.jar","data/minecraft/tags/worldgen/biome/is_nether.json"
"minecraft:is_nether","minecraft:crimson_forest","1.21.1.jar","data/minecraft/tags/worldgen/biome/is_nether.json"
"minecraft:is_nether","minecraft:nether_wastes","1.21.1.jar","data/minecraft/tags/worldgen/biome/is_nether.json"
"minecraft:is_nether","minecraft:soul_sand_valley","1.21.1.jar","data/minecraft/tags/worldgen/biome/is_nether.json"
"minecraft:is_nether","minecraft:warped_forest","1.21.1.jar","data/minecraft/tags/worldgen/biome/is_nether.json"
"minecraft:is_ocean","#minecraft:is_deep_ocean","1.21.1.jar","data/minecraft/tags/worldgen/biome/is_ocean.json"
"minecraft:is_ocean","minecraft:cold_ocean","1.21.1.jar","data/minecraft/tags/worldgen/biome/is_ocean.json"
"minecraft:is_ocean","minecraft:frozen_ocean","1.21.1.jar","data/minecraft/tags/worldgen/biome/is_ocean.json"
"minecraft:is_ocean","minecraft:lukewarm_ocean","1.21.1.jar","data/minecraft/tags/worldgen/biome/is_ocean.json"
"minecraft:is_ocean","minecraft:ocean","1.21.1.jar","data/minecraft/tags/worldgen/biome/is_ocean.json"
"minecraft:is_ocean","minecraft:warm_ocean","1.21.1.jar","data/minecraft/tags/worldgen/biome/is_ocean.json"
"minecraft:is_overworld","minecraft:badlands","1.21.1.jar","data/minecraft/tags/worldgen/biome/is_overworld.json"
"minecraft:is_overworld","minecraft:bamboo_jungle","1.21.1.jar","data/minecraft/tags/worldgen/biome/is_overworld.json"
"minecraft:is_overworld","minecraft:beach","1.21.1.jar","data/minecraft/tags/worldgen/biome/is_overworld.json"
"minecraft:is_overworld","minecraft:birch_forest","1.21.1.jar","data/minecraft/tags/worldgen/biome/is_overworld.json"
"minecraft:is_overworld","minecraft:cherry_grove","1.21.1.jar","data/minecraft/tags/worldgen/biome/is_overworld.json"
"minecraft:is_overworld","minecraft:cold_ocean","1.21.1.jar","data/minecraft/tags/worldgen/biome/is_overworld.json"
"minecraft:is_overworld","minecraft:dark_forest","1.21.1.jar","data/minecraft/tags/worldgen/biome/is_overworld.json"
"minecraft:is_overworld","minecraft:deep_cold_ocean","1.21.1.jar","data/minecraft/tags/worldgen/biome/is_overworld.json"
"minecraft:is_overworld","minecraft:deep_dark","1.21.1.jar","data/minecraft/tags/worldgen/biome/is_overworld.json"
"minecraft:is_overworld","minecraft:deep_frozen_ocean","1.21.1.jar","data/minecraft/tags/worldgen/biome/is_overworld.json"
"minecraft:is_overworld","minecraft:deep_lukewarm_ocean","1.21.1.jar","data/minecraft/tags/worldgen/biome/is_overworld.json"
"minecraft:is_overworld","minecraft:deep_ocean","1.21.1.jar","data/minecraft/tags/worldgen/biome/is_overworld.json"
"minecraft:is_overworld","minecraft:desert","1.21.1.jar","data/minecraft/tags/worldgen/biome/is_overworld.json"
"minecraft:is_overworld","minecraft:dripstone_caves","1.21.1.jar","data/minecraft/tags/worldgen/biome/is_overworld.json"
"minecraft:is_overworld","minecraft:eroded_badlands","1.21.1.jar","data/minecraft/tags/worldgen/biome/is_overworld.json"
"minecraft:is_overworld","minecraft:flower_forest","1.21.1.jar","data/minecraft/tags/worldgen/biome/is_overworld.json"
"minecraft:is_overworld","minecraft:forest","1.21.1.jar","data/minecraft/tags/worldgen/biome/is_overworld.json"
"minecraft:is_overworld","minecraft:frozen_ocean","1.21.1.jar","data/minecraft/tags/worldgen/biome/is_overworld.json"
"minecraft:is_overworld","minecraft:frozen_peaks","1.21.1.jar","data/minecraft/tags/worldgen/biome/is_overworld.json"
"minecraft:is_overworld","minecraft:frozen_river","1.21.1.jar","data/minecraft/tags/worldgen/biome/is_overworld.json"
"minecraft:is_overworld","minecraft:grove","1.21.1.jar","data/minecraft/tags/worldgen/biome/is_overworld.json"
"minecraft:is_overworld","minecraft:ice_spikes","1.21.1.jar","data/minecraft/tags/worldgen/biome/is_overworld.json"
"minecraft:is_overworld","minecraft:jagged_peaks","1.21.1.jar","data/minecraft/tags/worldgen/biome/is_overworld.json"
"minecraft:is_overworld","minecraft:jungle","1.21.1.jar","data/minecraft/tags/worldgen/biome/is_overworld.json"
"minecraft:is_overworld","minecraft:lukewarm_ocean","1.21.1.jar","data/minecraft/tags/worldgen/biome/is_overworld.json"
"minecraft:is_overworld","minecraft:lush_caves","1.21.1.jar","data/minecraft/tags/worldgen/biome/is_overworld.json"
"minecraft:is_overworld","minecraft:mangrove_swamp","1.21.1.jar","data/minecraft/tags/worldgen/biome/is_overworld.json"
"minecraft:is_overworld","minecraft:meadow","1.21.1.jar","data/minecraft/tags/worldgen/biome/is_overworld.json"
"minecraft:is_overworld","minecraft:mushroom_fields","1.21.1.jar","data/minecraft/tags/worldgen/biome/is_overworld.json"
"minecraft:is_overworld","minecraft:ocean","1.21.1.jar","data/minecraft/tags/worldgen/biome/is_overworld.json"
"minecraft:is_overworld","minecraft:old_growth_birch_forest","1.21.1.jar","data/minecraft/tags/worldgen/biome/is_overworld.json"
"minecraft:is_overworld","minecraft:old_growth_pine_taiga","1.21.1.jar","data/minecraft/tags/worldgen/biome/is_overworld.json"
"minecraft:is_overworld","minecraft:old_growth_spruce_taiga","1.21.1.jar","data/minecraft/tags/worldgen/biome/is_overworld.json"
"minecraft:is_overworld","minecraft:plains","1.21.1.jar","data/minecraft/tags/worldgen/biome/is_overworld.json"
"minecraft:is_overworld","minecraft:river","1.21.1.jar","data/minecraft/tags/worldgen/biome/is_overworld.json"
"minecraft:is_overworld","minecraft:savanna","1.21.1.jar","data/minecraft/tags/worldgen/biome/is_overworld.json"
"minecraft:is_overworld","minecraft:savanna_plateau","1.21.1.jar","data/minecraft/tags/worldgen/biome/is_overworld.json"
"minecraft:is_overworld","minecraft:snowy_beach","1.21.1.jar","data/minecraft/tags/worldgen/biome/is_overworld.json"
"minecraft:is_overworld","minecraft:snowy_plains","1.21.1.jar","data/minecraft/tags/worldgen/biome/is_overworld.json"
"minecraft:is_overworld","minecraft:snowy_slopes","1.21.1.jar","data/minecraft/tags/worldgen/biome/is_overworld.json"
"minecraft:is_overworld","minecraft:snowy_taiga","1.21.1.jar","data/minecraft/tags/worldgen/biome/is_overworld.json"
"minecraft:is_overworld","minecraft:sparse_jungle","1.21.1.jar","data/minecraft/tags/worldgen/biome/is_overworld.json"
"minecraft:is_overworld","minecraft:stony_peaks","1.21.1.jar","data/minecraft/tags/worldgen/biome/is_overworld.json"
"minecraft:is_overworld","minecraft:stony_shore","1.21.1.jar","data/minecraft/tags/worldgen/biome/is_overworld.json"
"minecraft:is_overworld","minecraft:sunflower_plains","1.21.1.jar","data/minecraft/tags/worldgen/biome/is_overworld.json"
"minecraft:is_overworld","minecraft:swamp","1.21.1.jar","data/minecraft/tags/worldgen/biome/is_overworld.json"
"minecraft:is_overworld","minecraft:taiga","1.21.1.jar","data/minecraft/tags/worldgen/biome/is_overworld.json"
"minecraft:is_overworld","minecraft:warm_ocean","1.21.1.jar","data/minecraft/tags/worldgen/biome/is_overworld.json"
"minecraft:is_overworld","minecraft:windswept_forest","1.21.1.jar","data/minecraft/tags/worldgen/biome/is_overworld.json"
"minecraft:is_overworld","minecraft:windswept_gravelly_hills","1.21.1.jar","data/minecraft/tags/worldgen/biome/is_overworld.json"
"minecraft:is_overworld","minecraft:windswept_hills","1.21.1.jar","data/minecraft/tags/worldgen/biome/is_overworld.json"
"minecraft:is_overworld","minecraft:windswept_savanna","1.21.1.jar","data/minecraft/tags/worldgen/biome/is_overworld.json"
"minecraft:is_overworld","minecraft:wooded_badlands","1.21.1.jar","data/minecraft/tags/worldgen/biome/is_overworld.json"
"minecraft:is_overworld","quark:glimmering_weald","Quark-4.1-482.jar","data/minecraft/tags/worldgen/biome/is_overworld.json"
"minecraft:is_river","minecraft:frozen_river","1.21.1.jar","data/minecraft/tags/worldgen/biome/is_river.json"
"minecraft:is_river","minecraft:river","1.21.1.jar","data/minecraft/tags/worldgen/biome/is_river.json"
"minecraft:is_savanna","minecraft:savanna","1.21.1.jar","data/minecraft/tags/worldgen/biome/is_savanna.json"
"minecraft:is_savanna","minecraft:savanna_plateau","1.21.1.jar","data/minecraft/tags/worldgen/biome/is_savanna.json"
"minecraft:is_savanna","minecraft:windswept_savanna","1.21.1.jar","data/minecraft/tags/worldgen/biome/is_savanna.json"
"minecraft:is_taiga","minecraft:old_growth_pine_taiga","1.21.1.jar","data/minecraft/tags/worldgen/biome/is_taiga.json"
"minecraft:is_taiga","minecraft:old_growth_spruce_taiga","1.21.1.jar","data/minecraft/tags/worldgen/biome/is_taiga.json"
"minecraft:is_taiga","minecraft:snowy_taiga","1.21.1.jar","data/minecraft/tags/worldgen/biome/is_taiga.json"
"minecraft:is_taiga","minecraft:taiga","1.21.1.jar","data/minecraft/tags/worldgen/biome/is_taiga.json"
"minecraft:mineshaft_blocking","minecraft:deep_dark","1.21.1.jar","data/minecraft/tags/worldgen/biome/mineshaft_blocking.json"
"minecraft:more_frequent_drowned_spawns","#minecraft:is_river","1.21.1.jar","data/minecraft/tags/worldgen/biome/more_frequent_drowned_spawns.json"
"minecraft:plays_underwater_music","#minecraft:is_ocean","1.21.1.jar","data/minecraft/tags/worldgen/biome/plays_underwater_music.json"
"minecraft:plays_underwater_music","#minecraft:is_river","1.21.1.jar","data/minecraft/tags/worldgen/biome/plays_underwater_music.json"
"minecraft:polar_bears_spawn_on_alternate_blocks","minecraft:deep_frozen_ocean","1.21.1.jar","data/minecraft/tags/worldgen/biome/polar_bears_spawn_on_alternate_blocks.json"
"minecraft:polar_bears_spawn_on_alternate_blocks","minecraft:frozen_ocean","1.21.1.jar","data/minecraft/tags/worldgen/biome/polar_bears_spawn_on_alternate_blocks.json"
"minecraft:produces_corals_from_bonemeal","minecraft:warm_ocean","1.21.1.jar","data/minecraft/tags/worldgen/biome/produces_corals_from_bonemeal.json"
"minecraft:reduce_water_ambient_spawns","#minecraft:is_river","1.21.1.jar","data/minecraft/tags/worldgen/biome/reduce_water_ambient_spawns.json"
"minecraft:required_ocean_monument_surrounding","#minecraft:is_ocean","1.21.1.jar","data/minecraft/tags/worldgen/biome/required_ocean_monument_surrounding.json"
"minecraft:required_ocean_monument_surrounding","#minecraft:is_river","1.21.1.jar","data/minecraft/tags/worldgen/biome/required_ocean_monument_surrounding.json"
"minecraft:snow_golem_melts","minecraft:badlands","1.21.1.jar","data/minecraft/tags/worldgen/biome/snow_golem_melts.json"
"minecraft:snow_golem_melts","minecraft:basalt_deltas","1.21.1.jar","data/minecraft/tags/worldgen/biome/snow_golem_melts.json"
"minecraft:snow_golem_melts","minecraft:crimson_forest","1.21.1.jar","data/minecraft/tags/worldgen/biome/snow_golem_melts.json"
"minecraft:snow_golem_melts","minecraft:desert","1.21.1.jar","data/minecraft/tags/worldgen/biome/snow_golem_melts.json"
"minecraft:snow_golem_melts","minecraft:eroded_badlands","1.21.1.jar","data/minecraft/tags/worldgen/biome/snow_golem_melts.json"
"minecraft:snow_golem_melts","minecraft:nether_wastes","1.21.1.jar","data/minecraft/tags/worldgen/biome/snow_golem_melts.json"
"minecraft:snow_golem_melts","minecraft:savanna","1.21.1.jar","data/minecraft/tags/worldgen/biome/snow_golem_melts.json"
"minecraft:snow_golem_melts","minecraft:savanna_plateau","1.21.1.jar","data/minecraft/tags/worldgen/biome/snow_golem_melts.json"
"minecraft:snow_golem_melts","minecraft:soul_sand_valley","1.21.1.jar","data/minecraft/tags/worldgen/biome/snow_golem_melts.json"
"minecraft:snow_golem_melts","minecraft:warped_forest","1.21.1.jar","data/minecraft/tags/worldgen/biome/snow_golem_melts.json"
"minecraft:snow_golem_melts","minecraft:windswept_savanna","1.21.1.jar","data/minecraft/tags/worldgen/biome/snow_golem_melts.json"
"minecraft:snow_golem_melts","minecraft:wooded_badlands","1.21.1.jar","data/minecraft/tags/worldgen/biome/snow_golem_melts.json"
"minecraft:spawns_cold_variant_frogs","#minecraft:is_end","1.21.1.jar","data/minecraft/tags/worldgen/biome/spawns_cold_variant_frogs.json"
"minecraft:spawns_cold_variant_frogs","minecraft:deep_dark","1.21.1.jar","data/minecraft/tags/worldgen/biome/spawns_cold_variant_frogs.json"
"minecraft:spawns_cold_variant_frogs","minecraft:deep_frozen_ocean","1.21.1.jar","data/minecraft/tags/worldgen/biome/spawns_cold_variant_frogs.json"
"minecraft:spawns_cold_variant_frogs","minecraft:frozen_ocean","1.21.1.jar","data/minecraft/tags/worldgen/biome/spawns_cold_variant_frogs.json"
"minecraft:spawns_cold_variant_frogs","minecraft:frozen_peaks","1.21.1.jar","data/minecraft/tags/worldgen/biome/spawns_cold_variant_frogs.json"
"minecraft:spawns_cold_variant_frogs","minecraft:frozen_river","1.21.1.jar","data/minecraft/tags/worldgen/biome/spawns_cold_variant_frogs.json"
"minecraft:spawns_cold_variant_frogs","minecraft:grove","1.21.1.jar","data/minecraft/tags/worldgen/biome/spawns_cold_variant_frogs.json"
"minecraft:spawns_cold_variant_frogs","minecraft:ice_spikes","1.21.1.jar","data/minecraft/tags/worldgen/biome/spawns_cold_variant_frogs.json"
"minecraft:spawns_cold_variant_frogs","minecraft:jagged_peaks","1.21.1.jar","data/minecraft/tags/worldgen/biome/spawns_cold_variant_frogs.json"
"minecraft:spawns_cold_variant_frogs","minecraft:snowy_beach","1.21.1.jar","data/minecraft/tags/worldgen/biome/spawns_cold_variant_frogs.json"
"minecraft:spawns_cold_variant_frogs","minecraft:snowy_plains","1.21.1.jar","data/minecraft/tags/worldgen/biome/spawns_cold_variant_frogs.json"
"minecraft:spawns_cold_variant_frogs","minecraft:snowy_slopes","1.21.1.jar","data/minecraft/tags/worldgen/biome/spawns_cold_variant_frogs.json"
"minecraft:spawns_cold_variant_frogs","minecraft:snowy_taiga","1.21.1.jar","data/minecraft/tags/worldgen/biome/spawns_cold_variant_frogs.json"
"minecraft:spawns_gold_rabbits","minecraft:desert","1.21.1.jar","data/minecraft/tags/worldgen/biome/spawns_gold_rabbits.json"
"minecraft:spawns_snow_foxes","minecraft:frozen_ocean","1.21.1.jar","data/minecraft/tags/worldgen/biome/spawns_snow_foxes.json"
"minecraft:spawns_snow_foxes","minecraft:frozen_peaks","1.21.1.jar","data/minecraft/tags/worldgen/biome/spawns_snow_foxes.json"
"minecraft:spawns_snow_foxes","minecraft:frozen_river","1.21.1.jar","data/minecraft/tags/worldgen/biome/spawns_snow_foxes.json"
"minecraft:spawns_snow_foxes","minecraft:grove","1.21.1.jar","data/minecraft/tags/worldgen/biome/spawns_snow_foxes.json"
"minecraft:spawns_snow_foxes","minecraft:ice_spikes","1.21.1.jar","data/minecraft/tags/worldgen/biome/spawns_snow_foxes.json"
"minecraft:spawns_snow_foxes","minecraft:jagged_peaks","1.21.1.jar","data/minecraft/tags/worldgen/biome/spawns_snow_foxes.json"
"minecraft:spawns_snow_foxes","minecraft:snowy_beach","1.21.1.jar","data/minecraft/tags/worldgen/biome/spawns_snow_foxes.json"
"minecraft:spawns_snow_foxes","minecraft:snowy_plains","1.21.1.jar","data/minecraft/tags/worldgen/biome/spawns_snow_foxes.json"
"minecraft:spawns_snow_foxes","minecraft:snowy_slopes","1.21.1.jar","data/minecraft/tags/worldgen/biome/spawns_snow_foxes.json"
"minecraft:spawns_snow_foxes","minecraft:snowy_taiga","1.21.1.jar","data/minecraft/tags/worldgen/biome/spawns_snow_foxes.json"
"minecraft:spawns_warm_variant_frogs","#minecraft:is_badlands","1.21.1.jar","data/minecraft/tags/worldgen/biome/spawns_warm_variant_frogs.json"
"minecraft:spawns_warm_variant_frogs","#minecraft:is_jungle","1.21.1.jar","data/minecraft/tags/worldgen/biome/spawns_warm_variant_frogs.json"
"minecraft:spawns_warm_variant_frogs","#minecraft:is_nether","1.21.1.jar","data/minecraft/tags/worldgen/biome/spawns_warm_variant_frogs.json"
"minecraft:spawns_warm_variant_frogs","#minecraft:is_savanna","1.21.1.jar","data/minecraft/tags/worldgen/biome/spawns_warm_variant_frogs.json"
"minecraft:spawns_warm_variant_frogs","minecraft:desert","1.21.1.jar","data/minecraft/tags/worldgen/biome/spawns_warm_variant_frogs.json"
"minecraft:spawns_warm_variant_frogs","minecraft:mangrove_swamp","1.21.1.jar","data/minecraft/tags/worldgen/biome/spawns_warm_variant_frogs.json"
"minecraft:spawns_warm_variant_frogs","minecraft:warm_ocean","1.21.1.jar","data/minecraft/tags/worldgen/biome/spawns_warm_variant_frogs.json"
"minecraft:spawns_white_rabbits","minecraft:frozen_ocean","1.21.1.jar","data/minecraft/tags/worldgen/biome/spawns_white_rabbits.json"
"minecraft:spawns_white_rabbits","minecraft:frozen_peaks","1.21.1.jar","data/minecraft/tags/worldgen/biome/spawns_white_rabbits.json"
"minecraft:spawns_white_rabbits","minecraft:frozen_river","1.21.1.jar","data/minecraft/tags/worldgen/biome/spawns_white_rabbits.json"
"minecraft:spawns_white_rabbits","minecraft:grove","1.21.1.jar","data/minecraft/tags/worldgen/biome/spawns_white_rabbits.json"
"minecraft:spawns_white_rabbits","minecraft:ice_spikes","1.21.1.jar","data/minecraft/tags/worldgen/biome/spawns_white_rabbits.json"
"minecraft:spawns_white_rabbits","minecraft:jagged_peaks","1.21.1.jar","data/minecraft/tags/worldgen/biome/spawns_white_rabbits.json"
"minecraft:spawns_white_rabbits","minecraft:snowy_beach","1.21.1.jar","data/minecraft/tags/worldgen/biome/spawns_white_rabbits.json"
"minecraft:spawns_white_rabbits","minecraft:snowy_plains","1.21.1.jar","data/minecraft/tags/worldgen/biome/spawns_white_rabbits.json"
"minecraft:spawns_white_rabbits","minecraft:snowy_slopes","1.21.1.jar","data/minecraft/tags/worldgen/biome/spawns_white_rabbits.json"
"minecraft:spawns_white_rabbits","minecraft:snowy_taiga","1.21.1.jar","data/minecraft/tags/worldgen/biome/spawns_white_rabbits.json"
"minecraft:stronghold_biased_to","minecraft:badlands","1.21.1.jar","data/minecraft/tags/worldgen/biome/stronghold_biased_to.json"
"minecraft:stronghold_biased_to","minecraft:bamboo_jungle","1.21.1.jar","data/minecraft/tags/worldgen/biome/stronghold_biased_to.json"
"minecraft:stronghold_biased_to","minecraft:birch_forest","1.21.1.jar","data/minecraft/tags/worldgen/biome/stronghold_biased_to.json"
"minecraft:stronghold_biased_to","minecraft:dark_forest","1.21.1.jar","data/minecraft/tags/worldgen/biome/stronghold_biased_to.json"
"minecraft:stronghold_biased_to","minecraft:desert","1.21.1.jar","data/minecraft/tags/worldgen/biome/stronghold_biased_to.json"
"minecraft:stronghold_biased_to","minecraft:dripstone_caves","1.21.1.jar","data/minecraft/tags/worldgen/biome/stronghold_biased_to.json"
"minecraft:stronghold_biased_to","minecraft:eroded_badlands","1.21.1.jar","data/minecraft/tags/worldgen/biome/stronghold_biased_to.json"
"minecraft:stronghold_biased_to","minecraft:flower_forest","1.21.1.jar","data/minecraft/tags/worldgen/biome/stronghold_biased_to.json"
"minecraft:stronghold_biased_to","minecraft:forest","1.21.1.jar","data/minecraft/tags/worldgen/biome/stronghold_biased_to.json"
"minecraft:stronghold_biased_to","minecraft:frozen_peaks","1.21.1.jar","data/minecraft/tags/worldgen/biome/stronghold_biased_to.json"
"minecraft:stronghold_biased_to","minecraft:grove","1.21.1.jar","data/minecraft/tags/worldgen/biome/stronghold_biased_to.json"
"minecraft:stronghold_biased_to","minecraft:ice_spikes","1.21.1.jar","data/minecraft/tags/worldgen/biome/stronghold_biased_to.json"
"minecraft:stronghold_biased_to","minecraft:jagged_peaks","1.21.1.jar","data/minecraft/tags/worldgen/biome/stronghold_biased_to.json"
"minecraft:stronghold_biased_to","minecraft:jungle","1.21.1.jar","data/minecraft/tags/worldgen/biome/stronghold_biased_to.json"
"minecraft:stronghold_biased_to","minecraft:lush_caves","1.21.1.jar","data/minecraft/tags/worldgen/biome/stronghold_biased_to.json"
"minecraft:stronghold_biased_to","minecraft:meadow","1.21.1.jar","data/minecraft/tags/worldgen/biome/stronghold_biased_to.json"
"minecraft:stronghold_biased_to","minecraft:mushroom_fields","1.21.1.jar","data/minecraft/tags/worldgen/biome/stronghold_biased_to.json"
"minecraft:stronghold_biased_to","minecraft:old_growth_birch_forest","1.21.1.jar","data/minecraft/tags/worldgen/biome/stronghold_biased_to.json"
"minecraft:stronghold_biased_to","minecraft:old_growth_pine_taiga","1.21.1.jar","data/minecraft/tags/worldgen/biome/stronghold_biased_to.json"
"minecraft:stronghold_biased_to","minecraft:old_growth_spruce_taiga","1.21.1.jar","data/minecraft/tags/worldgen/biome/stronghold_biased_to.json"
"minecraft:stronghold_biased_to","minecraft:plains","1.21.1.jar","data/minecraft/tags/worldgen/biome/stronghold_biased_to.json"
"minecraft:stronghold_biased_to","minecraft:savanna","1.21.1.jar","data/minecraft/tags/worldgen/biome/stronghold_biased_to.json"
"minecraft:stronghold_biased_to","minecraft:savanna_plateau","1.21.1.jar","data/minecraft/tags/worldgen/biome/stronghold_biased_to.json"
"minecraft:stronghold_biased_to","minecraft:snowy_plains","1.21.1.jar","data/minecraft/tags/worldgen/biome/stronghold_biased_to.json"
"minecraft:stronghold_biased_to","minecraft:snowy_slopes","1.21.1.jar","data/minecraft/tags/worldgen/biome/stronghold_biased_to.json"
"minecraft:stronghold_biased_to","minecraft:snowy_taiga","1.21.1.jar","data/minecraft/tags/worldgen/biome/stronghold_biased_to.json"
"minecraft:stronghold_biased_to","minecraft:sparse_jungle","1.21.1.jar","data/minecraft/tags/worldgen/biome/stronghold_biased_to.json"
"minecraft:stronghold_biased_to","minecraft:stony_peaks","1.21.1.jar","data/minecraft/tags/worldgen/biome/stronghold_biased_to.json"
"minecraft:stronghold_biased_to","minecraft:sunflower_plains","1.21.1.jar","data/minecraft/tags/worldgen/biome/stronghold_biased_to.json"
"minecraft:stronghold_biased_to","minecraft:taiga","1.21.1.jar","data/minecraft/tags/worldgen/biome/stronghold_biased_to.json"
"minecraft:stronghold_biased_to","minecraft:windswept_forest","1.21.1.jar","data/minecraft/tags/worldgen/biome/stronghold_biased_to.json"
"minecraft:stronghold_biased_to","minecraft:windswept_gravelly_hills","1.21.1.jar","data/minecraft/tags/worldgen/biome/stronghold_biased_to.json"
"minecraft:stronghold_biased_to","minecraft:windswept_hills","1.21.1.jar","data/minecraft/tags/worldgen/biome/stronghold_biased_to.json"
"minecraft:stronghold_biased_to","minecraft:windswept_savanna","1.21.1.jar","data/minecraft/tags/worldgen/biome/stronghold_biased_to.json"
"minecraft:stronghold_biased_to","minecraft:wooded_badlands","1.21.1.jar","data/minecraft/tags/worldgen/biome/stronghold_biased_to.json"
"minecraft:water_on_map_outlines","#minecraft:is_ocean","1.21.1.jar","data/minecraft/tags/worldgen/biome/water_on_map_outlines.json"
"minecraft:water_on_map_outlines","#minecraft:is_river","1.21.1.jar","data/minecraft/tags/worldgen/biome/water_on_map_outlines.json"
"minecraft:water_on_map_outlines","minecraft:mangrove_swamp","1.21.1.jar","data/minecraft/tags/worldgen/biome/water_on_map_outlines.json"
"minecraft:water_on_map_outlines","minecraft:swamp","1.21.1.jar","data/minecraft/tags/worldgen/biome/water_on_map_outlines.json"
"minecraft:without_patrol_spawns","minecraft:mushroom_fields","1.21.1.jar","data/minecraft/tags/worldgen/biome/without_patrol_spawns.json"
"minecraft:without_wandering_trader_spawns","minecraft:the_void","1.21.1.jar","data/minecraft/tags/worldgen/biome/without_wandering_trader_spawns.json"
"minecraft:without_zombie_sieges","minecraft:mushroom_fields","1.21.1.jar","data/minecraft/tags/worldgen/biome/without_zombie_sieges.json"
"netherdepthsupgrade:is_eyeball_fish_biome","byg:wailing_garth","netherdepthsupgrade-3.1.8-1.21.jar","data/netherdepthsupgrade/tags/worldgen/biome/is_eyeball_fish_biome.json"
"netherdepthsupgrade:is_eyeball_fish_biome","minecraft:crimson_forest","netherdepthsupgrade-3.1.8-1.21.jar","data/netherdepthsupgrade/tags/worldgen/biome/is_eyeball_fish_biome.json"
"netherdepthsupgrade:is_fortress_grouper_biome","#minecraft:has_structure/nether_fortress","netherdepthsupgrade-3.1.8-1.21.jar","data/netherdepthsupgrade/tags/worldgen/biome/is_fortress_grouper_biome.json"
"netherdepthsupgrade:is_fortress_grouper_biome","byg:brimstone_caverns","netherdepthsupgrade-3.1.8-1.21.jar","data/netherdepthsupgrade/tags/worldgen/biome/is_fortress_grouper_biome.json"
"netherdepthsupgrade:is_fortress_grouper_biome","minecraft:basalt_deltas","netherdepthsupgrade-3.1.8-1.21.jar","data/netherdepthsupgrade/tags/worldgen/biome/is_fortress_grouper_biome.json"
"netherdepthsupgrade:is_glowdine_biome","byg:glowstone_gardens","netherdepthsupgrade-3.1.8-1.21.jar","data/netherdepthsupgrade/tags/worldgen/biome/is_glowdine_biome.json"
"netherdepthsupgrade:is_glowdine_biome","infernalexp:glowstone_canyon","netherdepthsupgrade-3.1.8-1.21.jar","data/netherdepthsupgrade/tags/worldgen/biome/is_glowdine_biome.json"
"netherdepthsupgrade:is_glowdine_biome","minecraft:basalt_deltas","netherdepthsupgrade-3.1.8-1.21.jar","data/netherdepthsupgrade/tags/worldgen/biome/is_glowdine_biome.json"
"netherdepthsupgrade:is_glowdine_biome","minecraft:nether_wastes","netherdepthsupgrade-3.1.8-1.21.jar","data/netherdepthsupgrade/tags/worldgen/biome/is_glowdine_biome.json"
"netherdepthsupgrade:is_glowdine_biome","minecraft:soul_sand_valley","netherdepthsupgrade-3.1.8-1.21.jar","data/netherdepthsupgrade/tags/worldgen/biome/is_glowdine_biome.json"
"netherdepthsupgrade:is_lava_pufferfish_biome","byg:crimson_gardens","netherdepthsupgrade-3.1.8-1.21.jar","data/netherdepthsupgrade/tags/worldgen/biome/is_lava_pufferfish_biome.json"
"netherdepthsupgrade:is_lava_pufferfish_biome","byg:sythian_torrids","netherdepthsupgrade-3.1.8-1.21.jar","data/netherdepthsupgrade/tags/worldgen/biome/is_lava_pufferfish_biome.json"
"netherdepthsupgrade:is_lava_pufferfish_biome","minecraft:crimson_forest","netherdepthsupgrade-3.1.8-1.21.jar","data/netherdepthsupgrade/tags/worldgen/biome/is_lava_pufferfish_biome.json"
"netherdepthsupgrade:is_lava_pufferfish_biome","minecraft:warped_forest","netherdepthsupgrade-3.1.8-1.21.jar","data/netherdepthsupgrade/tags/worldgen/biome/is_lava_pufferfish_biome.json"
"netherdepthsupgrade:is_magmacubefish_biome","byg:embur_bog","netherdepthsupgrade-3.1.8-1.21.jar","data/netherdepthsupgrade/tags/worldgen/biome/is_magmacubefish_biome.json"
"netherdepthsupgrade:is_magmacubefish_biome","byg:magma_wastes","netherdepthsupgrade-3.1.8-1.21.jar","data/netherdepthsupgrade/tags/worldgen/biome/is_magmacubefish_biome.json"
"netherdepthsupgrade:is_magmacubefish_biome","minecraft:basalt_deltas","netherdepthsupgrade-3.1.8-1.21.jar","data/netherdepthsupgrade/tags/worldgen/biome/is_magmacubefish_biome.json"
"netherdepthsupgrade:is_obsidianfish_biome","byg:brimstone_caverns","netherdepthsupgrade-3.1.8-1.21.jar","data/netherdepthsupgrade/tags/worldgen/biome/is_obsidianfish_biome.json"
"netherdepthsupgrade:is_obsidianfish_biome","minecraft:basalt_deltas","netherdepthsupgrade-3.1.8-1.21.jar","data/netherdepthsupgrade/tags/worldgen/biome/is_obsidianfish_biome.json"
"netherdepthsupgrade:is_soulsucker_biome","byg:wailing_garth","netherdepthsupgrade-3.1.8-1.21.jar","data/netherdepthsupgrade/tags/worldgen/biome/is_soulsucker_biome.json"
"netherdepthsupgrade:is_soulsucker_biome","byg:warped_desert","netherdepthsupgrade-3.1.8-1.21.jar","data/netherdepthsupgrade/tags/worldgen/biome/is_soulsucker_biome.json"
"netherdepthsupgrade:is_soulsucker_biome","gardens_of_the_dead:soulblight_forest","netherdepthsupgrade-3.1.8-1.21.jar","data/netherdepthsupgrade/tags/worldgen/biome/is_soulsucker_biome.json"
"netherdepthsupgrade:is_soulsucker_biome","minecraft:soul_sand_valley","netherdepthsupgrade-3.1.8-1.21.jar","data/netherdepthsupgrade/tags/worldgen/biome/is_soulsucker_biome.json"
"netherdepthsupgrade:is_wither_bonefish_biome","byg:subzero_hypogeal","netherdepthsupgrade-3.1.8-1.21.jar","data/netherdepthsupgrade/tags/worldgen/biome/is_wither_bonefish_biome.json"
"netherdepthsupgrade:is_wither_bonefish_biome","gardens_of_the_dead:whistling_woods","netherdepthsupgrade-3.1.8-1.21.jar","data/netherdepthsupgrade/tags/worldgen/biome/is_wither_bonefish_biome.json"
"netherdepthsupgrade:is_wither_bonefish_biome","minecraft:crimson_forest","netherdepthsupgrade-3.1.8-1.21.jar","data/netherdepthsupgrade/tags/worldgen/biome/is_wither_bonefish_biome.json"
"netherdepthsupgrade:is_wither_bonefish_biome","minecraft:soul_sand_valley","netherdepthsupgrade-3.1.8-1.21.jar","data/netherdepthsupgrade/tags/worldgen/biome/is_wither_bonefish_biome.json"
"quark:has_fallen_acacia","minecraft:savanna","Quark-4.1-482.jar","data/quark/tags/worldgen/biome/has_fallen_acacia.json"
"quark:has_fallen_acacia","minecraft:savanna_plateau","Quark-4.1-482.jar","data/quark/tags/worldgen/biome/has_fallen_acacia.json"
"quark:has_fallen_birch","minecraft:birch_forest","Quark-4.1-482.jar","data/quark/tags/worldgen/biome/has_fallen_birch.json"
"quark:has_fallen_birch","minecraft:forest","Quark-4.1-482.jar","data/quark/tags/worldgen/biome/has_fallen_birch.json"
"quark:has_fallen_birch","minecraft:old_growth_birch_forest","Quark-4.1-482.jar","data/quark/tags/worldgen/biome/has_fallen_birch.json"
"quark:has_fallen_cherry","minecraft:cherry_grove","Quark-4.1-482.jar","data/quark/tags/worldgen/biome/has_fallen_cherry.json"
"quark:has_fallen_jungle","minecraft:jungle","Quark-4.1-482.jar","data/quark/tags/worldgen/biome/has_fallen_jungle.json"
"quark:has_fallen_jungle","minecraft:sparse_jungle","Quark-4.1-482.jar","data/quark/tags/worldgen/biome/has_fallen_jungle.json"
"quark:has_fallen_oak","minecraft:flower_forest","Quark-4.1-482.jar","data/quark/tags/worldgen/biome/has_fallen_oak.json"
"quark:has_fallen_oak","minecraft:forest","Quark-4.1-482.jar","data/quark/tags/worldgen/biome/has_fallen_oak.json"
"quark:has_fallen_oak","minecraft:meadow","Quark-4.1-482.jar","data/quark/tags/worldgen/biome/has_fallen_oak.json"
"quark:has_fallen_oak","minecraft:swamp","Quark-4.1-482.jar","data/quark/tags/worldgen/biome/has_fallen_oak.json"
"quark:has_fallen_oak","minecraft:windswept_forest","Quark-4.1-482.jar","data/quark/tags/worldgen/biome/has_fallen_oak.json"
"quark:has_fallen_oak","minecraft:wooded_badlands","Quark-4.1-482.jar","data/quark/tags/worldgen/biome/has_fallen_oak.json"
"quark:has_fallen_spruce","minecraft:grove","Quark-4.1-482.jar","data/quark/tags/worldgen/biome/has_fallen_spruce.json"
"quark:has_fallen_spruce","minecraft:old_growth_spruce_taiga","Quark-4.1-482.jar","data/quark/tags/worldgen/biome/has_fallen_spruce.json"
"quark:has_fallen_spruce","minecraft:snowy_taiga","Quark-4.1-482.jar","data/quark/tags/worldgen/biome/has_fallen_spruce.json"
"quark:has_fallen_spruce","minecraft:taiga","Quark-4.1-482.jar","data/quark/tags/worldgen/biome/has_fallen_spruce.json"
"quark:has_fallen_spruce","minecraft:windswept_forest","Quark-4.1-482.jar","data/quark/tags/worldgen/biome/has_fallen_spruce.json"
"quark:has_fiery_blossom_trees","#minecraft:is_badlands","Quark-4.1-482.jar","data/quark/tags/worldgen/biome/has_fiery_blossom_trees.json"
"quark:has_frosty_blossom_trees","#c:is_snowy","Quark-4.1-482.jar","data/quark/tags/worldgen/biome/has_frosty_blossom_trees.json"
"quark:has_lower_fallen_tree_density","minecraft:meadow","Quark-4.1-482.jar","data/quark/tags/worldgen/biome/has_lower_fallen_tree_density.json"
"quark:has_lower_fallen_tree_density","minecraft:savanna","Quark-4.1-482.jar","data/quark/tags/worldgen/biome/has_lower_fallen_tree_density.json"
"quark:has_lower_fallen_tree_density","minecraft:savanna_plateau","Quark-4.1-482.jar","data/quark/tags/worldgen/biome/has_lower_fallen_tree_density.json"
"quark:has_lower_fallen_tree_density","minecraft:sparse_jungle","Quark-4.1-482.jar","data/quark/tags/worldgen/biome/has_lower_fallen_tree_density.json"
"quark:has_lower_fallen_tree_density","minecraft:swamp","Quark-4.1-482.jar","data/quark/tags/worldgen/biome/has_lower_fallen_tree_density.json"
"quark:has_lower_fallen_tree_density","minecraft:windswept_forest","Quark-4.1-482.jar","data/quark/tags/worldgen/biome/has_lower_fallen_tree_density.json"
"quark:has_serene_blossom_trees","#c:is_swamp","Quark-4.1-482.jar","data/quark/tags/worldgen/biome/has_serene_blossom_trees.json"
"quark:has_sunny_blossom_trees","#c:is_plains","Quark-4.1-482.jar","data/quark/tags/worldgen/biome/has_sunny_blossom_trees.json"
"quark:has_warm_blossom_trees","#minecraft:is_savanna","Quark-4.1-482.jar","data/quark/tags/worldgen/biome/has_warm_blossom_trees.json"
"quark:prevents_stoneling_spawns","#c:no_default_monsters","Quark-4.1-482.jar","data/quark/tags/worldgen/biome/prevents_stoneling_spawns.json"
"quark:prevents_toretoise_spawns","#c:no_default_monsters","Quark-4.1-482.jar","data/quark/tags/worldgen/biome/prevents_toretoise_spawns.json"
"rocketnautics:lunar_chasm","rocketnautics:lunar_aged_chasm","cosmonautics-26.08.307.jar","data/rocketnautics/tags/worldgen/biome/lunar_chasm.json"
"rocketnautics:lunar_chasm","rocketnautics:lunar_basalt_chasm","cosmonautics-26.08.307.jar","data/rocketnautics/tags/worldgen/biome/lunar_chasm.json"
"rocketnautics:lunar_highlands","rocketnautics:lunar_aged_chasm","cosmonautics-26.08.307.jar","data/rocketnautics/tags/worldgen/biome/lunar_highlands.json"
"rocketnautics:lunar_highlands","rocketnautics:lunar_aged_spikes","cosmonautics-26.08.307.jar","data/rocketnautics/tags/worldgen/biome/lunar_highlands.json"
"rocketnautics:lunar_highlands","rocketnautics:lunar_highlands","cosmonautics-26.08.307.jar","data/rocketnautics/tags/worldgen/biome/lunar_highlands.json"
"rocketnautics:lunar_maria","rocketnautics:lunar_basalt_chasm","cosmonautics-26.08.307.jar","data/rocketnautics/tags/worldgen/biome/lunar_maria.json"
"rocketnautics:lunar_maria","rocketnautics:lunar_basalt_spikes","cosmonautics-26.08.307.jar","data/rocketnautics/tags/worldgen/biome/lunar_maria.json"
"rocketnautics:lunar_maria","rocketnautics:lunar_maria","cosmonautics-26.08.307.jar","data/rocketnautics/tags/worldgen/biome/lunar_maria.json"
"shellbound_for_airship:has_structure/airship","#minecraft:is_overworld","shellbound_for_airship-1.0.0-neoforge.jar","data/shellbound_for_airship/tags/worldgen/biome/has_structure/airship.json"
"spore:cold_biome","minecraft:frozen_peaks","spore_1.21.1_2.2.0j_neo.jar","data/spore/tags/worldgen/biome/cold_biome.json"
"spore:cold_biome","minecraft:ice_spikes","spore_1.21.1_2.2.0j_neo.jar","data/spore/tags/worldgen/biome/cold_biome.json"
"spore:cold_biome","minecraft:jagged_peaks","spore_1.21.1_2.2.0j_neo.jar","data/spore/tags/worldgen/biome/cold_biome.json"
"spore:cold_biome","minecraft:snowy_beach","spore_1.21.1_2.2.0j_neo.jar","data/spore/tags/worldgen/biome/cold_biome.json"
"spore:cold_biome","minecraft:snowy_plains","spore_1.21.1_2.2.0j_neo.jar","data/spore/tags/worldgen/biome/cold_biome.json"
"spore:cold_biome","minecraft:snowy_slopes","spore_1.21.1_2.2.0j_neo.jar","data/spore/tags/worldgen/biome/cold_biome.json"
"spore:cold_biome","minecraft:snowy_taiga","spore_1.21.1_2.2.0j_neo.jar","data/spore/tags/worldgen/biome/cold_biome.json"
"stellaris:has_structure/earth_biomes","#minecraft:is_forest","stellaris-1.21-neoforge-1.4.25.jar","data/stellaris/tags/worldgen/biome/has_structure/earth_biomes.json"
"stellaris:has_structure/earth_biomes","#minecraft:is_jungle","stellaris-1.21-neoforge-1.4.25.jar","data/stellaris/tags/worldgen/biome/has_structure/earth_biomes.json"
"stellaris:has_structure/earth_biomes","#minecraft:is_taiga","stellaris-1.21-neoforge-1.4.25.jar","data/stellaris/tags/worldgen/biome/has_structure/earth_biomes.json"
"stellaris:has_structure/earth_biomes","minecraft:desert","stellaris-1.21-neoforge-1.4.25.jar","data/stellaris/tags/worldgen/biome/has_structure/earth_biomes.json"
"stellaris:has_structure/earth_biomes","minecraft:plains","stellaris-1.21-neoforge-1.4.25.jar","data/stellaris/tags/worldgen/biome/has_structure/earth_biomes.json"
"stellaris:has_structure/earth_biomes","minecraft:savanna","stellaris-1.21-neoforge-1.4.25.jar","data/stellaris/tags/worldgen/biome/has_structure/earth_biomes.json"
"stellaris:has_structure/earth_biomes","minecraft:savanna_plateau","stellaris-1.21-neoforge-1.4.25.jar","data/stellaris/tags/worldgen/biome/has_structure/earth_biomes.json"
"stellaris:has_structure/earth_biomes","minecraft:snowy_plains","stellaris-1.21-neoforge-1.4.25.jar","data/stellaris/tags/worldgen/biome/has_structure/earth_biomes.json"
"stellaris:has_structure/earth_biomes","minecraft:sunflower_plains","stellaris-1.21-neoforge-1.4.25.jar","data/stellaris/tags/worldgen/biome/has_structure/earth_biomes.json"
"stellaris:has_structure/earth_biomes","minecraft:windswept_savanna","stellaris-1.21-neoforge-1.4.25.jar","data/stellaris/tags/worldgen/biome/has_structure/earth_biomes.json"
"stellaris:has_structure/mercury_biomes","stellaris:mercury","stellaris-1.21-neoforge-1.4.25.jar","data/stellaris/tags/worldgen/biome/has_structure/mercury_biomes.json"
"stellaris:has_structure/meteor_biomes","#minecraft:is_forest","stellaris-1.21-neoforge-1.4.25.jar","data/stellaris/tags/worldgen/biome/has_structure/meteor_biomes.json"
"stellaris:has_structure/meteor_biomes","#minecraft:is_jungle","stellaris-1.21-neoforge-1.4.25.jar","data/stellaris/tags/worldgen/biome/has_structure/meteor_biomes.json"
"stellaris:has_structure/meteor_biomes","#minecraft:is_taiga","stellaris-1.21-neoforge-1.4.25.jar","data/stellaris/tags/worldgen/biome/has_structure/meteor_biomes.json"
"stellaris:has_structure/meteor_biomes","#stellaris:moon_biomes","stellaris-1.21-neoforge-1.4.25.jar","data/stellaris/tags/worldgen/biome/has_structure/meteor_biomes.json"
"stellaris:has_structure/meteor_biomes","minecraft:desert","stellaris-1.21-neoforge-1.4.25.jar","data/stellaris/tags/worldgen/biome/has_structure/meteor_biomes.json"
"stellaris:has_structure/meteor_biomes","minecraft:plains","stellaris-1.21-neoforge-1.4.25.jar","data/stellaris/tags/worldgen/biome/has_structure/meteor_biomes.json"
"stellaris:has_structure/meteor_biomes","minecraft:savanna","stellaris-1.21-neoforge-1.4.25.jar","data/stellaris/tags/worldgen/biome/has_structure/meteor_biomes.json"
"stellaris:has_structure/meteor_biomes","minecraft:savanna_plateau","stellaris-1.21-neoforge-1.4.25.jar","data/stellaris/tags/worldgen/biome/has_structure/meteor_biomes.json"
"stellaris:has_structure/meteor_biomes","minecraft:snowy_plains","stellaris-1.21-neoforge-1.4.25.jar","data/stellaris/tags/worldgen/biome/has_structure/meteor_biomes.json"
"stellaris:has_structure/meteor_biomes","minecraft:sunflower_plains","stellaris-1.21-neoforge-1.4.25.jar","data/stellaris/tags/worldgen/biome/has_structure/meteor_biomes.json"
"stellaris:has_structure/meteor_biomes","minecraft:windswept_savanna","stellaris-1.21-neoforge-1.4.25.jar","data/stellaris/tags/worldgen/biome/has_structure/meteor_biomes.json"
"stellaris:has_structure/oil_well_biomes","#minecraft:is_deep_ocean","stellaris-1.21-neoforge-1.4.25.jar","data/stellaris/tags/worldgen/biome/has_structure/oil_well_biomes.json"
"stellaris:has_structure/oil_well_biomes","#minecraft:is_ocean","stellaris-1.21-neoforge-1.4.25.jar","data/stellaris/tags/worldgen/biome/has_structure/oil_well_biomes.json"
"stellaris:has_structure/oil_well_biomes","minecraft:swamp","stellaris-1.21-neoforge-1.4.25.jar","data/stellaris/tags/worldgen/biome/has_structure/oil_well_biomes.json"
"stellaris:has_structure/venus_biomes","stellaris:venus_desert","stellaris-1.21-neoforge-1.4.25.jar","data/stellaris/tags/worldgen/biome/has_structure/venus_biomes.json"
"stellaris:mars_biomes","stellaris:mars_desert","stellaris-1.21-neoforge-1.4.25.jar","data/stellaris/tags/worldgen/biome/mars_biomes.json"
"stellaris:mars_biomes","stellaris:mars_ice_spikes","stellaris-1.21-neoforge-1.4.25.jar","data/stellaris/tags/worldgen/biome/mars_biomes.json"
"stellaris:mars_biomes","stellaris:mars_rocky_plains","stellaris-1.21-neoforge-1.4.25.jar","data/stellaris/tags/worldgen/biome/mars_biomes.json"
"stellaris:mercury_biomes","stellaris:mercury","stellaris-1.21-neoforge-1.4.25.jar","data/stellaris/tags/worldgen/biome/mercury_biomes.json"
"stellaris:mercury_biomes","stellaris:mercury_fire_land","stellaris-1.21-neoforge-1.4.25.jar","data/stellaris/tags/worldgen/biome/mercury_biomes.json"
"stellaris:moon_biomes","stellaris:moon_caves","stellaris-1.21-neoforge-1.4.25.jar","data/stellaris/tags/worldgen/biome/moon_biomes.json"
"stellaris:moon_biomes","stellaris:moon_desert","stellaris-1.21-neoforge-1.4.25.jar","data/stellaris/tags/worldgen/biome/moon_biomes.json"
"stellaris:orbit_biomes","stellaris:space","stellaris-1.21-neoforge-1.4.25.jar","data/stellaris/tags/worldgen/biome/orbit_biomes.json"
"stellaris:sandstorm_biomes","stellaris:mars_desert","stellaris-1.21-neoforge-1.4.25.jar","data/stellaris/tags/worldgen/biome/sandstorm_biomes.json"
"stellaris:sandstorm_biomes","stellaris:mars_rocky_plains","stellaris-1.21-neoforge-1.4.25.jar","data/stellaris/tags/worldgen/biome/sandstorm_biomes.json"
"stellaris:venus_biomes","stellaris:infernal_venus_barrens","stellaris-1.21-neoforge-1.4.25.jar","data/stellaris/tags/worldgen/biome/venus_biomes.json"
"stellaris:venus_biomes","stellaris:venus_desert","stellaris-1.21-neoforge-1.4.25.jar","data/stellaris/tags/worldgen/biome/venus_biomes.json"
"structures_arise:landbiomes","#minecraft:is_badlands","create_structures_arise-176.49.48 NeoForge 1.21.1.jar","data/structures_arise/tags/worldgen/biome/landbiomes.json"
"structures_arise:landbiomes","#minecraft:is_forest","create_structures_arise-176.49.48 NeoForge 1.21.1.jar","data/structures_arise/tags/worldgen/biome/landbiomes.json"
"structures_arise:landbiomes","#minecraft:is_jungle","create_structures_arise-176.49.48 NeoForge 1.21.1.jar","data/structures_arise/tags/worldgen/biome/landbiomes.json"
"structures_arise:landbiomes","#minecraft:is_savanna","create_structures_arise-176.49.48 NeoForge 1.21.1.jar","data/structures_arise/tags/worldgen/biome/landbiomes.json"
"structures_arise:landbiomes","#minecraft:is_taiga","create_structures_arise-176.49.48 NeoForge 1.21.1.jar","data/structures_arise/tags/worldgen/biome/landbiomes.json"
"structures_arise:landbiomes","#minecraft:stronghold_biased_to","create_structures_arise-176.49.48 NeoForge 1.21.1.jar","data/structures_arise/tags/worldgen/biome/landbiomes.json"
"structures_arise:landbiomes","birch_forest","create_structures_arise-176.49.48 NeoForge 1.21.1.jar","data/structures_arise/tags/worldgen/biome/landbiomes.json"
"structures_arise:landbiomes","flower_forest","create_structures_arise-176.49.48 NeoForge 1.21.1.jar","data/structures_arise/tags/worldgen/biome/landbiomes.json"
"structures_arise:landbiomes","forest","create_structures_arise-176.49.48 NeoForge 1.21.1.jar","data/structures_arise/tags/worldgen/biome/landbiomes.json"
"structures_arise:landbiomes","plains","create_structures_arise-176.49.48 NeoForge 1.21.1.jar","data/structures_arise/tags/worldgen/biome/landbiomes.json"
"structures_arise:landbiomes","taiga","create_structures_arise-176.49.48 NeoForge 1.21.1.jar","data/structures_arise/tags/worldgen/biome/landbiomes.json"
"structures_arise:oceans","#minecraft:is_deep_ocean","create_structures_arise-176.49.48 NeoForge 1.21.1.jar","data/structures_arise/tags/worldgen/biome/oceans.json"
"structures_arise:oceans","#minecraft:is_ocean","create_structures_arise-176.49.48 NeoForge 1.21.1.jar","data/structures_arise/tags/worldgen/biome/oceans.json"
"structures_arise:oceans","cold_ocean","create_structures_arise-176.49.48 NeoForge 1.21.1.jar","data/structures_arise/tags/worldgen/biome/oceans.json"
"structures_arise:oceans","deep_ocean","create_structures_arise-176.49.48 NeoForge 1.21.1.jar","data/structures_arise/tags/worldgen/biome/oceans.json"
"structures_arise:oceans","lukewarm_ocean","create_structures_arise-176.49.48 NeoForge 1.21.1.jar","data/structures_arise/tags/worldgen/biome/oceans.json"
"structures_arise:oceans","warm_ocean","create_structures_arise-176.49.48 NeoForge 1.21.1.jar","data/structures_arise/tags/worldgen/biome/oceans.json"
"the_wasteland_reworked:is_radioactive","basalt_deltas","the_wasteland_reworked-0.6.0-neoforge-1.21.1.jar","data/the_wasteland_reworked/tags/worldgen/biome/is_radioactive.json"
"the_wasteland_reworked:is_radioactive","the_wasteland_reworked:decayed_forest","the_wasteland_reworked-0.6.0-neoforge-1.21.1.jar","data/the_wasteland_reworked/tags/worldgen/biome/is_radioactive.json"
"the_wasteland_reworked:is_radioactive","the_wasteland_reworked:polluted_ocean","the_wasteland_reworked-0.6.0-neoforge-1.21.1.jar","data/the_wasteland_reworked/tags/worldgen/biome/is_radioactive.json"
"the_wasteland_reworked:is_radioactive","the_wasteland_reworked:radioactive_wasteland","the_wasteland_reworked-0.6.0-neoforge-1.21.1.jar","data/the_wasteland_reworked/tags/worldgen/biome/is_radioactive.json"
"wastelands:is_wasteland","wastelands:apocalypse","wastelands-2.4.0-neoforge.1.jar","data/wastelands/tags/worldgen/biome/is_wasteland.json"
"wastelands:is_wasteland","wastelands:city","wastelands-2.4.0-neoforge.1.jar","data/wastelands/tags/worldgen/biome/is_wasteland.json"
"wastelands:is_wasteland","wastelands:desert","wastelands-2.4.0-neoforge.1.jar","data/wastelands/tags/worldgen/biome/is_wasteland.json"
"wastelands:is_wasteland","wastelands:forest","wastelands-2.4.0-neoforge.1.jar","data/wastelands/tags/worldgen/biome/is_wasteland.json"
"wastelands:is_wasteland","wastelands:mountains","wastelands-2.4.0-neoforge.1.jar","data/wastelands/tags/worldgen/biome/is_wasteland.json"
