area,namespace,content_type,path,extension,bytes,sha256
data,ae2,recipe,kubejs/data/ae2/recipe/decorative/cut_quartz_block.json,.json,443,2e09d01db6b11fd5f8e13f709807b7977fe05d51ad796a92cf4181e71b6dcd38
data,ae2,recipe,kubejs/data/ae2/recipe/decorative/quartz_fixture.json,.json,528,259feb690333cfd8f4f808c072bba3ed8715b535f9f536c392b454c2f0ff6820
data,ae2,recipe,kubejs/data/ae2/recipe/materials/advancedcard.json,.json,803,50a03aa946cfbc0d3f36105278c0faf8edb8776049e0535ba4222e810f2751dc
data,ae2,recipe,kubejs/data/ae2/recipe/materials/basiccard.json,.json,797,eb041277e45f291779cf169d2a3fe9b89d677f2f27137485fde0907a45abcc1b
data,ae2,recipe,kubejs/data/ae2/recipe/misc/chests_sky_stone.json,.json,468,5ec55c584a0d7bf726e75b0c8015d0c4fe7ee9e40bf024b2c74f3c3c38c440d7
data,ae2,recipe,kubejs/data/ae2/recipe/misc/tank_sky_stone.json,.json,573,f1bf55d0d72fa635cd051ccfe95aad4e28b1fba02d05d7a8481ccd37c7e24697
data,ae2,recipe,kubejs/data/ae2/recipe/misc/tiny_tnt.json,.json,539,04a577369f86efd09537afd873cc0be7419393b30118df83239dcb5642a145e6
data,ae2,recipe,kubejs/data/ae2/recipe/network/blocks/cell_workbench.json,.json,784,9ffab0595fe21efae5c98e122ed5b3117133ae2a2034764e393d5a19b38e2430
data,ae2,recipe,kubejs/data/ae2/recipe/network/blocks/crank.json,.json,552,05a0206225a3adb8d8aa724128fb5a7882ec2a1f5d923c36e624098215bd6da0
data,ae2,recipe,kubejs/data/ae2/recipe/network/blocks/crystal_processing_charger.json,.json,567,143fc14411c75c62e6197ff5e6e79d6d035c9ec41269a39fe8f8bc3826419d23
data,ae2,recipe,kubejs/data/ae2/recipe/network/blocks/crystal_processing_growth_accelerator.json,.json,804,73154ce42c1aa6055038377546bcb1353f7d0a0aa54398252cd2e40941a54140
data,ae2,recipe,kubejs/data/ae2/recipe/network/blocks/energy_dense_energy_cell.json,.json,454,db8e3857a14cdd6391db50d337432f506643d4889ac6c5e0bba7472d5e0fe5ff
data,ae2,recipe,kubejs/data/ae2/recipe/network/blocks/energy_energy_acceptor.json,.json,452,0110b8a59f0b76732932a1674bc350750e42b7011ad6dd311992ed8d3c07f62c
data,ae2,recipe,kubejs/data/ae2/recipe/network/blocks/energy_energy_acceptor_alt.json,.json,452,0110b8a59f0b76732932a1674bc350750e42b7011ad6dd311992ed8d3c07f62c
data,ae2,recipe,kubejs/data/ae2/recipe/network/blocks/energy_vibration_chamber.json,.json,894,e79f5e186868342bee389c41ba188c3564a8eefeacf278dab9743b658d802a87
data,ae2,recipe,kubejs/data/ae2/recipe/network/blocks/inscribers.json,.json,450,8c99dbd75317d931186441965d02531b06f0aa255428272b45ef65543852937f
data,ae2,recipe,kubejs/data/ae2/recipe/network/blocks/interfaces_interface.json,.json,785,5ddee4bdb4bf8931c1e52f8afc4b7a9d469ce2ba32e5512624e7f5f1ac320672
data,ae2,recipe,kubejs/data/ae2/recipe/network/blocks/io_condenser.json,.json,668,485245943486da9c8a9dcbd83aea849ca1e3393a27b89875cdb6be4f16851630
data,ae2,recipe,kubejs/data/ae2/recipe/network/blocks/io_port.json,.json,883,c229fbb063d7ad020dbb769f7413159a9bfb8ab5c6959efd876855e38a08eb52
data,ae2,recipe,kubejs/data/ae2/recipe/network/blocks/pattern_providers_interface.json,.json,455,c6d83ce948d28ad30029a0fd2b86db2c4d837c27c919d3565df59148e95f44d7
data,ae2,recipe,kubejs/data/ae2/recipe/network/blocks/pattern_providers_interface_alt.json,.json,455,c6d83ce948d28ad30029a0fd2b86db2c4d837c27c919d3565df59148e95f44d7
data,ae2,recipe,kubejs/data/ae2/recipe/network/blocks/quantum_ring.json,.json,461,6bac4bad5567f54374329454cd5e18859a55e54fa703b635611c7fc90a26c1b0
data,ae2,recipe,kubejs/data/ae2/recipe/network/blocks/spatial_anchor.json,.json,567,30b04c51f8becb70c914082121dd383fd973320a54ccbdf1bf3488cbc7ce00d0
data,ae2,recipe,kubejs/data/ae2/recipe/network/blocks/spatial_io_port.json,.json,899,b6267791b934d4c5f996b7acce248e0fa5c39eddd5043dca7e319eba8a5d7470
data,ae2,recipe,kubejs/data/ae2/recipe/network/blocks/storage_chest.json,.json,887,28047f6a9a5eb1b3317950681f9aac78bad546f1aa1d85a71ae43c3e49aa3285
data,ae2,recipe,kubejs/data/ae2/recipe/network/blocks/storage_drive.json,.json,462,1c9826a7286b3d41c016a3fa16ba63fcd7cbeedd8c5cd0c8c9341f304fe72b14
data,ae2,recipe,kubejs/data/ae2/recipe/network/cables/dense_smart_fluix.json,.json,605,c4ba37f6ff889070aea366fbd473fc9138281eb4e76d1297761cf3ae798d3aad
data,ae2,recipe,kubejs/data/ae2/recipe/network/cables/smart_fluix.json,.json,593,d947d56dac7872d4e9d27d62e3da693c710d85e36774218b98962bdbc52f9743
data,ae2,recipe,kubejs/data/ae2/recipe/network/cells/fluid_cell_housing.json,.json,678,f241adc7566833ae89e1e99aed7052109cdce3ded4e18d2cdc74378b751ef30c
data,ae2,recipe,kubejs/data/ae2/recipe/network/cells/fluid_storage_cell_16k.json,.json,794,0ff24d445c08d03bd4fa5d2215a11b11c0e80a52e5c996df44d820d8e2adc308
data,ae2,recipe,kubejs/data/ae2/recipe/network/cells/fluid_storage_cell_1k.json,.json,792,a5daaf853cc22fe3706392d799c517b13860d9dc24e845181fe10416bbebb6d9
data,ae2,recipe,kubejs/data/ae2/recipe/network/cells/fluid_storage_cell_256k.json,.json,796,e28620c8cf055abf6d9f619a9fa528785b343b8b69f9b5774aa0130518bf7214
data,ae2,recipe,kubejs/data/ae2/recipe/network/cells/fluid_storage_cell_4k.json,.json,792,523a6bf13f7657fcaf65edbce738aaa314d2d0af2a323865c542d7f0b308f78a
data,ae2,recipe,kubejs/data/ae2/recipe/network/cells/fluid_storage_cell_64k.json,.json,794,54d210a5a57bbf2ec407b6c8f800bc5647b84a9481dfa490bca44c4103bf51c3
data,ae2,recipe,kubejs/data/ae2/recipe/network/cells/item_cell_housing.json,.json,797,387968120d1130bbcbe9a0d586661b5dcf8ebb72532f6c6a10794e2fdf8fd561
data,ae2,recipe,kubejs/data/ae2/recipe/network/cells/item_storage_cell_16k.json,.json,913,496a34128739f25d49a549150962791af2196a2980dbe73dceabc9d269b35db8
data,ae2,recipe,kubejs/data/ae2/recipe/network/cells/item_storage_cell_1k.json,.json,911,adea9f01ed1ae60cf70d65393d61169ecb8361f8eebc16e49c140d8e773373aa
data,ae2,recipe,kubejs/data/ae2/recipe/network/cells/item_storage_cell_256k.json,.json,469,84e9a6baeaba2af570b87d7bed364ac4da7a7023a4e23e48b22e9899c8e7fcf6
data,ae2,recipe,kubejs/data/ae2/recipe/network/cells/item_storage_cell_256k_storage.json,.json,469,84e9a6baeaba2af570b87d7bed364ac4da7a7023a4e23e48b22e9899c8e7fcf6
data,ae2,recipe,kubejs/data/ae2/recipe/network/cells/item_storage_cell_4k.json,.json,911,34eda459376f839337539d36f1a5581869becf698876682da881696f8f10198e
data,ae2,recipe,kubejs/data/ae2/recipe/network/cells/item_storage_cell_64k.json,.json,913,69b2ec4b444189080182fe8619681eaa35393e336c25bcc5c51725f2ad1410f7
data,ae2,recipe,kubejs/data/ae2/recipe/network/cells/item_storage_components_cell_1k_part.json,.json,678,104f7f99829c6c6d9aafa956723ae6a5baffa3ded086ba3fd51a781349a671f7
data,ae2,recipe,kubejs/data/ae2/recipe/network/cells/item_storage_components_cell_4k_part.json,.json,791,dd80dc9940c7b207868ccc5fc32945c3f50b9dceff1ac4ec5adb2837bb2947d9
data,ae2,recipe,kubejs/data/ae2/recipe/network/cells/spatial_storage_cell_128_cubed.json,.json,812,676d14be88518b779ad586e82df05a0833ed71edfb65780eb15c10d32c8c8420
data,ae2,recipe,kubejs/data/ae2/recipe/network/cells/spatial_storage_cell_16_cubed.json,.json,810,6f81620f9f73fdc9ea9a1416b1dc0f08c312c8a5c0af354f9fef0cf9081ffc3c
data,ae2,recipe,kubejs/data/ae2/recipe/network/cells/spatial_storage_cell_2_cubed.json,.json,808,a394c6cc7a7e64c1d08a032730d33653142a0be4a1ca5537efd2328fbc155e1e
data,ae2,recipe,kubejs/data/ae2/recipe/network/cells/view_cell.json,.json,787,de582290975a4fbd4fb605d37725c1fcd1e6de1e28f2954bcdbfbd0c4793f1be
data,ae2,recipe,kubejs/data/ae2/recipe/network/crafting/cpu_crafting_unit.json,.json,796,ce6255fa54a44fda4210a2e2eeba78f53c4cab3d2786402b1e5785f04ac90874
data,ae2,recipe,kubejs/data/ae2/recipe/network/crafting/molecular_assembler.json,.json,458,c8ad86a1ae0da4f12fec08279f8ad57351754e7978980d1b29fb8b0e7fddd0c0
data,ae2,recipe,kubejs/data/ae2/recipe/network/crafting/patterns_blank.json,.json,895,6f8811082c7fa7ffe2c9b38aa2d31d62286ed81292f4705b872488f067e85ed2
data,ae2,recipe,kubejs/data/ae2/recipe/network/crystal_resonance_generator.json,.json,831,0e0b11ec9630273517a1913488d743b2f8f6835b008c511c32d45a28ef0e046b
data,ae2,recipe,kubejs/data/ae2/recipe/network/parts/annihilation_plane_alt.json,.json,651,16b3a7dd98432070759cc1277a9e22ed1cfe80ec9dae5abaa8ab0ce3e24fd45e
data,ae2,recipe,kubejs/data/ae2/recipe/network/parts/annihilation_plane_alt2.json,.json,676,ab7288ba898395bfe63d95a5d58b95079a952efd96aa3d85394297814d7b6e5b
data,ae2,recipe,kubejs/data/ae2/recipe/network/parts/export_bus.json,.json,644,126aab8a6718b3708697d17d80043e15631e48a034480c15094da2efff9a078a
data,ae2,recipe,kubejs/data/ae2/recipe/network/parts/formation_plane.json,.json,645,c1d60de69794ec4f550081c08bef63ff9601cb5362442db3eb56301c0891c5cc
data,ae2,recipe,kubejs/data/ae2/recipe/network/parts/formation_plane_alt.json,.json,670,16e01117ab782e6ac0bae0df0b94567b8c72fa55fd69ee45ef1d6c2f5f41d298
data,ae2,recipe,kubejs/data/ae2/recipe/network/parts/import_bus.json,.json,647,181d17f27cf6eef36ae5727a0c77b831894e5a05330494dc0d55732a81e5d23a
data,ae2,recipe,kubejs/data/ae2/recipe/network/parts/panels_semi_dark_monitor.json,.json,791,9a599de1ab839fdb73d0985736af0748962a80a4645206b2e7bdff2efbd2624f
data,ae2,recipe,kubejs/data/ae2/recipe/network/parts/terminals_crafting.json,.json,511,b35b1a774fb66ef43f141327ecb696ce4c3ea8889a857f7fdab990da67daf013
data,ae2,recipe,kubejs/data/ae2/recipe/network/parts/toggle_bus.json,.json,668,cfc69c193173d7ea3d09aa3f328d216ac0700efb95eeb8b4649bcff54add4ed1
data,ae2,recipe,kubejs/data/ae2/recipe/network/parts/tunnels_me.json,.json,678,c64b6becabffe6c66db24d9ba56e3c0a07fbdd8aed35c1c3426df93150af6f6e
data,ae2,recipe,kubejs/data/ae2/recipe/network/wireless_booster.json,.json,756,647dfbd7d2e896b66fa5000e49182fee01d1aa8965978da9d761445c7c347179
data,ae2,recipe,kubejs/data/ae2/recipe/network/wireless_part.json,.json,676,ffdcccbd81f7c75e6ed7babc3334c46608f19a86369f4697694bc2d42ba30778
data,ae2,recipe,kubejs/data/ae2/recipe/shaped/slabs/fluix_block.json,.json,403,e9222733b37fd58194a898c8cf9a944e7d60573dbae9cb5f556a53233d09b790
data,ae2,recipe,kubejs/data/ae2/recipe/shaped/slabs/quartz_block.json,.json,412,9cc614ffef45d4e6c845509f60f9c6715054e4f41921052ae38c2711b743fadc
data,ae2,recipe,kubejs/data/ae2/recipe/shaped/slabs/sky_stone_block.json,.json,411,4aea83368da7dba3717b52b6c8bf34ef7a23d1d000843e560f16842a7c94a515
data,ae2,recipe,kubejs/data/ae2/recipe/shaped/stairs/fluix_block.json,.json,461,59e0d517de050ca617b31f7e380b71a12bd1ad9f70c47c4345de4ae699a5c03c
data,ae2,recipe,kubejs/data/ae2/recipe/shaped/stairs/quartz_block.json,.json,470,3cab2abc0afe325c079bac3843257b82dadf2504d912224ce1d8062f3fb74bdb
data,ae2,recipe,kubejs/data/ae2/recipe/shaped/stairs/sky_stone_block.json,.json,469,698f1b04064ee72922aad767e11257a9c58187e37a4a9bd5f2f55c46cb96846e
data,ae2,recipe,kubejs/data/ae2/recipe/shaped/walls/fluix_block.json,.json,431,9fe7231723fdec418e1a0c906e5ecf9ed145c675ccfae50900ad16ea5b75ff95
data,ae2,recipe,kubejs/data/ae2/recipe/shaped/walls/quartz_block.json,.json,440,2324eff8318560d222f29645995efcc55068dd5ad8d4d4e30f20af740b9656fb
data,ae2,recipe,kubejs/data/ae2/recipe/shaped/walls/sky_stone_block.json,.json,439,f8651532941e8015edfd6e6c712560bd6a3a43be964df699b430ab51a27bd564
data,ae2,recipe,kubejs/data/ae2/recipe/tools/certus_quartz_axe.json,.json,558,383a03234e73710c917ebc081a5d558bc70b93069bf53151160c190b8914cd35
data,ae2,recipe,kubejs/data/ae2/recipe/tools/certus_quartz_cutting_knife.json,.json,691,b05fe2f7427b1756099bdf059bb236459559b8855e88b89c8145467de6340daf
data,ae2,recipe,kubejs/data/ae2/recipe/tools/certus_quartz_hoe.json,.json,558,96bf758fd43fe13f5731fd6571e428375dd387a39b0545276bc724d02029b1f7
data,ae2,recipe,kubejs/data/ae2/recipe/tools/certus_quartz_pickaxe.json,.json,565,e98c668d9b51e8149e519b4f390147037cbc741c1b1585d3d2f6163e392c3c35
data,ae2,recipe,kubejs/data/ae2/recipe/tools/certus_quartz_spade.json,.json,558,575f8704fe82b99e6da13493e4be2c357f6814ee20edc5850f24eeb0eefe0dc2
data,ae2,recipe,kubejs/data/ae2/recipe/tools/certus_quartz_sword.json,.json,557,3e40341970f35315a4e2caf8216e71e657f03390ca39c78a35cf355797346751
data,ae2,recipe,kubejs/data/ae2/recipe/tools/fluix_upgrade_smithing_template.json,.json,478,35f3869de35f5e821f037967fd3071a23b015b4b8058e6c8eefcb2e926fd8994
data,ae2,recipe,kubejs/data/ae2/recipe/tools/matter_cannon.json,.json,785,c5b4786ded6de6ed0a88c8c44e2e4145d6525f1ae7ca76646f74c48961c95984
data,ae2,recipe,kubejs/data/ae2/recipe/tools/misctools_charged_staff.json,.json,584,fdfd7baa7cab20ca45d927ddedfe3d6ea8a5572aa0469eceb6a4d0bd639dd9a4
data,ae2,recipe,kubejs/data/ae2/recipe/tools/misctools_entropy_manipulator.json,.json,789,f01a469503a9b31bd695002d491c6f7006252cd9a955e9a0047d779ce3e34b1f
data,ae2,recipe,kubejs/data/ae2/recipe/tools/nether_quartz_axe.json,.json,551,e9ff6487a6867edf4288cfb222396d83a37e340f92e65091b08f96bf64702998
data,ae2,recipe,kubejs/data/ae2/recipe/tools/nether_quartz_cutting_knife.json,.json,684,5ced0542b00abe99d4ec966a156f056065c91f945bc7d64f7178ab684ef8cdf2
data,ae2,recipe,kubejs/data/ae2/recipe/tools/nether_quartz_hoe.json,.json,551,505a3d2dec91d2a207be07a873abb3680f75b55c0f48276688b1fce1f9049e29
data,ae2,recipe,kubejs/data/ae2/recipe/tools/nether_quartz_pickaxe.json,.json,558,943414cc297029cf1d4018491f6b2f3de22f2d3be6b5400ba345b52a99fb5cf7
data,ae2,recipe,kubejs/data/ae2/recipe/tools/nether_quartz_spade.json,.json,551,51a2dcf28db8351262bf664fdc048e8980a43659941fc23eb7c8ecb2dd5b6172
data,ae2,recipe,kubejs/data/ae2/recipe/tools/nether_quartz_sword.json,.json,550,92ef6d7a5bd8e068f8fb2d1beb71a486035c2dce015aac783abf4af704f4e563
data,ae2,recipe,kubejs/data/ae2/recipe/tools/network_color_applicator.json,.json,788,5f83873cf86968151f509e814f7a33b323b71d685917a220580474c0a2d789ff
data,ae2,recipe,kubejs/data/ae2/recipe/tools/network_memory_card.json,.json,770,0505a3dc88250ee99a4f72ea7c5d738b2dab9219f404d4e2871ecfb3c25f0cbb
data,ae2lt,loot_table,kubejs/data/ae2lt/loot_table/blocks/overloaded_power_supply.json,.json,43,4644b7eb5559dac99ae656a40de46674795723381ac35f13381b1df45a284018
data,ae2lt,recipe,kubejs/data/ae2lt/recipe/assembler/overload_processor.json,.json,291,fcb7779d6dc1148730d79553b3dc867985325b93ef302807cbd9c1d225230462
data,ae2lt,recipe,kubejs/data/ae2lt/recipe/atmospheric_ionizer.json,.json,1368,ce3eee93a505c73b4e116f40293bb55ed73492e300a6624bb8887782d03cfc60
data,ae2lt,recipe,kubejs/data/ae2lt/recipe/clear_condensate.json,.json,1346,e625e0684cacbee19766380c1522f6f58826d5d2c88753b0e44172d67ee8b51b
data,ae2lt,recipe,kubejs/data/ae2lt/recipe/lightning_assembly/module_radiation_protection.json,.json,486,0732c83347c68138815554b50f4925ae8f53063bb14a52b1f84143e048d25d7a
data,ae2lt,recipe,kubejs/data/ae2lt/recipe/lightning_item_cell_housing.json,.json,687,e6e1d42fe5a370538f46a0f288409a92121205947f7b9ad5fd4bf0833dea0ccc
data,ae2lt,recipe,kubejs/data/ae2lt/recipe/lightning_storage_component_i.json,.json,1365,d06d05ccf8d4dfd5b825c926730d98d02f3834cdacfda623b89caca9ba50aabe
data,ae2lt,recipe,kubejs/data/ae2lt/recipe/lightning_storage_component_ii.json,.json,1367,216b530b5a61d524f9da5e014c4a899005657296c6562b7bf578378ea9599e1c
data,ae2lt,recipe,kubejs/data/ae2lt/recipe/lightning_storage_component_iii.json,.json,1369,7cfebb6139a70347eefe3b3899bd9a666241c02d943570dd5b58eaee7d201624
data,ae2lt,recipe,kubejs/data/ae2lt/recipe/lightning_storage_component_iv.json,.json,1367,fc413a2cbc8f0c03d52431af04447bb54b1aeda563b555f4522a3a92c2d42258
data,ae2lt,recipe,kubejs/data/ae2lt/recipe/lightning_storage_component_v.json,.json,1365,46fee3704f1a75397d72a1e571287b48d807b43a47204341dbe215bf3ade642a
data,ae2lt,recipe,kubejs/data/ae2lt/recipe/matter_warping_matrix_casing.json,.json,1438,4b67b689066083063684dab99d9d5340c5cec01b32dbb69c0fc22250cfb2c620
data,ae2lt,recipe,kubejs/data/ae2lt/recipe/matter_warping_matrix_constraint_frame.json,.json,1388,eee1be78f5b2e44a072d353f6ef386d39349a7fd1974ea2162c817ad038d004c
data,ae2lt,recipe,kubejs/data/ae2lt/recipe/matter_warping_matrix_glass.json,.json,1341,21cd3a6db51bb7064b6e7fea4acd16cae65e5c045b8636181ee2963b66243af8
data,ae2lt,recipe,kubejs/data/ae2lt/recipe/matter_warping_matrix_thermal_control_unit_t1.json,.json,1357,c4097628003f1ae181bb1755133e66307f6ac7a5cf7ba21f297a881eb12c9e88
data,ae2lt,recipe,kubejs/data/ae2lt/recipe/matter_warping_matrix_thermal_control_unit_t2.json,.json,864,9277cdf83ce8b6ae833fa0391cad3486e33913212e9575fd4951e90f40b541d8
data,ae2lt,recipe,kubejs/data/ae2lt/recipe/overload_alloy_blank.json,.json,1255,a8dbd13a9e807970a43dd59ee4a251a0463e1e2a16e577085f1de49f23b3ac45
data,ae2lt,recipe,kubejs/data/ae2lt/recipe/overload_machine_frame.json,.json,1386,9a8ee80eb56c8dc84cdae43db2c4b45d0e68c03fb6f3d9d061724e3574412b25
data,ae2lt,recipe,kubejs/data/ae2lt/recipe/overload_tnt_from_gunpowder.json,.json,1426,c9dae58920ddeef7e65b935a3793bf684c5c6f074e716046fc39aa445e40acb9
data,ae2lt,recipe,kubejs/data/ae2lt/recipe/phase_change_cooling_unit.json,.json,1397,95c92ab9cdaa037d4816d7aa5b7757a407aac8a34a5ba146703d5ecbe50c987a
data,ae2lt,recipe,kubejs/data/ae2lt/recipe/pigmee_item_cell_housing.json,.json,683,482a1d46284a4b31e61c9ad97da98922a2d94c8865cd282f9407a74fc822a075
data,ae2lt,recipe,kubejs/data/ae2lt/recipe/pigmee_molecular_assembler.json,.json,1034,dcd55b3e1a464945838303e9601a7e3dad0e3fe616a64eb552c994583af0c420
data,ae2lt,recipe,kubejs/data/ae2lt/recipe/rain_condensate.json,.json,1357,2559a12cc6d28949844de66cb65b70dbe1241e285b1ea647d3a5494be8b81dac
data,ae2lt,recipe,kubejs/data/ae2lt/recipe/thunderstorm_condensate.json,.json,1365,21a5c4d4ad7989439e7fad38f39ef445a57607c192750f250dd55dcf603f56dc
data,aeronautics_utility_objects,recipe,kubejs/data/aeronautics_utility_objects/recipe/universal_joint_rod2.json,.json,701,350c91e28ce1998ac7c3da3f2721ada356fb64566e3494067fd7a15eabe34a45
data,ancientcompass,recipe,kubejs/data/ancientcompass/recipe/ancient_compass.json,.json,691,e853c98140df92003a089ae567b92a0f9c1c363adc7e2883a6221ea7ecbce1f9
data,bellsandwhistles,recipe,kubejs/data/bellsandwhistles/recipe/bogie_steps/andesite_bogie_steps.json,.json,475,cf6d4517dff3718c311ce4c09e9b32ef5f9a3f0dd068ba4a2d9fb4447ba2d556
data,bellsandwhistles,recipe,kubejs/data/bellsandwhistles/recipe/bogie_steps/copper_bogie_steps.json,.json,580,a6ce559e0f1c67063861d85ef98c1a9688a0f9347a5955fbcc9b3880ca1c2094
data,bellsandwhistles,recipe,kubejs/data/bellsandwhistles/recipe/door_steps/andesite_grab_rails.json,.json,417,e2d2109a5ea8af8bed30c48510cc2878382f3e5fbab2ddf4598f4943cf359141
data,bellsandwhistles,recipe,kubejs/data/bellsandwhistles/recipe/door_steps/copper_grab_rails.json,.json,522,7e22a21afbf533827f963bcfed576e69a969083b7b8edd4a9300debf1294a267
data,bellsandwhistles,recipe,kubejs/data/bellsandwhistles/recipe/grab_rails/andesite_grab_rails.json,.json,474,42368c9c3f11f620178fd0237aca0313c32b263f696d68ee34b254abd58a39ab
data,bellsandwhistles,recipe,kubejs/data/bellsandwhistles/recipe/grab_rails/copper_grab_rails.json,.json,579,347d7fb4c8e2e064bc923f74deba6cae5c941577d019a2280c09826011e0190b
data,bellsandwhistles,recipe,kubejs/data/bellsandwhistles/recipe/headlight.json,.json,536,05d5defe10248af2747b9dc533dd6dadcdb3b9d9fd7c8c7ad2a19ea5c44f2118
data,bellsandwhistles,recipe,kubejs/data/bellsandwhistles/recipe/headlight_2.json,.json,536,87907558211a0f25f10be53432b3c84830358b25a206cd87ee2d6b8c6b1125cc
data,bellsandwhistles,recipe,kubejs/data/bellsandwhistles/recipe/pilots/andesite_pilot.json,.json,546,cc85a07fe4a0efb0c3d9a663bde524b1bc9ff301dd146f081823177dc7efdd20
data,bellsandwhistles,recipe,kubejs/data/bellsandwhistles/recipe/station_platform.json,.json,479,a36f57faba570e0a57ad49acafb2b01ace09e510e044f2ef6ff7b417c541e34b
data,brewery,recipe,kubejs/data/brewery/recipe/acacia_mug.json,.json,606,9727005e1bd76b2f05724ece8eb485bce04d8ffcfd578590c8d2787c38afdb71
data,brewery,recipe,kubejs/data/brewery/recipe/bamboo_mug.json,.json,596,2a390e30425831f8dbc47d36d4d271f852b5fb2056ddb3be1b528e9b17460513
data,brewery,recipe,kubejs/data/brewery/recipe/birch_mug.json,.json,604,e76e7cd98fe421b73e6e0b8b09cadb0e9e7141f4c953cf0916a41a4909ac983a
data,brewery,recipe,kubejs/data/brewery/recipe/cherry_mug.json,.json,606,e313db2192f596c2b74cbc3017151d156b47da13c909e5779689bea2a59f1f45
data,brewery,recipe,kubejs/data/brewery/recipe/crimson_mug.json,.json,598,e8ddc0ae91d1575711fc5edc74be7e81fc4ac534190722b6fe27fd3710892ecb
data,brewery,recipe,kubejs/data/brewery/recipe/dark_oak_mug.json,.json,610,590f7a26958d71846e80da430eabd086bb89a943cf9e75a2a6ac66910ba4d866
data,brewery,recipe,kubejs/data/brewery/recipe/jungle_mug.json,.json,606,88d71b20541590b91cbb5a10169cc7d992a497542d6bf1b18eab385c03effd25
data,brewery,recipe,kubejs/data/brewery/recipe/mangrove_mug.json,.json,610,9fc1b7bd427636f0660a816acbfc9afdf3085ced2fad6293a154e6257c0ca7dc
data,brewery,recipe,kubejs/data/brewery/recipe/oak_mug.json,.json,600,9bd5130987f951ee5b6b4322096f7eb8ed4ab766fde2c4545b4df6b6ec181025
data,brewery,recipe,kubejs/data/brewery/recipe/pale_oak_mug.json,.json,605,3fe0bfa2ebebc60b625b5590f0441c147e1596b579ce14685b83892975b35f33
data,brewery,recipe,kubejs/data/brewery/recipe/spruce_mug.json,.json,606,3850268f17a1981799bc51a705e092f5c9e3ee7754fa6d339c9d59956a3c996e
data,brewery,recipe,kubejs/data/brewery/recipe/warped_mug.json,.json,596,c633409ed764413163be9794cacadbe99d8bde6ccf05bc590769b8180695fb21
data,buildinggadgets2,recipe,kubejs/data/buildinggadgets2/recipe/gadget_building.json,.json,939,377e7b1ffc3cbcd2b35e98d70cf0d49b256cd0f7fbfc2ad5b56160a4aafdd4d9
data,buildinggadgets2,recipe,kubejs/data/buildinggadgets2/recipe/gadget_copy_paste.json,.json,947,b02a04aa05d46f8a8ddc9295118b097a14c780e75628185c9888209a44a70edd
data,buildinggadgets2,recipe,kubejs/data/buildinggadgets2/recipe/gadget_cut_paste.json,.json,843,8d0857a3d30d5bc9b713e0c228b318c043837364b16ba7c84f93b574da9631ec
data,buildinggadgets2,recipe,kubejs/data/buildinggadgets2/recipe/gadget_destruction.json,.json,835,ceb2267daba42a15db2967b850150e708e54459ab08c9065fc677533129143b7
data,buildinggadgets2,recipe,kubejs/data/buildinggadgets2/recipe/gadget_exchanging.json,.json,939,08b20a2ed3edf1a3c9123d3fea19f0537627d0bb84769c98059b0a2ab8f69bae
data,buildinggadgets2,recipe,kubejs/data/buildinggadgets2/recipe/my_book_recipe_shapeless.json,.json,958,b006cd40488e7daa4e42327d57d5b0c44e36fbe875ee44c3c7d377ab724f59f8
data,buildinggadgets2,recipe,kubejs/data/buildinggadgets2/recipe/template_manager.json,.json,846,ff1bcc31e1dcbe86ad4743cd4e93a2a45b47c53e7d416c0fc90f73ae9a7124b4
data,c,tags,kubejs/data/c/tags/item/nuggets/aluminum.json,.json,116,caa720231c78aba1a85c7ecd4eedddb7a60990e303cdb935c43c23a246792551
data,cable_facades,recipe,kubejs/data/cable_facades/recipe/wrench.json,.json,555,66b6b55c7c573c3c9c98d54b5251fb0a6d9880ef6ee3ae6c446b2ba0db059468
data,charginggadgets,recipe,kubejs/data/charginggadgets/recipe/charging_station.json,.json,815,041259a53766a083e2c86530a59015fd8c4c8dd29ffc76595cfd54b55fbad865
data,compactgearbox,recipe,kubejs/data/compactgearbox/recipe/compact_gearbox.json,.json,893,b1c950dc58020af59c686cae49dec3925ce8e1085acadce614ed6093884c6521
data,create,recipe,kubejs/data/create/recipe/acacia_window.json,.json,556,c4a321be0ec3c2561adc8373cbabda5aa9773558f2ff569b0cf8ee85b6a95568
data,create,recipe,kubejs/data/create/recipe/birch_window.json,.json,554,710c50ad1d11d1b7154d389eeb1a58b0a5bcb9eb81e9aeb1cfe0071d28b34ace
data,create,recipe,kubejs/data/create/recipe/blasting/zinc_ingot_from_ore.json,.json,325,3f30ad0f34a8dfec64d55da956b8022a61a1d7a5cac019bdebafd56b078668b0
data,create,recipe,kubejs/data/create/recipe/cherry_window.json,.json,556,a78ebdc59c6430f57fd9ad9d1b6ef353d9a056835ad29f313d42f9d9323036dc
data,create,recipe,kubejs/data/create/recipe/crafting/appliances/book.json,.json,692,a3ec2297d404e87811528dce6dbaf8f16ef44d8600e7befd80a1c3e126dba9ab
data,create,recipe,kubejs/data/create/recipe/crafting/appliances/cardboard_sword.json,.json,553,95f0a18b41f8ce31ba4a7ad28c961ece61da9a8affc2d7492b7566254707e4eb
data,create,recipe,kubejs/data/create/recipe/crafting/appliances/chain_from_zinc.json,.json,541,f462b7f98e28a5cbfc8acf7adfbfbb8822bd4d8979e2b662feeb35ef624a0d72
data,create,recipe,kubejs/data/create/recipe/crafting/appliances/clipboard.json,.json,665,a31ccc063c14d85fc999cb566c04629f1860cf3ed1843b19d0e8359af306fc43
data,create,recipe,kubejs/data/create/recipe/crafting/appliances/copper_backtank.json,.json,789,d568ce42445732b2b36fbf0d11244da40caa729449c31c9f85365873774cb396
data,create,recipe,kubejs/data/create/recipe/crafting/appliances/copper_diving_boots.json,.json,579,fe5cf4734ad07a7dc3b69b54418162a2001d0b7565ea7c01f7ca14fec615118e
data,create,recipe,kubejs/data/create/recipe/crafting/appliances/copper_diving_helmet.json,.json,538,5a7b7dbc4393649a370628714207bca1bde937af0fe315fe4c2ed50bc215fb67
data,create,recipe,kubejs/data/create/recipe/crafting/appliances/item_frame.json,.json,557,d89e76b1fc2538d921cd704be4180909c8828ebf3e83cd62661dc20a09312993
data,create,recipe,kubejs/data/create/recipe/crafting/curiosities/minecart_coupling.json,.json,567,81533a9fecf8588864cb665e8c56bdd96847621d60762c779e1b654ed3f907a1
data,create,recipe,kubejs/data/create/recipe/crafting/kinetics/analog_lever.json,.json,530,bd084a215b737540b68387ea9e63662f3dc50d5ed49b8062cb561dc3a533f931
data,create,recipe,kubejs/data/create/recipe/crafting/kinetics/basin.json,.json,425,e2fcc48ca0c1fc7a7a7220719f29d03ad7c3852ad903b8f1e47ac71e518af8f6
data,create,recipe,kubejs/data/create/recipe/crafting/kinetics/brass_hand.json,.json,561,4d29a4c66b02e8c5c7b279443bf0f739b441ab33318b9d04138fd8ae6c09906b
data,create,recipe,kubejs/data/create/recipe/crafting/kinetics/cart_assembler.json,.json,651,7d0cf92ee4d595f71f081454b88679636cd0a398082a528718e698bdf441a5a9
data,create,recipe,kubejs/data/create/recipe/crafting/kinetics/chute.json,.json,552,ce588002d9e5f4d98d7aeacc77259731ef0c73171b560325b5cbcb0f25d1e2e4
data,create,recipe,kubejs/data/create/recipe/crafting/kinetics/clutch.json,.json,580,e85d67550ed9025237aae29179b52ff41ee91922fd6d5815d6529a29d50e1e7e
data,create,recipe,kubejs/data/create/recipe/crafting/kinetics/controller_rail.json,.json,673,ed5f03fb14d0858b5d2a6ebd72bd6227660187b19985a6dad649f2cfc89011fd
data,create,recipe,kubejs/data/create/recipe/crafting/kinetics/copper_valve_handle.json,.json,543,aa56a1059dc3e55526a74afd579d93369c917d0b8c29e733fa5126dcc6f8059c
data,create,recipe,kubejs/data/create/recipe/crafting/kinetics/depot.json,.json,474,f79d65c05918d330b88d918afe10c0a099c286649676342c2d0f36ce86b75662
data,create,recipe,kubejs/data/create/recipe/crafting/kinetics/display_board.json,.json,515,420fd64518943ccd00532eb2e9e11ae5352b96a70e4b1aca987d5fda3ce0a16b
data,create,recipe,kubejs/data/create/recipe/crafting/kinetics/elevator_pulley.json,.json,677,d25732eb2a1dfabaa968fe71bce759da7af214826cbe166b344d2cfd907e681e
data,create,recipe,kubejs/data/create/recipe/crafting/kinetics/encased_chain_drive.json,.json,713,7f3911b671b0b7097bba1b2598f55dc477795710a9352c5d4048a012dcd0aaa8
data,create,recipe,kubejs/data/create/recipe/crafting/kinetics/encased_chain_drive_from_zinc.json,.json,695,1580d5217eed3826808aa124c6ba700254f58111d528ecf2cbc78321f6684ef2
data,create,recipe,kubejs/data/create/recipe/crafting/kinetics/filter.json,.json,494,7a1caa1703da23f27c71ca35663a101db03811a4ba7ab5d380ba75f0e623c9c3
data,create,recipe,kubejs/data/create/recipe/crafting/kinetics/fluid_pipe.json,.json,501,b6ac3e598ec8430d7e8ae216edbf67aa981e518d1a279bcd96d381ae47cd0344
data,create,recipe,kubejs/data/create/recipe/crafting/kinetics/fluid_pipe_vertical.json,.json,551,6cb0a590698789f10a729c16703565ba3410a33f8bb19d8dc20798bf7a27c014
data,create,recipe,kubejs/data/create/recipe/crafting/kinetics/gantry_shaft.json,.json,568,b91939d24b232436d2e0e5bef4d6f957f0f3f04b6fb2580062e77bc0b195b333
data,create,recipe,kubejs/data/create/recipe/crafting/kinetics/gearshift.json,.json,586,34d90d17395fb5baf5470b069a41342fd1ed14f2de46e5c049dd6ee712119c6e
data,create,recipe,kubejs/data/create/recipe/crafting/kinetics/hand_crank.json,.json,535,21559d458414eda170ff902cca0a901f22e21f2ffdf645a5493b0e72d05958b7
data,create,recipe,kubejs/data/create/recipe/crafting/kinetics/hose_pulley.json,.json,676,4eab064cae02ab9f35e8c8d418e9256cab226e1df76abc0affc630bdff9d11c3
data,create,recipe,kubejs/data/create/recipe/crafting/kinetics/linear_chassis.json,.json,565,06fb4fc69de6caa52140e39fd8a974b11fda9fb0e791ec10e7f419e526f64285
data,create,recipe,kubejs/data/create/recipe/crafting/kinetics/mechanical_arm.json,.json,790,f2c1b7b06529bf525af3b7b24afadda3fedd91ad00cbd2ff096d098af9dbaf12
data,create,recipe,kubejs/data/create/recipe/crafting/kinetics/mechanical_drill.json,.json,696,0d4d0b8adc8e2e848675588afdb181aceb582939843860814cbdca7336f61070
data,create,recipe,kubejs/data/create/recipe/crafting/kinetics/mechanical_harvester.json,.json,383,9f575abf765aaec49ed628fc06c617f63401a1d9b3f0b5bb08a7c5dcef455f06
data,create,recipe,kubejs/data/create/recipe/crafting/kinetics/mechanical_plough.json,.json,679,9221d62cb338a9202884e516dff729526103ee4448411dbee3e547b2924b7fa7
data,create,recipe,kubejs/data/create/recipe/crafting/kinetics/mechanical_saw.json,.json,506,e68d6cbef7da598054a00f117c5144c9e1977b258400f7ac680d7472f364ba31
data,create,recipe,kubejs/data/create/recipe/crafting/kinetics/metal_bracket.json,.json,663,33592e7b2a444c7155a17baedca8791c7f8c3a1a462be6f31b041ddd496c666f
data,create,recipe,kubejs/data/create/recipe/crafting/kinetics/metal_girder.json,.json,534,01f31064530807f8f72d484248c567d30028a2d04adbc34f0c4a1323c3e7bfb7
data,create,recipe,kubejs/data/create/recipe/crafting/kinetics/nozzle.json,.json,557,0fd61ffbdff5b37c2368caa88002595e6735f2ed2f689365abd8d23033e0d0b0
data,create,recipe,kubejs/data/create/recipe/crafting/kinetics/package_filter.json,.json,496,eb1f87498f44a1868f187d091089c94ba22b696c44e7e8048f13d19e713aa918
data,create,recipe,kubejs/data/create/recipe/crafting/kinetics/piston_extension_pole.json,.json,568,1f1041dff2c3d1f801c03cb4899f4d26ca228ca19e1abd938890b3a422b4ca51
data,create,recipe,kubejs/data/create/recipe/crafting/kinetics/propeller.json,.json,559,ab2696984516d9ab1c29719fb0c07da9dcefc63de077cb555594f280a6ed89f9
data,create,recipe,kubejs/data/create/recipe/crafting/kinetics/radial_chassis.json,.json,565,ff489efbadf470efa8cd850d9aaaac47771c7b019d10f546446eacec868306d2
data,create,recipe,kubejs/data/create/recipe/crafting/kinetics/rose_quartz_lamp.json,.json,597,5424a2d219a5fac8c296c3519f1254d04c33074ca168407102178cceb4c915a1
data,create,recipe,kubejs/data/create/recipe/crafting/kinetics/schedule.json,.json,463,19c078424347657fe7260672dc01e758814733b76055dd8b4a56ea4d2f108ec0
data,create,recipe,kubejs/data/create/recipe/crafting/kinetics/shaft.json,.json,421,d4237486b75ebc70bc41e9db0272d7e997bd99a640053f975b3b14283f83c1ef
data,create,recipe,kubejs/data/create/recipe/crafting/kinetics/steam_engine.json,.json,668,5d2362f68f42799937859cc7f0e9422f35d523237f5d3c392bb8020e433fa6ce
data,create,recipe,kubejs/data/create/recipe/crafting/kinetics/steam_whistle.json,.json,526,80d017ea9e81a3d03db878efbc901f7ccd245d5100aac13e2708d6e530b54bde
data,create,recipe,kubejs/data/create/recipe/crafting/kinetics/sticker.json,.json,745,ef6f0a00bd68c3e60df8368de35575af355d73398c6fc98ad5c643fd2344249b
data,create,recipe,kubejs/data/create/recipe/crafting/kinetics/super_glue.json,.json,624,79f176ab09ef075e855ac06e9875d17303086128a13361e0c65ded208ef537e9
data,create,recipe,kubejs/data/create/recipe/crafting/kinetics/whisk.json,.json,555,7520ed629765ee0d7d6b2f677b74434b41aa824194e380d4c5ef364922909d89
data,create,recipe,kubejs/data/create/recipe/crafting/kinetics/white_sail.json,.json,638,3ca2cd8bec48bf76c775217c027019bab3cf04dae39f729eba752afa32d29326
data,create,recipe,kubejs/data/create/recipe/crafting/kinetics/wooden_bracket.json,.json,646,b98387e20216356a53ce38b99dc8e1917a5956562ac4aa9a972d4449d577fe10
data,create,recipe,kubejs/data/create/recipe/crafting/kinetics/wrench.json,.json,648,26ba3ca3890f042f9b6731c1ea2399c4f15bc3a1793fa70aeeee1c1f57ba5b20
data,create,recipe,kubejs/data/create/recipe/crafting/logistics/andesite_funnel.json,.json,541,ddabfdc0afac22dac136ec7a5a9285de6f417dc36486adf5207f236544183352
data,create,recipe,kubejs/data/create/recipe/crafting/logistics/andesite_tunnel.json,.json,543,6fe13b46498e6cbd7a3b5d64b30f99ab470b0e5a3f57486d68b68e43156e040a
data,create,recipe,kubejs/data/create/recipe/crafting/logistics/black_postbox.json,.json,666,68fdebf852a368a3aabe34d89a9b1551735791550c88be591a17ac61d07eda6f
data,create,recipe,kubejs/data/create/recipe/crafting/logistics/black_table_cloth.json,.json,488,3ee626164f7e4fbfd854489df49af312a4a83a4326bf35815fa291c575699e33
data,create,recipe,kubejs/data/create/recipe/crafting/logistics/blue_postbox.json,.json,664,8e655bf1d64f81e4b08a4f3740ec9387583402118b21367160973c94c36ea969
data,create,recipe,kubejs/data/create/recipe/crafting/logistics/blue_table_cloth.json,.json,486,e3a5f7d2b24da2d072403e964a25dd9f1397c8c30b49f4c59967b667d5abf81d
data,create,recipe,kubejs/data/create/recipe/crafting/logistics/brown_postbox.json,.json,666,3d0fd3f35de816cdfaf8a417ed02dffbf365381c8266c9894329cd3d17b061e4
data,create,recipe,kubejs/data/create/recipe/crafting/logistics/brown_table_cloth.json,.json,488,a6db4828173270ece7c5582bfb0788e100d666a2e4dd09f61b69fd517336c710
data,create,recipe,kubejs/data/create/recipe/crafting/logistics/cyan_postbox.json,.json,664,51076eac806d5fc1504f13982321a9440c83702ea78b2248a67e8efd1fe86dc7
data,create,recipe,kubejs/data/create/recipe/crafting/logistics/cyan_table_cloth.json,.json,486,037d9ef8ea5e81df8a317ac07f955e47793bc16f04fbd3be1e9e02971a232d80
data,create,recipe,kubejs/data/create/recipe/crafting/logistics/gray_postbox.json,.json,664,e3e15868aef5ce2b6d736b012915b62e2981e4cba00da7b3718753eb72398437
data,create,recipe,kubejs/data/create/recipe/crafting/logistics/gray_table_cloth.json,.json,486,78cbcc38742529ac2964ecd64eec403c294e3b5a87f7ba0c8461ae857f0b68e3
data,create,recipe,kubejs/data/create/recipe/crafting/logistics/green_postbox.json,.json,666,0821451225da83b5679689005286c225a7be1bcb11ea6c8cdd20a5bfe52d01b3
data,create,recipe,kubejs/data/create/recipe/crafting/logistics/green_table_cloth.json,.json,488,f0686514c0bd08bcaa971d5372ea74e0bef6f4674da496bfedc328455e8f45ce
data,create,recipe,kubejs/data/create/recipe/crafting/logistics/item_hatch.json,.json,480,4d90bdc4ed0eb60634a7af8059012ae2927d2539273a5b0c1bd8cac5ac9ad64a
data,create,recipe,kubejs/data/create/recipe/crafting/logistics/light_blue_postbox.json,.json,676,d280274ec6dc64944925070047d3ec1739097d54c98f984d5ccadb07e0f31e6e
data,create,recipe,kubejs/data/create/recipe/crafting/logistics/light_blue_table_cloth.json,.json,498,4ded4c4d5f922c168b8750b428d8680c971001b836ce1cb17175eb29fa7930d9
data,create,recipe,kubejs/data/create/recipe/crafting/logistics/light_gray_postbox.json,.json,676,1b13783be20d3d83bd2b6785d2ca94348f7e89cfc3ff93fe9d92d5f277c0e1ce
data,create,recipe,kubejs/data/create/recipe/crafting/logistics/light_gray_table_cloth.json,.json,498,48c2284e9e46a69249d5fe03ec7d11ee581f431d721c129bfc411a5515f1aa50
data,create,recipe,kubejs/data/create/recipe/crafting/logistics/lime_postbox.json,.json,664,848676f8736fc0648ab987c8fa5191f1aea24dd632a06bd7d461b292b32caa3d
data,create,recipe,kubejs/data/create/recipe/crafting/logistics/lime_table_cloth.json,.json,486,96b01949e76e490a2b53c209e628ae591da5f5873640ba840713ca85631678ed
data,create,recipe,kubejs/data/create/recipe/crafting/logistics/magenta_postbox.json,.json,670,d4155617dfff2c5d40edbfa91f6b037b04bd451b7fbdf3a87b3763059255e4c1
data,create,recipe,kubejs/data/create/recipe/crafting/logistics/magenta_table_cloth.json,.json,492,1455cb50263800f620cc477a6528900a3465a7cf3e9800fde58821688d06a2b0
data,create,recipe,kubejs/data/create/recipe/crafting/logistics/orange_postbox.json,.json,668,18fedd5bba87273a463508067c0a4e0d5f71b2b9fede9aac290d4bc30b299e51
data,create,recipe,kubejs/data/create/recipe/crafting/logistics/orange_table_cloth.json,.json,490,aae74b64959f0a1b823105ca466b0cc7b5dfcef23ac52114783120833736031f
data,create,recipe,kubejs/data/create/recipe/crafting/logistics/package_frogport.json,.json,666,2782e6178304ab68ad4f3c79ac2a5d1e7deee4d0117c9aa128496d80248280de
data,create,recipe,kubejs/data/create/recipe/crafting/logistics/packager.json,.json,685,bc95c244069993b0140e012248b869fb2336dc7698c2ee8655266caccf954620
data,create,recipe,kubejs/data/create/recipe/crafting/logistics/pink_postbox.json,.json,664,ec2b6459c442400bd274654c26bf07715a7be009c04a42ab41a636412d75563c
data,create,recipe,kubejs/data/create/recipe/crafting/logistics/pink_table_cloth.json,.json,486,fa7370f83d11d37897409e707563bdebc3c07b0b84b486c9cfdedcada5060ccc
data,create,recipe,kubejs/data/create/recipe/crafting/logistics/powered_latch.json,.json,774,5aebc04bbdb61ae5a5b513d4fb9e1b4535a174afc1679355c5fa94e34d0ec589
data,create,recipe,kubejs/data/create/recipe/crafting/logistics/pulse_extender.json,.json,773,dedce18281fdc9d0df2abb3e96fa2dc0859bcb891a244ae06ccecaec1a3e7d30
data,create,recipe,kubejs/data/create/recipe/crafting/logistics/pulse_repeater.json,.json,745,99c503d801b4069273b585a65f4dcbe0e4cb91c05a46ba97c20eed10abfe2dbf
data,create,recipe,kubejs/data/create/recipe/crafting/logistics/purple_postbox.json,.json,668,2494747d9faeda14b529d5ba59f24647ee292dcbb86a4a32c2b9cdca46798da3
data,create,recipe,kubejs/data/create/recipe/crafting/logistics/purple_table_cloth.json,.json,490,eca16936dda59d53a089cdd00cf43bd7d0e7c5d7c865bfc237f7194cf6cc0321
data,create,recipe,kubejs/data/create/recipe/crafting/logistics/red_postbox.json,.json,662,020a9e153ef0b345924ba2f6c04398e1035e1d86145769185cf3b19515830c02
data,create,recipe,kubejs/data/create/recipe/crafting/logistics/red_table_cloth.json,.json,484,ac72ecb54de7a49b29781acb0fe585ce61cdb5e1de8fcff368eb58c5b46e6d71
data,create,recipe,kubejs/data/create/recipe/crafting/logistics/redstone_contact.json,.json,684,25cd2eb55fafc4695d09e531b88504dbf97ac4a64f867b753f748dbfd90245a4
data,create,recipe,kubejs/data/create/recipe/crafting/logistics/redstone_requester.json,.json,684,975c56c9887952b81120d2790537fa32e948ca5ef368651ff567eba3339847cd
data,create,recipe,kubejs/data/create/recipe/crafting/logistics/stock_ticker.json,.json,657,40e968002c8ca6ee7501589b6a5ec38dc83d1ab2ece61d0137bb8b2352ed1593
data,create,recipe,kubejs/data/create/recipe/crafting/logistics/white_postbox.json,.json,666,96f3abc6ed8bd755b3b96bbf6b23d229cc2579e3fa5e8ca7cb8e5512e919dfe6
data,create,recipe,kubejs/data/create/recipe/crafting/logistics/white_table_cloth.json,.json,488,4ec6f593dc79fd6fc2faecd9894ed97250ddbb911b6b82dfa5b12fa441a8ec16
data,create,recipe,kubejs/data/create/recipe/crafting/logistics/yellow_postbox.json,.json,668,9980e915be103961509f0b928ad9a499290c0cf829c38e036e55dbbbbc4a9d17
data,create,recipe,kubejs/data/create/recipe/crafting/logistics/yellow_table_cloth.json,.json,490,d31683f0471cf5e704e6626df04f5c6b0bca0c56589b8d0467ffc2c6ebe6ddff
data,create,recipe,kubejs/data/create/recipe/crafting/materials/red_sand_paper.json,.json,463,bcbd3e85bddf46ecc5a17f0cb6707a7470a2882634d2832cbb539850b7c0100e
data,create,recipe,kubejs/data/create/recipe/crafting/materials/rose_quartz.json,.json,1307,2612a8d98cc04848830ff6b853511166e980d8610a63e8d203cc37e2a0580df3
data,create,recipe,kubejs/data/create/recipe/crafting/materials/sand_paper.json,.json,465,5706d08997d929a6d34dc4b80097d05497d5a35335ae88dc67867b7762d03bb8
data,create,recipe,kubejs/data/create/recipe/crafting/materials/transmitter.json,.json,673,c6413d4dee961347251aee49e10b3485b9e3b1c58f383f11ae56fe0cdded8ca2
data,create,recipe,kubejs/data/create/recipe/crafting/materials/zinc_block_from_compacting.json,.json,445,6d8c39f186ab87cb0e3c9d014a8b96bf8aa39769f33a3091b2ca87d069c8c673
data,create,recipe,kubejs/data/create/recipe/crafting/materials/zinc_ingot_from_compacting.json,.json,445,17a4a7a49e5dfe1111488e7564a7805e4d07fdd6cf1151a38fc5d9c30f172cf9
data,create,recipe,kubejs/data/create/recipe/crafting/schematics/empty_schematic.json,.json,470,6312c0a1306a4a9090d0a7e4720dbcd71faeda1490917c448da1b9b520afb3e9
data,create,recipe,kubejs/data/create/recipe/crafting/schematics/schematic_table.json,.json,579,4079a85079ed4638152eb5b6c38b4c9c5488714961d5874274d4ff68fda6c067
data,create,recipe,kubejs/data/create/recipe/crafting/schematics/schematicannon.json,.json,799,76462bd02fac719f69fec147549660a17b291e5f3d7dc06a69dce88fb658fcf8
data,create,recipe,kubejs/data/create/recipe/dark_oak_window.json,.json,560,cd0fab64ab65fbd62a85d604c9b35ecc1b5dc654384acae079b07fc602b0549c
data,create,recipe,kubejs/data/create/recipe/jungle_window.json,.json,556,d30d8ff63b4f294dbce79e1b7533254daf2e03f18c6ed96d89230784dbc437b3
data,create,recipe,kubejs/data/create/recipe/mangrove_window.json,.json,560,e5edb6a0e0a29dfa4b01efeea608c1f98bd247f34645c1c98bb3a1ec016e5ebf
data,create,recipe,kubejs/data/create/recipe/oak_window.json,.json,550,4f0b60d20ada7409abe341c6b64f2d86d2df7ca7068252d540459d7af3f3817a
data,create,recipe,kubejs/data/create/recipe/ornate_iron_window.json,.json,548,6f8fd3745de76ec9a16f4ebeb1002867a5cdcfceef9c663b087b7f6922015372
data,create,recipe,kubejs/data/create/recipe/smelting/zinc_ingot_from_ore.json,.json,325,ee82e39523662937ab3ab958c1c92e1b0afbff17b896983e4d622edf5eeca32a
data,create,recipe,kubejs/data/create/recipe/spruce_window.json,.json,556,674b679d39fd0f14f1aac1591d9390c5a090204270a1a0175b1863c78ac0d262
data,create_aero_radar,recipe,kubejs/data/create_aero_radar/recipe/radar_link.json,.json,454,8c7335a088e8ad555ef4fc0b6645b9dbf603aaa41d50f882af9d8174130b5cbd
data,create_aeronautics_toolgun,recipe,kubejs/data/create_aeronautics_toolgun/recipe/portable_structure_container.json,.json,718,df05fd92bb9dc7855657ec3e71a3cabe383f249fe0c3419e74e8e01dc5c61325
data,create_aquatic_ambitions,recipe,kubejs/data/create_aquatic_ambitions/recipe/crafting/materials/mechanical_conduit.json,.json,853,493ce15028bc98f53bd3f44541f23c3f8f186f585290d37d970e8f3ca37466cf
data,create_aquatic_ambitions,recipe,kubejs/data/create_aquatic_ambitions/recipe/crafting/materials/prismarine_alloy_rod.json,.json,474,59420ec64bc8ad35697477540a0915d4885922a1ec4fcb7272fbacb562458bba
data,create_chimneys,recipe,kubejs/data/create_chimneys/recipe/chimney_bricks.json,.json,557,2ace8d23a62b4ee02049de0b7012644826da1bc0df529601f7feb5d318bfc68b
data,create_chimneys,recipe,kubejs/data/create_chimneys/recipe/chimney_copper_recipe.json,.json,553,bd4374ef6b09c72c1496e563746087a46dd6fe43d81f3b7798885d4df94b347d
data,create_chimneys,recipe,kubejs/data/create_chimneys/recipe/chimney_iron_recipe.json,.json,559,56035ec9cec325d15f917364293a6e2971b4765a1821adce90ccb947d5952adb
data,create_hypertube,recipe,kubejs/data/create_hypertube/recipe/redstone_detector_tube_attachment.json,.json,680,6088e88b02a75c0a36edf4f82bcd377374f64ddd679c3b327dc2f1812f294fd5
data,create_mtg,recipe,kubejs/data/create_mtg/recipe/empty_train_signal.json,.json,556,2ddcb4899aa2a489ba46385c271a06bc541ecc0227918e948e5b8f20c1d5bc8b
data,create_new_age,recipe,kubejs/data/create_new_age/recipe/shaped/advanced_energiser.json,.json,476,1b5037613e2c9a3eeaec6659221ce7b963016d1072815bb6748d4c1eae21a75e
data,create_new_age,recipe,kubejs/data/create_new_age/recipe/shaped/advanced_motor.json,.json,795,a54deed869f4508e0fbc3f2cc18ffe498deb4f4392c6c8e1864999a44d7abba3
data,create_new_age,recipe,kubejs/data/create_new_age/recipe/shaped/basic_motor.json,.json,454,aa2b72a8743627977f68ebefe7f3ee934b5114ab3a499aefb206aeb1bf153c3c
data,create_new_age,recipe,kubejs/data/create_new_age/recipe/shaped/basic_solar_heating_plate.json,.json,711,9e07b195b88db71a5a5321a6c046ed8d353e59ef29a630353bab5998f55f2b02
data,create_new_age,recipe,kubejs/data/create_new_age/recipe/shaped/carbon_brushes.json,.json,682,a9c2e279616d416ca2aad849a9422b83c213afba1243a1fd04c83ca899143aa8
data,create_new_age,recipe,kubejs/data/create_new_age/recipe/shaped/electrical_connector.json,.json,585,7d1eba04786c22af8a725e4e5ca3772cb0554975dfcda253ce50bedb12a3c094
data,create_new_age,recipe,kubejs/data/create_new_age/recipe/shaped/generator_coil.json,.json,582,833c019a29ef772d6e4a48ca792e40641f068edb7af37e8feb9516922971e1db
data,create_new_age,recipe,kubejs/data/create_new_age/recipe/shaped/heat_pipe.json,.json,648,01435699218e794cca8145e71729b508eb48069880e6aafbac03a996801ff30f
data,create_new_age,recipe,kubejs/data/create_new_age/recipe/shaped/heat_pipe_mirrored.json,.json,648,f8de2f31816c7a3b0e6d77477dbd8a4ee7ccf8aeb18576c5b149f8970fb4844f
data,create_new_age,recipe,kubejs/data/create_new_age/recipe/shaped/heater.json,.json,805,91708579b0d2213e13ef33d2571246a9b12d2123575d6e8b4154ba1fbecd56e9
data,create_new_age,recipe,kubejs/data/create_new_age/recipe/shaped/lamp_post.json,.json,561,f606b3d4cd85a129ac0d3d3699d2cbb68c0d3839844b59e220b0c4d82050fd0c
data,create_new_age,recipe,kubejs/data/create_new_age/recipe/shaped/redstone_magnet.json,.json,578,06df4a5e56e99e8a969b7870bad8dbc1bf720489e9fca6fe45f13de356dfa8a3
data,create_new_age,recipe,kubejs/data/create_new_age/recipe/shaped/reinforced_energiser.json,.json,943,8b1236010224bc59e03728b28a773b2d902b7f3472f0b21c5aa90dd57ef14850
data,create_new_age,recipe,kubejs/data/create_new_age/recipe/shaped/stirling_engine.json,.json,764,be5506ab90f6b0c3bcdbb861cbc34d798afce9077addfa1382c9aca36333385e
data,create_radar,recipe,kubejs/data/create_radar/recipe/crafting/binoculars.json,.json,680,de1d25663d2f5670025ca4d23cff6c08ac7de7b1b24b972be5f1d0ffcf2f45cf
data,create_radar,recipe,kubejs/data/create_radar/recipe/crafting/fire_controller.json,.json,805,00cff1bbd28643b6daf9a9a8e0cfed3ab1db74aa6596ad62b8a67640a1b9dadf
data,create_radar,recipe,kubejs/data/create_radar/recipe/crafting/guided_fuze.json,.json,693,8469f02a5bf9981527740368c7ef2e83db4b02dd68aabd39fb46f70371235e52
data,create_radar,recipe,kubejs/data/create_radar/recipe/crafting/ident_filter_item.json,.json,692,1378c6ca77d8d5af47a6acc1c7f9caf83b47fac720256369f571ee13e317f865
data,create_radar,recipe,kubejs/data/create_radar/recipe/crafting/radar_filter_item.json,.json,692,fdb7f398611f0c035d7a48e042f4b183f4b9ea2834cd8bf9db0f1917363bd635
data,create_radar,recipe,kubejs/data/create_radar/recipe/crafting/radar_safe_zone_designator.json,.json,698,697207dd3717acca2907cdda906453719000cfcfc5b6c22cd0b52f69afcc804b
data,create_radar,recipe,kubejs/data/create_radar/recipe/crafting/target_filter_item.json,.json,699,9991af66b4477e9de9a38ae8a7fa1483c463445293ce87bc5639333d181dac02
data,create_structures_overhaul,loot_table,kubejs/data/create_structures_overhaul/loot_table/nether_forpost.json,.json,9914,4c07621659bcae7e28625b3cf87b1b81fd729718fccb007c72c4cd2277f37209
data,create_submarine,recipe,kubejs/data/create_submarine/recipe/ballast_tank.json,.json,684,59731d238bcd62db0c37d8b0abc66dea6a6457c1d687670eeccf6826f889ab4e
data,create_submarine,recipe,kubejs/data/create_submarine/recipe/ballast_vent.json,.json,585,fb4ae6aafe6f1557b9082dbbc89693debd2431228f487a385e611e2233a89114
data,create_submarine,recipe,kubejs/data/create_submarine/recipe/copper_pressurizer.json,.json,596,e74e875a3ed4a444bf81e5f30d1c5eab9d8f540ea267530d42cda77693216789
data,create_submarine,recipe,kubejs/data/create_submarine/recipe/electrolyzer.json,.json,806,6a44afed0e89451cb83b19aeb2bc8977d24ac60596bf21f9feb124729756a7d6
data,create_submarine,recipe,kubejs/data/create_submarine/recipe/iron_pressurizer.json,.json,590,99ac0cd0588650a4e35a6d38682a104dbb082c97cbddc83d553422aaceceda11
data,create_submarine,recipe,kubejs/data/create_submarine/recipe/pulley.json,.json,694,62c22a3bb805833acff12fcf140999958c6b181bd6e9eb8650df8ee0ddcabc96
data,create_submarine,recipe,kubejs/data/create_submarine/recipe/water_thruster.json,.json,695,6f1299cde434d093cbd90c118e9ebd4ee904fe638035fc72fa1231de7d4c3f51
data,create_ultimate_factory,recipe,kubejs/data/create_ultimate_factory/recipe/compacting_coalblock.json,.json,595,c43ac9c9c287ae57d9d5356a48040848687a4886b88d794f963fc3e2e3bfd40d
data,create_ultimate_factory,recipe,kubejs/data/create_ultimate_factory/recipe/compacting_tuff.json,.json,568,9c71d5051266a82922ef864f818e71a43c30cafff5320441c29fb3bda21bb889
data,create_ultimate_factory,recipe,kubejs/data/create_ultimate_factory/recipe/splashing_magma_cream.json,.json,169,0e389528fcf10319404980cd6d8e77cb5c3c0afb6dbcdfda031598d9d541e0c1
data,create_winery,recipe,kubejs/data/create_winery/recipe/create/compacting_apples.json,.json,223,a4e4ead680c0a315ec823f3d3bcdcc1526c0d760e8cab6727cae997a7fb5ecad
data,create_winery,recipe,kubejs/data/create_winery/recipe/create/compacting_red_grapes.json,.json,256,3c3024fc5f3e7dd4bc5c0397bea98b71fe94e0d4e302d1adc5c6a48b2300d942
data,create_winery,recipe,kubejs/data/create_winery/recipe/create/compacting_white_grapes.json,.json,264,9feebe46ca1663fc604e5870a44dafb9929ee38fa5d0c3081f159827104894d8
data,create_winery,recipe,kubejs/data/create_winery/recipe/create/mixing_apple_must.json,.json,194,a5b143c1f4d4d43278deced3a4e7420c4efa760b84d0a3095eb6e2061fa4c778
data,create_winery,recipe,kubejs/data/create_winery/recipe/create/mixing_grape_pomace.json,.json,196,666cd0ed0154997d3f897185ca5188e263f1e0ffdc78331201cfaee58df7f812
data,create_winery,recipe,kubejs/data/create_winery/recipe/create/wine_cellar_recipe.json,.json,682,499da07e5016a2ae5eb7df49c7ee4ac11796b1f91ff69f5219ee91a16bd77293
data,create_winery,recipe,kubejs/data/create_winery/recipe/wine_cellar_recipe.json,.json,685,01fdee80b545d6c924c22a489f1c18909678176f33c124ef0ed76cd9c0d2fcb4
data,createappliedkinetics,recipe,kubejs/data/createappliedkinetics/recipe/me_proxy.json,.json,879,277140c0a0f268d27820048f6cf5229ba298740bedb78f5001b404373dca88c9
data,createbigcannons,recipe,kubejs/data/createbigcannons/recipe/ap_autocannon_round.json,.json,570,b0bc08eea14ac938eceadfa74b031904f1f7d012c71ccd2b15ca07318ab6764c
data,createbigcannons,recipe,kubejs/data/createbigcannons/recipe/ap_shot.json,.json,701,ea1312b4fdfd0c14d596f6212c2cccf0a2ecb0e7daf7d375b48ea886f2f159b9
data,createbigcannons,recipe,kubejs/data/createbigcannons/recipe/basin_foundry_lid.json,.json,447,21384c5661d4f7e7a9c01b86ff6d29cc6d761f2d74cd3284115a8c0093313458
data,createbigcannons,recipe,kubejs/data/createbigcannons/recipe/bronze_sliding_breechblock.json,.json,591,0852716d72dd1feaec29aa316f0399fe259ccd0b0130570c8e0108c99c5494d7
data,createbigcannons,recipe,kubejs/data/createbigcannons/recipe/cannon_builder.json,.json,797,b543b1079334c1b9dacd10469990fba4c196c61fd513e988a1019fc7230f9f95
data,createbigcannons,recipe,kubejs/data/createbigcannons/recipe/cannon_drill.json,.json,810,a794bfd7aefc510c1e3b71218fb04bf0a947a0fbfcaede3e1278b9157fd048ce
data,createbigcannons,recipe,kubejs/data/createbigcannons/recipe/cast_iron_sliding_breechblock.json,.json,597,f5d4f914f1eb9810fe87b5caf41907bbd2c0d90ba3da82d3b1a8273a3f998fa0
data,createbigcannons,recipe,kubejs/data/createbigcannons/recipe/casting_sand.json,.json,725,0da77e95463328ce904ac926407e2020e26291988a446c3c3c37e7871d60f3f5
data,createbigcannons,recipe,kubejs/data/createbigcannons/recipe/machine_gun_round.json,.json,709,da25176dd308c83faf8d279f547a4e793b9757d8796f2e875d3908af55cddf42
data,createbigcannons,recipe,kubejs/data/createbigcannons/recipe/nethersteel_screw_lock.json,.json,561,4d4e217dabbad9ae102f3fda89c8812c4e950f89f77ee2efe675523453f71ee0
data,createbigcannons,recipe,kubejs/data/createbigcannons/recipe/proximity_fuze.json,.json,821,33bd63863b5087678bb997f8228349c3b71b64f1438732783d44d8d6ca0d889f
data,createbigcannons,recipe,kubejs/data/createbigcannons/recipe/ram_rod.json,.json,564,0a1399cf825434bda9536be7d8aae679c760ed2a3824dd892b3fa5ad1137f19a
data,createbigcannons,recipe,kubejs/data/createbigcannons/recipe/shot_balls.json,.json,581,6cebb3dbf883e6aae2ecf7b044c7313723c5bb848b792c4ebef513fe1873ee22
data,createbigcannons,recipe,kubejs/data/createbigcannons/recipe/smoke_shell.json,.json,693,69276831764acc17edb6a448fbe86f47bf526710468fdd759e00bc93107b2adb
data,createbigcannons,recipe,kubejs/data/createbigcannons/recipe/solid_shot.json,.json,692,e11c57059d5cf0aa5818ee1b12b5b6490cd1cc742f14068720fa5d03cca36fcd
data,createbigcannons,recipe,kubejs/data/createbigcannons/recipe/steel_screw_lock.json,.json,549,217807fa882a4a622bdb50a9c9579a79e2035b83aaf0e42cbe08e840432c7472
data,createbigcannons,recipe,kubejs/data/createbigcannons/recipe/steel_sliding_breechblock.json,.json,589,e6fdcc36ac76913f5473235765f1e95030c2616dd106d5583103ce993ab2af27
data,createbigcannons,recipe,kubejs/data/createbigcannons/recipe/timed_fuze.json,.json,690,f52498bd1609bef86196d8ab7090c2851bd1d8ad8475eeeecfeb0221136e1345
data,createbigcannons,recipe,kubejs/data/createbigcannons/recipe/wired_fuze.json,.json,527,b00dc16c8b271b6aad6030e11cbbba4b716a55f98a83deca136d041dceef878e
data,createbigcannons,recipe,kubejs/data/createbigcannons/recipe/worm.json,.json,562,f6a4c9f1c2dbb1464bef9c1a16822039757b183a671d3d5a22db54245553ba86
data,createbigcannons,recipe,kubejs/data/createbigcannons/recipe/wrought_iron_cannon_end.json,.json,701,e4b33abd72cc4e23d37acbe1bf006d0625da45831c8888cf3b54420fb0995ed8
data,createcybernetics,recipe,kubejs/data/createcybernetics/recipe/basalt.json,.json,556,e25cc3bf8b2b2178ae0a72e8b175af2615aa9e099fa8a6e05e19e458ebb864fa
data,createcybernetics,recipe,kubejs/data/createcybernetics/recipe/boneupgrades_elytra_createpresent.json,.json,291,fcb7779d6dc1148730d79553b3dc867985325b93ef302807cbd9c1d225230462
data,createcybernetics,recipe,kubejs/data/createcybernetics/recipe/brainupgrades_consciousnesstransmitter.json,.json,291,fcb7779d6dc1148730d79553b3dc867985325b93ef302807cbd9c1d225230462
data,createcybernetics,recipe,kubejs/data/createcybernetics/recipe/brainupgrades_corticalstack.json,.json,291,fcb7779d6dc1148730d79553b3dc867985325b93ef302807cbd9c1d225230462
data,createcybernetics,recipe,kubejs/data/createcybernetics/recipe/brainupgrades_spelljammer.json,.json,291,fcb7779d6dc1148730d79553b3dc867985325b93ef302807cbd9c1d225230462
data,createcybernetics,recipe,kubejs/data/createcybernetics/recipe/compat/farmersdelight/ground_offal_cuttingboard.json,.json,291,fcb7779d6dc1148730d79553b3dc867985325b93ef302807cbd9c1d225230462
data,createcybernetics,recipe,kubejs/data/createcybernetics/recipe/component_actuator.json,.json,291,fcb7779d6dc1148730d79553b3dc867985325b93ef302807cbd9c1d225230462
data,createcybernetics,recipe,kubejs/data/createcybernetics/recipe/component_actuator_createpresent.json,.json,802,bda32717d80458bcbe80db2436cb29a5b5f3319d076ee98b72c0a3f22bdb9dc8
data,createcybernetics,recipe,kubejs/data/createcybernetics/recipe/component_diodes.json,.json,291,fcb7779d6dc1148730d79553b3dc867985325b93ef302807cbd9c1d225230462
data,createcybernetics,recipe,kubejs/data/createcybernetics/recipe/component_diodes_createpresent.json,.json,813,c769136c93cc2a70ad0e52f069578346dc24bd9c34026db9a20a997944422fd8
data,createcybernetics,recipe,kubejs/data/createcybernetics/recipe/component_graphicscard.json,.json,291,fcb7779d6dc1148730d79553b3dc867985325b93ef302807cbd9c1d225230462
data,createcybernetics,recipe,kubejs/data/createcybernetics/recipe/component_graphicscard_createpresent.json,.json,932,d8f74448dbbabaf004228efb2d5a803fce85b20d0ec4cfd96c37e29a7e092f83
data,createcybernetics,recipe,kubejs/data/createcybernetics/recipe/component_led.json,.json,291,fcb7779d6dc1148730d79553b3dc867985325b93ef302807cbd9c1d225230462
data,createcybernetics,recipe,kubejs/data/createcybernetics/recipe/component_ssd.json,.json,291,fcb7779d6dc1148730d79553b3dc867985325b93ef302807cbd9c1d225230462
data,createcybernetics,recipe,kubejs/data/createcybernetics/recipe/component_ssd_createpresent.json,.json,912,dfa05dfab290622b098f718414513568e594a04cf28dbe4096e1a3be06143da6
data,createcybernetics,recipe,kubejs/data/createcybernetics/recipe/component_synthnerves.json,.json,821,4150594794cc8ae1b61c444ec48623beb9a4ca39389c31e02e1f7f4c0366855e
data,createcybernetics,recipe,kubejs/data/createcybernetics/recipe/component_titaniumrod.json,.json,291,fcb7779d6dc1148730d79553b3dc867985325b93ef302807cbd9c1d225230462
data,createcybernetics,recipe,kubejs/data/createcybernetics/recipe/component_wiring.json,.json,591,68befb2feaa725ba764ef7928c847bb644295812578e5e3eda846f12db1c7ebd
data,createcybernetics,recipe,kubejs/data/createcybernetics/recipe/copper_template.json,.json,732,f588ba68d5a9d80b6a54768db46472fd6bfba25f5ec75f63b1f51ab89f89037f
data,createcybernetics,recipe,kubejs/data/createcybernetics/recipe/cortical_stack_from_xp_capsule.json,.json,291,fcb7779d6dc1148730d79553b3dc867985325b93ef302807cbd9c1d225230462
data,createcybernetics,recipe,kubejs/data/createcybernetics/recipe/create_boneupgrades_elytra.json,.json,291,fcb7779d6dc1148730d79553b3dc867985325b93ef302807cbd9c1d225230462
data,createcybernetics,recipe,kubejs/data/createcybernetics/recipe/create_brainupgrades_consciousnesstransmitter.json,.json,291,fcb7779d6dc1148730d79553b3dc867985325b93ef302807cbd9c1d225230462
data,createcybernetics,recipe,kubejs/data/createcybernetics/recipe/create_brainupgrades_corticalstack.json,.json,291,fcb7779d6dc1148730d79553b3dc867985325b93ef302807cbd9c1d225230462
data,createcybernetics,recipe,kubejs/data/createcybernetics/recipe/create_brainupgrades_spelljammer.json,.json,291,fcb7779d6dc1148730d79553b3dc867985325b93ef302807cbd9c1d225230462
data,createcybernetics,recipe,kubejs/data/createcybernetics/recipe/create_eyeupgrades_multioptics4.json,.json,291,fcb7779d6dc1148730d79553b3dc867985325b93ef302807cbd9c1d225230462
data,createcybernetics,recipe,kubejs/data/createcybernetics/recipe/create_organsupgrades_manabattery.json,.json,291,fcb7779d6dc1148730d79553b3dc867985325b93ef302807cbd9c1d225230462
data,createcybernetics,recipe,kubejs/data/createcybernetics/recipe/create_potion_autoinjector_by_spout.json,.json,291,fcb7779d6dc1148730d79553b3dc867985325b93ef302807cbd9c1d225230462
data,createcybernetics,recipe,kubejs/data/createcybernetics/recipe/create_skinupgrades_manaskin.json,.json,291,fcb7779d6dc1148730d79553b3dc867985325b93ef302807cbd9c1d225230462
data,createcybernetics,recipe,kubejs/data/createcybernetics/recipe/create_skinupgrades_sweat.json,.json,291,fcb7779d6dc1148730d79553b3dc867985325b93ef302807cbd9c1d225230462
data,createcybernetics,recipe,kubejs/data/createcybernetics/recipe/create_skinupgrades_ultraviolent.json,.json,291,fcb7779d6dc1148730d79553b3dc867985325b93ef302807cbd9c1d225230462
data,createcybernetics,recipe,kubejs/data/createcybernetics/recipe/create_surgery_table.json,.json,463,b493ede73df5fc6f0af286fcffb1edd57b57cc4a45ab95273977401fe8216da9
data,createcybernetics,recipe,kubejs/data/createcybernetics/recipe/crushed_consciousnesstransmitter.json,.json,291,fcb7779d6dc1148730d79553b3dc867985325b93ef302807cbd9c1d225230462
data,createcybernetics,recipe,kubejs/data/createcybernetics/recipe/crushed_corticalstack.json,.json,291,fcb7779d6dc1148730d79553b3dc867985325b93ef302807cbd9c1d225230462
data,createcybernetics,recipe,kubejs/data/createcybernetics/recipe/crushed_elytra.json,.json,291,fcb7779d6dc1148730d79553b3dc867985325b93ef302807cbd9c1d225230462
data,createcybernetics,recipe,kubejs/data/createcybernetics/recipe/crushed_manabattery.json,.json,291,fcb7779d6dc1148730d79553b3dc867985325b93ef302807cbd9c1d225230462
data,createcybernetics,recipe,kubejs/data/createcybernetics/recipe/crushed_manaskin.json,.json,291,fcb7779d6dc1148730d79553b3dc867985325b93ef302807cbd9c1d225230462
data,createcybernetics,recipe,kubejs/data/createcybernetics/recipe/crushed_scavenged_consciousnesstransmitter.json,.json,291,fcb7779d6dc1148730d79553b3dc867985325b93ef302807cbd9c1d225230462
data,createcybernetics,recipe,kubejs/data/createcybernetics/recipe/crushed_scavenged_corticalstack.json,.json,291,fcb7779d6dc1148730d79553b3dc867985325b93ef302807cbd9c1d225230462
data,createcybernetics,recipe,kubejs/data/createcybernetics/recipe/crushed_scavenged_elytra.json,.json,291,fcb7779d6dc1148730d79553b3dc867985325b93ef302807cbd9c1d225230462
data,createcybernetics,recipe,kubejs/data/createcybernetics/recipe/crushed_scavenged_manabattery.json,.json,291,fcb7779d6dc1148730d79553b3dc867985325b93ef302807cbd9c1d225230462
data,createcybernetics,recipe,kubejs/data/createcybernetics/recipe/crushed_scavenged_manaskin.json,.json,291,fcb7779d6dc1148730d79553b3dc867985325b93ef302807cbd9c1d225230462
data,createcybernetics,recipe,kubejs/data/createcybernetics/recipe/crushed_scavenged_spelljammer.json,.json,291,fcb7779d6dc1148730d79553b3dc867985325b93ef302807cbd9c1d225230462
data,createcybernetics,recipe,kubejs/data/createcybernetics/recipe/crushed_scavenged_sweat.json,.json,291,fcb7779d6dc1148730d79553b3dc867985325b93ef302807cbd9c1d225230462
data,createcybernetics,recipe,kubejs/data/createcybernetics/recipe/crushed_spelljammer.json,.json,291,fcb7779d6dc1148730d79553b3dc867985325b93ef302807cbd9c1d225230462
data,createcybernetics,recipe,kubejs/data/createcybernetics/recipe/crushed_sweat.json,.json,291,fcb7779d6dc1148730d79553b3dc867985325b93ef302807cbd9c1d225230462
data,createcybernetics,recipe,kubejs/data/createcybernetics/recipe/crushed_ultraviolent.json,.json,291,fcb7779d6dc1148730d79553b3dc867985325b93ef302807cbd9c1d225230462
data,createcybernetics,recipe,kubejs/data/createcybernetics/recipe/emp_grenade.json,.json,986,83f7b5221fd33a26b70b6b720096e45f8022a65dfbca5ffc6b5ca9fb8a0da19c
data,createcybernetics,recipe,kubejs/data/createcybernetics/recipe/engineering_table.json,.json,1285,0c126a85ea061d861dde8b2eb5c72d993427e4d782ca7b678395bbf697c96c03
data,createcybernetics,recipe,kubejs/data/createcybernetics/recipe/eyeupgradebase.json,.json,1390,d95bff9a8605fd24827fdeeeaa6e5eeeb6d5ab8592fa703956634823b684fada
data,createcybernetics,recipe,kubejs/data/createcybernetics/recipe/eyeupgradebase_createpresent.json,.json,1190,d4f715c77b43bf87de98430388546d9fbaabd4a5dd8174815128e1e6dc920e0a
data,createcybernetics,recipe,kubejs/data/createcybernetics/recipe/eyeupgrades_multioptics4_createpresent.json,.json,291,fcb7779d6dc1148730d79553b3dc867985325b93ef302807cbd9c1d225230462
data,createcybernetics,recipe,kubejs/data/createcybernetics/recipe/gold_template.json,.json,726,18856f4ecb5a415fe2e00ffad2af6ebb5e00b0465dc536a05b1583257ebdb7f7
data,createcybernetics,recipe,kubejs/data/createcybernetics/recipe/grafting_table.json,.json,825,c88a1c61d27462c877f7323765fb0cc43b77817a1ac68274899cba903bb5a183
data,createcybernetics,recipe,kubejs/data/createcybernetics/recipe/graphene_elastomer.json,.json,699,d48aad8bc57dfd45ca4212acd4f309296e877686af2b86dbd94fa6d5aa6e4ce7
data,createcybernetics,recipe,kubejs/data/createcybernetics/recipe/hexcore.json,.json,291,fcb7779d6dc1148730d79553b3dc867985325b93ef302807cbd9c1d225230462
data,createcybernetics,recipe,kubejs/data/createcybernetics/recipe/holoimprint_chip.json,.json,793,3a4e85bdd3789af102932226072c8e3a84a81c25db84ab2b292d112091507984
data,createcybernetics,recipe,kubejs/data/createcybernetics/recipe/holoprojector.json,.json,832,c248462e884647007bbedc2a1a2e765fe8699aa1cc3ce276da74b79608f9eeb1
data,createcybernetics,recipe,kubejs/data/createcybernetics/recipe/iron_template.json,.json,736,e780c17df75679f047c02dd9b1bd13f3322e5dd0e1f09aa49cd4c60d4dc89ee1
data,createcybernetics,recipe,kubejs/data/createcybernetics/recipe/northstar_titanium_block_to_titanium_block_blasting.json,.json,291,fcb7779d6dc1148730d79553b3dc867985325b93ef302807cbd9c1d225230462
data,createcybernetics,recipe,kubejs/data/createcybernetics/recipe/northstar_titanium_to_titanium_blasting.json,.json,291,fcb7779d6dc1148730d79553b3dc867985325b93ef302807cbd9c1d225230462
data,createcybernetics,recipe,kubejs/data/createcybernetics/recipe/organsupgrades_manabattery.json,.json,291,fcb7779d6dc1148730d79553b3dc867985325b93ef302807cbd9c1d225230462
data,createcybernetics,recipe,kubejs/data/createcybernetics/recipe/skinupgrades_manaskin.json,.json,291,fcb7779d6dc1148730d79553b3dc867985325b93ef302807cbd9c1d225230462
data,createcybernetics,recipe,kubejs/data/createcybernetics/recipe/skinupgrades_sweat_createpresent.json,.json,291,fcb7779d6dc1148730d79553b3dc867985325b93ef302807cbd9c1d225230462
data,createcybernetics,recipe,kubejs/data/createcybernetics/recipe/skinupgrades_syntheticsetules.json,.json,291,fcb7779d6dc1148730d79553b3dc867985325b93ef302807cbd9c1d225230462
data,createcybernetics,recipe,kubejs/data/createcybernetics/recipe/skinupgrades_ultraviolent_createpresent.json,.json,291,fcb7779d6dc1148730d79553b3dc867985325b93ef302807cbd9c1d225230462
data,createcybernetics,recipe,kubejs/data/createcybernetics/recipe/surgery_table.json,.json,463,b493ede73df5fc6f0af286fcffb1edd57b57cc4a45ab95273977401fe8216da9
data,createcybernetics,recipe,kubejs/data/createcybernetics/recipe/surgical_titanium_to_northstar_titanium.json,.json,291,fcb7779d6dc1148730d79553b3dc867985325b93ef302807cbd9c1d225230462
data,createcybernetics,recipe,kubejs/data/createcybernetics/recipe/titanium_clad_copper.json,.json,605,ea0fb7dddd2f3b73a030b7dbb21abc20edb06d012748b7c302bb67d1ad6cd8e7
data,createcybernetics,recipe,kubejs/data/createcybernetics/recipe/titanium_hand_createpresent.json,.json,593,63ab7c7e79a7b854e95d7eb43a8071519324fe255e41ac81abadb9256892dd26
data,createdeliveryrequired,recipe,kubejs/data/createdeliveryrequired/recipe/delivery_marker.json,.json,862,92ec74f7aea9c7eb88c4e45f160dd6c3f40f818b371ee48b42295c305c1381dd
data,createdeliveryrequired,recipe,kubejs/data/createdeliveryrequired/recipe/numismatics_monocle.json,.json,770,bcb18b6ceac7e8b486dce79e33ae903d485c018470e2f682f04360af0f272512
data,createdeliveryrequired,recipe,kubejs/data/createdeliveryrequired/recipe/p2p_link.json,.json,881,5e95efb58d2a831a69a280f446306f0218e43f3ec6428ceb31995cfb6a4c05da
data,createdieselgenerators,loot_table,kubejs/data/createdieselgenerators/loot_table/blocks/andesite_girder_strut.json,.json,43,4644b7eb5559dac99ae656a40de46674795723381ac35f13381b1df45a284018
data,createdieselgenerators,recipe,kubejs/data/createdieselgenerators/recipe/crafting/andesite_girder.json,.json,499,235e80585da57d54533bbced97acd4e0fe8bb6def43ff8290bf0d6732f7a2f19
data,createdieselgenerators,recipe,kubejs/data/createdieselgenerators/recipe/crafting/andesite_girder_strut.json,.json,871,c41605ebcda4b3d1cdfbdb19ad460566a268dc9e7d60853f085aa1b242829b91
data,createdieselgenerators,recipe,kubejs/data/createdieselgenerators/recipe/crafting/asphalt_block.json,.json,693,ebb3cee8a7922b0990a0c2da616939e8bb11dc397bf1f6774f57dc8117097dcd
data,createdieselgenerators,recipe,kubejs/data/createdieselgenerators/recipe/crafting/basin_lid.json,.json,491,b83d8aea99ae5a4f03a6e475a44712b84b04df024f3b2768ddab335a777954a0
data,createdieselgenerators,recipe,kubejs/data/createdieselgenerators/recipe/crafting/bulk_fermenter.json,.json,468,28a2e36bd1470827884de345df761f8d659d57c31dfe59b328abeb9d631a751a
data,createdieselgenerators,recipe,kubejs/data/createdieselgenerators/recipe/crafting/burner.json,.json,846,9e6cbba3cca47e9f3617df0dd12a609491043e5a864d8a092afccfcbf176f8e0
data,createdieselgenerators,recipe,kubejs/data/createdieselgenerators/recipe/crafting/canister.json,.json,653,1516903841b32cfb8c97671fd785aa2d050122bf81b83ad158df447c31471043
data,createdieselgenerators,recipe,kubejs/data/createdieselgenerators/recipe/crafting/distillation_controller.json,.json,747,80af53463229593616b805bdf8204c8410410882f3ea22cf329b6586ef9dc5de
data,createdieselgenerators,recipe,kubejs/data/createdieselgenerators/recipe/crafting/engine_piston.json,.json,657,4d6f511f6d555d671c3445b3eb89f9917adfd9119c8df5d1d01a1f8599b49d00
data,createdieselgenerators,recipe,kubejs/data/createdieselgenerators/recipe/crafting/engine_piston_from_rods.json,.json,1110,ab69ec9b2b0afaeea7d2ca3a175bebeb5eda72540c61b9de1bbaa8a5fce92d20
data,createdieselgenerators,recipe,kubejs/data/createdieselgenerators/recipe/crafting/engine_silencer.json,.json,732,f78f3be15216101a46dbf4b924a49b021fbcb6af4833c10b301e755061fd29ad
data,createdieselgenerators,recipe,kubejs/data/createdieselgenerators/recipe/crafting/engine_turbocharger.json,.json,843,9536db9707d2668004118865c13f1cf90f6ec94575d1e749c1de9101102933ef
data,createdieselgenerators,recipe,kubejs/data/createdieselgenerators/recipe/crafting/entity_filter.json,.json,486,77af8c8023e1ffc450ccdb90730229aa4050551b983492eec6709ea244014eac
data,createdieselgenerators,recipe,kubejs/data/createdieselgenerators/recipe/crafting/hammer.json,.json,638,5270850ef3f25da1f892f5dbc7e4bf915139c841436020e55a0e303a289f99d5
data,createdieselgenerators,recipe,kubejs/data/createdieselgenerators/recipe/crafting/huge_diesel_engine.json,.json,968,b2b399e15a1442dc8c31a89ba062c416cb0a0af63065897909e29b1502cbda39
data,createdieselgenerators,recipe,kubejs/data/createdieselgenerators/recipe/crafting/kelp_handle.json,.json,498,2633f2d14cfdb393ad80e7536b7f59c7663039545c9fd3473664b34e4c443d6a
data,createdieselgenerators,recipe,kubejs/data/createdieselgenerators/recipe/crafting/large_diesel_engine.json,.json,777,8a0c086ea79d25ea75e3c9bed8c9bbe1d020e8d82abe5444664a458802b584ab
data,createdieselgenerators,recipe,kubejs/data/createdieselgenerators/recipe/crafting/lighter.json,.json,769,78461f995f4c4c0a9f6bfd05aad969609ecb50e42ee89e2aec5a5868d365cd26
data,createdieselgenerators,recipe,kubejs/data/createdieselgenerators/recipe/crafting/oil_scanner.json,.json,776,8edec28221a60407513d76d9cc520eec720ba7ebb7c9443e06da82e2149198eb
data,createdieselgenerators,recipe,kubejs/data/createdieselgenerators/recipe/crafting/pumpjack_bearing.json,.json,640,a967e0b28c23f8cca7de1bc4917cec1a2a3c64ef309cfc7caf0e93271394ba1f
data,createdieselgenerators,recipe,kubejs/data/createdieselgenerators/recipe/crafting/pumpjack_head.json,.json,632,4624737179ca861a758b4c41984c3a9df11de0798f51171955656d9999a445d5
data,createdieselgenerators,recipe,kubejs/data/createdieselgenerators/recipe/crafting/track_layers_bag.json,.json,634,d4a279cf8a96d0a5842a66a3a867ff408147e11b6914a1242fe72e85802a76b0
data,createdieselgenerators,recipe,kubejs/data/createdieselgenerators/recipe/crafting/wire_cutters.json,.json,626,e90a9ceefb03247aa15d7899cf0b30a90443117de749f373b04bc1e1fa24b9be
data,createdieselgenerators,tags,kubejs/data/createdieselgenerators/tags/worldgen/biome/oil_biomes.json,.json,164,7e9103cdfb5c1de06577ec8d4b0fb804d21b39d5c75af1bc112cf8fe01840907
data,createmetallurgy,recipe,kubejs/data/createmetallurgy/recipe/crafting/content/casting_basin.json,.json,471,fd51e3c5ce76645538b9b5ddf78d449c228cc2bbe9bd30e80638793386aea0f7
data,createmetallurgy,recipe,kubejs/data/createmetallurgy/recipe/crafting/content/casting_table.json,.json,471,0659feb5307e6f6c950a1f1286c618f65fc867183b5567c16c56f069ef4006a7
data,createmetallurgy,recipe,kubejs/data/createmetallurgy/recipe/crafting/content/faucet.json,.json,436,7e92faaf38c9e1a2b1dfbf47c42313e4c02d6ad8b718cd00d54a8b06748a7aa9
data,createmetallurgy,recipe,kubejs/data/createmetallurgy/recipe/crafting/content/foundry_basin.json,.json,595,64253507a5bbee679d16377d9a613a998b787cda3732d3c9450ca71c4a6499f4
data,createmetallurgy,recipe,kubejs/data/createmetallurgy/recipe/crafting/content/foundry_lid.json,.json,441,7f987e645237361efea842e20b6de1c823029ec9a20cb2cf0b61967bfde453d6
data,createmetallurgy,recipe,kubejs/data/createmetallurgy/recipe/crafting/content/gauge_attachment.json,.json,526,ce8a9880ca64a1f7ad925858f8780c93f1e1610429610ebf0d5c64a5c5b313bb
data,createmetallurgy,recipe,kubejs/data/createmetallurgy/recipe/crafting/content/labeling_station.json,.json,697,4c71b4d7418cef9292cb1a1332a2fe867dd329a3672e4877747241b44aba7a5a
data,createmetallurgy,recipe,kubejs/data/createmetallurgy/recipe/crafting/content/ladle_filter.json,.json,517,84f22734a76c0dcac11feaa817828907750b8e78e0dee7181069b9403d2c0c03
data,createmetallurgy,recipe,kubejs/data/createmetallurgy/recipe/crafting/content/sturdy_whisk.json,.json,579,576150c2891976f20901f3c0551b1efa051a184b373e297fdffcd5a883370d56
data,createmetallurgy,recipe,kubejs/data/createmetallurgy/recipe/crafting/materials/graphite.json,.json,1289,d6c699d187c398a5216cebb8c74fe0558093ffd468f3a5bb472d55992c32fc05
data,createmetallurgy,recipe,kubejs/data/createmetallurgy/recipe/crafting/materials/tungsten_wire.json,.json,490,90fc07f19d6c64cfbd48035e4b3348de9ea2e82d7b151ee47cd3c53660e8665c
data,createmetallurgy,recipe,kubejs/data/createmetallurgy/recipe/crafting/materials/tungsten_wire_spool.json,.json,572,11eb088d49e634cdc90273ea94a5d963975c96897cecd4d36e1ad13edacca7ba
data,createmetallurgy,recipe,kubejs/data/createmetallurgy/recipe/sequenced_assembly/industrial_crucible.json,.json,458,2cb46e7b7e1510b5106879743d8360053c4b6b91207e058634cada4ff0b1347a
data,createnuclear,recipe,kubejs/data/createnuclear/recipe/blasting/lead_ingot_for_lead_ore.json,.json,344,1e43a1e030e9b8efcf83ecf92b028533bd25111a85308819ed3be62be9fd6f33
data,createnuclear,recipe,kubejs/data/createnuclear/recipe/crafting/crafting/lead_block_from_compacting.json,.json,452,8fc0d139417f749876a962c082198b61ebd363f193b4be898c451651d973c0b0
data,createnuclear,recipe,kubejs/data/createnuclear/recipe/crafting/crafting/lead_ingot_from_compacting.json,.json,452,74262f70322f7964325bed149e9972fd2d05758211a0a02a329f8446e6bb1c3f
data,createnuclear,recipe,kubejs/data/createnuclear/recipe/crafting/crafting/steel_block_from_compacting.json,.json,467,7d9db329d64ebaba22e56a2ebebcaf3c8a8f6331260b21a00a1d79b1f540dcbf
data,createnuclear,recipe,kubejs/data/createnuclear/recipe/crafting/enriched_soul_soil.json,.json,708,f6865d3396df605f04c46a646fa5996fd4ab07bab8ca6f04b9981a414435768d
data,createnuclear,recipe,kubejs/data/createnuclear/recipe/crafting/enriching_campfire.json,.json,688,fd2a5bc85e28c2a25ca383812f9584fbc9901d53273f667c7835cee7edf18116
data,createnuclear,recipe,kubejs/data/createnuclear/recipe/crafting/items/armors/anti_radiation_boots.json,.json,554,42eee59f95df9bba6f7118323c63c1c34ac6329ad749008bf5b9c98349d380a1
data,createnuclear,recipe,kubejs/data/createnuclear/recipe/crafting/items/armors/black_anti_radiation_chestplate.json,.json,709,8a3aa97fa14b05f9e9fd2843a3303aece5dbc032cba9a4356899730ce3c4c45b
data,createnuclear,recipe,kubejs/data/createnuclear/recipe/crafting/items/armors/black_anti_radiation_helmet.json,.json,681,69f338cba2c122c8ee8c4dd49ff97c132d5eedbc154e2a7bcf3fd73d8081a35e
data,createnuclear,recipe,kubejs/data/createnuclear/recipe/crafting/items/armors/black_anti_radiation_leggings.json,.json,591,65b14d680d5f3c2715752c77bffb97849b4d90fea1c74bbe8625df51d079b979
data,createnuclear,recipe,kubejs/data/createnuclear/recipe/crafting/items/armors/blue_anti_radiation_chestplate.json,.json,707,d1a197c420a470eef0c33cc9ecb8f8f7014e42c46f798d94670a5573eea322c4
data,createnuclear,recipe,kubejs/data/createnuclear/recipe/crafting/items/armors/blue_anti_radiation_helmet.json,.json,679,31fd6269f8a133111c8ac5ce284b8bee8e611c4fa07cbd242200368b65acb6e9
data,createnuclear,recipe,kubejs/data/createnuclear/recipe/crafting/items/armors/blue_anti_radiation_leggings.json,.json,589,b65753374c0bc02f215081c2cb69221a8fad6cd00eae6ccabd62bbd562cd8533
data,createnuclear,recipe,kubejs/data/createnuclear/recipe/crafting/items/armors/brown_anti_radiation_chestplate.json,.json,709,f9425fb582c767197d18aad94e85a0cd1723b0c1fdb4b328459994c3be3d20ec
data,createnuclear,recipe,kubejs/data/createnuclear/recipe/crafting/items/armors/brown_anti_radiation_helmet.json,.json,681,bf9cd87993e01f8736adb068340f0e5db9828640824a37246aaca8bd661b7243
data,createnuclear,recipe,kubejs/data/createnuclear/recipe/crafting/items/armors/brown_anti_radiation_leggings.json,.json,591,094a21b3971b069569bb85369537d7337ac9b9982d33004094c9b0c0a77a80a9
data,createnuclear,recipe,kubejs/data/createnuclear/recipe/crafting/items/armors/cyan_anti_radiation_chestplate.json,.json,707,8bcf69b1b909c9c2e328a066debbe57be9c04508b92dd7896b5c99dddb89eed8
data,createnuclear,recipe,kubejs/data/createnuclear/recipe/crafting/items/armors/cyan_anti_radiation_helmet.json,.json,679,28e4a0273c44c99c18dc3dc5ecf6c31913ca2e9e235f30a2cffd8d22f5bd92d9
data,createnuclear,recipe,kubejs/data/createnuclear/recipe/crafting/items/armors/cyan_anti_radiation_leggings.json,.json,589,aaad08de5a06a877f7e4a75c19bbaff8817575745bbf0c32778abc8da69bc3a2
data,createnuclear,recipe,kubejs/data/createnuclear/recipe/crafting/items/armors/gray_anti_radiation_chestplate.json,.json,707,99353f91ba4c9ca670e7f400b2037901bfedefe683d432bcf7b2569aa5d8f6c8
data,createnuclear,recipe,kubejs/data/createnuclear/recipe/crafting/items/armors/gray_anti_radiation_helmet.json,.json,679,69fa5fec36d317879298e305027c99be9eb541f8fe243c1a9e599fdef6eb9d0e
data,createnuclear,recipe,kubejs/data/createnuclear/recipe/crafting/items/armors/gray_anti_radiation_leggings.json,.json,589,ff006407f5924676f6862d11f026d6299c25d737cf5b663cff1cc1d01af62c72
data,createnuclear,recipe,kubejs/data/createnuclear/recipe/crafting/items/armors/green_anti_radiation_chestplate.json,.json,709,ab565aaf7bb77f578b11556b6f7134ce37df47df0c4e6c2a4a523caac087b5ec
data,createnuclear,recipe,kubejs/data/createnuclear/recipe/crafting/items/armors/green_anti_radiation_helmet.json,.json,681,babae218cb7f5375fddb07332e5a4969b8245743e7d2e65a7284f38e24e59487
data,createnuclear,recipe,kubejs/data/createnuclear/recipe/crafting/items/armors/green_anti_radiation_leggings.json,.json,591,0cf15d1b57f2eeee7d9f25bb55ffa16f49c571cfd2b17317d24a416c0d0792d3
data,createnuclear,recipe,kubejs/data/createnuclear/recipe/crafting/items/armors/light_blue_anti_radiation_chestplate.json,.json,719,5f0f7a966ab4532c697b14cb9ad6f3f428c76641cc0fd6d78f91e2ee6b2ff375
data,createnuclear,recipe,kubejs/data/createnuclear/recipe/crafting/items/armors/light_blue_anti_radiation_helmet.json,.json,691,5a5e0e547c8b4360c37c9947b281eec9d0fca46343a37828371a2478090c9fe2
data,createnuclear,recipe,kubejs/data/createnuclear/recipe/crafting/items/armors/light_blue_anti_radiation_leggings.json,.json,601,7881575eb9147e3640885b9ed6bf0bd5da01dd3b12b3287fddea08cafeae0f4d
data,createnuclear,recipe,kubejs/data/createnuclear/recipe/crafting/items/armors/light_gray_anti_radiation_chestplate.json,.json,719,c113cc57b1caedf4f7954e9f8706e2db16f84a21fa42df0b9d92c74be63f05a2
data,createnuclear,recipe,kubejs/data/createnuclear/recipe/crafting/items/armors/light_gray_anti_radiation_helmet.json,.json,691,9f2f9e3e80595465cd7c771110614e2ce706144d97130bb0a351b7c442e2b2b8
data,createnuclear,recipe,kubejs/data/createnuclear/recipe/crafting/items/armors/light_gray_anti_radiation_leggings.json,.json,601,5a15ee03b9d06ed8a043257751c104c8d91df4bff1e63c1cd1e3ea0ee19d12f3
data,createnuclear,recipe,kubejs/data/createnuclear/recipe/crafting/items/armors/lime_anti_radiation_chestplate.json,.json,707,4fc042148a11e6085fb3608ed02409d6e3170c91288999f63914aebfc936305e
data,createnuclear,recipe,kubejs/data/createnuclear/recipe/crafting/items/armors/lime_anti_radiation_helmet.json,.json,679,f1a3b1cd28556c57a78fd284e9c73e7839590bf0ed78edb3dc7290eecd55c938
data,createnuclear,recipe,kubejs/data/createnuclear/recipe/crafting/items/armors/lime_anti_radiation_leggings.json,.json,589,531a719af51e607722e625d84ac29d1b3f8623335bb868fcf7913c7de4618e6b
data,createnuclear,recipe,kubejs/data/createnuclear/recipe/crafting/items/armors/magenta_anti_radiation_chestplate.json,.json,713,9f9047ce3874661e091f22ec68edcfc806f5fbc793d523fb04c480f10a51e55c
data,createnuclear,recipe,kubejs/data/createnuclear/recipe/crafting/items/armors/magenta_anti_radiation_helmet.json,.json,685,ee5971835e3e60853e6402c297a09c95fda6e64ea37d1096fdd780d793c1f18e
data,createnuclear,recipe,kubejs/data/createnuclear/recipe/crafting/items/armors/magenta_anti_radiation_leggings.json,.json,595,bd96a763141f4aea2776d49fb13dd26c66d211f91dd5bf7d0cd308e4b1cc0ba2
data,createnuclear,recipe,kubejs/data/createnuclear/recipe/crafting/items/armors/orange_anti_radiation_chestplate.json,.json,711,d22ee928586f5ef239858d64e3943e5f3a3dd2d94ee515651828e3059bf5e0f7
data,createnuclear,recipe,kubejs/data/createnuclear/recipe/crafting/items/armors/orange_anti_radiation_helmet.json,.json,683,2e2c4f2cc7dd7e069e8bedbcfdaa4a9dca12bfefd836e61fa554b0dfadd86230
data,createnuclear,recipe,kubejs/data/createnuclear/recipe/crafting/items/armors/orange_anti_radiation_leggings.json,.json,593,c3c4d63ff7daec9b71cc3791dfae695472c5f0a9210b3d8acaadff75ec4db987
data,createnuclear,recipe,kubejs/data/createnuclear/recipe/crafting/items/armors/pink_anti_radiation_chestplate.json,.json,707,e0696913dafa9dbabe5a9e1d8a36f46c9f45d1e545e410dcb4f096f944bfa797
data,createnuclear,recipe,kubejs/data/createnuclear/recipe/crafting/items/armors/pink_anti_radiation_helmet.json,.json,679,e7a668f6f8feff23218d02e4cc934897ef08a9859bf116d01c25653835c658ee
data,createnuclear,recipe,kubejs/data/createnuclear/recipe/crafting/items/armors/pink_anti_radiation_leggings.json,.json,589,c56e206e5abb31b5352a5b9cf1778abc7b0d2dacb4a51473b7fff8d006ae30f2
data,createnuclear,recipe,kubejs/data/createnuclear/recipe/crafting/items/armors/purple_anti_radiation_chestplate.json,.json,711,dced16a1b57fc4cc560c06dfd343b76eef94023dae7019546fef92e63341e985
data,createnuclear,recipe,kubejs/data/createnuclear/recipe/crafting/items/armors/purple_anti_radiation_helmet.json,.json,683,fc49a2d14fccd705f98168d189fa67fbfe50cfea05c7ac0cf0c7e808431c1db9
data,createnuclear,recipe,kubejs/data/createnuclear/recipe/crafting/items/armors/purple_anti_radiation_leggings.json,.json,593,27108406457dc014adb487b9e6dc2c146174b8ef3207c21abbb92ff4c36969eb
data,createnuclear,recipe,kubejs/data/createnuclear/recipe/crafting/items/armors/red_anti_radiation_chestplate.json,.json,705,6ec10957769c5385d6f777a416a5505534c7509b19ad14e5a41e85d272340415
data,createnuclear,recipe,kubejs/data/createnuclear/recipe/crafting/items/armors/red_anti_radiation_helmet.json,.json,677,cda05ae667dda187348f49ef643e62f4f2b42c36c24da442404743bdde066bc4
data,createnuclear,recipe,kubejs/data/createnuclear/recipe/crafting/items/armors/red_anti_radiation_leggings.json,.json,587,bde4947d13ee6e990ee7febbcf63c47f23dc0e6ccbb9820d6d251c30f82e045b
data,createnuclear,recipe,kubejs/data/createnuclear/recipe/crafting/items/armors/white_anti_radiation_chestplate.json,.json,709,6bf6f6e1c57af84ce7eefa0f66e0911588ac99f7f20f0ab2a1595d3d37d98873
data,createnuclear,recipe,kubejs/data/createnuclear/recipe/crafting/items/armors/white_anti_radiation_helmet.json,.json,681,07af534ea4679281a17d16c689879454feaf35a96bc90fcf00be04af2fc5453a
data,createnuclear,recipe,kubejs/data/createnuclear/recipe/crafting/items/armors/white_anti_radiation_leggings.json,.json,591,bb073b29c8ab0bb61cb467d54a46dd0422073d1da1bc6d89a39c3a160b978033
data,createnuclear,recipe,kubejs/data/createnuclear/recipe/crafting/items/armors/yellow_anti_radiation_chestplate.json,.json,711,e5362fb35647ff1554b5098cf5fc2cd0f0ca257f063ee9ba92f13f899cda3dc9
data,createnuclear,recipe,kubejs/data/createnuclear/recipe/crafting/items/armors/yellow_anti_radiation_helmet.json,.json,683,cce4a2fc926d35e315cc7d5b23a803b991e3d905edd902647dcba3bbfda5fed0
data,createnuclear,recipe,kubejs/data/createnuclear/recipe/crafting/items/armors/yellow_anti_radiation_leggings.json,.json,593,0040c28a740245a01c6746c59df1dddfe06f8b2653bfeeddcf0798cd996ae0f9
data,createnuclear,recipe,kubejs/data/createnuclear/recipe/crafting/reactor/reinforced_glass.json,.json,561,0b0faf11d29a287310804c57a645e8fc5a37e2dd27eda8c756a524c759001fc3
data,createnuclear,recipe,kubejs/data/createnuclear/recipe/crafting/reactor_blueprint_item.json,.json,816,9e938503481e76fb21e5a77457c50fad0d9867ddfbaa683727ce85c534bcc711
data,createnuclear,recipe,kubejs/data/createnuclear/recipe/mechanical_crafting/reactor_controller.json,.json,482,f45999de729f84203221209fa0e8b60059cce0f8e9b8b680afd804f5b845b2d7
data,createnuclear,recipe,kubejs/data/createnuclear/recipe/smelting/lead_ingot_for_lead_ore.json,.json,344,268c38766eef690d4b851a135bd7e1af1e31896ccd19fa6fcd3c0bd166c057aa
data,createoritechcompat,recipe,kubejs/data/createoritechcompat/recipe/crushing/biomass.json,.json,400,1ad38bdda957a1392ec288112adc6570923f4e31dba04739ec95c924d219f678
data,createoritechcompat,recipe,kubejs/data/createoritechcompat/recipe/crushing/biomass_from_hay_block.json,.json,406,bb61b2a1fdf3533aa3cae201d0ba185f2027b7ad73f145fb3659de8c02b18e67
data,createoritechcompat,recipe,kubejs/data/createoritechcompat/recipe/crushing/biomass_from_packed_wheat.json,.json,407,96c9ceb7d6af0944380ac230f494a4ebfd31e9617dc3fe780df0f69a699560e1
data,createoritechcompat,recipe,kubejs/data/createoritechcompat/recipe/crushing/uranium_crystal.json,.json,571,14a5f7bca16cd1a920818a834cffc73ed81f6882d297d04413d684118256988e
data,createoritechcompat,recipe,kubejs/data/createoritechcompat/recipe/mixing/adamant_ingot.json,.json,481,da951386ac41fb0c931605c91e8442ec78c5939e208c41231aa08a27a6f8b621
data,createoritechcompat,recipe,kubejs/data/createoritechcompat/recipe/mixing/biosteel_ingot.json,.json,488,0aa8fdfb828c290129841ff9ce70e972a7e612feadc4e61a5b6f65648d440aa6
data,createoritechcompat,recipe,kubejs/data/createoritechcompat/recipe/mixing/dirt.json,.json,442,7e39822435ad3e7bf3e26445b754e0c622107d7aeca84aae8852bee99cb1cdfc
data,createoritechcompat,recipe,kubejs/data/createoritechcompat/recipe/mixing/duratium_ingot.json,.json,488,2a62d2569f9b9c75376a6e088cb6d974e7969dea5030adc1b4e94357a1f537f1
data,createoritechcompat,recipe,kubejs/data/createoritechcompat/recipe/mixing/electrum_ingot.json,.json,482,9b59269f5eb674bc51d4eab59b8038b2e12ba0c9325d7971650afd7d5d4268ee
data,createoritechcompat,recipe,kubejs/data/createoritechcompat/recipe/mixing/energite_ingot.json,.json,484,d8754c17b24063853fd55bd80a358e251a2e8e54782fd4292e5528c5f771158a
data,createoritechcompat,recipe,kubejs/data/createoritechcompat/recipe/mixing/steel_ingot.json,.json,475,106894bae241cee6d0306d9751679602387cc7db95e5b53f933dbb97ab4c7917
data,createoritechcompat,recipe,kubejs/data/createoritechcompat/recipe/splashing/crushed_raw_nickel.json,.json,538,4ce60a6aaf14db769a9b80e28918beeb4987cc64264a412806a5c934ddb326b6
data,createoritechcompat,recipe,kubejs/data/createoritechcompat/recipe/splashing/crushed_raw_planitnum.json,.json,530,e9871d5fc424b435aef8aa11fc06a267cf561bfa2a24ec517af0987ec8401bb9
data,createoritechcompat,recipe,kubejs/data/createoritechcompat/recipe/splashing/crushed_raw_uranium.json,.json,538,bff4b0584dab36634f6b47f0ef5efcf03b86dea5a186baba05117c0f78c18b3b
data,createpropulsion,recipe,kubejs/data/createpropulsion/recipe/blasting/platinum_ingot_from_deepslate_platinum_ore.json,.json,342,d412a03882ff55d6df2b06ecb88257909f9417462dc9d403c19ead441aa16b6e
data,createpropulsion,recipe,kubejs/data/createpropulsion/recipe/blasting/platinum_ingot_from_platinum_ore.json,.json,332,f79fd158b5dead9c1bcfbc7a7bc76aadadd1dc62c667184dccc7521de27dfb39
data,createpropulsion,recipe,kubejs/data/createpropulsion/recipe/crafting/cable.json,.json,755,85d474a501f05c65ea249a9164707c5e41bda65cf9dfc1a95aed4ea5656bfcda
data,createpropulsion,recipe,kubejs/data/createpropulsion/recipe/crafting/cable_relay.json,.json,681,4813136137a2370a3eb343b6cc7172c41dd864095e6a0841531980861acd2fa8
data,createpropulsion,recipe,kubejs/data/createpropulsion/recipe/crafting/redstone_converter.json,.json,774,f3f8d30f9e6bfa3e5c911dc788f2593e67d93eeb11d7af098ba738e9a84da0ae
data,createpropulsion,recipe,kubejs/data/createpropulsion/recipe/crafting/redstone_transmission.json,.json,746,7ffae686c2e2c60575b2c30e223a46ac7b08f13b497457a75fa7b03097b323d9
data,createpropulsion,recipe,kubejs/data/createpropulsion/recipe/crafting/solid_fuel_thruster.json,.json,843,37a5542fa3f889776883ea776f6f0f8a5ecedd9d830658599006d2b79c223387
data,createpropulsion,recipe,kubejs/data/createpropulsion/recipe/crafting/stirling_engine.json,.json,730,40646ab37467d2debe57191e20849ac09e71a19a706bd2cc99b32e045017f3ce
data,createpropulsion,recipe,kubejs/data/createpropulsion/recipe/crafting/tilt_adapter.json,.json,900,ddcf3940cda424435d9f6b36e7c686539155fda5046e2eac34b2421f671cf324
data,createpropulsion,recipe,kubejs/data/createpropulsion/recipe/crafting/vector_thruster.json,.json,776,9fbadde8fbbef7faf01dc058e785ac8920277b36ca1769b08128c091decf0b98
data,createpropulsion,recipe,kubejs/data/createpropulsion/recipe/crafting/wing.json,.json,653,4a6adb7f20ee55f6de387030752e25fcfbe6425f26610b30f6ed3d287506164c
data,createpropulsion,recipe,kubejs/data/createpropulsion/recipe/smelting/platinum_ingot_from_deepslate_platinum_ore.json,.json,342,bbf901763baa573e361861ce5a0c0493910d6e5e0eb58254ba76f7b8b5e965be
data,createpropulsion,recipe,kubejs/data/createpropulsion/recipe/smelting/platinum_ingot_from_platinum_ore.json,.json,332,07d37f15eba1d66214aedf8c958cb35ef7714150f40105767e9dd81caac64831
data,createreautomated,recipe,kubejs/data/createreautomated/recipe/diamond_drill.json,.json,702,620521c28ee09a76e6a540a32beba0b9220d6eb4de5e10effd831eff15bb1a45
data,createreautomated,recipe,kubejs/data/createreautomated/recipe/extractor.json,.json,685,7766f0d809eade77b99e64afbee03b57e062a0fec507eeca12e7ad8324f9c7f4
data,createreautomated,recipe,kubejs/data/createreautomated/recipe/iron_drill.json,.json,589,7eeb112caf6560dbc45289470865ba2cd951a30c5097f12de9fe9b071079e110
data,createreautomated,recipe,kubejs/data/createreautomated/recipe/netherite_drill_upgrade.json,.json,331,ecb167e4eb9743959841a3029601b3d75ddaad57bab059003a528d163065d94b
data,createthrusters,recipe,kubejs/data/createthrusters/recipe/alternator.json,.json,904,0bf7da5914e2b729eb665120c3dde9f3405bdcd8f21ca180616670021bd9b5e8
data,createthrusters,recipe,kubejs/data/createthrusters/recipe/analogue_contraption_controller.json,.json,1070,76cb0caeedfdd219dd17984b252b7b42e5459670f32836b6a5e70fe6eeba17dd
data,createthrusters,recipe,kubejs/data/createthrusters/recipe/andesite_cable.json,.json,582,64af24b10a96d0bd8a7d9cca596457b7f5e39b2119f7d678092c62df3ca70891
data,createthrusters,recipe,kubejs/data/createthrusters/recipe/bi_directional_gearshift.json,.json,804,7b5d15ab702b4e135ef8331283b433e5b1b117c5167cfd387179f1bd632439cd
data,createthrusters,recipe,kubejs/data/createthrusters/recipe/bidirectional_gearbox.json,.json,801,3a2eea0582143322e329e7473965b3dccdcae7fa0e31ce4df153f32e4d344c4e
data,createthrusters,recipe,kubejs/data/createthrusters/recipe/claw.json,.json,681,52f340145f5db93b3ec58dab5ee22a8e03c56457463b2d5156201d15fd923285
data,createthrusters,recipe,kubejs/data/createthrusters/recipe/contraption_network_linker.json,.json,713,95ff72f4aac1657146a1f39c44dc5681646d4978b2c0dff9ce1650eefc3ab070
data,createthrusters,recipe,kubejs/data/createthrusters/recipe/entity_launcher.json,.json,909,b0b5257841c2e55a11280ddaad31f5d06ffef6fc2866e9864918f1cab1c3eb32
data,createthrusters,recipe,kubejs/data/createthrusters/recipe/fuel_oxidizer.json,.json,793,9e374f0a48e245976cb5b4903854759f2c25da30272876e4759cf2532ce04c6f
data,createthrusters,recipe,kubejs/data/createthrusters/recipe/industrial_motor.json,.json,922,fa2eab2f837f7c3f843babe44a4dcbbae15b4a5b15b9e11bf29623dce01d6411
data,createthrusters,recipe,kubejs/data/createthrusters/recipe/physics_gantry_shaft.json,.json,576,0145c58dd6d8911fcbbe4d549094b6a6beeefafa2a5da2caf046e083c6a30a48
data,createthrusters,recipe,kubejs/data/createthrusters/recipe/processing_upgrade_haunting_t1.json,.json,828,313f42fe9840ba7bc8d14e1d146a2f18782f71e1b9aaf05c9590367c4add33e3
data,createthrusters,recipe,kubejs/data/createthrusters/recipe/processing_upgrade_haunting_t2.json,.json,841,8684dd5e5b55c5407bdcd129555b28947fffbf075bc8403eb02d7bb09d70d977
data,createthrusters,recipe,kubejs/data/createthrusters/recipe/processing_upgrade_smelting_t1.json,.json,816,d06fadecaf0b964c9ede93e5602f8728ee6a2271ae1cbe55f02e910bb5daefef
data,createthrusters,recipe,kubejs/data/createthrusters/recipe/processing_upgrade_smoking_t1.json,.json,816,c8f4856221dfea38bb8d1e4aadd4034419e1d0bbfef810cac47d2144b533a081
data,createthrusters,recipe,kubejs/data/createthrusters/recipe/propulsion_upgrade_t1.json,.json,820,1f33682f4ba13d31414de56447650c8f8a10dd511ee52554525338d24663b716
data,createthrusters,recipe,kubejs/data/createthrusters/recipe/propulsion_upgrade_t2.json,.json,821,8ca5dde3662714b372dcb020a855c11daa1d59ffdf1378013c956234f8d6f9cd
data,createthrusters,recipe,kubejs/data/createthrusters/recipe/propulsion_upgrade_t3.json,.json,836,4e632ddc03670630a15062b039b39f3fdee0f56351414991679d1c93541facfb
data,createthrusters,recipe,kubejs/data/createthrusters/recipe/propulsion_upgrade_t4.json,.json,941,be2bcc78262c7e43eb18ae54e4a3d4816f34f615599880c6af1bc9f571e483d4
data,createthrusters,recipe,kubejs/data/createthrusters/recipe/thruster.json,.json,1754,fb40864586c5470f2a80c029e0fc8bddca19289490c207f20bd4aa5a144521f9
data,createthrusters,recipe,kubejs/data/createthrusters/recipe/thruster_lense.json,.json,666,51efb5121bb37a347967ebe6b17d78f7c592d38dd9b747707ab788cd2f1a1ff3
data,createthrusters,recipe,kubejs/data/createthrusters/recipe/variable_transmission.json,.json,798,6aa82ab7af5228bcecd3a14b3dfa076b987cab79fc656c81ec299ee8017a44a9
data,createthrusters,recipe,kubejs/data/createthrusters/recipe/vector_bearing.json,.json,613,60b013beee702e0fe3e6207d944f25b30b97b708a554410ce240c65ff252de33
data,custom_worldgen,tags,kubejs/data/custom_worldgen/tags/worldgen/biome/no_biomes.json,.json,38,bef4d172fc1bfb34d342e79090726c4a0c272dd404783c3ea022b992e0e0415e
data,cyber_ware_port,recipe,kubejs/data/cyber_ware_port/recipe/blueprint_chest.json,.json,683,35b84d146ce95b98ec65bea567a9c4ade21f73af12300032dd1fe6ae3e336e07
data,cyber_ware_port,recipe,kubejs/data/cyber_ware_port/recipe/charger.json,.json,785,fc050953581bb6104123c7ac91f152c5e8eb422af2dad5930fb7cc29fb48944e
data,cyber_ware_port,recipe,kubejs/data/cyber_ware_port/recipe/component_box.json,.json,570,fccdfaefe93d580fcd21f4d05887d8e1b1e1fd45b35b1e195b397c4328d01777
data,cyber_ware_port,recipe,kubejs/data/cyber_ware_port/recipe/cyberware_workbench.json,.json,702,6173c593350fcf26fba0d55f532fdc6a403042e6bc85a1f4b9d617ce64e82feb
data,cyber_ware_port,recipe,kubejs/data/cyber_ware_port/recipe/katana.json,.json,578,7db6fef14d65471e8b4a1c0e839a6e1836006170d7cf24294b90d093cf24590d
data,cyber_ware_port,recipe,kubejs/data/cyber_ware_port/recipe/neuropozyne.json,.json,591,74343d0affa2ecdd4c3a3667951f4bb2a8950fbda6b8c982c789df646a5dcea7
data,cyber_ware_port,recipe,kubejs/data/cyber_ware_port/recipe/radio_kit.json,.json,692,6d648969054118cde65b00010074a5663f78cba0e0a53b297e027a175e490dc1
data,cyber_ware_port,recipe,kubejs/data/cyber_ware_port/recipe/radio_tower_component.json,.json,704,abd3cb8bf1057b523c3ac35c8fc8604a581bfeb9d72585fd4181cdd6bfc15099
data,cyber_ware_port,recipe,kubejs/data/cyber_ware_port/recipe/radio_tower_core.json,.json,716,220093044d2346cd7281f73bf6ca76e26b929c9893e7abf46e05bfca3778e9ac
data,cyber_ware_port,recipe,kubejs/data/cyber_ware_port/recipe/robo_surgeon.json,.json,938,2a1e42e53b67f803d6ffe23a209f39f9ca4686b7bdf32c566f8f1a8553ded193
data,cyber_ware_port,recipe,kubejs/data/cyber_ware_port/recipe/scanner.json,.json,691,c7a40c485d8a7e8b114f4cf1564573d22f7a42f31e5a70776ae13781556d8569
data,cyber_ware_port,recipe,kubejs/data/cyber_ware_port/recipe/surgery_chamber.json,.json,805,953f8bbb37129e5ad52e1ac416cc9e516e50da76d0c9a9885d203d92968cbfff
data,cyberchems,tags,kubejs/data/cyberchems/tags/item/addictives.json,.json,153,59f3c76627a8fc3a1378ac48ffb18d444984f7d563239423f9259cfb1ae01a76
data,cyberspace,dimension,kubejs/data/cyberspace/dimension/darknet_dimension.json,.json,415,3ecd6d10b148af1b125ff8eb6d5047cba190789a1cdab3ecfc623e1c9db91fc0
data,cyberspace,dimension_type,kubejs/data/cyberspace/dimension_type/darknet_dimension.json,.json,486,166a1f2515ab2c1820d91387866805225b676a958b6d1ea0b991160b477f34f9
data,cyberspace,loot_table,kubejs/data/cyberspace/loot_table/blocks/darknetblock_1.json,.json,371,fc81f745ceda16074be5bc206275a45a87f84d9ed97e21cf42aee4fefb6ce9e6
data,cyberspace,recipe,kubejs/data/cyberspace/recipe/bounding_acid_recipe.json,.json,598,cb31d02e82ef1b1a80d459404be1d3092086ec8472f8d98540e5d351b76e7b13
data,cyberspace,recipe,kubejs/data/cyberspace/recipe/graphene_coated_iron_ingot_recipe.json,.json,595,ea1589d506bb6a291fa161da4d5657defd9131d8df932e0665ce037b454273d0
data,cyberspace,recipe,kubejs/data/cyberspace/recipe/platform_block_recipe.json,.json,567,580c9085a58a4a11b8bdbdec822bb41597d5dcf0ca4e60db4b959c98ee7f48b8
data,cyberspace,recipe,kubejs/data/cyberspace/recipe/polymer_blend_recipe.json,.json,483,b526f437bf2b82edbad3dcfc1a2e748da43649d96572b4db9f94e1c0fbaab587
data,cyberspace,recipe,kubejs/data/cyberspace/recipe/synthetic_capsule_recipe.json,.json,573,710ccdf79f66920f4ad2f262fdba947af6c751115756114eb52953b4f72cd5f1
data,cyberspace,recipe,kubejs/data/cyberspace/recipe/terminal_recipe.json,.json,925,06b362fe675e44517495d7768490119079be07c5f87963071df288d235086d96
data,cyberspace,recipe,kubejs/data/cyberspace/recipe/wrench_recipe.json,.json,698,8dd2faa987823a88e5629885936b7fb13838645757f3c4b4e434da6e7f2a34e8
data,dungeons_arise,worldgen,kubejs/data/dungeons_arise/worldgen/structure_set/major_structures.json,.json,5904,86c7ebf67551189b4d6619d8ca2aba4d56b2bfef00b78ed4874af4b7c2682ce8
data,dungeons_arise_seven_seas,worldgen,kubejs/data/dungeons_arise_seven_seas/worldgen/structure/corsair_corvette.json,.json,753,823f23c4bd8c566875fe3fd9c4d23a400acb6e824dc2e84b8c97650f4d3476ca
data,dungeons_arise_seven_seas,worldgen,kubejs/data/dungeons_arise_seven_seas/worldgen/structure/pirate_junk.json,.json,737,a4bbc3038277511ded3ab0d67ade704163827f82436fad4534b0614697b12e5e
data,dungeons_arise_seven_seas,worldgen,kubejs/data/dungeons_arise_seven_seas/worldgen/structure/small_yacht.json,.json,738,c684ec0d0534111474db2dec633cb1c51fc4c0b330c96e4e68903fc92c13016d
data,dungeons_arise_seven_seas,worldgen,kubejs/data/dungeons_arise_seven_seas/worldgen/structure/unicorn_galleon.json,.json,750,5b1163ce7210eb51bda6f2b1a490d5b7925fed47010a55b02126644336f163a0
data,dungeons_arise_seven_seas,worldgen,kubejs/data/dungeons_arise_seven_seas/worldgen/structure_set/minor_structures.json,.json,1231,56253e0f1373a33211330be55b37f25cb9709d6cb2bdf00e22715f5dafbf8d0d
data,enviromine,recipe,kubejs/data/enviromine/recipe/air_filter_recipe.json,.json,668,79650b8fb5233a55384ffd8e83b9cf16157218b626d2643578cc9bea14f135e8
data,enviromine,recipe,kubejs/data/enviromine/recipe/air_filter_recipe_2.json,.json,674,e8135afb62a3ace1f6d5f3d4de85985127223d851decd03debb961eb28afd23e
data,enviromine,recipe,kubejs/data/enviromine/recipe/air_filter_recipe_3.json,.json,777,195a01e314aa13f1a55a8602fdeff5cc1a78be4914d9bad905e0066ec20cd5e4
data,enviromine,recipe,kubejs/data/enviromine/recipe/air_filter_recipe_4.json,.json,777,77e2044d5bc186bb3b670b3c148189281eb1566cdaf4e85808841cc946e1d44a
data,enviromine,recipe,kubejs/data/enviromine/recipe/gas_mask_advanced_recipe.json,.json,923,3309dc129ba33f60dd1885451527e24277f49ea8fd027ece077b2273863f787b
data,enviromine,recipe,kubejs/data/enviromine/recipe/gas_mask_basic_recipe.json,.json,792,dd9593eaba3198ac31dbe412c506214809b47c66fd8c5cb1a77899f601c8b92e
data,enviromine,recipe,kubejs/data/enviromine/recipe/gas_mask_recipe.json,.json,681,9c84da241b51de6526a52ee1684a109f3e4c428e51fa1a54866d647108993f0c
data,enviromine,recipe,kubejs/data/enviromine/recipe/pda_recipe.json,.json,782,4fb7f75a92c2749c20e9b54536572b3e57b6ca4e31486d7af68cfe8762e812ea
data,enviromine,recipe,kubejs/data/enviromine/recipe/vent_intake_recipe.json,.json,907,501e4198774ab18e05b6a001d97270e57a84195dde43b996bf311b3f77db7bde
data,enviromine,recipe,kubejs/data/enviromine/recipe/vent_pipe_o_recipe.json,.json,565,ddce7a8854321e367e8c1f79f1674c1c910bf58ef2be040c3fa3cfb4e19688f6
data,enviromine,recipe,kubejs/data/enviromine/recipe/vent_pipe_recipe.json,.json,454,6a3727f805a63e532bfbcdf232eaf676a254251c1632f78f862902597161d2f8
data,enviromine,recipe,kubejs/data/enviromine/recipe/vent_recipe.json,.json,683,08ab261c5e1c7adcedee7fdef64c74d164b38ce7fcd20f94b3937852e2b50c92
data,exdeorum,recipe,kubejs/data/exdeorum/recipe/acacia_barrel.json,.json,580,cd4ee95ffb16f049736e73cffb2b59cd199037c046b74097e12bbd13ad142d4c
data,exdeorum,recipe,kubejs/data/exdeorum/recipe/acacia_compressed_sieve.json,.json,703,3f9b6a78c831d22253049405f446e4e74f06733aec7aec44db79fbba838d39c9
data,exdeorum,recipe,kubejs/data/exdeorum/recipe/acacia_crucible.json,.json,579,dbc48630d968dcf065465138423697b12d6a3e28c9240e779df3e208bf8aa594
data,exdeorum,recipe,kubejs/data/exdeorum/recipe/acacia_sieve.json,.json,686,c8c3efa1c938133ad799f56e316bb20b6796db9c20f221ea3d1a03776f3aa66e
data,exdeorum,recipe,kubejs/data/exdeorum/recipe/archwood_sieve.json,.json,949,f10198a86e402e86f295a7c490814cbb5a58a0c364b8cde8bc88cbdde9a75ac0
data,exdeorum,recipe,kubejs/data/exdeorum/recipe/bamboo_compressed_sieve.json,.json,695,80ba88de3163ff99d5479df6985aa30dfa968f8b29128306a1cbd7935952e9f9
data,exdeorum,recipe,kubejs/data/exdeorum/recipe/bamboo_sieve.json,.json,676,5cd62b0eae0b61330a62fed75ef0e90603c6eb8cec86cb609a149240611fb13c
data,exdeorum,recipe,kubejs/data/exdeorum/recipe/birch_barrel.json,.json,577,8fd640a8d841a424e2ae99599059cb2f31771a1c589e97c31e491e80c94ad2fd
data,exdeorum,recipe,kubejs/data/exdeorum/recipe/birch_compressed_sieve.json,.json,701,7326546a4064d341c4423f0fa7bb9e0056b884271fa2ef846e8b7738d4d8ef96
data,exdeorum,recipe,kubejs/data/exdeorum/recipe/birch_crucible.json,.json,576,adc3df8951914d1244a78dd6c9274f802d4689dc904f9b267f1ab95753243a0b
data,exdeorum,recipe,kubejs/data/exdeorum/recipe/birch_sieve.json,.json,683,2949569ddce275e9966978000116bf8b8f516cb827e85875ba680adae87c7ae5
data,exdeorum,recipe,kubejs/data/exdeorum/recipe/blue_archwood_compressed_sieve.json,.json,972,7f458dab258057ad5d8ae8cc0ef3b9ed24284690e3e0f4b08ac982fb94ca6e50
data,exdeorum,recipe,kubejs/data/exdeorum/recipe/bluebright_compressed_sieve.json,.json,964,92f0ee81472d77378a64af3cb347243b34d613d1f1363ab8ca40bb8b255962cc
data,exdeorum,recipe,kubejs/data/exdeorum/recipe/bluebright_sieve.json,.json,952,14d75d12bb9bafbcafee5893eb209725494396dd265c59ed8ed397e846fa7dd1
data,exdeorum,recipe,kubejs/data/exdeorum/recipe/cherry_barrel.json,.json,580,2c038600831d832c3eb6d3ae6f9b23754b31c8a84a8d9bb2a661bd7039ce7526
data,exdeorum,recipe,kubejs/data/exdeorum/recipe/cherry_compressed_sieve.json,.json,703,0e786033ca479a6ee8a208eaf17dd986dc314156684dc65383dec87836a02c68
data,exdeorum,recipe,kubejs/data/exdeorum/recipe/cherry_crucible.json,.json,579,a1a81280dd46c8c955e905c586483b1ed72d24cf4c2dcec390b87fa829ec90bd
data,exdeorum,recipe,kubejs/data/exdeorum/recipe/cherry_sieve.json,.json,686,5b6bf11a0555f30a54390d48afc2859c7ac8db157b1621ab8522575ed50470d1
data,exdeorum,recipe,kubejs/data/exdeorum/recipe/comet_compressed_sieve.json,.json,954,484a802fc40e4511c9ad8526be014d1515815f80b69373f361cd54e0363eb016
data,exdeorum,recipe,kubejs/data/exdeorum/recipe/comet_sieve.json,.json,937,0465e432d18ddeaeda1acec10753f74c70cacc1dce8e05d58eb6d639fdf5db7c
data,exdeorum,recipe,kubejs/data/exdeorum/recipe/compressed_sieve/crushed_blackstone/diamond/ancient_debris.json,.json,559,265bf9559b75f720d603e1f55eb3b2b81d54171b8e5b0981480c38ac249e868d
data,exdeorum,recipe,kubejs/data/exdeorum/recipe/compressed_sieve/crushed_blackstone/diamond/blackstone_pebble.json,.json,554,dddb13ae1b3fcb72ddb3901d2d7a148e5e1c7fea6357b49dd95a96613f1c7c74
data,exdeorum,recipe,kubejs/data/exdeorum/recipe/compressed_sieve/crushed_blackstone/diamond/gold_nugget.json,.json,559,085f05bf457d39a7c48d3d4bf1649a56bbd2e23a10596a1b8d2f8cfabc96c033
data,exdeorum,recipe,kubejs/data/exdeorum/recipe/compressed_sieve/crushed_blackstone/diamond/gunpowder.json,.json,555,76eb85eaf9cf029c3270b1cbb83358d662907d9964be6176434d7ba30ded236e
data,exdeorum,recipe,kubejs/data/exdeorum/recipe/compressed_sieve/crushed_blackstone/diamond/magma_cream.json,.json,557,79740a790c753f7c627b845df7b4d4eecb68c1b92b3732cb8c47ded3e434adef
data,exdeorum,recipe,kubejs/data/exdeorum/recipe/compressed_sieve/crushed_blackstone/flint/ancient_debris.json,.json,558,243264bcbca86efbff1cd98c0bbf02af476eb4d932538ad26ff19dcccde6d741
data,exdeorum,recipe,kubejs/data/exdeorum/recipe/compressed_sieve/crushed_blackstone/flint/basalt_pebble.json,.json,557,03bb269bfd3a66bc685e215ae321910a5ab4970041f6370385051466ed918376
data,exdeorum,recipe,kubejs/data/exdeorum/recipe/compressed_sieve/crushed_blackstone/flint/black_dye.json,.json,551,37aeae6cba6a5689ed184785cddbaac5848f93b6ed90796a488d866baf155c53
data,exdeorum,recipe,kubejs/data/exdeorum/recipe/compressed_sieve/crushed_blackstone/flint/blackstone_pebble.json,.json,552,6077dcbff445a352e797a5fe90685e19b35bc7db6e0409527026b681549db137
data,exdeorum,recipe,kubejs/data/exdeorum/recipe/compressed_sieve/crushed_blackstone/flint/gold_nugget.json,.json,557,57ce6a471da2d72e9b00b0955fb11edd8c810f6b859edd9b5a95040dff649d6a
data,exdeorum,recipe,kubejs/data/exdeorum/recipe/compressed_sieve/crushed_blackstone/flint/gunpowder.json,.json,553,1318fdf812d54511597930849737960e3d23128444ca1156416126e257e34597
data,exdeorum,recipe,kubejs/data/exdeorum/recipe/compressed_sieve/crushed_blackstone/flint/magma_cream.json,.json,555,90025d5676ff2e3e6dc85e706c998ffd527e84465392c5adaecb1d232b761c9a
data,exdeorum,recipe,kubejs/data/exdeorum/recipe/compressed_sieve/crushed_blackstone/golden/ancient_debris.json,.json,559,2330c6d761cd5bf050505c4602dac0bd10f82f9b515a03e642a9b38d94593747
data,exdeorum,recipe,kubejs/data/exdeorum/recipe/compressed_sieve/crushed_blackstone/golden/basalt_pebble.json,.json,557,06ab718d2e63dc79659c81a2c7b7de4ec1a5e4987ca098b5804004c7d1c981a4
data,exdeorum,recipe,kubejs/data/exdeorum/recipe/compressed_sieve/crushed_blackstone/golden/black_dye.json,.json,553,80bc03e7bbf40feeb5c32cdaaf5307067fa2be25e84dec9e52485f744242296f
data,exdeorum,recipe,kubejs/data/exdeorum/recipe/compressed_sieve/crushed_blackstone/golden/blackstone_pebble.json,.json,553,bc8f3537a2892d011b5d47c295508f38ff594d0eab2ac1bad55a81eb5cd706ec
data,exdeorum,recipe,kubejs/data/exdeorum/recipe/compressed_sieve/crushed_blackstone/golden/gold_nugget.json,.json,558,44d38ba1a79edb83bd2b03ea345c9c1047a7764b07b9d217899d9e5b4f9f46c1
data,exdeorum,recipe,kubejs/data/exdeorum/recipe/compressed_sieve/crushed_blackstone/golden/gunpowder.json,.json,553,01ef2811b481ba89713b70df94d0626783f8b7951287d16d3bb1e713103f2c53
data,exdeorum,recipe,kubejs/data/exdeorum/recipe/compressed_sieve/crushed_blackstone/golden/magma_cream.json,.json,555,ad2182ee264b1b8e7ee57a9cf3a75c2411b736684001aeab0d167cffddd9132a
data,exdeorum,recipe,kubejs/data/exdeorum/recipe/compressed_sieve/crushed_blackstone/iron/ancient_debris.json,.json,555,0e4ce726e1b2099b92d816e0417e7ad948e85cbd56dcbd4a5cca0026c8abcd60
data,exdeorum,recipe,kubejs/data/exdeorum/recipe/compressed_sieve/crushed_blackstone/iron/basalt_pebble.json,.json,556,919eb5247b961de2d20e348e1fbbfa719abe9e23c767b73a2d282c7ab8c26c78
data,exdeorum,recipe,kubejs/data/exdeorum/recipe/compressed_sieve/crushed_blackstone/iron/black_dye.json,.json,550,3b79a625a759e63548d68a4d714dc0c142ce230c23032d4ce1a874bf44567361
data,exdeorum,recipe,kubejs/data/exdeorum/recipe/compressed_sieve/crushed_blackstone/iron/blackstone_pebble.json,.json,551,2a593001f55f963813e4637fdef62885342aaceca945857b3c39bbb3ca600955
data,exdeorum,recipe,kubejs/data/exdeorum/recipe/compressed_sieve/crushed_blackstone/iron/gold_nugget.json,.json,555,cc3ca4df8ce692ac43e98c091ba7d2751f84461e68cee5bae09391692636e1a7
data,exdeorum,recipe,kubejs/data/exdeorum/recipe/compressed_sieve/crushed_blackstone/iron/gunpowder.json,.json,552,1580511506521dd47da35e5d2cd5bca40c6487c1a1c656e7395c6623a7fcb3ba
data,exdeorum,recipe,kubejs/data/exdeorum/recipe/compressed_sieve/crushed_blackstone/iron/magma_cream.json,.json,554,4674a4aa31714cbb11b14d81f5787f9054775222567ad3e5507e8269c0086f27
data,exdeorum,recipe,kubejs/data/exdeorum/recipe/compressed_sieve/crushed_blackstone/netherite/ancient_debris.json,.json,561,b355f1b7624506a260362f6572db4eb98c58cf316e82ec0fc6d9380e1b110f14
data,exdeorum,recipe,kubejs/data/exdeorum/recipe/compressed_sieve/crushed_blackstone/netherite/blackstone_pebble.json,.json,556,eebc45800ac9a33d70f6587ef0d2cc84a1ff453d73e1cdbd0cb24affb3e1fefc
data,exdeorum,recipe,kubejs/data/exdeorum/recipe/compressed_sieve/crushed_blackstone/netherite/gold_nugget.json,.json,561,515059307e7f9bc7c9466d8e30186c4eaeaad1f29f06b03e0d689a8c63125f60
data,exdeorum,recipe,kubejs/data/exdeorum/recipe/compressed_sieve/crushed_blackstone/netherite/gunpowder.json,.json,557,c4cc09e4a534839220f546d7c0b6247a0bab5e7a2b87ce128ca3c1e05e77fce2
data,exdeorum,recipe,kubejs/data/exdeorum/recipe/compressed_sieve/crushed_blackstone/netherite/magma_cream.json,.json,557,7e35fd492eed07cff9549e27be79c33b04e54fc0971fe8bf701da33afe331bc5
data,exdeorum,recipe,kubejs/data/exdeorum/recipe/compressed_sieve/crushed_blackstone/string/ancient_debris.json,.json,558,78224a9786b7e8158a55a69ce1b13330a7979e72edb1c60145960057a184a8a1
data,exdeorum,recipe,kubejs/data/exdeorum/recipe/compressed_sieve/crushed_blackstone/string/basalt_pebble.json,.json,557,7b1bf163c92c5c1061875eeb4dc9b0f956fb5f8cabfcbb318bc91c36ad814041
data,exdeorum,recipe,kubejs/data/exdeorum/recipe/compressed_sieve/crushed_blackstone/string/black_dye.json,.json,554,5b9a196a6ac18229624494ab083689fbfa65e9cf6378b439c1c995833de94f0e
data,exdeorum,recipe,kubejs/data/exdeorum/recipe/compressed_sieve/crushed_blackstone/string/blackstone_pebble.json,.json,553,68b7dacef054afd17e06ebff0ea90960fb34e8eb514734cb49e423f72290bb47
data,exdeorum,recipe,kubejs/data/exdeorum/recipe/compressed_sieve/crushed_blackstone/string/gold_nugget.json,.json,555,a5e514ae06db6aae36b8ff356d04c8b8dfd3e3d79c3b3dfe57279c5bc7ceb34e
data,exdeorum,recipe,kubejs/data/exdeorum/recipe/compressed_sieve/crushed_blackstone/string/gunpowder.json,.json,554,753ed997b5d806355ca486b5ced864eb8fe565d84f1d021d7d71aab9a8a12c90
data,exdeorum,recipe,kubejs/data/exdeorum/recipe/compressed_sieve/crushed_blackstone/string/magma_cream.json,.json,554,5af7c783385e0b363d18015ebbe99f4fc416e23de220504171b27a137b883d4d
data,exdeorum,recipe,kubejs/data/exdeorum/recipe/compressed_sieve/crushed_deepslate/diamond/amethyst_shard.json,.json,559,1a33267525f3989b2300b1c366f849e5d62718f53811710a0d470ce418c4d4ca
data,exdeorum,recipe,kubejs/data/exdeorum/recipe/compressed_sieve/crushed_deepslate/diamond/boron_ore_chunk.json,.json,1006,652ffe97eadc6a2e9434d585a97a4206612efb53cd5c02e2dcb6482bde129a64
data,exdeorum,recipe,kubejs/data/exdeorum/recipe/compressed_sieve/crushed_deepslate/diamond/copper_ore_chunk.json,.json,560,c8f38d13f6c091afd0f99822a86abcf34d56a9d6924bf34820590bed9a79faaa
data,exdeorum,recipe,kubejs/data/exdeorum/recipe/compressed_sieve/crushed_deepslate/diamond/deepslate_pebble.json,.json,552,326630340c4fd023ddca70eed812107a19968446d48b9c44ff674a70720f9d2d
data,exdeorum,recipe,kubejs/data/exdeorum/recipe/compressed_sieve/crushed_deepslate/diamond/diamond.json,.json,550,aa618f3ed68da650ffb0cb7a10a4bf219d2f72be336ef56991efbbee2f80d41b
data,exdeorum,recipe,kubejs/data/exdeorum/recipe/compressed_sieve/crushed_deepslate/diamond/emerald.json,.json,550,4cdfab799a4ed1321b30e212b531c4453b6f1811780048d3dee3d519806bb434
data,exdeorum,recipe,kubejs/data/exdeorum/recipe/compressed_sieve/crushed_deepslate/diamond/gold_ore_chunk.json,.json,558,17a29401f1d29b144f9dc8f364b0867a0be667aaf7faa1aa2f9f39b3198f84a4
data,exdeorum,recipe,kubejs/data/exdeorum/recipe/compressed_sieve/crushed_deepslate/diamond/iridium_ore_chunk.json,.json,1013,cb0721d395e34edecdcbbcb1e1c77ba6bc98a64a5d408d9c29a5d5f689a3f173
data,exdeorum,recipe,kubejs/data/exdeorum/recipe/compressed_sieve/crushed_deepslate/diamond/iron_ore_chunk.json,.json,557,e12cb48662190efff9971726686fb25e9e63d5a9779cb68f2918f650901ba78d
data,exdeorum,recipe,kubejs/data/exdeorum/recipe/compressed_sieve/crushed_deepslate/diamond/lapis_lazuli.json,.json,555,0cfcfda4b373cf5b6d19a0937792c2fa88a3b82e2822bae2f87529e7eba282d5
data,exdeorum,recipe,kubejs/data/exdeorum/recipe/compressed_sieve/crushed_deepslate/diamond/lead_ore_chunk.json,.json,1006,2200515c4d0d4cec20e4b49934e00c4f051d3bce94a15b8ee1fdacc43f1102c7
data,exdeorum,recipe,kubejs/data/exdeorum/recipe/compressed_sieve/crushed_deepslate/diamond/lithium_ore_chunk.json,.json,1010,63c2172543700c85554b190d1a9cb4b9ab8419a28677c793eec446ac1c6fb58b
data,exdeorum,recipe,kubejs/data/exdeorum/recipe/compressed_sieve/crushed_deepslate/diamond/magnesium_ore_chunk.json,.json,1014,c44f168fe3a169d10868906ea7d71ff4431004d17e78618016bea23ec2142623
data,exdeorum,recipe,kubejs/data/exdeorum/recipe/compressed_sieve/crushed_deepslate/diamond/nickel_ore_chunk.json,.json,1010,8a9f21e6d25187e4247fc6dadcfd37cc394a051292749f595c65aa01217fd202
data,exdeorum,recipe,kubejs/data/exdeorum/recipe/compressed_sieve/crushed_deepslate/diamond/osmium_ore_chunk.json,.json,1008,f3944b5716751505d229c9836e2df6d16e3d3a42d88e997a959437b576a557bd
data,exdeorum,recipe,kubejs/data/exdeorum/recipe/compressed_sieve/crushed_deepslate/diamond/platinum_ore_chunk.json,.json,1015,a58ddf7f79558f6e1adb7c4c0956dba5ebafc77a9b48ce5f105a57a8bcc4e865
data,exdeorum,recipe,kubejs/data/exdeorum/recipe/compressed_sieve/crushed_deepslate/diamond/silver_ore_chunk.json,.json,1010,2a33d8c4e74d3a0f45e75c2b66995a03f8d736430e39718d5244ca89e4a7aa43
data,exdeorum,recipe,kubejs/data/exdeorum/recipe/compressed_sieve/crushed_deepslate/diamond/thorium_ore_chunk.json,.json,1013,4f2de10b41e0c3a6bcb749288ce05c61863efbb3e20005e73d4f0a9d72153491
data,exdeorum,recipe,kubejs/data/exdeorum/recipe/compressed_sieve/crushed_deepslate/diamond/tin_ore_chunk.json,.json,1004,a875780b4d386ef95cc2a65759f7b9a6d1a610411afa0ecb949d547f98abb57d
data,exdeorum,recipe,kubejs/data/exdeorum/recipe/compressed_sieve/crushed_deepslate/diamond/uranium_ore_chunk.json,.json,1011,2631a8484e1866234d52056440a8a9c2c2d5e77f42a8e327251eba157575b5b9
data,exdeorum,recipe,kubejs/data/exdeorum/recipe/compressed_sieve/crushed_deepslate/flint/amethyst_shard.json,.json,556,fb1793b58323c2e43aeda858be1faa183afa33494d8608d7fb9d24432355d34e
data,exdeorum,recipe,kubejs/data/exdeorum/recipe/compressed_sieve/crushed_deepslate/flint/basalt_pebble.json,.json,553,a2d7a8bcc00304a6dd39331da14bc23ba00abe412a568c2c21b84a4520e2628e
data,exdeorum,recipe,kubejs/data/exdeorum/recipe/compressed_sieve/crushed_deepslate/flint/boron_ore_chunk.json,.json,1005,7fe9f52efdd402fefaa1a37a73332100bf61dac0bac87a4f20becf0a3799280c
data,exdeorum,recipe,kubejs/data/exdeorum/recipe/compressed_sieve/crushed_deepslate/flint/calcite_pebble.json,.json,554,1bf00ce9999d853eb07a18bb65890e8d685ddaccccbd001054b7d4329bfb50e8
data,exdeorum,recipe,kubejs/data/exdeorum/recipe/compressed_sieve/crushed_deepslate/flint/copper_ore_chunk.json,.json,558,2055e40d3c2d2842e78dfa75e75e8fc5a628f49c6a414cccf2db69c928318993
data,exdeorum,recipe,kubejs/data/exdeorum/recipe/compressed_sieve/crushed_deepslate/flint/deepslate_pebble.json,.json,550,be17eaae80f11d2efbf2765d5e42726a833759c07c648d3d722bfb610471987f
data,exdeorum,recipe,kubejs/data/exdeorum/recipe/compressed_sieve/crushed_deepslate/flint/diamond.json,.json,550,3b1944f055f6f6aba7226fb63fa7648efe22894b4327198462a3d03da806e7b2
data,exdeorum,recipe,kubejs/data/exdeorum/recipe/compressed_sieve/crushed_deepslate/flint/emerald.json,.json,548,1638d2f4f2c95a309b5377722a5825ca257b68165fbcbddae712e6b8da040b2d
data,exdeorum,recipe,kubejs/data/exdeorum/recipe/compressed_sieve/crushed_deepslate/flint/gold_ore_chunk.json,.json,554,bd4fb3a27607430b3523a9bbfaff182ba6a9cdc144b344249314d48f7c69bdf9
data,exdeorum,recipe,kubejs/data/exdeorum/recipe/compressed_sieve/crushed_deepslate/flint/iridium_ore_chunk.json,.json,1010,e3cdf87d114da5c95207d82d394070cbff8b2febaed7fe9b60e63a925d86fad9
data,exdeorum,recipe,kubejs/data/exdeorum/recipe/compressed_sieve/crushed_deepslate/flint/iron_ore_chunk.json,.json,556,859cc3fec27c87f7950658f28ab5a30fb1d87730ebfb529321d12eaa1e7ddeda
data,exdeorum,recipe,kubejs/data/exdeorum/recipe/compressed_sieve/crushed_deepslate/flint/lapis_lazuli.json,.json,555,c19c198d734a49293062b067f74fbfec13878f04ffb5feb35a6f2814304ddd5c
data,exdeorum,recipe,kubejs/data/exdeorum/recipe/compressed_sieve/crushed_deepslate/flint/lead_ore_chunk.json,.json,1002,691e0dba863eae87cfd461f9f1d11edc33f11bc18359b2114dbf6d5afb98464f
data,exdeorum,recipe,kubejs/data/exdeorum/recipe/compressed_sieve/crushed_deepslate/flint/lithium_ore_chunk.json,.json,1010,1e4b56e12d10430475131ea0bc42f6ac3f59b4cc5f37b4e925e195e6e77fbcc5
data,exdeorum,recipe,kubejs/data/exdeorum/recipe/compressed_sieve/crushed_deepslate/flint/magnesium_ore_chunk.json,.json,1013,2943c66d3ec73e1ebbc0bf475bd673b494a0707ef0158a3f7b3991e726bb85a3
data,exdeorum,recipe,kubejs/data/exdeorum/recipe/compressed_sieve/crushed_deepslate/flint/nickel_ore_chunk.json,.json,1007,d665be0d68a5256f6e9fee0a7fd24a772db77bb298e2b12164a51e7dd9386e2d
data,exdeorum,recipe,kubejs/data/exdeorum/recipe/compressed_sieve/crushed_deepslate/flint/osmium_ore_chunk.json,.json,1006,2ccdfedbb64d49f331b649ea2b4549fb444afc628bdfce13c09a3bcd61cff268
data,exdeorum,recipe,kubejs/data/exdeorum/recipe/compressed_sieve/crushed_deepslate/flint/platinum_ore_chunk.json,.json,1012,1cf1fa9942fcb09137424eb8a71f4d468475009fe3872cace48a780b998f59c2
data,exdeorum,recipe,kubejs/data/exdeorum/recipe/compressed_sieve/crushed_deepslate/flint/silver_ore_chunk.json,.json,1006,0e030de522eba301cdd63f9c67424b5f3ea419e106d16b678847559d878ad6fd
data,exdeorum,recipe,kubejs/data/exdeorum/recipe/compressed_sieve/crushed_deepslate/flint/thorium_ore_chunk.json,.json,1011,954b1e45a768670d8b0d2b276f1aad8727b9b9112bf133d70fa02e94a5cd0b28
data,exdeorum,recipe,kubejs/data/exdeorum/recipe/compressed_sieve/crushed_deepslate/flint/tin_ore_chunk.json,.json,1002,6ec256693b82f9653fb3ceb876465186d6115be0b5b47d822234bfa4d50af873
data,exdeorum,recipe,kubejs/data/exdeorum/recipe/compressed_sieve/crushed_deepslate/flint/tuff_pebble.json,.json,551,3fe126166ddc9dc8921ae47cca2c6508c1778a023bc1da5e28a1b85359a352f1
data,exdeorum,recipe,kubejs/data/exdeorum/recipe/compressed_sieve/crushed_deepslate/flint/uranium_ore_chunk.json,.json,1009,4bcfc3fdea9c0d54b4083a1d0cfb69f0ba2d30f9f10bbd07e0b5049f31674b19
data,exdeorum,recipe,kubejs/data/exdeorum/recipe/compressed_sieve/crushed_deepslate/golden/amethyst_shard.json,.json,556,a3eeb3b0a5cb82fca2d0f24097132d9fee2bdbba07939f18093f44c8f6d1d4cf
data,exdeorum,recipe,kubejs/data/exdeorum/recipe/compressed_sieve/crushed_deepslate/golden/boron_ore_chunk.json,.json,1008,c4802739843f0aa25cd9ed2ff098ff244c0a244d82dd062d16039890bd62773a
data,exdeorum,recipe,kubejs/data/exdeorum/recipe/compressed_sieve/crushed_deepslate/golden/copper_ore_chunk.json,.json,559,2f2e414548a864423a9051dea847d375ee53ea6f7cdcbbd464a772d316a6c831
data,exdeorum,recipe,kubejs/data/exdeorum/recipe/compressed_sieve/crushed_deepslate/golden/deepslate_pebble.json,.json,551,3f20d19ef6cdae841cda5f86da62a585f1437408f7d1237835a45b3623ab3ce7
data,exdeorum,recipe,kubejs/data/exdeorum/recipe/compressed_sieve/crushed_deepslate/golden/diamond.json,.json,549,e56b30eadf3815f11fa9cc95783e8b511f2284882737027d234fa55eefa44b71
data,exdeorum,recipe,kubejs/data/exdeorum/recipe/compressed_sieve/crushed_deepslate/golden/emerald.json,.json,551,597e93081b64daecdf80d23ddb011d0620e9ab6be88351328a2bf24cbfeb297b
data,exdeorum,recipe,kubejs/data/exdeorum/recipe/compressed_sieve/crushed_deepslate/golden/gold_nugget.json,.json,555,6f678c2a050a914f335eff2adea3f0137a81175ac68928bb7eeec804d652571f
data,exdeorum,recipe,kubejs/data/exdeorum/recipe/compressed_sieve/crushed_deepslate/golden/gold_ore_chunk.json,.json,557,edd28f258f320ae73b0333ffe0d660a835533ad217fb33b488c75019db8dcd5c
data,exdeorum,recipe,kubejs/data/exdeorum/recipe/compressed_sieve/crushed_deepslate/golden/iridium_ore_chunk.json,.json,1009,8f613dc4f7dff1ee2b23da52404c5e247f2c0d39340f914c4507e0eb431f00de
data,exdeorum,recipe,kubejs/data/exdeorum/recipe/compressed_sieve/crushed_deepslate/golden/iron_ore_chunk.json,.json,557,08205f6e097fd66dab8a83e707a7f5cdac5718d1f26b8d8fb2aab5805c18c235
data,exdeorum,recipe,kubejs/data/exdeorum/recipe/compressed_sieve/crushed_deepslate/golden/lapis_lazuli.json,.json,556,a52102bfc441209e6010ba9153b177adb2c9a3bb4029dee15890ff6b0dfcf940
data,exdeorum,recipe,kubejs/data/exdeorum/recipe/compressed_sieve/crushed_deepslate/golden/lead_ore_chunk.json,.json,1005,9bddd12ef3f2c4bfe61a2bb02d65ef5b4985c478b79aceb9df2677fb5265c365
data,exdeorum,recipe,kubejs/data/exdeorum/recipe/compressed_sieve/crushed_deepslate/golden/lithium_ore_chunk.json,.json,1012,deecabafe77bcc0284716279b3060fc7d49190287ef3302fb73bad751bb92756
data,exdeorum,recipe,kubejs/data/exdeorum/recipe/compressed_sieve/crushed_deepslate/golden/magnesium_ore_chunk.json,.json,1013,3632b2e65423ce770f1c9d37a70ed97a08feeb309db2ffb40a97172abc4dd6d9
data,exdeorum,recipe,kubejs/data/exdeorum/recipe/compressed_sieve/crushed_deepslate/golden/nickel_ore_chunk.json,.json,1009,07535f60a1e6a7a3b861dde51a22f67410fb5c59c02fa0877ed45f88cba28583
data,exdeorum,recipe,kubejs/data/exdeorum/recipe/compressed_sieve/crushed_deepslate/golden/osmium_ore_chunk.json,.json,1009,986220ef15615746f5fb870b93b6ad12b1d8d1027c8fa84a6f39bf525421963f
data,exdeorum,recipe,kubejs/data/exdeorum/recipe/compressed_sieve/crushed_deepslate/golden/platinum_ore_chunk.json,.json,1013,b8e2ff39137cd8c24bda995f30d0b406de7a79077474998ed4265953d801cf44
data,exdeorum,recipe,kubejs/data/exdeorum/recipe/compressed_sieve/crushed_deepslate/golden/raw_gold.json,.json,552,bb5757ead237f0983bb2c1a62b77879529d8fb75c1438e87fe0501709edf2917
data,exdeorum,recipe,kubejs/data/exdeorum/recipe/compressed_sieve/crushed_deepslate/golden/silver_ore_chunk.json,.json,1009,78430078de7007c9f3629bd47877abc935394fee735d4cd7d97bb9ec3ff2cae1
data,exdeorum,recipe,kubejs/data/exdeorum/recipe/compressed_sieve/crushed_deepslate/golden/thorium_ore_chunk.json,.json,1012,bcb782e8c46d1b70de82e6e451896abc2a0d261d0bd9aab39052bc96d0ded988
data,exdeorum,recipe,kubejs/data/exdeorum/recipe/compressed_sieve/crushed_deepslate/golden/tin_ore_chunk.json,.json,1001,cb9de411fdf2b6cc7eab369144803f9be0e643e65045983a4340fae3fd96c086
data,exdeorum,recipe,kubejs/data/exdeorum/recipe/compressed_sieve/crushed_deepslate/golden/uranium_ore_chunk.json,.json,1011,d3234cc2f5ba62e2d043d884f1a59b703fd4ec6a9a3b3f14f58df362965f98dc
data,exdeorum,recipe,kubejs/data/exdeorum/recipe/compressed_sieve/crushed_deepslate/iron/amethyst_shard.json,.json,555,28d552991e3aaf1194ace53e1a81998f10b89fb6de1d794412742c3de85cd5e5
data,exdeorum,recipe,kubejs/data/exdeorum/recipe/compressed_sieve/crushed_deepslate/iron/boron_ore_chunk.json,.json,1004,daf31fd4d99671bb537a5ddb517073aaabba85bdac029a6e24c99cdaa926444a
data,exdeorum,recipe,kubejs/data/exdeorum/recipe/compressed_sieve/crushed_deepslate/iron/copper_ore_chunk.json,.json,556,56cc061c1ac854ae6d6c98277b7f0285f0a84e12daa5dd3a71cf4482c9f96fdf
data,exdeorum,recipe,kubejs/data/exdeorum/recipe/compressed_sieve/crushed_deepslate/iron/deepslate_pebble.json,.json,549,fa2af23fb778da5027372bb02d36f25af2cdb6dde0a0abf0718e81dc4befac10
data,exdeorum,recipe,kubejs/data/exdeorum/recipe/compressed_sieve/crushed_deepslate/iron/diamond.json,.json,548,4aa0925c6f17a49c32a1eaac8633e529e503064616e71678002f77017eacec1e
data,exdeorum,recipe,kubejs/data/exdeorum/recipe/compressed_sieve/crushed_deepslate/iron/emerald.json,.json,549,578170961b54f729831631eb5e50ed6d19d9cef167daa8e62e4ce9e6affae90c
data,exdeorum,recipe,kubejs/data/exdeorum/recipe/compressed_sieve/crushed_deepslate/iron/gold_ore_chunk.json,.json,555,3d637fb0d6cc5189b146f597d091a6721355a0f56e823a2ef533470c63a67144
data,exdeorum,recipe,kubejs/data/exdeorum/recipe/compressed_sieve/crushed_deepslate/iron/iridium_ore_chunk.json,.json,1008,90f1bb122aca5284172da74d91e3c300d6462a4fcca355820587b707da24b0c5
data,exdeorum,recipe,kubejs/data/exdeorum/recipe/compressed_sieve/crushed_deepslate/iron/iron_ore_chunk.json,.json,555,29a8b5f3af2d02ee1edebd7c87f68dca90d0ee25e460436dc3ff1202f7d7714e
data,exdeorum,recipe,kubejs/data/exdeorum/recipe/compressed_sieve/crushed_deepslate/iron/lapis_lazuli.json,.json,552,37426d9fb6529d68f346aab69ae279f1e4bfc63259b541df8c9f13b052be1d4f
data,exdeorum,recipe,kubejs/data/exdeorum/recipe/compressed_sieve/crushed_deepslate/iron/lead_ore_chunk.json,.json,1002,468138a18e45f5dc6b9ffae2a6ba0f2a218217fe19cc0f7172782adb25cb814b
data,exdeorum,recipe,kubejs/data/exdeorum/recipe/compressed_sieve/crushed_deepslate/iron/lithium_ore_chunk.json,.json,1008,49526082b73a1f1bb35cf03dc7e04f5e0eefb87c7bd6caeaf6d1f3b68faf4693
data,exdeorum,recipe,kubejs/data/exdeorum/recipe/compressed_sieve/crushed_deepslate/iron/magnesium_ore_chunk.json,.json,1013,02112f83cdc220957db79085246a24d6e86cccd9c4a65fdcb126ca222558e0a5
data,exdeorum,recipe,kubejs/data/exdeorum/recipe/compressed_sieve/crushed_deepslate/iron/nickel_ore_chunk.json,.json,1007,c204d77fafb0b70abdafdfc6a80fa0c6113d6a55841692494ab52050e038f03e
data,exdeorum,recipe,kubejs/data/exdeorum/recipe/compressed_sieve/crushed_deepslate/iron/osmium_ore_chunk.json,.json,1006,ee075fe925f9dc3cb41742958d26e076d1c9edaa6bbda2d64a3dbdee3786be33
data,exdeorum,recipe,kubejs/data/exdeorum/recipe/compressed_sieve/crushed_deepslate/iron/platinum_ore_chunk.json,.json,1012,e259f4fee0e1b0d73a1a45ef5e1b0449de195c1f5caa42a053368a0376235781
data,exdeorum,recipe,kubejs/data/exdeorum/recipe/compressed_sieve/crushed_deepslate/iron/silver_ore_chunk.json,.json,1006,21bca65e5cd09b510d16e76c9fc548c484a323a9bae6f4521d47eccabe218a55
data,exdeorum,recipe,kubejs/data/exdeorum/recipe/compressed_sieve/crushed_deepslate/iron/thorium_ore_chunk.json,.json,1010,873b4f67d664d069db7c2e055ed1afc8a0b06c3312c17c1944d79cd9c8aad1ff
data,exdeorum,recipe,kubejs/data/exdeorum/recipe/compressed_sieve/crushed_deepslate/iron/tin_ore_chunk.json,.json,1001,ad98b07f282678e0432faa642e5ff7948a2487c6982a728b5a7a8226ecd2f687
data,exdeorum,recipe,kubejs/data/exdeorum/recipe/compressed_sieve/crushed_deepslate/iron/uranium_ore_chunk.json,.json,1007,0b33c795a907c8d7dd12e5a2d9260ec771d33cc091186cdb791de1fbfca10bd4
data,exdeorum,recipe,kubejs/data/exdeorum/recipe/compressed_sieve/crushed_deepslate/netherite/amethyst_shard.json,.json,560,a8205d9f36119fd6db4b067505cc94a128fdb586fcfa9eaf3ff3184820874c0c
data,exdeorum,recipe,kubejs/data/exdeorum/recipe/compressed_sieve/crushed_deepslate/netherite/boron_ore_chunk.json,.json,1010,4acbf06ab89794b08afaea8ed571178346f94e1d46d025c0dbcee06a1e01035b
data,exdeorum,recipe,kubejs/data/exdeorum/recipe/compressed_sieve/crushed_deepslate/netherite/copper_ore_chunk.json,.json,561,322262585dad423f99b783b433fe18f3fae18c30b801c6c5ec0ef9f4632d1bb2
data,exdeorum,recipe,kubejs/data/exdeorum/recipe/compressed_sieve/crushed_deepslate/netherite/deepslate_pebble.json,.json,554,046c2d6ce556a531e068b5937f99e85590ec71071b4503224ee58ae67ab49b61
data,exdeorum,recipe,kubejs/data/exdeorum/recipe/compressed_sieve/crushed_deepslate/netherite/diamond.json,.json,553,04c1c3e8aa98ee6daabddd3087cd920605d294020d4c0193022890d6cf182e8a
data,exdeorum,recipe,kubejs/data/exdeorum/recipe/compressed_sieve/crushed_deepslate/netherite/emerald.json,.json,553,3163e716ce5e1334cdcc29128930c1f326efcc342f93c2c0209d334e3560dfb9
data,exdeorum,recipe,kubejs/data/exdeorum/recipe/compressed_sieve/crushed_deepslate/netherite/gold_ore_chunk.json,.json,560,b39e1b010b6a990b6cb766d384daac46cedd0409f60602c1f49778fe7cb6612e
data,exdeorum,recipe,kubejs/data/exdeorum/recipe/compressed_sieve/crushed_deepslate/netherite/iridium_ore_chunk.json,.json,1015,1ffbb9c1fbd5d90a034467decff9c0fab07dc263378697b2148778b9c8d2cdec
data,exdeorum,recipe,kubejs/data/exdeorum/recipe/compressed_sieve/crushed_deepslate/netherite/iron_ore_chunk.json,.json,558,601a9952ef60e1f2c827539ac64849c1a9a0e919e8735aba8293a239d959ba7d
data,exdeorum,recipe,kubejs/data/exdeorum/recipe/compressed_sieve/crushed_deepslate/netherite/lapis_lazuli.json,.json,558,ae2ab0c1f31be5c0a619bc8d087381a6fb33589d3a0480899017eb6aac21977e
data,exdeorum,recipe,kubejs/data/exdeorum/recipe/compressed_sieve/crushed_deepslate/netherite/lead_ore_chunk.json,.json,1006,b909279bc6454e4d736de08d3af511b297f958fed9ef6bd0bc1632ef580a412e
data,exdeorum,recipe,kubejs/data/exdeorum/recipe/compressed_sieve/crushed_deepslate/netherite/lithium_ore_chunk.json,.json,1015,312ddf4cade5eb29655dd32fc708d4bc28561d9321de182d2c150959909f4a9e
data,exdeorum,recipe,kubejs/data/exdeorum/recipe/compressed_sieve/crushed_deepslate/netherite/magnesium_ore_chunk.json,.json,1017,c2efffe7fdbbb118a5bce47709b528f3a042f3f308e9037288a1205a1d12f3ff
data,exdeorum,recipe,kubejs/data/exdeorum/recipe/compressed_sieve/crushed_deepslate/netherite/nickel_ore_chunk.json,.json,1012,b95533d598b270418945a44c9e65401612371a9956bb3b6eb8ed4052b0f34095
data,exdeorum,recipe,kubejs/data/exdeorum/recipe/compressed_sieve/crushed_deepslate/netherite/osmium_ore_chunk.json,.json,1011,5aace4b3e1cb2f81da817c37952daa98c991a0fbd47dfca9d80051be62a4323d
data,exdeorum,recipe,kubejs/data/exdeorum/recipe/compressed_sieve/crushed_deepslate/netherite/platinum_ore_chunk.json,.json,1016,a105ab3bd029b28ae4fe18a188f9ac3b55b08cd83f1eeda07bfb517dd06ca94c
data,exdeorum,recipe,kubejs/data/exdeorum/recipe/compressed_sieve/crushed_deepslate/netherite/silver_ore_chunk.json,.json,1010,6f07a206f67930f0288429d6fb306f823217583b78e1d68b28d9fb24a0ead3ea
data,exdeorum,recipe,kubejs/data/exdeorum/recipe/compressed_sieve/crushed_deepslate/netherite/thorium_ore_chunk.json,.json,1014,3ed94e3b3da2e37321cd5dab0d979f2218751ca8a921fde7b6416d4e1d2d0144
data,exdeorum,recipe,kubejs/data/exdeorum/recipe/compressed_sieve/crushed_deepslate/netherite/tin_ore_chunk.json,.json,1004,83c181f4f216a353f78d5068488f1c540d94029c4bb29b55a23fed26c399777c
data,exdeorum,recipe,kubejs/data/exdeorum/recipe/compressed_sieve/crushed_deepslate/netherite/uranium_ore_chunk.json,.json,1012,3417ad3039ca03730a46ff4f51b9bfe6ac1d13e9200ca5045af85698ea7ee804
data,exdeorum,recipe,kubejs/data/exdeorum/recipe/compressed_sieve/crushed_deepslate/string/amethyst_shard.json,.json,558,43c9ff0ba59d3421dd08600051500287c051e08b74c78ac494e1ff0eff49d83f
data,exdeorum,recipe,kubejs/data/exdeorum/recipe/compressed_sieve/crushed_deepslate/string/boron_ore_chunk.json,.json,1007,a4227962db06b241794ef1f19c8e2099ae1b508e346e1ca8f1c080d0a9bc3295
data,exdeorum,recipe,kubejs/data/exdeorum/recipe/compressed_sieve/crushed_deepslate/string/copper_ore_chunk.json,.json,557,9443840422716b1fe3a804da681f29e7a3148629b6c1db4c6a3ea5481bc33309
data,exdeorum,recipe,kubejs/data/exdeorum/recipe/compressed_sieve/crushed_deepslate/string/deepslate_pebble.json,.json,551,bce61f12f49fb90e198da121fae50c8b080f55a8efd4d063bdf386fcb623630c
data,exdeorum,recipe,kubejs/data/exdeorum/recipe/compressed_sieve/crushed_deepslate/string/diamond.json,.json,549,ff4b8568be3168dc6f70c31919f6b5bdc4494bb50bebc474538b2452c40d903e
data,exdeorum,recipe,kubejs/data/exdeorum/recipe/compressed_sieve/crushed_deepslate/string/emerald.json,.json,551,5a8457bfcacc3793a8d0d72c5d23d70f87d522f64c25a4357e94d36a85c2d96e
data,exdeorum,recipe,kubejs/data/exdeorum/recipe/compressed_sieve/crushed_deepslate/string/gold_ore_chunk.json,.json,555,0876dcde0f3a534dc964874d87d4eb6dee116d54d9ce230d15763f0ba989ecae
data,exdeorum,recipe,kubejs/data/exdeorum/recipe/compressed_sieve/crushed_deepslate/string/iridium_ore_chunk.json,.json,1009,6c0755a7a978549e22973104bece2727b681cf68a4a9afdc7e75ac783a73f688
data,exdeorum,recipe,kubejs/data/exdeorum/recipe/compressed_sieve/crushed_deepslate/string/iron_ore_chunk.json,.json,555,7f4ccb0f970597b0c24ebf766a0c8268248b762e130fe77d1eff26abb03892d1
data,exdeorum,recipe,kubejs/data/exdeorum/recipe/compressed_sieve/crushed_deepslate/string/lapis_lazuli.json,.json,554,76a67ddf2fb7514c7e7592c1552f54d6acbaacd19fef009a7275f2834c0b88dd
data,exdeorum,recipe,kubejs/data/exdeorum/recipe/compressed_sieve/crushed_deepslate/string/lead_ore_chunk.json,.json,1005,3ce3884dcfaf33b461c5a0e1998b2d66c37e10284c7aa9206cecaa6cbcb4a03c
data,exdeorum,recipe,kubejs/data/exdeorum/recipe/compressed_sieve/crushed_deepslate/string/lithium_ore_chunk.json,.json,1012,ec8090a908bb87ab0cd96355c501a1c21b2a4c1866ad84d41a2d1b8ce4007005
data,exdeorum,recipe,kubejs/data/exdeorum/recipe/compressed_sieve/crushed_deepslate/string/magnesium_ore_chunk.json,.json,1015,51b1a7d6cf02f33441a3923705301e8f9a65d808b6c75f82b2836c80dce8fb5e
data,exdeorum,recipe,kubejs/data/exdeorum/recipe/compressed_sieve/crushed_deepslate/string/nickel_ore_chunk.json,.json,1007,bb89cb0a371060f6482cd899a42dbd795d716dfa0fdf4cf594c7a384b7f813d5
data,exdeorum,recipe,kubejs/data/exdeorum/recipe/compressed_sieve/crushed_deepslate/string/osmium_ore_chunk.json,.json,1008,ae36e7c84fb75237fe7dd4f2e4fd321d2d6329b99e5c2ee08998f400074c36ce
data,exdeorum,recipe,kubejs/data/exdeorum/recipe/compressed_sieve/crushed_deepslate/string/platinum_ore_chunk.json,.json,1013,63fb3e333f2abcb8fcf1900a04cfd2b484dcb4907abf128e5b342ae57960aa4e
data,exdeorum,recipe,kubejs/data/exdeorum/recipe/compressed_sieve/crushed_deepslate/string/silver_ore_chunk.json,.json,1009,ce0e17b8d36e9e71360df1fbfecf146e3f1c966f69e15e124fd1fc8c02eb14ee
data,exdeorum,recipe,kubejs/data/exdeorum/recipe/compressed_sieve/crushed_deepslate/string/thorium_ore_chunk.json,.json,1010,00700885ca8503ca71e4c104a122234498ca56ebfbde7e49add2c30a05eefb33
data,exdeorum,recipe,kubejs/data/exdeorum/recipe/compressed_sieve/crushed_deepslate/string/tin_ore_chunk.json,.json,1003,5c996f17141cf1e11546aebbf98ef2a69b47f08ce696ac59d4b55a34e3994510
data,exdeorum,recipe,kubejs/data/exdeorum/recipe/compressed_sieve/crushed_deepslate/string/uranium_ore_chunk.json,.json,1009,b343eb3859a4e9f0caee0823d848571bbf47fc8689dd0de5a60f897539cb3ddd
data,exdeorum,recipe,kubejs/data/exdeorum/recipe/compressed_sieve/crushed_end_stone/diamond/chorus_flower.json,.json,556,b827a6f6b3e63d4565b33ea7a94a9ebc7bf3fb91c093d0e04fbc93a489f6e710
data,exdeorum,recipe,kubejs/data/exdeorum/recipe/compressed_sieve/crushed_end_stone/diamond/chorus_fruit.json,.json,556,f74844e4d67f797cca1990792795c17bbe8278076f0591bf5647d54f73da2f97
data,exdeorum,recipe,kubejs/data/exdeorum/recipe/compressed_sieve/crushed_end_stone/diamond/ender_eye.json,.json,554,728959a51c334561e481e90b00e361b286c732baf6ca8554d7869a5abd33d7f3
data,exdeorum,recipe,kubejs/data/exdeorum/recipe/compressed_sieve/crushed_end_stone/diamond/ender_pearl.json,.json,548,de4c8e5bf3b3c0186fca37366bda2fb9a111c0d8dc4a93e9554d5b06ba3fed55
data,exdeorum,recipe,kubejs/data/exdeorum/recipe/compressed_sieve/crushed_end_stone/flint/chorus_flower.json,.json,555,a1ee444343d4290534dff302d63424675d307150bc7e29a6e72bf9119f3598ef
data,exdeorum,recipe,kubejs/data/exdeorum/recipe/compressed_sieve/crushed_end_stone/flint/chorus_fruit.json,.json,547,ce2d41526adfc1d10214817a0bb63d51a26b66fbbdb49918f3d61ccfb04a8a5a
data,exdeorum,recipe,kubejs/data/exdeorum/recipe/compressed_sieve/crushed_end_stone/flint/ender_eye.json,.json,552,00e636483e0c21c770658ab33af8f381963a6221c5b491605a0d05726faafe31
data,exdeorum,recipe,kubejs/data/exdeorum/recipe/compressed_sieve/crushed_end_stone/flint/ender_pearl.json,.json,552,5c0b17a53970da2c2a767dcdb6cc33c55cfdae3f3ad496c4667323da9d2d05f9
data,exdeorum,recipe,kubejs/data/exdeorum/recipe/compressed_sieve/crushed_end_stone/golden/chorus_flower.json,.json,556,22d6956fdb53eba90d5aa6a1dcb7101327a25d93272d3ef2a5d48e9be0effe70
data,exdeorum,recipe,kubejs/data/exdeorum/recipe/compressed_sieve/crushed_end_stone/golden/chorus_fruit.json,.json,548,d4fb7c4ea6541d59523d5595717aae3c50535333a0f8c02ee99a7520b64625e7
data,exdeorum,recipe,kubejs/data/exdeorum/recipe/compressed_sieve/crushed_end_stone/golden/ender_eye.json,.json,553,05114049fe718e06e5f05016634c2c7c82ef8d2b9eabe3ff55c940668f46ee53
data,exdeorum,recipe,kubejs/data/exdeorum/recipe/compressed_sieve/crushed_end_stone/golden/ender_pearl.json,.json,553,fcfc9a24136a1602b7257b56e897f768ef694d34dcc4b43157d5564464257ead
data,exdeorum,recipe,kubejs/data/exdeorum/recipe/compressed_sieve/crushed_end_stone/iron/chorus_flower.json,.json,555,8c07d58608625d3a33ef6d3970f50218b572257b45a4a1583acd7ad4e7d9e923
data,exdeorum,recipe,kubejs/data/exdeorum/recipe/compressed_sieve/crushed_end_stone/iron/chorus_fruit.json,.json,546,2ac638fb501066c697712b8c30ce12a8bc2c05de8ccfb9ded1af4f99956a29a6
data,exdeorum,recipe,kubejs/data/exdeorum/recipe/compressed_sieve/crushed_end_stone/iron/ender_eye.json,.json,549,a2756783bd058c2e504988efc5d5fc2aa14063b6e338ea7a574f9cb1879af8f5
data,exdeorum,recipe,kubejs/data/exdeorum/recipe/compressed_sieve/crushed_end_stone/iron/ender_pearl.json,.json,552,a003c74e7cdd19690253713b83b5277947a1f2e2b0c6dc2e1a39fed1249529a2
data,exdeorum,recipe,kubejs/data/exdeorum/recipe/compressed_sieve/crushed_end_stone/netherite/chorus_flower.json,.json,558,45661b1a22147d763cfeac24b19b6ecdb5010bacf7abc0d7bf31ce1fc0b5614e
data,exdeorum,recipe,kubejs/data/exdeorum/recipe/compressed_sieve/crushed_end_stone/netherite/chorus_fruit.json,.json,558,256abae7992b23e3243a9a199e64bb0379e952f1855d399547338b220a2c27f4
data,exdeorum,recipe,kubejs/data/exdeorum/recipe/compressed_sieve/crushed_end_stone/netherite/echo_shard.json,.json,557,29a6789abf0aed15be827c90080d1381098cc20bab1a3a8462258d40ac0163d0
data,exdeorum,recipe,kubejs/data/exdeorum/recipe/compressed_sieve/crushed_end_stone/netherite/ender_eye.json,.json,556,98c5c1646ed2cc5b886f77a0d1ebc1fbff3f08a7f303122211e9384ade165c7c
data,exdeorum,recipe,kubejs/data/exdeorum/recipe/compressed_sieve/crushed_end_stone/netherite/ender_pearl.json,.json,550,beb5e684065867bb9dda2473bcf7246ad6e56a9162a065c1db8d6a4ce5b7321d
data,exdeorum,recipe,kubejs/data/exdeorum/recipe/compressed_sieve/crushed_end_stone/netherite/sculk_shrieker.json,.json,561,26b23e50822d7d28f00f389e2c0d63e047838be8fbbb3c31a7a719d98d8284c2
data,exdeorum,recipe,kubejs/data/exdeorum/recipe/compressed_sieve/crushed_end_stone/string/chorus_flower.json,.json,555,7f39fd79a56ae1305ca224b89afe98208f94777df123e90c8b2a5548c9d5b43f
data,exdeorum,recipe,kubejs/data/exdeorum/recipe/compressed_sieve/crushed_end_stone/string/chorus_fruit.json,.json,548,47b67173184d2978ca20cef4dc42405a389ee808d3e8c5a907e805418cc2fcc8
data,exdeorum,recipe,kubejs/data/exdeorum/recipe/compressed_sieve/crushed_end_stone/string/ender_eye.json,.json,552,94ed8dd7c3371f13e0cf6c3fd6b0f110e80deb9ca8398fce02c8c2007974d0d8
data,exdeorum,recipe,kubejs/data/exdeorum/recipe/compressed_sieve/crushed_end_stone/string/ender_pearl.json,.json,555,55da3d956e626fc3f66e89361f07943830dd8eafb2c930b713c7832bdb84e32e
data,exdeorum,recipe,kubejs/data/exdeorum/recipe/compressed_sieve/crushed_netherrack/diamond/blackstone_pebble.json,.json,554,e31970968882de12da896df759ac80b87d1678cde5df1cfafc7414b522526659
data,exdeorum,recipe,kubejs/data/exdeorum/recipe/compressed_sieve/crushed_netherrack/diamond/blaze_powder.json,.json,557,9d5885c2dd2e2f67b957e26b5ddc0adf1767b7e1438d287447296e3dd82510f8
data,exdeorum,recipe,kubejs/data/exdeorum/recipe/compressed_sieve/crushed_netherrack/diamond/cobalt_ore_chunk.json,.json,1011,dc2253f919b49f429041fd67d1b1796eef6b51c90e7f86eb66f87801ee18e561
data,exdeorum,recipe,kubejs/data/exdeorum/recipe/compressed_sieve/crushed_netherrack/diamond/gold_nugget.json,.json,555,0c2d42832418b6e495122e80f6117a69881c3f1fbaf71867569b9f4c499c04f1
data,exdeorum,recipe,kubejs/data/exdeorum/recipe/compressed_sieve/crushed_netherrack/diamond/gunpowder.json,.json,555,a79748975bc5bff0bae96e55c7931c3fbc64723f238b9faeb8ee107c0f8cc1bd
data,exdeorum,recipe,kubejs/data/exdeorum/recipe/compressed_sieve/crushed_netherrack/diamond/magma_cream.json,.json,556,15b331e360b019ef3b563659a7532bcc55f8afd05c5dd8f761a47b67cb1da83e
data,exdeorum,recipe,kubejs/data/exdeorum/recipe/compressed_sieve/crushed_netherrack/diamond/quartz.json,.json,552,58d44bb2409f2db8c01496f19560fb8c2817b019d4e9fa225868cb06c02a15af
data,exdeorum,recipe,kubejs/data/exdeorum/recipe/compressed_sieve/crushed_netherrack/flint/basalt_pebble.json,.json,554,c90f1890e1a9f198f1375a239244da7dabfe841e4dcb6291fd7364544d6778e5
data,exdeorum,recipe,kubejs/data/exdeorum/recipe/compressed_sieve/crushed_netherrack/flint/blackstone_pebble.json,.json,552,8bb18c797bc20aa4b68d430fcac077dc7767a71ec54a57f0d7c77333fe29c9cc
data,exdeorum,recipe,kubejs/data/exdeorum/recipe/compressed_sieve/crushed_netherrack/flint/blaze_powder.json,.json,556,6f0000406a3bd6157eac631839c0a0333b86f19f4c144cbdfc050ee1ce53385e
data,exdeorum,recipe,kubejs/data/exdeorum/recipe/compressed_sieve/crushed_netherrack/flint/cobalt_ore_chunk.json,.json,1009,dca7fd22543140be9f69a31564c25ea8e89ddfed7714fa2998d4bb074479bde7
data,exdeorum,recipe,kubejs/data/exdeorum/recipe/compressed_sieve/crushed_netherrack/flint/crimson_nylium_spores.json,.json,564,29caa66586b04f61ca48d4b76c9badc892617c7d4c8ea16dbf167fc45b1795e7
data,exdeorum,recipe,kubejs/data/exdeorum/recipe/compressed_sieve/crushed_netherrack/flint/gold_nugget.json,.json,553,0320e9f62dfcbc8e6ee1c142d042ca96afaa2a33f2138caff6fe7747afd92130
data,exdeorum,recipe,kubejs/data/exdeorum/recipe/compressed_sieve/crushed_netherrack/flint/gunpowder.json,.json,553,5362488ca4dceafc0a18c1306ff9dadde396bb08f0bdb8f1e6a00d73f6373163
data,exdeorum,recipe,kubejs/data/exdeorum/recipe/compressed_sieve/crushed_netherrack/flint/magma_cream.json,.json,554,2beee7a215b681c954e9ad726fd3dd92dc9d223926aad1439f326eb435eb39ce
data,exdeorum,recipe,kubejs/data/exdeorum/recipe/compressed_sieve/crushed_netherrack/flint/quartz.json,.json,550,736419789c97b1eb0312c216eed614b3377758ea6f43b987c3c0f02e3f581f57
data,exdeorum,recipe,kubejs/data/exdeorum/recipe/compressed_sieve/crushed_netherrack/flint/warped_nylium_spores.json,.json,563,792c8851d572dd593de9dfc3c5ba0b60914e5eaf786490489f29944fac9647c3
data,exdeorum,recipe,kubejs/data/exdeorum/recipe/compressed_sieve/crushed_netherrack/golden/basalt_pebble.json,.json,558,d9be6fd5cfd96a7e1964e33a578d03ff60bc003da3d24757aa430f791a2a2025
data,exdeorum,recipe,kubejs/data/exdeorum/recipe/compressed_sieve/crushed_netherrack/golden/blackstone_pebble.json,.json,553,52cf97fc925090b37394d0315ca553646a9070b50d89d4376158bbb2ea4b1c8a
data,exdeorum,recipe,kubejs/data/exdeorum/recipe/compressed_sieve/crushed_netherrack/golden/blaze_powder.json,.json,557,97542bd3e25b7eb00a2fcb39449e8161374372db80df5d1a251e93bfcc920480
data,exdeorum,recipe,kubejs/data/exdeorum/recipe/compressed_sieve/crushed_netherrack/golden/cobalt_ore_chunk.json,.json,1010,90e8b26f32681e954e3a2a66e88462b95ce6bd0a198f6879e48a6c23909c02c7
data,exdeorum,recipe,kubejs/data/exdeorum/recipe/compressed_sieve/crushed_netherrack/golden/crimson_nylium_spores.json,.json,563,c2fbea37b6c6c6d5d7550426d497c99317dcba73e4e5e29b7461eb103aa6566d
data,exdeorum,recipe,kubejs/data/exdeorum/recipe/compressed_sieve/crushed_netherrack/golden/gold_nugget.json,.json,555,67dc41628fb3d70aa72965e6a25155e9c8bfdb2be29a8b5fb1c09bbe6ab78ba1
data,exdeorum,recipe,kubejs/data/exdeorum/recipe/compressed_sieve/crushed_netherrack/golden/gunpowder.json,.json,554,db9823395132524bb1aefbcf6530eb09fffa6bf711edd28a53d0ad1bcf54eb35
data,exdeorum,recipe,kubejs/data/exdeorum/recipe/compressed_sieve/crushed_netherrack/golden/magma_cream.json,.json,554,6c65349f14181900800958f29815e6fe03673b914d497120db1e0f949a7b6d66
data,exdeorum,recipe,kubejs/data/exdeorum/recipe/compressed_sieve/crushed_netherrack/golden/quartz.json,.json,551,afdcfd8aa22dd489d39aaedc722fb151fbf5c7fee02487d7fc6afc5f49c9b695
data,exdeorum,recipe,kubejs/data/exdeorum/recipe/compressed_sieve/crushed_netherrack/golden/raw_gold.json,.json,553,1ada5f86b6542957a89287449c4c1377141b0be47d541ead33c24468edd8c1f7
data,exdeorum,recipe,kubejs/data/exdeorum/recipe/compressed_sieve/crushed_netherrack/golden/warped_nylium_spores.json,.json,562,751a71b6a65cca366751088795da0a9b7deaae03e2625607f8227b7dced826e4
data,exdeorum,recipe,kubejs/data/exdeorum/recipe/compressed_sieve/crushed_netherrack/iron/basalt_pebble.json,.json,556,b0a803a4c1e41dda3087bd68a8ad308a32f6f1b0613043e750e168484b3c9f84
data,exdeorum,recipe,kubejs/data/exdeorum/recipe/compressed_sieve/crushed_netherrack/iron/blackstone_pebble.json,.json,551,5692569d2cf658471e9c69b762e7fb1040d37bc7030c03fcabbb3c6aecb71db6
data,exdeorum,recipe,kubejs/data/exdeorum/recipe/compressed_sieve/crushed_netherrack/iron/blaze_powder.json,.json,554,d935c5cbed19e7f881505499cb564a4a31e6619ad3cd6da4cf83df84b49cc354
data,exdeorum,recipe,kubejs/data/exdeorum/recipe/compressed_sieve/crushed_netherrack/iron/cobalt_ore_chunk.json,.json,1009,a2dcdb62d8fb643a4bb85b52c78d735494981cb40d121e0b82a8acea7f20196d
data,exdeorum,recipe,kubejs/data/exdeorum/recipe/compressed_sieve/crushed_netherrack/iron/crimson_nylium_spores.json,.json,561,b654aade3f5365451e652f6775fbe3053958679d69e032e392eb1d66c6641559
data,exdeorum,recipe,kubejs/data/exdeorum/recipe/compressed_sieve/crushed_netherrack/iron/gold_nugget.json,.json,553,654630e671c09cc255279b7280d270aaa56f8f8eb73e5f5c6c709b498cdbb74a
data,exdeorum,recipe,kubejs/data/exdeorum/recipe/compressed_sieve/crushed_netherrack/iron/gunpowder.json,.json,551,2893834800617bfa6e3f43c3927a47750dee0dbca24edf809840c241af5027cf
data,exdeorum,recipe,kubejs/data/exdeorum/recipe/compressed_sieve/crushed_netherrack/iron/magma_cream.json,.json,554,43be2393eb72c84e000cc3c6b2a402b3c3c2955c6fe24cae3e19ec52f3bc182e
data,exdeorum,recipe,kubejs/data/exdeorum/recipe/compressed_sieve/crushed_netherrack/iron/quartz.json,.json,549,02b6064c27a69b2bf182bb66b840931388a28338a514d369e38891476855dab5
data,exdeorum,recipe,kubejs/data/exdeorum/recipe/compressed_sieve/crushed_netherrack/iron/warped_nylium_spores.json,.json,560,4e67e1b9cf71cb02c3b5fe7fd1716b67636c6efbeafec67549a2cd6da362ec14
data,exdeorum,recipe,kubejs/data/exdeorum/recipe/compressed_sieve/crushed_netherrack/netherite/blackstone_pebble.json,.json,556,94849149c13b4bbb6c15e751e8795ef123af690f35bf14e1596e6614e57e2c1d
data,exdeorum,recipe,kubejs/data/exdeorum/recipe/compressed_sieve/crushed_netherrack/netherite/blaze_powder.json,.json,560,fdfc66efcec978f53eeb47a2d233e866b776367e32c79204fa17b84138d80911
data,exdeorum,recipe,kubejs/data/exdeorum/recipe/compressed_sieve/crushed_netherrack/netherite/cobalt_ore_chunk.json,.json,1013,c246b0f244fac60ce70f0e22e3af959edd02e85a3cc0b9d8a5f29e58dba2ac30
data,exdeorum,recipe,kubejs/data/exdeorum/recipe/compressed_sieve/crushed_netherrack/netherite/gold_nugget.json,.json,557,780493ea78f4aa4f17114be6d51947d99f8f4620a8e69886897940274cfda745
data,exdeorum,recipe,kubejs/data/exdeorum/recipe/compressed_sieve/crushed_netherrack/netherite/gunpowder.json,.json,557,6db8e37cf9900cf8f17c08d147bcabc6d817385b02458ea71d53fc7d47de8684
data,exdeorum,recipe,kubejs/data/exdeorum/recipe/compressed_sieve/crushed_netherrack/netherite/magma_cream.json,.json,558,0ca2b30f81eb78e94c9d9e2bb16b9e7f99b7badfdd2806f9a9ef18ef18d5f6df
data,exdeorum,recipe,kubejs/data/exdeorum/recipe/compressed_sieve/crushed_netherrack/netherite/quartz.json,.json,554,5253af53d0305e19579c85f850f299212632fd1c401ab8a4202ebcb2e0688803
data,exdeorum,recipe,kubejs/data/exdeorum/recipe/compressed_sieve/crushed_netherrack/string/basalt_pebble.json,.json,557,bd40ccb90c55075adc69b41ebbe17fd6774e013638a467345f74ffb1d956f260
data,exdeorum,recipe,kubejs/data/exdeorum/recipe/compressed_sieve/crushed_netherrack/string/blackstone_pebble.json,.json,553,8d380447b911a995a3fbaac02720ae6e4a09aa98b5440456c4cf072725fd1b3b
data,exdeorum,recipe,kubejs/data/exdeorum/recipe/compressed_sieve/crushed_netherrack/string/blaze_powder.json,.json,555,e1bee005f8f3fa43fce4106fd05b3e9fe6dc0d4c5be80ddb15177ed001789daa
data,exdeorum,recipe,kubejs/data/exdeorum/recipe/compressed_sieve/crushed_netherrack/string/cobalt_ore_chunk.json,.json,1008,54263e0855a4b2faaa253bffc487af7e3e7ce1a19d961e010b5be97b2e5698ee
data,exdeorum,recipe,kubejs/data/exdeorum/recipe/compressed_sieve/crushed_netherrack/string/crimson_nylium_spores.json,.json,565,a00ce82a5b19d7ee58b5c27ccbb23123f9236ec0c8439f7004fd68b274de7354
data,exdeorum,recipe,kubejs/data/exdeorum/recipe/compressed_sieve/crushed_netherrack/string/gold_nugget.json,.json,556,2ce389bb471095a75ffc21daf5a7a7eff6a80d13ebc578992e70fb2d95f36eaa
data,exdeorum,recipe,kubejs/data/exdeorum/recipe/compressed_sieve/crushed_netherrack/string/gunpowder.json,.json,552,1e1f0e9cf51a0940dde9ca5d521e8aff96b85b9d91242875cc719911bd863c53
data,exdeorum,recipe,kubejs/data/exdeorum/recipe/compressed_sieve/crushed_netherrack/string/magma_cream.json,.json,556,0d4978a84fb1f5db86d84b01b6929792b1132bccdf6144fa3c7bb49e34acb4aa
data,exdeorum,recipe,kubejs/data/exdeorum/recipe/compressed_sieve/crushed_netherrack/string/quartz.json,.json,549,2b97ce1bfca832b1341afadb7c612686bfb64b122cb57e47a5e49a00f1c30dcf
data,exdeorum,recipe,kubejs/data/exdeorum/recipe/compressed_sieve/crushed_netherrack/string/warped_nylium_spores.json,.json,564,93056c9ffbfafb8c20ad1f63f068c15fd87c4f8c7fa5b5d0e1f9346589ed676c
data,exdeorum,recipe,kubejs/data/exdeorum/recipe/compressed_sieve/dirt/diamond/bamboo.json,.json,537,fc280cc1c0e2820b4fcaa990bb0e2dd275da085583604f73cdd3bcc98409250c
data,exdeorum,recipe,kubejs/data/exdeorum/recipe/compressed_sieve/dirt/diamond/carrot.json,.json,538,141101f5c13bf1641f0e0ad98fb31580c474a6dff9a4f19fa20eebbc21cc1da0
data,exdeorum,recipe,kubejs/data/exdeorum/recipe/compressed_sieve/dirt/diamond/deepslate_pebble.json,.json,546,ac12b8eb2c54bfd15c36068d975f7387a56f319d8ccf27a313251c1e80bd7a68
data,exdeorum,recipe,kubejs/data/exdeorum/recipe/compressed_sieve/dirt/diamond/flint.json,.json,537,2c3ba66da7878826561ed451b626741d6d716eeb713566507b5231ce3a4af01e
data,exdeorum,recipe,kubejs/data/exdeorum/recipe/compressed_sieve/dirt/diamond/grass_seeds.json,.json,542,6441ee876ff3f225ded3853c7984ae4c1c855cad8ce9b9d517e33ba8f6d5512b
data,exdeorum,recipe,kubejs/data/exdeorum/recipe/compressed_sieve/dirt/diamond/mycelium_spores.json,.json,545,e189f4f3afe2870263c9691a545fc0dfbe0b725b7d83e3d7c2d1ac48f8a35049
data,exdeorum,recipe,kubejs/data/exdeorum/recipe/compressed_sieve/dirt/diamond/potato.json,.json,538,cf4e0ee34b56988b37c55c487d34473e9857a51ad253c3c9587184b7a7d4edb3
data,exdeorum,recipe,kubejs/data/exdeorum/recipe/compressed_sieve/dirt/diamond/stone_pebble.json,.json,535,c0214bbd0afffe287f2b7f78c712ca625142235b57f2fb13a4e3ac8c6f00b343
data,exdeorum,recipe,kubejs/data/exdeorum/recipe/compressed_sieve/dirt/flint/andesite_pebble.json,.json,542,9f5c9e85ecb022a908a60d37ce5fccda6e880ec4b2ea085dd7b11a3aa25c89ba
data,exdeorum,recipe,kubejs/data/exdeorum/recipe/compressed_sieve/dirt/flint/bamboo.json,.json,534,2e0f725e8316a01b6467861958eb5d8eb39bede44785ae02abad20eb6ac07433
data,exdeorum,recipe,kubejs/data/exdeorum/recipe/compressed_sieve/dirt/flint/carrot.json,.json,536,f06a636c3affca02cc2aa702a0f1865a061feb9b275be0efbd4483144867f30c
data,exdeorum,recipe,kubejs/data/exdeorum/recipe/compressed_sieve/dirt/flint/diorite_pebble.json,.json,541,ee6caac7926b584ef7c922f3771e8b9d6c4a1f05d72aa1b92d814dd1dd1afdfa
data,exdeorum,recipe,kubejs/data/exdeorum/recipe/compressed_sieve/dirt/flint/flint.json,.json,534,4f8a3005839db0bfda1ebc14a8e525f9ab9f3ecac366bfa7401ac02918e620a9
data,exdeorum,recipe,kubejs/data/exdeorum/recipe/compressed_sieve/dirt/flint/granite_pebble.json,.json,541,f931fbf3ba4fe223eadc24b079854f0861e4b4539648a0f2d91e84e27ad9834e
data,exdeorum,recipe,kubejs/data/exdeorum/recipe/compressed_sieve/dirt/flint/grass_seeds.json,.json,540,19227b309d69d2b66bcd1c301b8b5566dac23cfb193debccf687ae483063ccff
data,exdeorum,recipe,kubejs/data/exdeorum/recipe/compressed_sieve/dirt/flint/melon_seeds.json,.json,539,9247b2a977911ced49d5418a76fd37c74ce57075e93399677e83020e692fc35e
data,exdeorum,recipe,kubejs/data/exdeorum/recipe/compressed_sieve/dirt/flint/mycelium_spores.json,.json,544,aac9c70930eb6eb4b68bff712291a6452449e2a11184b746ec4a26f17d2aea0a
data,exdeorum,recipe,kubejs/data/exdeorum/recipe/compressed_sieve/dirt/flint/pink_petals.json,.json,541,71d255ff09e57e69eb2062621be6991607d9acb73fcf48f5c94d8c93bc31219b
data,exdeorum,recipe,kubejs/data/exdeorum/recipe/compressed_sieve/dirt/flint/poisonous_potato.json,.json,546,cc1b429f6eeb8131870de8eae8b8d28f2332d03c6e970efd78cad5b03fb337fa
data,exdeorum,recipe,kubejs/data/exdeorum/recipe/compressed_sieve/dirt/flint/potato.json,.json,536,683d2fbea0ce935a0ce28f14635f46293601bcfaf31e05905b77757918598eb3
data,exdeorum,recipe,kubejs/data/exdeorum/recipe/compressed_sieve/dirt/flint/pumpkin_seeds.json,.json,541,b8823d22653989f57763d91ceff2b3333094f008091ac3cfd75fc7defc5b7ea0
data,exdeorum,recipe,kubejs/data/exdeorum/recipe/compressed_sieve/dirt/flint/sourceberry_bush.json,.json,811,0ba424a22e98e88efaefaa0693221cd4db58e048a4cd56acfdc9271e44fbda8c
data,exdeorum,recipe,kubejs/data/exdeorum/recipe/compressed_sieve/dirt/flint/stone_pebble.json,.json,533,61d2037ef53a7dfb59508b5e73d8907312b80533764eda6f3640ca9433e7fbe8
data,exdeorum,recipe,kubejs/data/exdeorum/recipe/compressed_sieve/dirt/flint/sugar_cane.json,.json,540,640491c3407084eece71c8a3830392bedac552aa9bbc27abe77d8b57d409821f
data,exdeorum,recipe,kubejs/data/exdeorum/recipe/compressed_sieve/dirt/flint/sweet_berries.json,.json,543,4f8b4dc80515961ba93fa023dd369eca54185154f5806d87ea6c35ce5af48dfd
data,exdeorum,recipe,kubejs/data/exdeorum/recipe/compressed_sieve/dirt/flint/wheat_seeds.json,.json,541,4509b5d3440085ffbe1b022caf6997518ce61f063ea9625b9af3eb7e4832aff8
data,exdeorum,recipe,kubejs/data/exdeorum/recipe/compressed_sieve/dirt/golden/bamboo.json,.json,537,53ad0bcc4d45fe606918cc4cf6a2965d6b9893af9e920bd881d3b430d5a24c71
data,exdeorum,recipe,kubejs/data/exdeorum/recipe/compressed_sieve/dirt/golden/carrot.json,.json,538,a4045d9606531278775e55972af4f18e8ef5a83f8e3095f83565dba9daf0c1eb
data,exdeorum,recipe,kubejs/data/exdeorum/recipe/compressed_sieve/dirt/golden/deepslate_pebble.json,.json,547,d26938533874da2c548a6e3785165e968f6a2687ce846b15f54c65749d17317a
data,exdeorum,recipe,kubejs/data/exdeorum/recipe/compressed_sieve/dirt/golden/flint.json,.json,534,d933b871d76ae6d769f3261f34fcef35ba0b25585232a12dad2fe7dd58c808cb
data,exdeorum,recipe,kubejs/data/exdeorum/recipe/compressed_sieve/dirt/golden/gold_nugget.json,.json,542,0f242dd0cce5dcd20aa2522249dadd39d7249cf173ed075f971390edbf03cdf4
data,exdeorum,recipe,kubejs/data/exdeorum/recipe/compressed_sieve/dirt/golden/golden_carrot.json,.json,543,f3ca36e898122303fc5412773970fb9fa09b01dd8a1d15b4e185f341672af183
data,exdeorum,recipe,kubejs/data/exdeorum/recipe/compressed_sieve/dirt/golden/grass_seeds.json,.json,541,6a2d6df4559a833df3b850e4fab9bb1418e4dffd74c622c84e06ad96cfdf7852
data,exdeorum,recipe,kubejs/data/exdeorum/recipe/compressed_sieve/dirt/golden/iron_nugget.json,.json,542,0436b65cfcdb193c589fab357f16c420945bfd0e62e04112e8772c4eac3c4a72
data,exdeorum,recipe,kubejs/data/exdeorum/recipe/compressed_sieve/dirt/golden/melon_seeds.json,.json,543,bffe2ecb1dc282dbad0339366d09f39988921e514088c7968d9a25a91f0e61f2
data,exdeorum,recipe,kubejs/data/exdeorum/recipe/compressed_sieve/dirt/golden/mycelium_spores.json,.json,545,cb812cd312bba5c73343dcf226fe1a4fbe19718d7cad49b111296f3b0ef7bc37
data,exdeorum,recipe,kubejs/data/exdeorum/recipe/compressed_sieve/dirt/golden/potato.json,.json,538,c279b3e84c95994dca28470ce79147f2ac6dcd7509772d88b6297d1b8c6d976c
data,exdeorum,recipe,kubejs/data/exdeorum/recipe/compressed_sieve/dirt/golden/pumpkin_seeds.json,.json,545,25382ef2006ca6bd3a5d239ff944a6c21751317d998e73c964bedc490d569914
data,exdeorum,recipe,kubejs/data/exdeorum/recipe/compressed_sieve/dirt/golden/stone_pebble.json,.json,534,542f40623c2fbddb409f486f66a0221c6685907e153f0706215c589d5d8c4f92
data,exdeorum,recipe,kubejs/data/exdeorum/recipe/compressed_sieve/dirt/golden/wheat_seeds.json,.json,540,0bb1739f45b2fa719405e746e8d9ccd08907eca515f73f694c6990ecf911dd0b
data,exdeorum,recipe,kubejs/data/exdeorum/recipe/compressed_sieve/dirt/iron/bamboo.json,.json,534,2def050aafad2fd0de69975da6093c1eda7bf2bc9e5a381da3c9a4a7c27e9f18
data,exdeorum,recipe,kubejs/data/exdeorum/recipe/compressed_sieve/dirt/iron/carrot.json,.json,535,754f4a448f2b0ec2342f358b94986bfe4307a6a2123968d407d749dcb77d1a9a
data,exdeorum,recipe,kubejs/data/exdeorum/recipe/compressed_sieve/dirt/iron/deepslate_pebble.json,.json,545,1f14e2ba4015874ab0191e8300bb2decf52ab319e76227a0db7fbc8f301c5702
data,exdeorum,recipe,kubejs/data/exdeorum/recipe/compressed_sieve/dirt/iron/flint.json,.json,533,99e53bb76ed24b831a4c3c45658a74673c11745985e08dc76a19b650d7ddd9d3
data,exdeorum,recipe,kubejs/data/exdeorum/recipe/compressed_sieve/dirt/iron/grass_seeds.json,.json,540,025656c9a4e5e44cb2e63c62036051dd6864cf7b30661dfb8423db9b57d04cc9
data,exdeorum,recipe,kubejs/data/exdeorum/recipe/compressed_sieve/dirt/iron/iron_nugget.json,.json,540,795c1ea35623ec38b9a193b0e942f54b1677a83e0be14081be70015de6bd81dc
data,exdeorum,recipe,kubejs/data/exdeorum/recipe/compressed_sieve/dirt/iron/melon_seeds.json,.json,540,881ed620c80537d7458c8acb11565abc590361a9efaddcb43b9bbc8fff5a21e5
data,exdeorum,recipe,kubejs/data/exdeorum/recipe/compressed_sieve/dirt/iron/mycelium_spores.json,.json,542,37573b9f150bc497a4cc954e53adc1f0787759a9086c1cda72eb0ea9e72e690e
data,exdeorum,recipe,kubejs/data/exdeorum/recipe/compressed_sieve/dirt/iron/potato.json,.json,535,44bd7fe6249dc4954b2b85edf8f242134035d062c7b6cce46dc31bbd78f49e64
data,exdeorum,recipe,kubejs/data/exdeorum/recipe/compressed_sieve/dirt/iron/pumpkin_seeds.json,.json,542,93d3cdb29aa50c35607f2186c665f936547ec2d65d0085c21a1b70342d2e2e8c
data,exdeorum,recipe,kubejs/data/exdeorum/recipe/compressed_sieve/dirt/iron/stone_pebble.json,.json,532,dd96412907d3af2b42fefdc4d13f2ccbe1d1897eeb9376234d870d6eb6ecc906
data,exdeorum,recipe,kubejs/data/exdeorum/recipe/compressed_sieve/dirt/iron/sugar_cane.json,.json,539,da7d32cbc88c07f27678d051dcbaf2c3f35e6858ae9dd0c161ceeb999e011cce
data,exdeorum,recipe,kubejs/data/exdeorum/recipe/compressed_sieve/dirt/iron/wheat_seeds.json,.json,541,ed8f2b974e9e35b3e43000715b1b98c18d42d333d6a3e7c61781ea088208ea2d
data,exdeorum,recipe,kubejs/data/exdeorum/recipe/compressed_sieve/dirt/netherite/bamboo.json,.json,539,ffd9cf58a964330a5af2aabb30f6e99503707c4f5a2b57200fc0c1076c4870d6
data,exdeorum,recipe,kubejs/data/exdeorum/recipe/compressed_sieve/dirt/netherite/carrot.json,.json,539,5c7e649f41755da94a9a5e791b3f196594bf1dc2256fa42367ea386d63b55d3a
data,exdeorum,recipe,kubejs/data/exdeorum/recipe/compressed_sieve/dirt/netherite/deepslate_pebble.json,.json,541,3dc507116246a23faf2b32165942eef107eb81647fdc55c0d4dddd917879f924
data,exdeorum,recipe,kubejs/data/exdeorum/recipe/compressed_sieve/dirt/netherite/flint.json,.json,537,1ca139702c3b3dddc64b341eac184ef31af2745152a8151ebd037253a923808d
data,exdeorum,recipe,kubejs/data/exdeorum/recipe/compressed_sieve/dirt/netherite/golden_apple.json,.json,547,8f73b331c3d8dea432293f8f57376652e08bce19e76f9d8f23a7e0ffb3496fd1
data,exdeorum,recipe,kubejs/data/exdeorum/recipe/compressed_sieve/dirt/netherite/golden_carrot.json,.json,547,39d4902786feeada476c16ccc026b1dea42f09e34138885fba0d86e357438bc0
data,exdeorum,recipe,kubejs/data/exdeorum/recipe/compressed_sieve/dirt/netherite/grass_seeds.json,.json,542,e753ca13c0b4255c4abe8ea8eba837872de6580ef22c517e3e02c65f09c522c0
data,exdeorum,recipe,kubejs/data/exdeorum/recipe/compressed_sieve/dirt/netherite/mycelium_spores.json,.json,546,010b432c6e5726ff38dc73b9d767512db0c5e40df63e0bdf6e470e2447c12182
data,exdeorum,recipe,kubejs/data/exdeorum/recipe/compressed_sieve/dirt/netherite/potato.json,.json,539,4193b0f1a376ab986a463e92db6a1daa279afc64cf7425a9fffb0a7ab7c62094
data,exdeorum,recipe,kubejs/data/exdeorum/recipe/compressed_sieve/dirt/netherite/stone_pebble.json,.json,543,3d9a476195db6aa5bad6576b620f8b49a2e80053978e0f64c167941debc3addf
data,exdeorum,recipe,kubejs/data/exdeorum/recipe/compressed_sieve/dirt/string/bamboo.json,.json,535,b24f5d71c25e0610fb4e51c618243412e70852c1daacc4e68e2bc3a812038dac
data,exdeorum,recipe,kubejs/data/exdeorum/recipe/compressed_sieve/dirt/string/beetroot_seeds.json,.json,544,6dd54142619ce2040c2b6d6f9833495eb923f6747075e4721916ffef5a670895
data,exdeorum,recipe,kubejs/data/exdeorum/recipe/compressed_sieve/dirt/string/carrot.json,.json,536,307a09f67e0754057ef8a61ff5467820d96d0609f11e57baac8688b862ca6321
data,exdeorum,recipe,kubejs/data/exdeorum/recipe/compressed_sieve/dirt/string/flint.json,.json,536,f136869e33cb0bd8700e2ed5796cb1b35de8fa10e9b15ab5a83b51bd6afa181b
data,exdeorum,recipe,kubejs/data/exdeorum/recipe/compressed_sieve/dirt/string/grass_seeds.json,.json,540,318e1ac661dfd7c6a1a29ef9356a9312294bf1f2e852d64cb2a2efcecf86bacb
data,exdeorum,recipe,kubejs/data/exdeorum/recipe/compressed_sieve/dirt/string/melon_seeds.json,.json,541,a40c84d05c14a7990885a1a0f4b43db7168232a652564ea79e88f5f10a655672
data,exdeorum,recipe,kubejs/data/exdeorum/recipe/compressed_sieve/dirt/string/mycelium_spores.json,.json,545,f2638ff87ed57d03010040485dd91007f8d2d828c4f7886f33a2b30c8e342f0d
data,exdeorum,recipe,kubejs/data/exdeorum/recipe/compressed_sieve/dirt/string/poisonous_potato.json,.json,547,a20ef355eba61b966f76a1ebcf610459a14a582af460ada54aa84c5fac18ec03
data,exdeorum,recipe,kubejs/data/exdeorum/recipe/compressed_sieve/dirt/string/potato.json,.json,536,66a712fb553f2106e3edefc90c885e80c7899f303c530d1654a0bdf8acfee2bb
data,exdeorum,recipe,kubejs/data/exdeorum/recipe/compressed_sieve/dirt/string/pumpkin_seeds.json,.json,543,7736f7c624972fc405b327a1396508bbd8cab7c59064b7f3268ae7c99ecf62a7
data,exdeorum,recipe,kubejs/data/exdeorum/recipe/compressed_sieve/dirt/string/stone_pebble.json,.json,534,45ad82f16cf9b84b8ca14eeacb48cf40110336fddffeabbc665f6efd2c0693ee
data,exdeorum,recipe,kubejs/data/exdeorum/recipe/compressed_sieve/dirt/string/sugar_cane.json,.json,540,c4896e8013e7b85b0009fd03db8d6f7497880ff282b77c4dfaa1865064ce9010
data,exdeorum,recipe,kubejs/data/exdeorum/recipe/compressed_sieve/dirt/string/wheat_seeds.json,.json,543,ca4740284c98ae4ae69ca034c61dd725781e54da4a08c5c89c95a93dbb7eb11b
data,exdeorum,recipe,kubejs/data/exdeorum/recipe/compressed_sieve/dust/diamond/blaze_powder.json,.json,543,960cf91b800573bf7a8a9da367a37172bcc6dd76bafd3f4c3742d89a4f256f68
data,exdeorum,recipe,kubejs/data/exdeorum/recipe/compressed_sieve/dust/diamond/bone_meal.json,.json,540,7a8273007d26c1ef1ff15fdf335c63345836e8e307916f65cd7acebe01fc8806
data,exdeorum,recipe,kubejs/data/exdeorum/recipe/compressed_sieve/dust/diamond/certus_quartz_dust.json,.json,798,675e0fdf6de71b64595bc7838cb7ba9d4ae6e69c9dfb09f7fdc973e64455592e
data,exdeorum,recipe,kubejs/data/exdeorum/recipe/compressed_sieve/dust/diamond/glowstone_dust.json,.json,546,84d00d2d108cdf575efd2122afa7a3fa4b139e5468c0b2cb0d748265551bfda7
data,exdeorum,recipe,kubejs/data/exdeorum/recipe/compressed_sieve/dust/diamond/gold_nugget.json,.json,541,102fb4a1336fffa6675cb91848c2af0bc70de897bcd2db211a243d1e2c76e232
data,exdeorum,recipe,kubejs/data/exdeorum/recipe/compressed_sieve/dust/diamond/grains_of_infinity.json,.json,805,dc4f100cd67ea326866b83fa7f29509d5899e550bc90a2e468e8c21144f07517
data,exdeorum,recipe,kubejs/data/exdeorum/recipe/compressed_sieve/dust/diamond/gunpowder.json,.json,533,c7ddfc66cca20401f0fcdcd335bd12e58846f65790006a04a3b181869b4c0503
data,exdeorum,recipe,kubejs/data/exdeorum/recipe/compressed_sieve/dust/diamond/redstone.json,.json,538,4fb5f9620980590885f2faab9e67f146029a77da5a896e72223096d3c9de6f96
data,exdeorum,recipe,kubejs/data/exdeorum/recipe/compressed_sieve/dust/diamond/sky_dust.json,.json,788,63e4b6d05f70a079b1632aa3d01cac922a6c06af72254948862a741001058a6f
data,exdeorum,recipe,kubejs/data/exdeorum/recipe/compressed_sieve/dust/flint/blaze_powder.json,.json,540,256a17526e4413d892fb74bb1edae2c1727b8a86d43b5b75e5e65c0c80999b00
data,exdeorum,recipe,kubejs/data/exdeorum/recipe/compressed_sieve/dust/flint/bone_meal.json,.json,531,918122b163cf076c4de9ef61e9faa76435efb49a443862243af627d28ab5866f
data,exdeorum,recipe,kubejs/data/exdeorum/recipe/compressed_sieve/dust/flint/certus_quartz_dust.json,.json,797,9e7e4ad7faaa132e56c799d01d8ff6ccd884a803392f654bf6d865b04a049873
data,exdeorum,recipe,kubejs/data/exdeorum/recipe/compressed_sieve/dust/flint/glowstone_dust.json,.json,544,1e0a81290c50976ec27b74c833ea3e96bf7fcc7bbf9b978d13d6ef8b4e8ac30f
data,exdeorum,recipe,kubejs/data/exdeorum/recipe/compressed_sieve/dust/flint/grains_of_infinity.json,.json,805,7b9945046c4eb28b8111d337d8a03bb10b891865b2efe7c8446337995cd29067
data,exdeorum,recipe,kubejs/data/exdeorum/recipe/compressed_sieve/dust/flint/gunpowder.json,.json,539,dc75b0eca6f97e69fcd1de9982077de376efe8d582f210c73ce12d76e1796b5d
data,exdeorum,recipe,kubejs/data/exdeorum/recipe/compressed_sieve/dust/flint/redstone.json,.json,538,2a4608a312df2861ab2c452bb9cfd99c0b96194e67d71f16a4fe0c7e4ef68341
data,exdeorum,recipe,kubejs/data/exdeorum/recipe/compressed_sieve/dust/flint/sky_dust.json,.json,787,dff8ba05a7f3438e2e8d0a71864f745e4cb0230137ee0e3978ad6325c16f8a33
data,exdeorum,recipe,kubejs/data/exdeorum/recipe/compressed_sieve/dust/golden/blaze_powder.json,.json,542,2f8db693e855c58b15b9a738511fde34229c0286bd2a274097cf0c90113f0909
data,exdeorum,recipe,kubejs/data/exdeorum/recipe/compressed_sieve/dust/golden/bone_meal.json,.json,540,0a84712eb2e70b43de33f6e8d62dd8325358d60ecc2ab0ee1bc7637cc22a6043
data,exdeorum,recipe,kubejs/data/exdeorum/recipe/compressed_sieve/dust/golden/certus_quartz_dust.json,.json,796,044253fe0a6729c602e518ff52cd1c7d993f333a25b66978f8c2ae14dd4e6ce1
data,exdeorum,recipe,kubejs/data/exdeorum/recipe/compressed_sieve/dust/golden/glowstone_dust.json,.json,545,f7e35a983eacdc2fbe35c0ba9b56e7fd2f8c557977bb9f5ef64800dd28148459
data,exdeorum,recipe,kubejs/data/exdeorum/recipe/compressed_sieve/dust/golden/gold_nugget.json,.json,534,23100db1985419802b9ac399506a9560ee764694e5d95527371466c113e00fe5
data,exdeorum,recipe,kubejs/data/exdeorum/recipe/compressed_sieve/dust/golden/grains_of_infinity.json,.json,806,f5bec782a60ab970e271c852a2284f31ac65eac9335969594539a05d643ecffa
data,exdeorum,recipe,kubejs/data/exdeorum/recipe/compressed_sieve/dust/golden/gunpowder.json,.json,540,d7131e18d0cca714505b006bd140e8092553cad0ecc91458c075b48b0c9fa398
data,exdeorum,recipe,kubejs/data/exdeorum/recipe/compressed_sieve/dust/golden/raw_gold.json,.json,538,96a85585782c6450e7fdfae45c8a39a73c67eb687d3775e26619ebd2fb234cc4
data,exdeorum,recipe,kubejs/data/exdeorum/recipe/compressed_sieve/dust/golden/redstone.json,.json,537,feec3665ae2c60be91fc80b3d7eb7f350ebe229eb501ee92af10d4d34660739a
data,exdeorum,recipe,kubejs/data/exdeorum/recipe/compressed_sieve/dust/golden/sky_dust.json,.json,786,06304082c2b709ed24e6df98fa3678ec22b75afe7ff4a2c0e37df98c2493811f
data,exdeorum,recipe,kubejs/data/exdeorum/recipe/compressed_sieve/dust/iron/blaze_powder.json,.json,541,90e510ea1acb77a6bcc5878f1bf5cc5646ecc113cfd1bd4bf20ed3b12203dd25
data,exdeorum,recipe,kubejs/data/exdeorum/recipe/compressed_sieve/dust/iron/bone_meal.json,.json,536,abb13837f209a87287a6e8d0eb921de77bbc5ab4c981b46e84de6c829d530e93
data,exdeorum,recipe,kubejs/data/exdeorum/recipe/compressed_sieve/dust/iron/certus_quartz_dust.json,.json,797,353311f689f55e32cdacf861e767fccaad3d85ba2c1633ea7b010da7481b434a
data,exdeorum,recipe,kubejs/data/exdeorum/recipe/compressed_sieve/dust/iron/glowstone_dust.json,.json,543,079ec164039fe9f2f61ecbf90a5a44dd7d51e78e96936cd5f6169220c0660598
data,exdeorum,recipe,kubejs/data/exdeorum/recipe/compressed_sieve/dust/iron/grains_of_infinity.json,.json,804,af693f480228d9aa4722560cf736195ea254b904ef01381fc2a098142d827f34
data,exdeorum,recipe,kubejs/data/exdeorum/recipe/compressed_sieve/dust/iron/gunpowder.json,.json,530,01e2c203958c3b184567582bbbe5c1d3318d9a641f9d76e3a5c53a794d680708
data,exdeorum,recipe,kubejs/data/exdeorum/recipe/compressed_sieve/dust/iron/iron_nugget.json,.json,539,0c602d3cbb935d7e8633011845d6984e8c0c7c86f55c01fe25337830c7804eba
data,exdeorum,recipe,kubejs/data/exdeorum/recipe/compressed_sieve/dust/iron/redstone.json,.json,536,922c7b77072e1181da7eb907b313a4cd72f9d1398f24ddd406ed2f8169b6ae05
data,exdeorum,recipe,kubejs/data/exdeorum/recipe/compressed_sieve/dust/iron/sky_dust.json,.json,787,077bf59e7306b57ff9ea7d15e4e3e5a9ed3a50a0992dceaebef5d0e822c00b85
data,exdeorum,recipe,kubejs/data/exdeorum/recipe/compressed_sieve/dust/netherite/blaze_powder.json,.json,545,98deb9bad69447115c9f3141a17cb2ee66bbc8ca05ae31ea74db4b0ee567ef2d
data,exdeorum,recipe,kubejs/data/exdeorum/recipe/compressed_sieve/dust/netherite/bone_meal.json,.json,543,1347339fb4c7c75312511e7ae9ae0cdf2d89cc6315731b8dea18f70d56fd6bed
data,exdeorum,recipe,kubejs/data/exdeorum/recipe/compressed_sieve/dust/netherite/certus_quartz_dust.json,.json,801,c4a41a20563ca19279979e75d1eb70e83077b2c1ef69abfcef33c22b18f19c25
data,exdeorum,recipe,kubejs/data/exdeorum/recipe/compressed_sieve/dust/netherite/glowstone_dust.json,.json,540,5bae8b9f9e014b5febce3c57bab21ab0d710815b56a7dbc0a54f4b33a7c909a3
data,exdeorum,recipe,kubejs/data/exdeorum/recipe/compressed_sieve/dust/netherite/gold_nugget.json,.json,543,b218b34cc86a82d992cb325e6d6bf597116b59fb43d5c604d24bbbbd8ba7100b
data,exdeorum,recipe,kubejs/data/exdeorum/recipe/compressed_sieve/dust/netherite/grains_of_infinity.json,.json,810,792754500bc508307fbcb6d31ef8ff7db26cfb60496c0ea1b75ef98d78530734
data,exdeorum,recipe,kubejs/data/exdeorum/recipe/compressed_sieve/dust/netherite/gunpowder.json,.json,542,b6dc17f7b1c6d2d69a2999f295bb00fc9dfff1a6ffbed1b407f640203e0790ce
data,exdeorum,recipe,kubejs/data/exdeorum/recipe/compressed_sieve/dust/netherite/iron_nugget.json,.json,543,0e23ea22d071bfe0cfb8b1563b9266b25a99a8aad5727eee3cc8c34d1366722f
data,exdeorum,recipe,kubejs/data/exdeorum/recipe/compressed_sieve/dust/netherite/redstone.json,.json,541,6adf4256f862a1a3949a5fe97b5fe61862462650e537f65b2f1594ad67ebbd73
data,exdeorum,recipe,kubejs/data/exdeorum/recipe/compressed_sieve/dust/netherite/sky_dust.json,.json,791,07747d9ec79131aee440543f24ca2c854333947b9430accd69b406fad844c909
data,exdeorum,recipe,kubejs/data/exdeorum/recipe/compressed_sieve/dust/string/blaze_powder.json,.json,543,73ff4be01a7584771a9499b0855034118b870e7bd04197f0280cff6a8ad5c231
data,exdeorum,recipe,kubejs/data/exdeorum/recipe/compressed_sieve/dust/string/bone_meal.json,.json,532,cebd6615964722199ad15d227a5c2945db2302ebae1afb43f0c28db72ccb0176
data,exdeorum,recipe,kubejs/data/exdeorum/recipe/compressed_sieve/dust/string/certus_quartz_dust.json,.json,797,5fb9396437c2c26af50027157ea82f2f276fff8f1c672ffebf6fa9346ebbade6
data,exdeorum,recipe,kubejs/data/exdeorum/recipe/compressed_sieve/dust/string/glowstone_dust.json,.json,543,06d528ba437d2dccbf4dc86d719356419718227043471f73eac9b60d1ff686b9
data,exdeorum,recipe,kubejs/data/exdeorum/recipe/compressed_sieve/dust/string/grains_of_infinity.json,.json,805,1975d810a57258904c9e733e042af1dc79c3ee143a0161722e5c3f364162a90a
data,exdeorum,recipe,kubejs/data/exdeorum/recipe/compressed_sieve/dust/string/gunpowder.json,.json,539,a718bf1c4417f32d5218a2dc83eb88b9f3544aa0c4d988b6f47a2fe6caa654c7
data,exdeorum,recipe,kubejs/data/exdeorum/recipe/compressed_sieve/dust/string/redstone.json,.json,538,9e96ac8c802e40326939b0a9104fa7ff2ffe8b4421a3f75b634e3ea6fc7bc823
data,exdeorum,recipe,kubejs/data/exdeorum/recipe/compressed_sieve/dust/string/sky_dust.json,.json,787,ba50c3b2b5bd94d33ec3dbbd1e0d061c65921ec3ff0458137fd9633a67e6c478
data,exdeorum,recipe,kubejs/data/exdeorum/recipe/compressed_sieve/gravel/diamond/aluminum_ore_chunk.json,.json,1001,f110ac8d6319e9eb348d3a3a5ca7c12d672d35f41bcb4fadb947ca700fee3c3a
data,exdeorum,recipe,kubejs/data/exdeorum/recipe/compressed_sieve/gravel/diamond/amethyst_shard.json,.json,547,7b383d0661e55b275e8ead06789320508ab8dd80d032d1df4be1ae7c8882d6e5
data,exdeorum,recipe,kubejs/data/exdeorum/recipe/compressed_sieve/gravel/diamond/boron_ore_chunk.json,.json,996,f96f9765941baf5e91a2df62a5fd4daefcefebbad8782e62001cfebeaa87593f
data,exdeorum,recipe,kubejs/data/exdeorum/recipe/compressed_sieve/gravel/diamond/coal.json,.json,537,c3f16ee54fa7df415d7aada34a52c720481b770a5b075f6190de7022c8890e2e
data,exdeorum,recipe,kubejs/data/exdeorum/recipe/compressed_sieve/gravel/diamond/copper_ore_chunk.json,.json,549,914b13d53d228d7adf96d733f9742dc7758ddd8505e607472a1501c266bc24b8
data,exdeorum,recipe,kubejs/data/exdeorum/recipe/compressed_sieve/gravel/diamond/deepslate_pebble.json,.json,541,5fd454facf39bd5b640ee6911da62315856e712a1cd7e19005d567c267d02d4b
data,exdeorum,recipe,kubejs/data/exdeorum/recipe/compressed_sieve/gravel/diamond/diamond.json,.json,539,5a3c3a679005957917876ed7491f7ce3123c0c1927eca831ab7c00c2962f4c3e
data,exdeorum,recipe,kubejs/data/exdeorum/recipe/compressed_sieve/gravel/diamond/emerald.json,.json,541,946c42e4c61458ed0b4065f1c2ed775bd6ac43dc63b646d8a103ba0239d1c630
data,exdeorum,recipe,kubejs/data/exdeorum/recipe/compressed_sieve/gravel/diamond/flint.json,.json,539,f2e877358c8c1014ecb5730fb6ca8fc1b411a99d286983ef4fd87f4dfbd6ad2d
data,exdeorum,recipe,kubejs/data/exdeorum/recipe/compressed_sieve/gravel/diamond/gold_ore_chunk.json,.json,545,bc5603d6a200f6ab47e7741e6ba9f0e0068e638dee5d106e28c9a77cbbc8d523
data,exdeorum,recipe,kubejs/data/exdeorum/recipe/compressed_sieve/gravel/diamond/iridium_ore_chunk.json,.json,1001,41f40d9a11e2b7255982b73f63217373305f5ea1b16f52ac435db790f73e5100
data,exdeorum,recipe,kubejs/data/exdeorum/recipe/compressed_sieve/gravel/diamond/iron_ore_chunk.json,.json,547,c7204767d55d7aa585837bad8471e6d5df03bdd362d5857438b90c7ef7cc0a2b
data,exdeorum,recipe,kubejs/data/exdeorum/recipe/compressed_sieve/gravel/diamond/lapis_lazuli.json,.json,546,35740018e8faffb440067d7c0db981af08403dc893f0c4d898489ed45c6ae96a
data,exdeorum,recipe,kubejs/data/exdeorum/recipe/compressed_sieve/gravel/diamond/lead_ore_chunk.json,.json,995,76e182ee7d8e0d67db10b650205a417c868a690231d34103fcf0c6d94859071c
data,exdeorum,recipe,kubejs/data/exdeorum/recipe/compressed_sieve/gravel/diamond/magnesium_ore_chunk.json,.json,1006,213597b71ac2dc0cb60a6509237f35d9741db5df2d5b3919a826692e676b3a67
data,exdeorum,recipe,kubejs/data/exdeorum/recipe/compressed_sieve/gravel/diamond/nickel_ore_chunk.json,.json,999,0cdcc68d8858faf46fa1bae7c2c07d6e0d67beaf69bbf0e9368553a0a64a1fe9
data,exdeorum,recipe,kubejs/data/exdeorum/recipe/compressed_sieve/gravel/diamond/osmium_ore_chunk.json,.json,999,3ff6570eaad16d34a308bf50d2fa71a44ae88ec8c2a6495e80c86fcf9fdf09dc
data,exdeorum,recipe,kubejs/data/exdeorum/recipe/compressed_sieve/gravel/diamond/silver_ore_chunk.json,.json,997,01ad1e203129f824db30c0c344e936aca5dbc402badd4f93375e03d2a5ac08aa
data,exdeorum,recipe,kubejs/data/exdeorum/recipe/compressed_sieve/gravel/diamond/thorium_ore_chunk.json,.json,1001,dc86b27581fb855f83b47d79dac5fe01280abe36650c6609b206aceb26b2fbdf
data,exdeorum,recipe,kubejs/data/exdeorum/recipe/compressed_sieve/gravel/diamond/tin_ore_chunk.json,.json,993,2342d189c7c01ddb995a483b206d310c66616072ce21c3773153d5140855ecd9
data,exdeorum,recipe,kubejs/data/exdeorum/recipe/compressed_sieve/gravel/diamond/zinc_ore_chunk.json,.json,993,fee4a0cae59559d497c10560c19dce54fb5255023ef69bdac4821c209fd4e721
data,exdeorum,recipe,kubejs/data/exdeorum/recipe/compressed_sieve/gravel/flint/aluminum_ore_chunk.json,.json,1001,3d5402605963195e56476f982b21ec3901f017c286fde75492a8f83f0aa182c5
data,exdeorum,recipe,kubejs/data/exdeorum/recipe/compressed_sieve/gravel/flint/amethyst_shard.json,.json,547,07cc3f7870d220b210ce03b74a995fdae806eb6c522d609774090c5c1482f882
data,exdeorum,recipe,kubejs/data/exdeorum/recipe/compressed_sieve/gravel/flint/andesite_pebble.json,.json,544,f8d88806f0d725c8ff9a2b5cfc5b58657dbc7780368e93a886d9012f6e51cb58
data,exdeorum,recipe,kubejs/data/exdeorum/recipe/compressed_sieve/gravel/flint/boron_ore_chunk.json,.json,997,a444fa6a1fa96238e97e31b7c41de82d390bb48261498e658fbdd29fe21ad73f
data,exdeorum,recipe,kubejs/data/exdeorum/recipe/compressed_sieve/gravel/flint/coal.json,.json,537,b225d58817e5697676a2f24d68eefd2547e90d6bb6464d7859872dd298de7943
data,exdeorum,recipe,kubejs/data/exdeorum/recipe/compressed_sieve/gravel/flint/copper_ore_chunk.json,.json,546,79d95c54b9f0304ccf7243404836ed5f25f1f303037e362257da7682e4b92cc6
data,exdeorum,recipe,kubejs/data/exdeorum/recipe/compressed_sieve/gravel/flint/diamond.json,.json,539,38aedf6d73a125009d415bc40442b7fbcd74a7bfe509c1d9d6cb1fba2559ed3b
data,exdeorum,recipe,kubejs/data/exdeorum/recipe/compressed_sieve/gravel/flint/diorite_pebble.json,.json,543,0085b3b237c10b2cb6de6077ab4af3e87263588e6c139203f607e7109882c526
data,exdeorum,recipe,kubejs/data/exdeorum/recipe/compressed_sieve/gravel/flint/emerald.json,.json,540,66f1209c705ec6ae20eaa51326790040c16837115ed76dbc9e6a18814498e92f
data,exdeorum,recipe,kubejs/data/exdeorum/recipe/compressed_sieve/gravel/flint/flint.json,.json,537,7cb8c28f038cda5db14c80e3c11aa4cd515e5f4bac1d08caf40c3aa8c4b4a540
data,exdeorum,recipe,kubejs/data/exdeorum/recipe/compressed_sieve/gravel/flint/gold_ore_chunk.json,.json,543,f158279f2018d8bf9ad8a7d3763870a69a44ed38f0e5da4ae30736d07471a014
data,exdeorum,recipe,kubejs/data/exdeorum/recipe/compressed_sieve/gravel/flint/granite_pebble.json,.json,543,7ca7d0208a3750288b6aa3ff2e13ffa8398d6a189ac7aa0a0cca914fe902a9bc
data,exdeorum,recipe,kubejs/data/exdeorum/recipe/compressed_sieve/gravel/flint/iridium_ore_chunk.json,.json,999,382a944641d6ce9130023064bc23a6bff4bd089ca771a7b22cdc7cb92e4c6cde
data,exdeorum,recipe,kubejs/data/exdeorum/recipe/compressed_sieve/gravel/flint/iron_ore_chunk.json,.json,543,d2ab3f4bcdfa90992b0e02155ba1d87a2055a102bae113fcff4794b6bb0b7235
data,exdeorum,recipe,kubejs/data/exdeorum/recipe/compressed_sieve/gravel/flint/lapis_lazuli.json,.json,544,b65a812b3a435d26a476ed1917d358a10e3503bdd74408bb26849e2445587dc5
data,exdeorum,recipe,kubejs/data/exdeorum/recipe/compressed_sieve/gravel/flint/lead_ore_chunk.json,.json,993,6c7d6b564170d2a0131597f0124b1266bc16d2a3e4efce0cffb45a9d0d3a3bc0
data,exdeorum,recipe,kubejs/data/exdeorum/recipe/compressed_sieve/gravel/flint/magnesium_ore_chunk.json,.json,1004,45bbd9ef49967eebebefc7851c4cd383d088e290adbc61c07ea57baef324ccf1
data,exdeorum,recipe,kubejs/data/exdeorum/recipe/compressed_sieve/gravel/flint/nickel_ore_chunk.json,.json,998,0864242be88cc47a4243285df552e4a3487ef66e224ebae0203f1adc7e1fa981
data,exdeorum,recipe,kubejs/data/exdeorum/recipe/compressed_sieve/gravel/flint/osmium_ore_chunk.json,.json,995,ff5cfea4b539e31fed16719d8b5e94fa0cf63d8376284df13ce6598bcef03bfc
data,exdeorum,recipe,kubejs/data/exdeorum/recipe/compressed_sieve/gravel/flint/pointed_dripstone.json,.json,549,367907fbfc35a01b0d6a39d1f98412824d9093a05d142006ddfe101b66f1aa34
data,exdeorum,recipe,kubejs/data/exdeorum/recipe/compressed_sieve/gravel/flint/silver_ore_chunk.json,.json,997,e345a841b2e77e40bc62bb99a97e54e957f1288516b026505a8c127805497c9d
data,exdeorum,recipe,kubejs/data/exdeorum/recipe/compressed_sieve/gravel/flint/stone_pebble.json,.json,535,a09d69fb2a23d715953d20b07e5edfea5d4153e35b96c09c73bbf55b23394f7f
data,exdeorum,recipe,kubejs/data/exdeorum/recipe/compressed_sieve/gravel/flint/thorium_ore_chunk.json,.json,1000,94de8ee468a67627108766f25618cab8e230443d0008841e7cfab0f0d6ddbe38
data,exdeorum,recipe,kubejs/data/exdeorum/recipe/compressed_sieve/gravel/flint/tin_ore_chunk.json,.json,991,b96234a430107e15039c4099540f14209ff307d7476a81267eb2ca4e22520669
data,exdeorum,recipe,kubejs/data/exdeorum/recipe/compressed_sieve/gravel/flint/zinc_ore_chunk.json,.json,991,5bbfdac204e4c865e06a6693828948df16892ccb2d216699dc58006a230f2afa
data,exdeorum,recipe,kubejs/data/exdeorum/recipe/compressed_sieve/gravel/golden/aluminum_ore_chunk.json,.json,1002,825e7f5ff4f2c802bf924749aac5ac8953228df7b05785852cc9c0f38cfe55c0
data,exdeorum,recipe,kubejs/data/exdeorum/recipe/compressed_sieve/gravel/golden/amethyst_shard.json,.json,545,9645c8743ed7203c165101344843c3bf99f15e9d165553707ce41c7e5a0ebc16
data,exdeorum,recipe,kubejs/data/exdeorum/recipe/compressed_sieve/gravel/golden/boron_ore_chunk.json,.json,994,f6a7d688994e680f0680bb3f8e4b57540dd804b0912739a391c56cfe83977d5f
data,exdeorum,recipe,kubejs/data/exdeorum/recipe/compressed_sieve/gravel/golden/coal.json,.json,535,5fe202c971969c378f11dfd67d6d1bd1b4c504863367a96265a743091a6f6b02
data,exdeorum,recipe,kubejs/data/exdeorum/recipe/compressed_sieve/gravel/golden/copper_ore_chunk.json,.json,548,d80002d2b8ac7c0624b0bc1de3748891a0a9d758609045c449c5412c38e48aee
data,exdeorum,recipe,kubejs/data/exdeorum/recipe/compressed_sieve/gravel/golden/deepslate_pebble.json,.json,540,072e50afed1d7d99990e2f9c38ee04e04fd8e8cca69e22390cb65b5c8b0b366f
data,exdeorum,recipe,kubejs/data/exdeorum/recipe/compressed_sieve/gravel/golden/diamond.json,.json,540,910db209391ee2c0e458c51b28aa1a22b6d67c78c6cf0712577907d002759a59
data,exdeorum,recipe,kubejs/data/exdeorum/recipe/compressed_sieve/gravel/golden/emerald.json,.json,540,0bd94fa8713a0b21467c44ff4d902ee131dc3b242036d7c60e673adcf934592b
data,exdeorum,recipe,kubejs/data/exdeorum/recipe/compressed_sieve/gravel/golden/flint.json,.json,538,562c6e0e4fad9cb77c85782fe324bdad8a765f61b91846e120304fba3d55fd52
data,exdeorum,recipe,kubejs/data/exdeorum/recipe/compressed_sieve/gravel/golden/gold_nugget.json,.json,542,6c5dcacb0cf4fbfa7798124d4786468b30e6c604dc7e2cb19a893f5179b4ccd9
data,exdeorum,recipe,kubejs/data/exdeorum/recipe/compressed_sieve/gravel/golden/gold_ore_chunk.json,.json,545,01db602ae728db1f809a49604e7f10d8c12b682bbedee1ee648a8a749d51327d
data,exdeorum,recipe,kubejs/data/exdeorum/recipe/compressed_sieve/gravel/golden/iridium_ore_chunk.json,.json,1000,a559c1f473b0c57346de14b2eeb523a19f7b06f2025bf25b5e8a814932d0b47e
data,exdeorum,recipe,kubejs/data/exdeorum/recipe/compressed_sieve/gravel/golden/iron_ore_chunk.json,.json,545,72bf14707331c827400ac35a23aaa90dacfa1e949a1b54baf393e5755003ca7c
data,exdeorum,recipe,kubejs/data/exdeorum/recipe/compressed_sieve/gravel/golden/lapis_lazuli.json,.json,544,e78feb79779b8c7ea9a65f5c003216df087726d91014fb6ebde4ab139e435689
data,exdeorum,recipe,kubejs/data/exdeorum/recipe/compressed_sieve/gravel/golden/lead_ore_chunk.json,.json,994,13fd0f41bcb34d126ef3caba3a75a71aece61bab8296ab75cd2c161f53f88ae7
data,exdeorum,recipe,kubejs/data/exdeorum/recipe/compressed_sieve/gravel/golden/magnesium_ore_chunk.json,.json,1002,cc110e2efce89f83f717383a7993abb89604437ac031a55590f4d9cad4d5f6ae
data,exdeorum,recipe,kubejs/data/exdeorum/recipe/compressed_sieve/gravel/golden/nickel_ore_chunk.json,.json,998,c579cdfe7ec9e86782e3da9bc6212b05bf6623b6d4d3c9d409e6903e0be3d562
data,exdeorum,recipe,kubejs/data/exdeorum/recipe/compressed_sieve/gravel/golden/osmium_ore_chunk.json,.json,998,adff1301b652335d213e07d1698db6dae71ab540c3eb3cb8e7fe2137092baa8f
data,exdeorum,recipe,kubejs/data/exdeorum/recipe/compressed_sieve/gravel/golden/raw_gold.json,.json,540,65d8650bf1a7b0f78c8be96cb32e2d1f0c284f1dd830b87b7dbea50c7b1f317b
data,exdeorum,recipe,kubejs/data/exdeorum/recipe/compressed_sieve/gravel/golden/silver_ore_chunk.json,.json,996,51bfad301f202bfaedbd1a3c9d399041767de37ffe8c6b3c82ab507df0b1d65f
data,exdeorum,recipe,kubejs/data/exdeorum/recipe/compressed_sieve/gravel/golden/stone_pebble.json,.json,544,70e648e2715e6111e230a654e3de6849315342621226423d691cab095087214e
data,exdeorum,recipe,kubejs/data/exdeorum/recipe/compressed_sieve/gravel/golden/thorium_ore_chunk.json,.json,998,8e69423ef6eacf2a9e7ece6cb8260af9ee041c4df33b7a679807db5fba78cadb
data,exdeorum,recipe,kubejs/data/exdeorum/recipe/compressed_sieve/gravel/golden/tin_ore_chunk.json,.json,992,4484c503fbb7311ce69c94a19c72913c6b4f8fc65a88d90c67e71b0a1e5e02b1
data,exdeorum,recipe,kubejs/data/exdeorum/recipe/compressed_sieve/gravel/golden/zinc_ore_chunk.json,.json,994,19e25e803d6658b2b3cef64c825c0a07baf2ff1527b23ed997dcdf24a112b7e3
data,exdeorum,recipe,kubejs/data/exdeorum/recipe/compressed_sieve/gravel/iron/aluminum_ore_chunk.json,.json,999,6fcf1fd084890296c0973c172ba7ed8ae3b62bd5afeac9ab41a2fcbd0bc75d13
data,exdeorum,recipe,kubejs/data/exdeorum/recipe/compressed_sieve/gravel/iron/amethyst_shard.json,.json,543,c6100c19e2ae43f025d68ccc3a721622ea7e69420a0f269dbcacf93bcbb00a0c
data,exdeorum,recipe,kubejs/data/exdeorum/recipe/compressed_sieve/gravel/iron/boron_ore_chunk.json,.json,995,c5ecb385186680636eec37dcd959339c2bf567e9ebadcca1777829be11ebefb2
data,exdeorum,recipe,kubejs/data/exdeorum/recipe/compressed_sieve/gravel/iron/coal.json,.json,535,83498b3303ebbf2a376114729b8c2228a06598f9807554e692950a3ec3933965
data,exdeorum,recipe,kubejs/data/exdeorum/recipe/compressed_sieve/gravel/iron/copper_ore_chunk.json,.json,544,e14ee6d07edfa74f6e50155f258fb934c887cfb6d661debf783c1ae4daae8e38
data,exdeorum,recipe,kubejs/data/exdeorum/recipe/compressed_sieve/gravel/iron/deepslate_pebble.json,.json,538,5b81a47d7284ea70f63df5dfb711d9f4a888cfa3814529bc9470f50fec27ce02
data,exdeorum,recipe,kubejs/data/exdeorum/recipe/compressed_sieve/gravel/iron/diamond.json,.json,538,85e834a66f48a9fbd1ffd7a2b5dabecd760cae96c258a148c70a90dece29e8e3
data,exdeorum,recipe,kubejs/data/exdeorum/recipe/compressed_sieve/gravel/iron/emerald.json,.json,536,3936cea37f66f931099156f8a9fd20aa778f9fabd292322bdf86a0bf31cb8344
data,exdeorum,recipe,kubejs/data/exdeorum/recipe/compressed_sieve/gravel/iron/flint.json,.json,536,ff6067fae70f4db9cc9055a4b00101c9ecc4d59b029191458ce64cfa96236d96
data,exdeorum,recipe,kubejs/data/exdeorum/recipe/compressed_sieve/gravel/iron/gold_ore_chunk.json,.json,543,c99c313601dd20b80091e87ee834211560b6faeef6004e893df71908f5a783a8
data,exdeorum,recipe,kubejs/data/exdeorum/recipe/compressed_sieve/gravel/iron/iridium_ore_chunk.json,.json,996,f6a2be590f4108385e0b7658ce560dd03c2f1045d5928e6833cb992ef96a599d
data,exdeorum,recipe,kubejs/data/exdeorum/recipe/compressed_sieve/gravel/iron/iron_ore_chunk.json,.json,543,594e6e431ee4278c5914f7ddda33537b4be49b34b5707af4cf214afcf3c4ce57
data,exdeorum,recipe,kubejs/data/exdeorum/recipe/compressed_sieve/gravel/iron/lapis_lazuli.json,.json,541,8a5febbdc5f9105d7c3f823384ba2586b9b0543bb74fba4b6cb0b32bc7ffcb01
data,exdeorum,recipe,kubejs/data/exdeorum/recipe/compressed_sieve/gravel/iron/lead_ore_chunk.json,.json,991,9577a2b6e306cd512445b0dac019a319d4d37e59574375f0af0a96d1bb934a9f
data,exdeorum,recipe,kubejs/data/exdeorum/recipe/compressed_sieve/gravel/iron/magnesium_ore_chunk.json,.json,1002,2f5d9bea45bb639ae3de2a5151952dc5187a5328e52ffcf9b4654a8738d89c9a
data,exdeorum,recipe,kubejs/data/exdeorum/recipe/compressed_sieve/gravel/iron/nickel_ore_chunk.json,.json,996,68cd2cfd642bb543f2ae999d11f1fbe6112168a422ada865a83a493db33a98ea
data,exdeorum,recipe,kubejs/data/exdeorum/recipe/compressed_sieve/gravel/iron/osmium_ore_chunk.json,.json,997,ee2c05a46c1a1e61e2f53603fa521a2afd7fb008e10f0bfc968da85b60088ce7
data,exdeorum,recipe,kubejs/data/exdeorum/recipe/compressed_sieve/gravel/iron/silver_ore_chunk.json,.json,997,422e754ad80b4c03bfd64d5d1dadce36f1b2c97263ee77f4fe8fdc62d2617444
data,exdeorum,recipe,kubejs/data/exdeorum/recipe/compressed_sieve/gravel/iron/stone_pebble.json,.json,542,a71f43a24e76bb1e8518e471cb2ca6952a4b8ae8ab993284a1598cdc9a8f95ae
data,exdeorum,recipe,kubejs/data/exdeorum/recipe/compressed_sieve/gravel/iron/thorium_ore_chunk.json,.json,999,a7392de8125715d25a554272f194ac2decc67f9ff777afe4076f69c21a19df6e
data,exdeorum,recipe,kubejs/data/exdeorum/recipe/compressed_sieve/gravel/iron/tin_ore_chunk.json,.json,990,a1097d0860ae4d6de702f25973d5f4178e126dc534c42eaa744b99072d19c557
data,exdeorum,recipe,kubejs/data/exdeorum/recipe/compressed_sieve/gravel/iron/zinc_ore_chunk.json,.json,991,3f5995f6984f699a2be74e25e604fd2fe9d8b436ccbca0dcaeac118bdbeabc0b
data,exdeorum,recipe,kubejs/data/exdeorum/recipe/compressed_sieve/gravel/netherite/aluminum_ore_chunk.json,.json,1005,9f29d6338f450d9f056cc0a806c77a6a49fbed55e52bb940b0f2e3ce19177a7a
data,exdeorum,recipe,kubejs/data/exdeorum/recipe/compressed_sieve/gravel/netherite/amethyst_shard.json,.json,548,2ac96189b5f9323529bfc8cceedd1e6e94dfef7e25549a0062f1769937cc7c8a
data,exdeorum,recipe,kubejs/data/exdeorum/recipe/compressed_sieve/gravel/netherite/boron_ore_chunk.json,.json,1000,8dca283bfabe986ed5f02cdb8d84c06d79c1857722d3d0fe157478470d143e38
data,exdeorum,recipe,kubejs/data/exdeorum/recipe/compressed_sieve/gravel/netherite/coal.json,.json,539,9f7fa00d8e31aee54b4e1f6fe8e69fbdc3eccb0dbb3f4a7ef1cde95bf39a3660
data,exdeorum,recipe,kubejs/data/exdeorum/recipe/compressed_sieve/gravel/netherite/copper_ore_chunk.json,.json,550,19f95b84f41c1323e8786c4094351f84cd2e06c1e61ef78a8b1d5752c721a6b2
data,exdeorum,recipe,kubejs/data/exdeorum/recipe/compressed_sieve/gravel/netherite/deepslate_pebble.json,.json,543,43b44285a9ff4a417663aa057f6a703d10002a3992776ca9900421898ddadf02
data,exdeorum,recipe,kubejs/data/exdeorum/recipe/compressed_sieve/gravel/netherite/diamond.json,.json,542,902d9767d7684ea9cb594fde7925ff10e581af44d0d7ec999deef56c4bc04ac1
data,exdeorum,recipe,kubejs/data/exdeorum/recipe/compressed_sieve/gravel/netherite/emerald.json,.json,543,5b0d28c5f3e98e78f471d76c7cfdc55fcd4a810716c2cc25c88533a8cd7d10f7
data,exdeorum,recipe,kubejs/data/exdeorum/recipe/compressed_sieve/gravel/netherite/gold_nugget.json,.json,545,3435bcebcc76ef2057de999010ab2aa98404a70f159ef026e065ca7e9229ee83
data,exdeorum,recipe,kubejs/data/exdeorum/recipe/compressed_sieve/gravel/netherite/gold_ore_chunk.json,.json,549,1093e17a7bee4ed89944797a42e6fe30e127053507d06809d742144028c8f0c3
data,exdeorum,recipe,kubejs/data/exdeorum/recipe/compressed_sieve/gravel/netherite/iridium_ore_chunk.json,.json,1004,c757b67c5cc3e4dcb544409aa25fc9006f8b61d2361e0ab52f81e5a937b0b687
data,exdeorum,recipe,kubejs/data/exdeorum/recipe/compressed_sieve/gravel/netherite/iron_ore_chunk.json,.json,549,9fdde64486b4bb04178042f0ce94086059abd22ee1b54753ec047adf3eb21154
data,exdeorum,recipe,kubejs/data/exdeorum/recipe/compressed_sieve/gravel/netherite/lapis_lazuli.json,.json,548,3d3da8a5455697d49ff7a99a64aab9e3aefa3f2b81bd937bc61d2c1caa839a06
data,exdeorum,recipe,kubejs/data/exdeorum/recipe/compressed_sieve/gravel/netherite/lead_ore_chunk.json,.json,997,5188012ab7178fcd271cc31ec9004b3cd46aa75cd05a09a8f3d09913fd1bc859
data,exdeorum,recipe,kubejs/data/exdeorum/recipe/compressed_sieve/gravel/netherite/magnesium_ore_chunk.json,.json,1005,41e010fd00e70c0f27865a9ddb5e41b8ccd0d7944ba1f974bc58dd03f0ad4f99
data,exdeorum,recipe,kubejs/data/exdeorum/recipe/compressed_sieve/gravel/netherite/nickel_ore_chunk.json,.json,1000,7fc57d833ffb00d8d09e573a24b2a6fe9d9c8fe6d6498c1f6fe72a0a62225c93
data,exdeorum,recipe,kubejs/data/exdeorum/recipe/compressed_sieve/gravel/netherite/osmium_ore_chunk.json,.json,1001,e4793ac2db1fefb574d6adefba868b23f4e0a1c288cb90b989828ab046ae0524
data,exdeorum,recipe,kubejs/data/exdeorum/recipe/compressed_sieve/gravel/netherite/raw_gold.json,.json,544,00f4926a2e85ac439554dc4264cb65268958a88f5e38815f415500bc622075f7
data,exdeorum,recipe,kubejs/data/exdeorum/recipe/compressed_sieve/gravel/netherite/silver_ore_chunk.json,.json,1001,70b8d9a5bb8599895787a4f3f9ffdf7a67233ef36ceb82eec56f5078db145daf
data,exdeorum,recipe,kubejs/data/exdeorum/recipe/compressed_sieve/gravel/netherite/thorium_ore_chunk.json,.json,1004,c6b009c6b651e74887c45ede31e6c9d0323d0f5855615110f1a9ed14a437740f
data,exdeorum,recipe,kubejs/data/exdeorum/recipe/compressed_sieve/gravel/netherite/tin_ore_chunk.json,.json,993,88c7fd74b97092de398c4ac3522139e9de8dbc3cf821975fa27e33556cf0bbac
data,exdeorum,recipe,kubejs/data/exdeorum/recipe/compressed_sieve/gravel/netherite/zinc_ore_chunk.json,.json,995,31d000a60764cb3159068dc30ddcb7fb23e18ace4d73e10bc29b6a7587696936
data,exdeorum,recipe,kubejs/data/exdeorum/recipe/compressed_sieve/gravel/string/aluminum_ore_chunk.json,.json,1000,790ad1b548306e6d8909790b25c51c802639e1772ab8756ff09767ac70084ba2
data,exdeorum,recipe,kubejs/data/exdeorum/recipe/compressed_sieve/gravel/string/amethyst_shard.json,.json,547,187edc6d6339748939c2933f21c0406215e4af3782ab783b483d30e9318d1d95
data,exdeorum,recipe,kubejs/data/exdeorum/recipe/compressed_sieve/gravel/string/boron_ore_chunk.json,.json,996,a110f5426c5a9abc32869ce39068c53869144d0cfe95f11a4ba0e9f348d8c81a
data,exdeorum,recipe,kubejs/data/exdeorum/recipe/compressed_sieve/gravel/string/coal.json,.json,536,e22e0de1b5b5be80c76dfd435551c90be0e87b57b76794e585a7f61e9f26f2b8
data,exdeorum,recipe,kubejs/data/exdeorum/recipe/compressed_sieve/gravel/string/copper_ore_chunk.json,.json,546,dd9a3325c290619b3ce12686bbe5718397f2e9fd24e2819316a1a6a20ad76c8a
data,exdeorum,recipe,kubejs/data/exdeorum/recipe/compressed_sieve/gravel/string/diamond.json,.json,539,f3f61ca2a8b36c23eb6222d9fddcc4fca446028ed497ff4b80cc16cb88dc4b9a
data,exdeorum,recipe,kubejs/data/exdeorum/recipe/compressed_sieve/gravel/string/emerald.json,.json,540,5201ed0ccf319b7812088ddb96f0e3ea5630c1a6e2a707101d449bc94a2ca98f
data,exdeorum,recipe,kubejs/data/exdeorum/recipe/compressed_sieve/gravel/string/flint.json,.json,536,cd17f8a7b63e144e2b000a9ef311d2ed72028a65262bad05b0488972ecf948cc
data,exdeorum,recipe,kubejs/data/exdeorum/recipe/compressed_sieve/gravel/string/gold_ore_chunk.json,.json,546,deef7cb1fd5157712d2b7c8c3ba7624d17f883aaeba1d348ec5d9409d4686ace
data,exdeorum,recipe,kubejs/data/exdeorum/recipe/compressed_sieve/gravel/string/iridium_ore_chunk.json,.json,1000,949f9e87e0bbaa07a45970ff11800e0368e34811f81bdee3b0b8641969045b7e
data,exdeorum,recipe,kubejs/data/exdeorum/recipe/compressed_sieve/gravel/string/iron_ore_chunk.json,.json,545,9db76570fd53c58a5443f33c19c9d92c496dfa10c22c5c7a1d3ec6d56db6c643
data,exdeorum,recipe,kubejs/data/exdeorum/recipe/compressed_sieve/gravel/string/lapis_lazuli.json,.json,545,4c54431b65cae09b5ff81e407f9f0fe0472dd60ce76c88c6908e1ba4100bdcc3
data,exdeorum,recipe,kubejs/data/exdeorum/recipe/compressed_sieve/gravel/string/lead_ore_chunk.json,.json,992,f585688e34c16549ba47b53cd02abd4812c4021ceae713761bbbe711e2bde1b6
data,exdeorum,recipe,kubejs/data/exdeorum/recipe/compressed_sieve/gravel/string/magnesium_ore_chunk.json,.json,1004,3513d4ebb810ca8e1e89942b5b453294faaf92e7b024a3102390ecb01a2a23ac
data,exdeorum,recipe,kubejs/data/exdeorum/recipe/compressed_sieve/gravel/string/nickel_ore_chunk.json,.json,996,5adb246f8a991adbac00b73ad487f473788595e5697c9f50719975d3d10857fa
data,exdeorum,recipe,kubejs/data/exdeorum/recipe/compressed_sieve/gravel/string/osmium_ore_chunk.json,.json,998,5824944c62c9550f5b9ab30d863e8378660e61aee8d94681b91dc33a0a9dd1ab
data,exdeorum,recipe,kubejs/data/exdeorum/recipe/compressed_sieve/gravel/string/silver_ore_chunk.json,.json,996,c856e4e00bb6a93780846674537633262175a2e2542613b0429425e6abf23d49
data,exdeorum,recipe,kubejs/data/exdeorum/recipe/compressed_sieve/gravel/string/stone_pebble.json,.json,536,d540aa7d6e92db7a846d611d04779d76554aa7fab1361e44d1e3c56ef6e7fd50
data,exdeorum,recipe,kubejs/data/exdeorum/recipe/compressed_sieve/gravel/string/thorium_ore_chunk.json,.json,1000,44b4a20ef62b7dbfaa1dd549c6b153e639f18bf450cd74ea59df0227f67b1ac6
data,exdeorum,recipe,kubejs/data/exdeorum/recipe/compressed_sieve/gravel/string/tin_ore_chunk.json,.json,991,9a416f11d12ff3a2e49c241925f35fd4c8abf98965b42342810c60065c2511b6
data,exdeorum,recipe,kubejs/data/exdeorum/recipe/compressed_sieve/gravel/string/zinc_ore_chunk.json,.json,995,764b83e5c1e7893d68e540cfd0aec89ad4caf6dd380aedf94559d87ec3a30cd4
data,exdeorum,recipe,kubejs/data/exdeorum/recipe/compressed_sieve/moss_block/diamond/acacia_sapling.json,.json,552,8386c83452a558a69986d5bee572080692f136f1d593cbb7e37f0dc49a62e3c6
data,exdeorum,recipe,kubejs/data/exdeorum/recipe/compressed_sieve/moss_block/diamond/azalea.json,.json,542,3456e2d03c1a79165f1d9541c9313ce1d1f5d78644beb6ea58e77fb1eb10dbd0
data,exdeorum,recipe,kubejs/data/exdeorum/recipe/compressed_sieve/moss_block/diamond/big_dripleaf.json,.json,550,4d1a782fd9bd48a42fd667caabda067ee76b2e245a2431e8cd8ea32a98f43354
data,exdeorum,recipe,kubejs/data/exdeorum/recipe/compressed_sieve/moss_block/diamond/birch_sapling.json,.json,551,a47b14868a1732a8b76983b9e3b31fa38c79ea53a1039414d31025c8c0c21d55
data,exdeorum,recipe,kubejs/data/exdeorum/recipe/compressed_sieve/moss_block/diamond/blue_archwood_sapling.json,.json,825,6d12980cc98238bed94f789faa37da1f067f43372bd93bdbedfef15503472b56
data,exdeorum,recipe,kubejs/data/exdeorum/recipe/compressed_sieve/moss_block/diamond/cherry_sapling.json,.json,552,e4e6ab0dc2756dee7d9bae14591b85dff4d2c42f2dbe4db4c58e67d6b626b025
data,exdeorum,recipe,kubejs/data/exdeorum/recipe/compressed_sieve/moss_block/diamond/dark_oak_sapling.json,.json,554,1d56ee68957c6b0e6793247db20811d072b1d62da208c69e50253df62203f743
data,exdeorum,recipe,kubejs/data/exdeorum/recipe/compressed_sieve/moss_block/diamond/dead_sapling.json,.json,817,2f801d9e90675a6032e985de475171edc99206270fd7092e18c0bfee8c4085be
data,exdeorum,recipe,kubejs/data/exdeorum/recipe/compressed_sieve/moss_block/diamond/fir_sapling.json,.json,816,73ba28fb97e6023bd34c6738529b52cbc91ac10ae7f276c1dc9c1d22000a89f5
data,exdeorum,recipe,kubejs/data/exdeorum/recipe/compressed_sieve/moss_block/diamond/flowering_oak_sapling.json,.json,826,38e113a8abc92d946370662ba4f323255d152be5e4d03aa36d3084255b69c81b
data,exdeorum,recipe,kubejs/data/exdeorum/recipe/compressed_sieve/moss_block/diamond/glow_berries.json,.json,542,c7c637b71730d5d6ae5d237063dde0452af35e860504ed5d332527c0017010e3
data,exdeorum,recipe,kubejs/data/exdeorum/recipe/compressed_sieve/moss_block/diamond/green_archwood_sapling.json,.json,826,714789309aab5cd84a149295bb7d23d1d4b0a7060afa46b026831f2194f1960a
data,exdeorum,recipe,kubejs/data/exdeorum/recipe/compressed_sieve/moss_block/diamond/hellbark_sapling.json,.json,821,a03d1b9476a749fcd5a17b7b3bb5de6d13b61c4aebf429e4e5543e5ac6af59f2
data,exdeorum,recipe,kubejs/data/exdeorum/recipe/compressed_sieve/moss_block/diamond/jacaranda_sapling.json,.json,822,424dbde580ca5afb2f807b905c25f840b62fabcaa3c1ac0481e3bc0b290a20cf
data,exdeorum,recipe,kubejs/data/exdeorum/recipe/compressed_sieve/moss_block/diamond/jungle_sapling.json,.json,552,7d65d59f6ac7a073cec5cd974add42fdece09239782d9a4669ce1f3d47646fbc
data,exdeorum,recipe,kubejs/data/exdeorum/recipe/compressed_sieve/moss_block/diamond/magic_sapling.json,.json,818,89cb31692bfb870f688fc01bcfb89f3f581b6d552ddf7ef1ee4dac357defdeb4
data,exdeorum,recipe,kubejs/data/exdeorum/recipe/compressed_sieve/moss_block/diamond/mahogany_sapling.json,.json,821,940744c5150b7af00d1bb602382c99738989df145d9859d4ebd70338dc27e41a
data,exdeorum,recipe,kubejs/data/exdeorum/recipe/compressed_sieve/moss_block/diamond/mangrove_propagule.json,.json,556,dec30266b1e40e941ce64bf890b339b060c2b6832713316937a078d9ff65d1e2
data,exdeorum,recipe,kubejs/data/exdeorum/recipe/compressed_sieve/moss_block/diamond/maple_sapling.json,.json,818,d6847225d2e5b5e5e4f4ca9118a171fc0c5e5452a32db385e067def3600cb48e
data,exdeorum,recipe,kubejs/data/exdeorum/recipe/compressed_sieve/moss_block/diamond/oak_sapling.json,.json,549,eba5dcf0fa3557a658419da3f6b4f4809c9fea254f5bb31017ab707768e0624b
data,exdeorum,recipe,kubejs/data/exdeorum/recipe/compressed_sieve/moss_block/diamond/orange_autumn_sapling.json,.json,826,9898b89d7648df9c2c6b3c7ba37ed6c1186d5e031abe3fca7dafd58d6b305f7b
data,exdeorum,recipe,kubejs/data/exdeorum/recipe/compressed_sieve/moss_block/diamond/origin_sapling.json,.json,819,0054f94013fd86e960caa9f0702db4ae0aa30c3ced0b7165b6612444fedcbafe
data,exdeorum,recipe,kubejs/data/exdeorum/recipe/compressed_sieve/moss_block/diamond/palm_sapling.json,.json,817,c64f6309123ccffcf3d34102b4c514de5be1a5919c450d1beaedc9c126898509
data,exdeorum,recipe,kubejs/data/exdeorum/recipe/compressed_sieve/moss_block/diamond/purple_archwood_sapling.json,.json,827,da339fa575c5bf142103dc2824eb5e30a4b1d47089d998b9ae6bfc61f68a2d39
data,exdeorum,recipe,kubejs/data/exdeorum/recipe/compressed_sieve/moss_block/diamond/rainbow_birch_sapling.json,.json,826,1cb3ae029fcab1ea233c06c754acb04fa8b6616e16a5f3e6317469de8a56de94
data,exdeorum,recipe,kubejs/data/exdeorum/recipe/compressed_sieve/moss_block/diamond/red_archwood_sapling.json,.json,824,eacb7382873e34c70da09a8400c60e391ec7e6b307984304b2f6cdc58255e809
data,exdeorum,recipe,kubejs/data/exdeorum/recipe/compressed_sieve/moss_block/diamond/redwood_sapling.json,.json,820,4e82b847f43c76fc514e9b82e66fdfddd7ed4318178fcea35698cbe14cbfd95e
data,exdeorum,recipe,kubejs/data/exdeorum/recipe/compressed_sieve/moss_block/diamond/small_dripleaf.json,.json,552,84311fa1f2b273107227fefc06cf9dadfdc5731cc5800a6713e909a03953ca09
data,exdeorum,recipe,kubejs/data/exdeorum/recipe/compressed_sieve/moss_block/diamond/snowblossom_sapling.json,.json,824,2f28a98441920ae612c156bcd3fc8c7a6e05099701b446a79e5085a1ef29130f
data,exdeorum,recipe,kubejs/data/exdeorum/recipe/compressed_sieve/moss_block/diamond/sourceberry_bush.json,.json,819,4bbebdc99682d83b1db6e8c0a1c3a3115d03c26b756aaca2cdd731a84367ef83
data,exdeorum,recipe,kubejs/data/exdeorum/recipe/compressed_sieve/moss_block/diamond/spore_blossom.json,.json,556,21c597f0773c91947de9d17565676d6fb909ab47e4f6531f8656ea0aeb0917b0
data,exdeorum,recipe,kubejs/data/exdeorum/recipe/compressed_sieve/moss_block/diamond/spruce_sapling.json,.json,552,7b1a58e1292aec47e0100531122e34dc3c0f446f3ca82898b4394e138389342e
data,exdeorum,recipe,kubejs/data/exdeorum/recipe/compressed_sieve/moss_block/diamond/umbran_sapling.json,.json,819,e36cc5a2794dabdea3a07e4f6074285dff011386ca7efa02218a567dcfc39589
data,exdeorum,recipe,kubejs/data/exdeorum/recipe/compressed_sieve/moss_block/diamond/willow_sapling.json,.json,819,5b5e1fbf6119bf417f0460a16f9a2f764078c5a68c3d80e225b54e7a940d105d
data,exdeorum,recipe,kubejs/data/exdeorum/recipe/compressed_sieve/moss_block/diamond/yellow_autumn_sapling.json,.json,826,6856c000b12f6cb805e644f14b2efba5bd1c92b35ba1e25ecacdd729dee78d17
data,exdeorum,recipe,kubejs/data/exdeorum/recipe/compressed_sieve/moss_block/flint/acacia_sapling.json,.json,550,974f7cd41e549ddb58bad1c9fbc58dc82ae254c74a722c5a2223d82b587e8a9c
data,exdeorum,recipe,kubejs/data/exdeorum/recipe/compressed_sieve/moss_block/flint/azalea.json,.json,547,4b890d276a9834c9095e7e8b33bdb2f3c97cfd4189467ff78751e58fa3b9eb6a
data,exdeorum,recipe,kubejs/data/exdeorum/recipe/compressed_sieve/moss_block/flint/big_dripleaf.json,.json,548,e0aadb5ef68378cc411e0e215911df65f38da391c068e7541ff292c53433a873
data,exdeorum,recipe,kubejs/data/exdeorum/recipe/compressed_sieve/moss_block/flint/birch_sapling.json,.json,549,beda1e3dd6998ef419638854ff52a0204ef899f9c155c73bae25eadd8c8224f1
data,exdeorum,recipe,kubejs/data/exdeorum/recipe/compressed_sieve/moss_block/flint/blue_archwood_sapling.json,.json,823,b637b118f1beb79d77bad38dfc63c49891e7b361b47bda23a644841c75d1ebcc
data,exdeorum,recipe,kubejs/data/exdeorum/recipe/compressed_sieve/moss_block/flint/cherry_sapling.json,.json,550,cbe075418915b76ca0125e060b92955dc258897a5f837a28f9a41bdc73e0b98a
data,exdeorum,recipe,kubejs/data/exdeorum/recipe/compressed_sieve/moss_block/flint/dark_oak_sapling.json,.json,552,921117f6985c37ba45c6c1185520e409db2b8e494fe6d60eb68511013bc15e2e
data,exdeorum,recipe,kubejs/data/exdeorum/recipe/compressed_sieve/moss_block/flint/dead_sapling.json,.json,815,4f3d7430b9f41de88aeb8622c5c1c249072ec8d412a7dae8cfb06aa16a588f51
data,exdeorum,recipe,kubejs/data/exdeorum/recipe/compressed_sieve/moss_block/flint/fir_sapling.json,.json,814,fa8f9f04e9b1aa9201ea0abf5e96e1af7401ab0c3fbe6c2bd6513af83db670cd
data,exdeorum,recipe,kubejs/data/exdeorum/recipe/compressed_sieve/moss_block/flint/flowering_azalea.json,.json,552,cb8431f908ac89dc806847fd8f2cf3cf5b1307ef90d56e4d25fb64e63831c4ba
data,exdeorum,recipe,kubejs/data/exdeorum/recipe/compressed_sieve/moss_block/flint/flowering_oak_sapling.json,.json,824,876407aa16f8562ae6c4b58c91dd4a5074006ceb5aabbf8b441d926ee581dd72
data,exdeorum,recipe,kubejs/data/exdeorum/recipe/compressed_sieve/moss_block/flint/glow_berries.json,.json,549,b927a0a5cfea1477ce8bf0a9ac1f5ff1adf078e4bbf0557ace39321186943609
data,exdeorum,recipe,kubejs/data/exdeorum/recipe/compressed_sieve/moss_block/flint/glow_lichen.json,.json,545,682ad96ec1ca4a4b49ced04b008bc8ff42141832cde9fafe390304ac46298512
data,exdeorum,recipe,kubejs/data/exdeorum/recipe/compressed_sieve/moss_block/flint/green_archwood_sapling.json,.json,824,d4c7976bb2547ee9e16cd67dba16422d9cda4cac7f3fae598a183a2a8c2a5277
data,exdeorum,recipe,kubejs/data/exdeorum/recipe/compressed_sieve/moss_block/flint/hellbark_sapling.json,.json,819,0865993a9ec06f4cb441ac2377a7c38267f482c647eb7a62c5b5695b2b2e8ce8
data,exdeorum,recipe,kubejs/data/exdeorum/recipe/compressed_sieve/moss_block/flint/jacaranda_sapling.json,.json,820,3358a78b9107dabb6997af8b55674fb145d2d14fc308ae204af47e6694828850
data,exdeorum,recipe,kubejs/data/exdeorum/recipe/compressed_sieve/moss_block/flint/jungle_sapling.json,.json,550,0aed6899a2e37e680c2f0b1a0caf9e8b1713ef58ae2af619d09654daf707e5bb
data,exdeorum,recipe,kubejs/data/exdeorum/recipe/compressed_sieve/moss_block/flint/lily_pad.json,.json,542,0686506410d96cb754c2757571a8c9d7cab56fe8d06425a6286a3c38fb572c92
data,exdeorum,recipe,kubejs/data/exdeorum/recipe/compressed_sieve/moss_block/flint/magic_sapling.json,.json,816,75800cf201608c15a72f0d2b03ee012a425bebb67b6aa9c0555ef2cc00d87db2
data,exdeorum,recipe,kubejs/data/exdeorum/recipe/compressed_sieve/moss_block/flint/mahogany_sapling.json,.json,819,2a2710d80286f2f6d153e4b0d7f2b7a8965c8c533de2579ed6877f7b1fcb9f60
data,exdeorum,recipe,kubejs/data/exdeorum/recipe/compressed_sieve/moss_block/flint/mangrove_propagule.json,.json,554,c41f5b22b5314c7d9479c5ce55d15f3c504ec273adc7f58f7641c2a3bce37a6f
data,exdeorum,recipe,kubejs/data/exdeorum/recipe/compressed_sieve/moss_block/flint/maple_sapling.json,.json,816,2168c66c6d871cc73bccfa72d4f0fdc5062b962800bd56a8d367bbc000f7ec2a
data,exdeorum,recipe,kubejs/data/exdeorum/recipe/compressed_sieve/moss_block/flint/oak_sapling.json,.json,539,12ed80b3a617c2168a50f104cc0387a9f1b9dc308073cf7663c532a65ce3bd35
data,exdeorum,recipe,kubejs/data/exdeorum/recipe/compressed_sieve/moss_block/flint/orange_autumn_sapling.json,.json,824,da3500b578c5ecc41c66fa68851313b88b8380135fada9bb8e5b16798ed1c899
data,exdeorum,recipe,kubejs/data/exdeorum/recipe/compressed_sieve/moss_block/flint/origin_sapling.json,.json,817,351290fa6ab4bbae72505cfd82f0d2ff813dac2121ac86bd866a92d7f5628eea
data,exdeorum,recipe,kubejs/data/exdeorum/recipe/compressed_sieve/moss_block/flint/palm_sapling.json,.json,815,512f09f08ef2d7ad05a63839dd8a072a443ad798bc23c8ced7fbdc4b19e36047
data,exdeorum,recipe,kubejs/data/exdeorum/recipe/compressed_sieve/moss_block/flint/purple_archwood_sapling.json,.json,825,b274445be935a1686e965f51c0320e6f0a1eaf0a10f1c762fc5ddb8d9639ea4d
data,exdeorum,recipe,kubejs/data/exdeorum/recipe/compressed_sieve/moss_block/flint/rainbow_birch_sapling.json,.json,824,198753f9a79735a73f4b1fc32a03308a1703f179052e33aa60e070260791de92
data,exdeorum,recipe,kubejs/data/exdeorum/recipe/compressed_sieve/moss_block/flint/red_archwood_sapling.json,.json,822,3cba4939bc635c11bf86ee11ceea36790c842916af2518117f917b67685f0adf
data,exdeorum,recipe,kubejs/data/exdeorum/recipe/compressed_sieve/moss_block/flint/redwood_sapling.json,.json,818,4b1b6cc443f6764ea763b239ebe3f7f976b861d568b80429dd6d933ae8744cf9
data,exdeorum,recipe,kubejs/data/exdeorum/recipe/compressed_sieve/moss_block/flint/small_dripleaf.json,.json,551,de9a931f4f6ba026fbc263c36deef13bf7ebd065bb0f2961cf47384444415bd5
data,exdeorum,recipe,kubejs/data/exdeorum/recipe/compressed_sieve/moss_block/flint/snowblossom_sapling.json,.json,822,a43bf56a5bc4ebdb3235b5acb5ccb3122864ff90f581edda691c1f3890ed52d0
data,exdeorum,recipe,kubejs/data/exdeorum/recipe/compressed_sieve/moss_block/flint/sourceberry_bush.json,.json,817,41fd53d169fd1fb02e9d3b72dc9c2e7fa3c26983ae4ec969f4cd113423e50fdb
data,exdeorum,recipe,kubejs/data/exdeorum/recipe/compressed_sieve/moss_block/flint/spore_blossom.json,.json,550,413bcf976f3368334bc09d0ebf6e7f37380c04ec3ba8b8360330b2e25a179222
data,exdeorum,recipe,kubejs/data/exdeorum/recipe/compressed_sieve/moss_block/flint/spruce_sapling.json,.json,550,e1f8f5fb581f938c9da8d6e6a5d50a8e95fe3432491e15157241e201367786e5
data,exdeorum,recipe,kubejs/data/exdeorum/recipe/compressed_sieve/moss_block/flint/sweet_berries.json,.json,549,eaedfad6c5222be9d5a5b7b09cfe8d3df1312cf90c167ccc35b8729f10b675cc
data,exdeorum,recipe,kubejs/data/exdeorum/recipe/compressed_sieve/moss_block/flint/umbran_sapling.json,.json,817,ae3c129ebe9896281aaeab5e7f5a2b451a371c23cc3ca908145821853a97d94d
data,exdeorum,recipe,kubejs/data/exdeorum/recipe/compressed_sieve/moss_block/flint/willow_sapling.json,.json,817,817549f9f6a71b11254e2edf7d2bb05839472e59c632dd72e177a6e0c7b44571
data,exdeorum,recipe,kubejs/data/exdeorum/recipe/compressed_sieve/moss_block/flint/yellow_autumn_sapling.json,.json,824,052840ddd8a578ee13e51c3f007cf3d6b1a2ac638d7cdea65f19ca498ecf4f13
data,exdeorum,recipe,kubejs/data/exdeorum/recipe/compressed_sieve/moss_block/golden/acacia_sapling.json,.json,551,9cfceeebf1008dbca8cc6d224d3260b9ae33a0e8148530b8ea91ec2b57c463ac
data,exdeorum,recipe,kubejs/data/exdeorum/recipe/compressed_sieve/moss_block/golden/azalea.json,.json,543,56fb30e16f6a144d6d86f93457c4f85f0bf104b3f2b6c862e4cc349e30befe8b
data,exdeorum,recipe,kubejs/data/exdeorum/recipe/compressed_sieve/moss_block/golden/big_dripleaf.json,.json,549,dbce2ad76c6debdf935bde5218181869fb236cd8fe538b08698aa8a4d30009a2
data,exdeorum,recipe,kubejs/data/exdeorum/recipe/compressed_sieve/moss_block/golden/birch_sapling.json,.json,550,310c52abb5b15072863d3ca3083742a296ed02c95792b92750f67bc9fbf6b0bb
data,exdeorum,recipe,kubejs/data/exdeorum/recipe/compressed_sieve/moss_block/golden/blue_archwood_sapling.json,.json,824,c082d47eba4e356172e7e3f7f531149176af56fdd8ee083f4f134b76dfa78d89
data,exdeorum,recipe,kubejs/data/exdeorum/recipe/compressed_sieve/moss_block/golden/cherry_sapling.json,.json,551,7673ff3016bf7b2da816f5ab683720d28d47bc6cb0a12af532f5e7266d5d14d2
data,exdeorum,recipe,kubejs/data/exdeorum/recipe/compressed_sieve/moss_block/golden/dark_oak_sapling.json,.json,553,024a6473280067f6a08790fc87ca0f4dc9afb8cc335b448bd3c6da81febfc7cc
data,exdeorum,recipe,kubejs/data/exdeorum/recipe/compressed_sieve/moss_block/golden/dead_sapling.json,.json,816,04ee115d003751a116203fb900d85949552ca93f15068acb1f4c30167fb14fae
data,exdeorum,recipe,kubejs/data/exdeorum/recipe/compressed_sieve/moss_block/golden/fir_sapling.json,.json,815,e555b7d408b9d9340cca99fe5d229a2ab52c57aa521f75078bd0bbe829ff6511
data,exdeorum,recipe,kubejs/data/exdeorum/recipe/compressed_sieve/moss_block/golden/flowering_oak_sapling.json,.json,825,9565bdd67a51fd379b368761c46ff06331701a23788b30b21c602e0872ff96f0
data,exdeorum,recipe,kubejs/data/exdeorum/recipe/compressed_sieve/moss_block/golden/glow_berries.json,.json,541,29c39a624a5c05643c1bd67c2e3f799a0254fe5103f72e34efe0e0a49dbca90b
data,exdeorum,recipe,kubejs/data/exdeorum/recipe/compressed_sieve/moss_block/golden/green_archwood_sapling.json,.json,825,6bd9b2dcf7ff83d60d133a65ca7c59159dd605cf924851b1de1fec42e1644a93
data,exdeorum,recipe,kubejs/data/exdeorum/recipe/compressed_sieve/moss_block/golden/hellbark_sapling.json,.json,820,65fba6ba1808542208929af327faf592f553f92db8758c381b4a04625e605ed2
data,exdeorum,recipe,kubejs/data/exdeorum/recipe/compressed_sieve/moss_block/golden/jacaranda_sapling.json,.json,821,e1655124ccd5037abd30f070d58548ca50c742aa9d8b2b498625de1ca415a065
data,exdeorum,recipe,kubejs/data/exdeorum/recipe/compressed_sieve/moss_block/golden/jungle_sapling.json,.json,551,c3fbd7fed16b596196dc4a083c2665cb0527c23d22e530bea5eda7678032c0bc
data,exdeorum,recipe,kubejs/data/exdeorum/recipe/compressed_sieve/moss_block/golden/magic_sapling.json,.json,817,ccfcc0fc85965962f347a5e04b5cb3a38564a9e5629130881e80dc6296f76339
data,exdeorum,recipe,kubejs/data/exdeorum/recipe/compressed_sieve/moss_block/golden/mahogany_sapling.json,.json,820,130e6efa9996384647e9eeb8362dc812f2b7f215f0979b97dce4b6ad58d0f8df
data,exdeorum,recipe,kubejs/data/exdeorum/recipe/compressed_sieve/moss_block/golden/mangrove_propagule.json,.json,555,28914c80d6fce0387253ae0a5dc468d34d955e10e8e95a5104abf5bc9f407495
data,exdeorum,recipe,kubejs/data/exdeorum/recipe/compressed_sieve/moss_block/golden/maple_sapling.json,.json,817,e1e2087991d2598cf780411a7125642e0b2746bf55afd2d338d6156d3e18d55b
data,exdeorum,recipe,kubejs/data/exdeorum/recipe/compressed_sieve/moss_block/golden/oak_sapling.json,.json,548,e2c45a94fd006a733ed7a596709d69503677e142b505e610773db13347320565
data,exdeorum,recipe,kubejs/data/exdeorum/recipe/compressed_sieve/moss_block/golden/orange_autumn_sapling.json,.json,825,364f00b761958faf93ae34af1fb48967a346350ce609b40ce85f5349c395b287
data,exdeorum,recipe,kubejs/data/exdeorum/recipe/compressed_sieve/moss_block/golden/origin_sapling.json,.json,818,ddb60d44a5ac12fbea155ab9818a039cff5e93fe194f02a484a44c5167fbebe4
data,exdeorum,recipe,kubejs/data/exdeorum/recipe/compressed_sieve/moss_block/golden/palm_sapling.json,.json,816,3a0770fe5642aa5b2c713cfbe732650b86cf38c7efbe94ac00853cb05a57ff78
data,exdeorum,recipe,kubejs/data/exdeorum/recipe/compressed_sieve/moss_block/golden/purple_archwood_sapling.json,.json,826,a8d75eb02ca42e796870364bb7ed7b9ed7186174d88ee9cb796e87d65d8e0926
data,exdeorum,recipe,kubejs/data/exdeorum/recipe/compressed_sieve/moss_block/golden/rainbow_birch_sapling.json,.json,825,b8e59d6faf4cbce38d2ba0a94d7c4dc53739b6596ea246315c1f6b7112f616ca
data,exdeorum,recipe,kubejs/data/exdeorum/recipe/compressed_sieve/moss_block/golden/red_archwood_sapling.json,.json,823,bf88d21c58213de1f4afd09e5b53ffc68f304e175fd57e0d1c8ec23a2eab7405
data,exdeorum,recipe,kubejs/data/exdeorum/recipe/compressed_sieve/moss_block/golden/redwood_sapling.json,.json,819,237298f859c9177f2a2fc2eb79d89c1a3d0d211b29a145ee347b076e4e02da86
data,exdeorum,recipe,kubejs/data/exdeorum/recipe/compressed_sieve/moss_block/golden/small_dripleaf.json,.json,556,7ac37570dc626dd60c08fcd60ba5c76a48dab961c02f5e45d396e0d0a554aa58
data,exdeorum,recipe,kubejs/data/exdeorum/recipe/compressed_sieve/moss_block/golden/snowblossom_sapling.json,.json,823,9bef52a2351e615db22908c02bfc21c33563b31ca522a6e43933ab3b90209ecc
data,exdeorum,recipe,kubejs/data/exdeorum/recipe/compressed_sieve/moss_block/golden/sourceberry_bush.json,.json,818,66bb480225f3250938896456ca17966ed05fd442e32efb111eab495a225a01ca
data,exdeorum,recipe,kubejs/data/exdeorum/recipe/compressed_sieve/moss_block/golden/spore_blossom.json,.json,555,b471aa2df186b3db1f6e8e2a61ecb4444dc47e4a92c1f4e9c10bd876f1bd91c5
data,exdeorum,recipe,kubejs/data/exdeorum/recipe/compressed_sieve/moss_block/golden/spruce_sapling.json,.json,551,e1005209f836439c0a59eff2b1b2803aea239375d964092c45e4592172fcb7d1
data,exdeorum,recipe,kubejs/data/exdeorum/recipe/compressed_sieve/moss_block/golden/umbran_sapling.json,.json,818,fabb3f6523ffb0d65ec4dedaeaa39f057e1a792e219028bdb358f432fc9946e2
data,exdeorum,recipe,kubejs/data/exdeorum/recipe/compressed_sieve/moss_block/golden/willow_sapling.json,.json,818,1f3642a7c53239a937a9e463c55768472fd4f2e211fb0849565edbc16787bc24
data,exdeorum,recipe,kubejs/data/exdeorum/recipe/compressed_sieve/moss_block/golden/yellow_autumn_sapling.json,.json,825,22f608cf3704194e478d01b8820972ee4fa91b2e69e50920dc981762338fe06a
data,exdeorum,recipe,kubejs/data/exdeorum/recipe/compressed_sieve/moss_block/iron/acacia_sapling.json,.json,549,bf427568d2d2f2cf37ed31a0c52c29dafdd61780c21e824700b3e386bdc8d586
data,exdeorum,recipe,kubejs/data/exdeorum/recipe/compressed_sieve/moss_block/iron/azalea.json,.json,546,c1e2f1a3657c9521750e3c584fb59ac1da0e3d9d3e1ad8bb10c0a3b9c92ef424
data,exdeorum,recipe,kubejs/data/exdeorum/recipe/compressed_sieve/moss_block/iron/big_dripleaf.json,.json,547,0cf7709cb2203336abdd5e4276a0fe1d0fae1f3ec63057e864add4427d61e24c
data,exdeorum,recipe,kubejs/data/exdeorum/recipe/compressed_sieve/moss_block/iron/birch_sapling.json,.json,548,2def7a16c925096d69893948e9edf5c1cd934368e43ec8aea3d489cf125aee68
data,exdeorum,recipe,kubejs/data/exdeorum/recipe/compressed_sieve/moss_block/iron/blue_archwood_sapling.json,.json,822,900d076bec477aafc1b4b154b31525a01688072aead5cb3691d287ecceeb4665
data,exdeorum,recipe,kubejs/data/exdeorum/recipe/compressed_sieve/moss_block/iron/cherry_sapling.json,.json,549,3697305c8b1cd19be2bd7bcecef2b3dbb564bd474a68000e5bafa2c0dcd23897
data,exdeorum,recipe,kubejs/data/exdeorum/recipe/compressed_sieve/moss_block/iron/dark_oak_sapling.json,.json,551,e8d8ad558e4a8444bef80ad04653a92b4458bcfb1f36e6d00e6035705093d066
data,exdeorum,recipe,kubejs/data/exdeorum/recipe/compressed_sieve/moss_block/iron/dead_sapling.json,.json,814,c6d0f5d9ba601500b22203a0eb8a0ab607fe5f4eb12c4c0102621400f05551ed
data,exdeorum,recipe,kubejs/data/exdeorum/recipe/compressed_sieve/moss_block/iron/fir_sapling.json,.json,813,4abe23ec1da7caac06ccb98ff0e66a4c6c1eba8aaabaedfd849f8c7cd7681d7c
data,exdeorum,recipe,kubejs/data/exdeorum/recipe/compressed_sieve/moss_block/iron/flowering_oak_sapling.json,.json,823,d142d9c7dd81f62f2950139141c8c4d441b5758fd5c9aa9fb7e33ce7f1c3ab62
data,exdeorum,recipe,kubejs/data/exdeorum/recipe/compressed_sieve/moss_block/iron/glow_berries.json,.json,539,85044efa049ef199d6312f5121868216d67f2335d9364a636c496aff91300389
data,exdeorum,recipe,kubejs/data/exdeorum/recipe/compressed_sieve/moss_block/iron/green_archwood_sapling.json,.json,823,17e5977449fdb91d07d24ba25af8efb594342de9743b8f8a473e4f1ca342b4c9
data,exdeorum,recipe,kubejs/data/exdeorum/recipe/compressed_sieve/moss_block/iron/hellbark_sapling.json,.json,818,b09c096083fa213231b15812e2b0e9a2d062298765228495090dbd2d4305e362
data,exdeorum,recipe,kubejs/data/exdeorum/recipe/compressed_sieve/moss_block/iron/jacaranda_sapling.json,.json,819,85525b50cc965ca6e22752596a1fad89c5df1e963e1636534e3938d005b0ba22
data,exdeorum,recipe,kubejs/data/exdeorum/recipe/compressed_sieve/moss_block/iron/jungle_sapling.json,.json,549,208cf334811fa053d14051bc0d19f158f705532a97b50ae3ffe55c4568d67ffe
data,exdeorum,recipe,kubejs/data/exdeorum/recipe/compressed_sieve/moss_block/iron/magic_sapling.json,.json,815,f0b0f1c75d3278c82982582250cac8672c8b35a07710e3a6800a97162097390b
data,exdeorum,recipe,kubejs/data/exdeorum/recipe/compressed_sieve/moss_block/iron/mahogany_sapling.json,.json,818,de1fed0e3610b435f020c202d2e6513f2266804a560c729d79ad71449bbb4436
data,exdeorum,recipe,kubejs/data/exdeorum/recipe/compressed_sieve/moss_block/iron/mangrove_propagule.json,.json,553,b9c709c2ec9a3766b6ef4dc06a72934b4ec7dc69cd93a236267038494daa450f
data,exdeorum,recipe,kubejs/data/exdeorum/recipe/compressed_sieve/moss_block/iron/maple_sapling.json,.json,815,d1f33033285fff9599ef00f4c996689a79eba6b98a6288c6b4fe7f26ddebec2c
data,exdeorum,recipe,kubejs/data/exdeorum/recipe/compressed_sieve/moss_block/iron/oak_sapling.json,.json,546,0c189dcba3447be8f86a219d5db6447eee1a5250b5b03bc602d01ee761557050
data,exdeorum,recipe,kubejs/data/exdeorum/recipe/compressed_sieve/moss_block/iron/orange_autumn_sapling.json,.json,823,cbb387b9e366ee311f10d5ad8617857fc0e77bbc860c752d2f9e4fc1982201e9
data,exdeorum,recipe,kubejs/data/exdeorum/recipe/compressed_sieve/moss_block/iron/origin_sapling.json,.json,816,0180d645639f41dc83285b6b0fe7e4b8b9a9423965f8f17759d1439dd9282a30
data,exdeorum,recipe,kubejs/data/exdeorum/recipe/compressed_sieve/moss_block/iron/palm_sapling.json,.json,814,cf65766fe84ec47a8bb72ddb85fd1d4f4af9fdb3b6eac8ecd7a2a2aba8fa6f65
data,exdeorum,recipe,kubejs/data/exdeorum/recipe/compressed_sieve/moss_block/iron/purple_archwood_sapling.json,.json,824,0eb747e87e1e247d7d2b263d44726843290c81b28022bd16878e4e0f8d6cc11e
data,exdeorum,recipe,kubejs/data/exdeorum/recipe/compressed_sieve/moss_block/iron/rainbow_birch_sapling.json,.json,823,917c6efe25b857ecd7a7f47e15a3521629f3b9f8e293fc19a4a8d237c3b43021
data,exdeorum,recipe,kubejs/data/exdeorum/recipe/compressed_sieve/moss_block/iron/red_archwood_sapling.json,.json,821,8f8c75f97179e3f6f19266b062155d9b075955222d10e1e649f635e8e9821294
data,exdeorum,recipe,kubejs/data/exdeorum/recipe/compressed_sieve/moss_block/iron/redwood_sapling.json,.json,817,4a6cc4db01bc29de90875b6bfdd1f8fd5744b8b954016af2c997cea12ce4e7f2
data,exdeorum,recipe,kubejs/data/exdeorum/recipe/compressed_sieve/moss_block/iron/small_dripleaf.json,.json,554,f5a42de32227398bd3c1579483edb28c3b96652ec7971a03d53d1633eab59e58
data,exdeorum,recipe,kubejs/data/exdeorum/recipe/compressed_sieve/moss_block/iron/snowblossom_sapling.json,.json,821,6ec6a4ea8769a253f5a4f2aff273b1d1d49d25222bb327343bc8b3db2796f966
data,exdeorum,recipe,kubejs/data/exdeorum/recipe/compressed_sieve/moss_block/iron/sourceberry_bush.json,.json,816,503421896f3370161e6b49bd7e88534e32d94dbd9983402500b115458282b8ef
data,exdeorum,recipe,kubejs/data/exdeorum/recipe/compressed_sieve/moss_block/iron/spore_blossom.json,.json,547,a6b3db936895429693041d091c59ad5aa853ff7cdbf907a83ea695148c2f0382
data,exdeorum,recipe,kubejs/data/exdeorum/recipe/compressed_sieve/moss_block/iron/spruce_sapling.json,.json,549,0ab1651066af70e1464b94983db3b91ad53ae6a0ab6983db9537e5f64137860f
data,exdeorum,recipe,kubejs/data/exdeorum/recipe/compressed_sieve/moss_block/iron/umbran_sapling.json,.json,816,4d8c465f9e63c9a3181b2e6cfcebaefdd923a40f9c1395915f6dab04e150ddee
data,exdeorum,recipe,kubejs/data/exdeorum/recipe/compressed_sieve/moss_block/iron/willow_sapling.json,.json,816,946c8261609b6d2b2c067ccd2560b75fc4d2bdee1166c4d3f19ba9d52b48be41
data,exdeorum,recipe,kubejs/data/exdeorum/recipe/compressed_sieve/moss_block/iron/yellow_autumn_sapling.json,.json,823,aaf2c75c8fe4d6a5d7b46a2babb7d10796972358881a14908cc8680827abbd74
data,exdeorum,recipe,kubejs/data/exdeorum/recipe/compressed_sieve/moss_block/netherite/acacia_sapling.json,.json,554,0128087eb4a461398958f2042a4bc2e92c01a0115b072b0d2eaac1a1d1cad7e9
data,exdeorum,recipe,kubejs/data/exdeorum/recipe/compressed_sieve/moss_block/netherite/azalea.json,.json,546,d6dc3b6a2dfc61246e391dd4fa789d722a47175e4d68339d119d69436af74402
data,exdeorum,recipe,kubejs/data/exdeorum/recipe/compressed_sieve/moss_block/netherite/big_dripleaf.json,.json,557,1fd84dbc3d6923a7db5e18505c56a3f538adcbc50983beb1eda1adaae2b04db9
data,exdeorum,recipe,kubejs/data/exdeorum/recipe/compressed_sieve/moss_block/netherite/birch_sapling.json,.json,553,4edca13154e85ec239e9f891e884ecb1d51c59f1f2e2646be466ad1a0a30e7dd
data,exdeorum,recipe,kubejs/data/exdeorum/recipe/compressed_sieve/moss_block/netherite/blue_archwood_sapling.json,.json,827,4717df1bd1151fc2bc656a6509ae84cf5d53c084fc80074e1558d950ec5c4492
data,exdeorum,recipe,kubejs/data/exdeorum/recipe/compressed_sieve/moss_block/netherite/cherry_sapling.json,.json,554,902aa713b81510edc1e43a0ffc16d5bba18e81ba51d3d7b233bff24a149fb6b2
data,exdeorum,recipe,kubejs/data/exdeorum/recipe/compressed_sieve/moss_block/netherite/dark_oak_sapling.json,.json,556,b09ea177b7251c00e592679fd3b03c47041187309aaab29b72eac413ad2156f1
data,exdeorum,recipe,kubejs/data/exdeorum/recipe/compressed_sieve/moss_block/netherite/dead_sapling.json,.json,819,36207af19f4aa8bbced75615eb06af485bb59894bb407a8a9e129244ec445643
data,exdeorum,recipe,kubejs/data/exdeorum/recipe/compressed_sieve/moss_block/netherite/fir_sapling.json,.json,818,cfe1523bc5c4e45db9d4b1bf7bd0d5b3d5c4f0045733b5d2d5a53f753401bbf6
data,exdeorum,recipe,kubejs/data/exdeorum/recipe/compressed_sieve/moss_block/netherite/flowering_oak_sapling.json,.json,828,d321b409d8a412f8cdcb8048fec13dff4c7a40c661cb9ccacb34a5fedd1e69e3
data,exdeorum,recipe,kubejs/data/exdeorum/recipe/compressed_sieve/moss_block/netherite/glow_berries.json,.json,544,d851cbf9ec664aa5ad3be1b8983e63ff65f3d006fdab79246b7c07a717eb6e3b
data,exdeorum,recipe,kubejs/data/exdeorum/recipe/compressed_sieve/moss_block/netherite/green_archwood_sapling.json,.json,828,2e1119e146873fabaf4cf2a2efd060ce4f92358fce8eb99b4dc1b8b355b5720e
data,exdeorum,recipe,kubejs/data/exdeorum/recipe/compressed_sieve/moss_block/netherite/hellbark_sapling.json,.json,823,fa3c81a47f3de7c9d1f8dca0116aba8c15847592ef6c0f16611e09bb6a7ac68c
data,exdeorum,recipe,kubejs/data/exdeorum/recipe/compressed_sieve/moss_block/netherite/jacaranda_sapling.json,.json,824,05db4380dd546fb0d14f5f74cabe5732747dc34228e0f4d47bd1b8e97a0f0c88
data,exdeorum,recipe,kubejs/data/exdeorum/recipe/compressed_sieve/moss_block/netherite/jungle_sapling.json,.json,554,81e0699479293a54b7931adad9ae540d8b55c55b5f4aa9cd8cea8c764b7e37d8
data,exdeorum,recipe,kubejs/data/exdeorum/recipe/compressed_sieve/moss_block/netherite/magic_sapling.json,.json,820,641c24a99cf740513c50e1b704be4418be7404f3a850d794e10aaef45b876865
data,exdeorum,recipe,kubejs/data/exdeorum/recipe/compressed_sieve/moss_block/netherite/mahogany_sapling.json,.json,823,b0d59ffafdadeac89a6b686128de377c4c8409b407471ea4ed132d0fed8bfa44
data,exdeorum,recipe,kubejs/data/exdeorum/recipe/compressed_sieve/moss_block/netherite/mangrove_propagule.json,.json,558,cab7c35548d22c2ff707e7a39f17e88dc0f4bf7051e83458e4325391d8137f7d
data,exdeorum,recipe,kubejs/data/exdeorum/recipe/compressed_sieve/moss_block/netherite/maple_sapling.json,.json,820,82c50ef41c90b59b1594e4c8434be8d27f5aa8c020bbd37eaae818e8e1b88f6a
data,exdeorum,recipe,kubejs/data/exdeorum/recipe/compressed_sieve/moss_block/netherite/oak_sapling.json,.json,551,bc419e6ebad740efb4f9c00c4fd1f0f8cf622f4c9968fe6afd31938621182643
data,exdeorum,recipe,kubejs/data/exdeorum/recipe/compressed_sieve/moss_block/netherite/orange_autumn_sapling.json,.json,828,b79fb8808eb34f8c519254f81e478e202f295793962c5da84ceae609d7cf61d5
data,exdeorum,recipe,kubejs/data/exdeorum/recipe/compressed_sieve/moss_block/netherite/origin_sapling.json,.json,821,1d2745ad6308351cbb910207978ac8b4c07ef903c6054e01fef35788a77f12a8
data,exdeorum,recipe,kubejs/data/exdeorum/recipe/compressed_sieve/moss_block/netherite/palm_sapling.json,.json,819,1f9a5cc0c3a8985cc27c236a9bd19b39c31e7e8971c599dd456904cdd197014a
data,exdeorum,recipe,kubejs/data/exdeorum/recipe/compressed_sieve/moss_block/netherite/purple_archwood_sapling.json,.json,829,fe2388e5625b40e1c4c0a8ddcc61a13b9ea99443173a29947e8a6e7ce7b8d33a
data,exdeorum,recipe,kubejs/data/exdeorum/recipe/compressed_sieve/moss_block/netherite/rainbow_birch_sapling.json,.json,828,9306703a1361a934a3e0f53e8e7697731658a2b6fca29ccea9174c18261253ce
data,exdeorum,recipe,kubejs/data/exdeorum/recipe/compressed_sieve/moss_block/netherite/red_archwood_sapling.json,.json,826,5c8d6a1e6a924cd4cd0f1ce1f3e13db03b727448b38c5fdc4f6a803f748a7649
data,exdeorum,recipe,kubejs/data/exdeorum/recipe/compressed_sieve/moss_block/netherite/redwood_sapling.json,.json,822,eb00aae8c3021f21a1c520ffc86d48755a512c4764edf0b825bde0a6ac2bac1c
data,exdeorum,recipe,kubejs/data/exdeorum/recipe/compressed_sieve/moss_block/netherite/small_dripleaf.json,.json,555,c8f875c586372f8f526d41bdcae859dff3e153ceb9898a62b8fc38a5bd2c2004
data,exdeorum,recipe,kubejs/data/exdeorum/recipe/compressed_sieve/moss_block/netherite/snowblossom_sapling.json,.json,826,0b63c35517bfba0bf930200470ab3e00df7a5491bc854316ddb9338563b11acb
data,exdeorum,recipe,kubejs/data/exdeorum/recipe/compressed_sieve/moss_block/netherite/sourceberry_bush.json,.json,821,fa7b104cd91ce2c703aa1949fe5df0bd38bbac4299caf6dbd5c476f2eea853c5
data,exdeorum,recipe,kubejs/data/exdeorum/recipe/compressed_sieve/moss_block/netherite/spore_blossom.json,.json,554,879dfef273c23ab77851715e2db196669bae5c4d70e791ac7c360e361106dd0a
data,exdeorum,recipe,kubejs/data/exdeorum/recipe/compressed_sieve/moss_block/netherite/spruce_sapling.json,.json,554,b602adb218393fce9aba29ebd8f72040a013402b2996e6e784ed345515421bed
data,exdeorum,recipe,kubejs/data/exdeorum/recipe/compressed_sieve/moss_block/netherite/umbran_sapling.json,.json,821,92f14612738abe788cd4b4a20d27f597da9fee6e583d5db55b2d0624de473beb
data,exdeorum,recipe,kubejs/data/exdeorum/recipe/compressed_sieve/moss_block/netherite/willow_sapling.json,.json,821,3eb3dfb6635918851a4956fc6f0c01aad553acb426ae607a0cee3e44535ec7e5
data,exdeorum,recipe,kubejs/data/exdeorum/recipe/compressed_sieve/moss_block/netherite/yellow_autumn_sapling.json,.json,828,377d50d4cb1d7bfa7e0d340196808227a716da46c11e0a3cb2e736e8003306c9
data,exdeorum,recipe,kubejs/data/exdeorum/recipe/compressed_sieve/moss_block/string/acacia_sapling.json,.json,551,403979bc7ebe49154e82ac05b62e99050395378f073cc19b718f57eafbb84295
data,exdeorum,recipe,kubejs/data/exdeorum/recipe/compressed_sieve/moss_block/string/azalea.json,.json,541,003eb56950c131522e10c641e1bbf8b08a4375bcae2168b5b7c31a635ecc8c1e
data,exdeorum,recipe,kubejs/data/exdeorum/recipe/compressed_sieve/moss_block/string/big_dripleaf.json,.json,549,ac5a5cabaee258049fe04a6ac4af6a824c59b9747511fad9ec8230aac0785f38
data,exdeorum,recipe,kubejs/data/exdeorum/recipe/compressed_sieve/moss_block/string/birch_sapling.json,.json,550,c09d4bffb867f17770315ff7aa014f0790db90eb001f8837076d811805ec5856
data,exdeorum,recipe,kubejs/data/exdeorum/recipe/compressed_sieve/moss_block/string/blue_archwood_sapling.json,.json,824,bcc3e20130bfc3da353bcfebd296d132e7ed50371a519e9570a1e168d6a0dddd
data,exdeorum,recipe,kubejs/data/exdeorum/recipe/compressed_sieve/moss_block/string/cherry_sapling.json,.json,551,89ff424b7de0cb540497ff03db9c0aedb4994e350be8749d26df9ff17d7e4a6b
data,exdeorum,recipe,kubejs/data/exdeorum/recipe/compressed_sieve/moss_block/string/dark_oak_sapling.json,.json,553,798b36d5209e24b56cb8abb4249bc38ac130f4bccc5eef97df6646b7ecbac55e
data,exdeorum,recipe,kubejs/data/exdeorum/recipe/compressed_sieve/moss_block/string/dead_sapling.json,.json,816,51d94cc5c6237720d55cd0c4d3a20ddbf547afb241cfb36be433b07322cb317e
data,exdeorum,recipe,kubejs/data/exdeorum/recipe/compressed_sieve/moss_block/string/fir_sapling.json,.json,815,ae7d913a12dd48557588a579ce3b8969ed60430b25aaa2ebe2cf7f0e3ebe35e4
data,exdeorum,recipe,kubejs/data/exdeorum/recipe/compressed_sieve/moss_block/string/flowering_oak_sapling.json,.json,825,77ae7294377f1589fc2baa551659499d0212555bb9d77e6d0cd1052005b634e2
data,exdeorum,recipe,kubejs/data/exdeorum/recipe/compressed_sieve/moss_block/string/glow_berries.json,.json,547,80295e3bf319774152dcb53cdf464e1d4c34600e3d72f157c9bf77c9641bb687
data,exdeorum,recipe,kubejs/data/exdeorum/recipe/compressed_sieve/moss_block/string/green_archwood_sapling.json,.json,825,b942ffafaa8d98a5614b05364f4cce9fe007a42541bc2834fd1d468270746b2e
data,exdeorum,recipe,kubejs/data/exdeorum/recipe/compressed_sieve/moss_block/string/hellbark_sapling.json,.json,820,302561fc40a6e1a130ed9e9560ba76371d6f18cddb514f6f76dc3c0bad7b7744
data,exdeorum,recipe,kubejs/data/exdeorum/recipe/compressed_sieve/moss_block/string/jacaranda_sapling.json,.json,821,12c52a0ecc4c30374836c78e9bda7adcde66816d15d61e1d9d39ea69b64e4e8c
data,exdeorum,recipe,kubejs/data/exdeorum/recipe/compressed_sieve/moss_block/string/jungle_sapling.json,.json,551,cf1c692d9b3d8723e6ac5bd8dcdbe056951adc8d87bcdae390b7308e4d85bf09
data,exdeorum,recipe,kubejs/data/exdeorum/recipe/compressed_sieve/moss_block/string/magic_sapling.json,.json,817,28e70a581f16c4e877f47a9ed2886fae9182b0a0acea2b4b02b0d32bb09daf4d
data,exdeorum,recipe,kubejs/data/exdeorum/recipe/compressed_sieve/moss_block/string/mahogany_sapling.json,.json,820,010693ac5e28012f647fb486d726e774eb10bba728bae514521dd9691a923b01
data,exdeorum,recipe,kubejs/data/exdeorum/recipe/compressed_sieve/moss_block/string/mangrove_propagule.json,.json,555,fa54d005e70ebd7bbdbc72418c82a41c4824b07b7d76c8602c3d92f1fc21da4d
data,exdeorum,recipe,kubejs/data/exdeorum/recipe/compressed_sieve/moss_block/string/maple_sapling.json,.json,817,1794ce79d5ff59423fe2a01a2a2e7cbba083ab0e6b0376c74067cbc9f69c02ec
data,exdeorum,recipe,kubejs/data/exdeorum/recipe/compressed_sieve/moss_block/string/oak_sapling.json,.json,540,962e6ba3858807a9b0d5f0f8b0becf9b249fb0a79f0703319df89d105d9a046e
data,exdeorum,recipe,kubejs/data/exdeorum/recipe/compressed_sieve/moss_block/string/orange_autumn_sapling.json,.json,825,c1786ebb4fc84807a1816f958403134cd4905b4e2895b2afe19a8bf22c80e35c
data,exdeorum,recipe,kubejs/data/exdeorum/recipe/compressed_sieve/moss_block/string/origin_sapling.json,.json,818,3de40c655168a44bbfd9a333fb830d760661820c49785c69fa04e90774f21a7d
data,exdeorum,recipe,kubejs/data/exdeorum/recipe/compressed_sieve/moss_block/string/palm_sapling.json,.json,816,84a700b640f7610fb198a7ee607994b7674b16639451621d1d65bf72f94dcfcc
data,exdeorum,recipe,kubejs/data/exdeorum/recipe/compressed_sieve/moss_block/string/purple_archwood_sapling.json,.json,826,73e90cc5435dc6376c9e05da1a8b0fa77163d01ae049ed0230e1379fc0d8d39c
data,exdeorum,recipe,kubejs/data/exdeorum/recipe/compressed_sieve/moss_block/string/rainbow_birch_sapling.json,.json,825,5caadbdae399f244c8f0c808e49d6a3dab22853bbc92f363d87365242e8b1620
data,exdeorum,recipe,kubejs/data/exdeorum/recipe/compressed_sieve/moss_block/string/red_archwood_sapling.json,.json,823,2e1dc76846ef0644382bb3d375bc49d8a080d1dd2e8c681e2a8a821e8fb051fe
data,exdeorum,recipe,kubejs/data/exdeorum/recipe/compressed_sieve/moss_block/string/redwood_sapling.json,.json,819,bab6e5badea2de9fce1fd12efd402df1496c9d4afae7fa26e1017fbb9579c66f
data,exdeorum,recipe,kubejs/data/exdeorum/recipe/compressed_sieve/moss_block/string/small_dripleaf.json,.json,551,9e9b64c2f6f3b86c1752d01bd11e605255071c964d503224015c4b9dbef52e67
data,exdeorum,recipe,kubejs/data/exdeorum/recipe/compressed_sieve/moss_block/string/snowblossom_sapling.json,.json,823,7a1b2be017800d41ed89bfd36167305205b1788f221c70f64f15d5733735b32c
data,exdeorum,recipe,kubejs/data/exdeorum/recipe/compressed_sieve/moss_block/string/sourceberry_bush.json,.json,818,1a08ab6bcf715e827cf61767670c92a01103786117780c04d85191014c939faf
data,exdeorum,recipe,kubejs/data/exdeorum/recipe/compressed_sieve/moss_block/string/spore_blossom.json,.json,550,1531dd221e9543269a2a08295663287f54cfeafd101f51e7150604f0a648fbe5
data,exdeorum,recipe,kubejs/data/exdeorum/recipe/compressed_sieve/moss_block/string/spruce_sapling.json,.json,551,7794fcb090f836fdc127c5cde53d463511b2bcdbd07b41f5257767b6c114ceb6
data,exdeorum,recipe,kubejs/data/exdeorum/recipe/compressed_sieve/moss_block/string/umbran_sapling.json,.json,818,fd8e414e0af82352708328e82fb0507aa3c35f32ead690a3c02b4f9b61b4a089
data,exdeorum,recipe,kubejs/data/exdeorum/recipe/compressed_sieve/moss_block/string/willow_sapling.json,.json,818,a387df4294a85271bdebcc04c453f1434bcf7b13d34c0cbf471e190cea454370
data,exdeorum,recipe,kubejs/data/exdeorum/recipe/compressed_sieve/moss_block/string/yellow_autumn_sapling.json,.json,825,c02cfa2f1183e0b44c0392f3bbfa53fe5f5de2ed59418083e87396f1e186f356
data,exdeorum,recipe,kubejs/data/exdeorum/recipe/compressed_sieve/red_sand/diamond/cactus.json,.json,541,bc9f459c200f3d74b63055850748d8dfe9de2f27534c982a603fe07263a44dd7
data,exdeorum,recipe,kubejs/data/exdeorum/recipe/compressed_sieve/red_sand/diamond/dead_bush.json,.json,545,775708779bbffd2b00e9e7a4b6b30d87655c0a30e667808e154f8849f57e1527
data,exdeorum,recipe,kubejs/data/exdeorum/recipe/compressed_sieve/red_sand/diamond/gold_nugget.json,.json,539,029828275f894a41a4022eb132f5b7f54dc5ecbe815e2111e056dde04fb6cbf8
data,exdeorum,recipe,kubejs/data/exdeorum/recipe/compressed_sieve/red_sand/diamond/raw_gold.json,.json,542,6a28152cba5155f2a70b7b6ade97778a570bf1c84e0f869ea5ec232cb322ac56
data,exdeorum,recipe,kubejs/data/exdeorum/recipe/compressed_sieve/red_sand/diamond/redstone.json,.json,543,f3d690cda1bec33be331a9f1bf63d3f3cf99f87648c2c04f5fe2d41c59bcce45
data,exdeorum,recipe,kubejs/data/exdeorum/recipe/compressed_sieve/red_sand/flint/cactus.json,.json,532,295ca52cd4464f6dc10b64a760ce6cf0d4c9fdc9e656f75be02436c5fdf932dc
data,exdeorum,recipe,kubejs/data/exdeorum/recipe/compressed_sieve/red_sand/flint/dead_bush.json,.json,543,88aa1a0f9a7aed12b1047941f1ac4752451b7b0307c5ea7aafd07d0023a8732c
data,exdeorum,recipe,kubejs/data/exdeorum/recipe/compressed_sieve/red_sand/flint/gold_nugget.json,.json,543,fbcd4fdb42018ba9e9585e2af60fccec760f99bd09268134834057445dcd70d1
data,exdeorum,recipe,kubejs/data/exdeorum/recipe/compressed_sieve/red_sand/flint/raw_gold.json,.json,540,bd241e3b0db6f2a6085e61e6e777363515f9ba9ad9af32314784917ee6035b5f
data,exdeorum,recipe,kubejs/data/exdeorum/recipe/compressed_sieve/red_sand/flint/redstone.json,.json,542,820ef24186fe16a8327baf6d30f5d4ae7f3a504701c6c7a9c904a5a26db1c2a1
data,exdeorum,recipe,kubejs/data/exdeorum/recipe/compressed_sieve/red_sand/golden/cactus.json,.json,539,21c4c9648b9dde45068e158242908b57c5d2b1b92395126628eeafe4aeddb2d8
data,exdeorum,recipe,kubejs/data/exdeorum/recipe/compressed_sieve/red_sand/golden/dead_bush.json,.json,544,ac056ba145b682a374ca36238ca09e6d42ce6abdd771d6a0a13893857d71e552
data,exdeorum,recipe,kubejs/data/exdeorum/recipe/compressed_sieve/red_sand/golden/gold_nugget.json,.json,538,7c53d312a6fcc20e0d75be46dc42dd53bdcd8559c1786dc7a40db182fb9e3af0
data,exdeorum,recipe,kubejs/data/exdeorum/recipe/compressed_sieve/red_sand/golden/raw_gold.json,.json,543,9c500f4979d154967efc9363528a57f39ebc7a9d56b99626e2110563b9652c74
data,exdeorum,recipe,kubejs/data/exdeorum/recipe/compressed_sieve/red_sand/golden/redstone.json,.json,543,c62e48b4aa4823d5180e70ba1bd2fa3963e3ee1a3e86a049039aa04100be7d9d
data,exdeorum,recipe,kubejs/data/exdeorum/recipe/compressed_sieve/red_sand/iron/cactus.json,.json,531,0524132b8df276df1dca854980d4270f5a1c7a2f8bee4e9b253055ed40918777
data,exdeorum,recipe,kubejs/data/exdeorum/recipe/compressed_sieve/red_sand/iron/dead_bush.json,.json,542,86ed29160f2aa0fca249d5c7d1e43b035f8d64d57770f0dea390c828bc85bf54
data,exdeorum,recipe,kubejs/data/exdeorum/recipe/compressed_sieve/red_sand/iron/gold_nugget.json,.json,544,4750a4cb854e9fc86d438a0f259278e6fe7cbc0928224da23f0afbabf865729e
data,exdeorum,recipe,kubejs/data/exdeorum/recipe/compressed_sieve/red_sand/iron/raw_gold.json,.json,540,588ae559832c4d830b82d07bb04e482ccb7234573a0dbb5656a7c99e239a390a
data,exdeorum,recipe,kubejs/data/exdeorum/recipe/compressed_sieve/red_sand/iron/redstone.json,.json,541,bd107698530c76fcb93e1083c3b81a3b4d08c3272cf20050f3f5736448e47366
data,exdeorum,recipe,kubejs/data/exdeorum/recipe/compressed_sieve/red_sand/netherite/cactus.json,.json,542,52e39ee289b99813c11d79c3c506ea56e85b569e132aa5ab9edf32e97e4af8e7
data,exdeorum,recipe,kubejs/data/exdeorum/recipe/compressed_sieve/red_sand/netherite/gold_nugget.json,.json,549,e29852e4baf13d0b78a4cf3ada0988ab3afbf58325e9e2b878f27beeccd58d8e
data,exdeorum,recipe,kubejs/data/exdeorum/recipe/compressed_sieve/red_sand/netherite/raw_gold.json,.json,545,f82de43432aa18d6b85616aead208c40fa3a5faf6523d0e49328062c7f823a3d
data,exdeorum,recipe,kubejs/data/exdeorum/recipe/compressed_sieve/red_sand/netherite/redstone.json,.json,538,42fb214649903e33a197538339df3c0fb93b3951aaa0b42eac7459a883ac41c1
data,exdeorum,recipe,kubejs/data/exdeorum/recipe/compressed_sieve/red_sand/string/cactus.json,.json,533,389d4bb5dde7c56a10a50cd46df11512a344ae38d073eef53caee4be5f7429da
data,exdeorum,recipe,kubejs/data/exdeorum/recipe/compressed_sieve/red_sand/string/dead_bush.json,.json,544,15831296b8828146d7229998b684709bb3ccb6e0c329809b1e559383fdf011ed
data,exdeorum,recipe,kubejs/data/exdeorum/recipe/compressed_sieve/red_sand/string/gold_nugget.json,.json,546,4d4261de2732ef4935d4c5a4730f2228590b293044ef5ded5014c5b30aa7fee3
data,exdeorum,recipe,kubejs/data/exdeorum/recipe/compressed_sieve/red_sand/string/raw_gold.json,.json,543,3360310d624dfd83f54c0ddc102ee45e6a01786165dbe439f0b76506f46a2576
data,exdeorum,recipe,kubejs/data/exdeorum/recipe/compressed_sieve/red_sand/string/redstone.json,.json,541,213633b52527bde49e5b414cf851f615d06d126ce0cfc867b87d120ecdf2d02a
data,exdeorum,recipe,kubejs/data/exdeorum/recipe/compressed_sieve/sand/diamond/certus_quartz_crystal.json,.json,802,c3f445e78525b05276fb846320c3bdec6a453f719696c4b348f23fa32accec19
data,exdeorum,recipe,kubejs/data/exdeorum/recipe/compressed_sieve/sand/diamond/charged_certus_quartz_crystal.json,.json,809,f39fa9ada7642f23d45c45fb08859ef21800ed12a99e22168668cfbbf48ad553
data,exdeorum,recipe,kubejs/data/exdeorum/recipe/compressed_sieve/sand/diamond/flint.json,.json,529,5e7456518148fbf9a8dc5fc9c615f705963561a8b85a834b1f06cf2f72000a40
data,exdeorum,recipe,kubejs/data/exdeorum/recipe/compressed_sieve/sand/diamond/gold_nugget.json,.json,542,41117dab49f1d7ee4e98bf15f56e0a77959bdc5eb5293b10ed3291df55393e3b
data,exdeorum,recipe,kubejs/data/exdeorum/recipe/compressed_sieve/sand/diamond/iron_nugget.json,.json,542,9c13f5b259b38ad046a4b02df45554fa6eeb5e44b7b716b7608160d38c370af4
data,exdeorum,recipe,kubejs/data/exdeorum/recipe/compressed_sieve/sand/diamond/prismarine_crystals.json,.json,551,5c7772c73cc042f3eda8e309219e81655b64fb2bfc1e192fb5834e644c9c58f5
data,exdeorum,recipe,kubejs/data/exdeorum/recipe/compressed_sieve/sand/diamond/prismarine_shard.json,.json,548,bdad31d97ad029ef9210e17d3c5b41a8f084fe70e99255087369c37e1458f774
data,exdeorum,recipe,kubejs/data/exdeorum/recipe/compressed_sieve/sand/flint/certus_quartz_crystal.json,.json,798,24f3e90115edad3b5a3c2ccb1024272079a25fabb18aae1bf9ccd2e30407d8df
data,exdeorum,recipe,kubejs/data/exdeorum/recipe/compressed_sieve/sand/flint/charged_certus_quartz_crystal.json,.json,809,4cb80b1da79ca5f70c13c0b8ac051dc09fd65e7f5af517a8f6e883141eaa6bde
data,exdeorum,recipe,kubejs/data/exdeorum/recipe/compressed_sieve/sand/flint/dead_bush.json,.json,539,91959ec80d00d2105db3ac28bf3b417deb3711fac7e8f180178b4f20073a20e6
data,exdeorum,recipe,kubejs/data/exdeorum/recipe/compressed_sieve/sand/flint/flint.json,.json,527,e2eab08525df33ea1a384667a42d3b49f289c4570a91db54669bf696ead4993e
data,exdeorum,recipe,kubejs/data/exdeorum/recipe/compressed_sieve/sand/flint/gold_nugget.json,.json,539,c1240867278b14c36c965363e8f563b5a93f83db99dc4627707ed7cfca9e978c
data,exdeorum,recipe,kubejs/data/exdeorum/recipe/compressed_sieve/sand/flint/iron_nugget.json,.json,539,ca587feca7aae14bcc13729f165c0c634489c1d4eeb944969a214f14fa37294e
data,exdeorum,recipe,kubejs/data/exdeorum/recipe/compressed_sieve/sand/flint/random_pottery_sherd.json,.json,547,188d1c191536ccaaeb1673a03deca64a3bbd9a2ce01ddbf6cf9a45ac45f37df7
data,exdeorum,recipe,kubejs/data/exdeorum/recipe/compressed_sieve/sand/golden/cactus.json,.json,536,f003d96fe8175f66c9338bdaa89f92401919a41bbea3b1891e21ca18102fb5c2
data,exdeorum,recipe,kubejs/data/exdeorum/recipe/compressed_sieve/sand/golden/certus_quartz_crystal.json,.json,801,183c37f98e2d188fa69a963b01e7d2e706213752ab89cff06f55088de4f5bafd
data,exdeorum,recipe,kubejs/data/exdeorum/recipe/compressed_sieve/sand/golden/charged_certus_quartz_crystal.json,.json,810,0529aee2c0ccf6f701ee77f260f49c656f7e408d536e037e6c9081e72bc6954a
data,exdeorum,recipe,kubejs/data/exdeorum/recipe/compressed_sieve/sand/golden/dead_bush.json,.json,539,4408f30e4391009a45931c135832424ebd90a5ade8082ceba566dc983cdbe7fe
data,exdeorum,recipe,kubejs/data/exdeorum/recipe/compressed_sieve/sand/golden/flint.json,.json,535,8313aecd0d4e0cf1f632a1d98b87fabb2443efc3b6c2520670306d8a01aa69bf
data,exdeorum,recipe,kubejs/data/exdeorum/recipe/compressed_sieve/sand/golden/gold_nugget.json,.json,534,2b464ca115035b3c6fc93bd1418146de689cb088b8c22d488ab3135eb4fc6fbf
data,exdeorum,recipe,kubejs/data/exdeorum/recipe/compressed_sieve/sand/golden/iron_nugget.json,.json,540,396602e406e78f8d2f03dd4a27f123a0c0f0667e9acbd47352350120fcdcd8b9
data,exdeorum,recipe,kubejs/data/exdeorum/recipe/compressed_sieve/sand/golden/kelp.json,.json,535,888b03cac12a52cebca2396b8b419b43472c1ed5a1310c11c02b05de46a26f01
data,exdeorum,recipe,kubejs/data/exdeorum/recipe/compressed_sieve/sand/golden/prismarine_crystals.json,.json,548,84e2302180353dc6f11ed4f67bd53e3a4ff56a442d81a9e9e7516bbb8587b600
data,exdeorum,recipe,kubejs/data/exdeorum/recipe/compressed_sieve/sand/golden/prismarine_shard.json,.json,545,346b4c040f3f5e01d88701d904f25fa04f80acff3806d0708267d393a3a9e352
data,exdeorum,recipe,kubejs/data/exdeorum/recipe/compressed_sieve/sand/golden/random_armor_trim.json,.json,546,f1bcd032dc3145fd32c546bf6ae6954fc93a61b5214191952e8925dee49b35db
data,exdeorum,recipe,kubejs/data/exdeorum/recipe/compressed_sieve/sand/golden/raw_gold.json,.json,537,d5df3c2d80d5d68333476d223c1fc46074f8289193cd64e510ef5bdd40ddf3bd
data,exdeorum,recipe,kubejs/data/exdeorum/recipe/compressed_sieve/sand/golden/sea_pickle.json,.json,541,8d050a44baa679ebef21b6142f712a39ef9522d40447f4622aad013a1ec43a14
data,exdeorum,recipe,kubejs/data/exdeorum/recipe/compressed_sieve/sand/iron/cactus.json,.json,535,d41e37ad61b79a8649cc6dc01310a4d7c86acd8348bed99e45a8c080bc704b2a
data,exdeorum,recipe,kubejs/data/exdeorum/recipe/compressed_sieve/sand/iron/certus_quartz_crystal.json,.json,798,b7912af9a7b0e691eb0953e17b3941bead7c34a652a831e9dc603f55fd3c1551
data,exdeorum,recipe,kubejs/data/exdeorum/recipe/compressed_sieve/sand/iron/charged_certus_quartz_crystal.json,.json,809,735f72d262abb7720e8949de8fe22365ae29867ba2c94a330a2000a386c8e2bf
data,exdeorum,recipe,kubejs/data/exdeorum/recipe/compressed_sieve/sand/iron/dead_bush.json,.json,536,ad9baa43710c497791feaeb8a476755f65cc588202694af6a45f6c282d67f6cb
data,exdeorum,recipe,kubejs/data/exdeorum/recipe/compressed_sieve/sand/iron/flint.json,.json,526,ee4e8c4cdbec2be19f4ea29b65b252d8dbe1eb897537fd003a79ad5587f1b8e5
data,exdeorum,recipe,kubejs/data/exdeorum/recipe/compressed_sieve/sand/iron/gold_nugget.json,.json,539,01f40bf9995abbe1b5cca6819c675ed3c896eaff595f4192551653bbf254b03c
data,exdeorum,recipe,kubejs/data/exdeorum/recipe/compressed_sieve/sand/iron/iron_nugget.json,.json,539,ea0c188731c19480d81905f58ac8c2d2ffa544970802df4cfdb54d57f0537991
data,exdeorum,recipe,kubejs/data/exdeorum/recipe/compressed_sieve/sand/iron/kelp.json,.json,533,07a099fadc53d9b72ed36ff5b9738581988d15880460e7190f1bc6b054bba950
data,exdeorum,recipe,kubejs/data/exdeorum/recipe/compressed_sieve/sand/iron/prismarine_crystals.json,.json,547,d76f972cbdbcfed674e6ecc3a48631a4606a98ea40cb1d584586ad1d993014e5
data,exdeorum,recipe,kubejs/data/exdeorum/recipe/compressed_sieve/sand/iron/prismarine_shard.json,.json,544,fc592c972e6844a91b124affc696b0b8262ae0a11418fe36832febcd4e534f91
data,exdeorum,recipe,kubejs/data/exdeorum/recipe/compressed_sieve/sand/iron/sea_pickle.json,.json,539,36ef865ae14c8c94094f8a780c09b4907fd94ff2a56948cb626b8df95d8a7fc1
data,exdeorum,recipe,kubejs/data/exdeorum/recipe/compressed_sieve/sand/netherite/cactus.json,.json,540,9ecfdda66f2657e72bede50cb92dc869af8174db555ee26dadf15461c3891057
data,exdeorum,recipe,kubejs/data/exdeorum/recipe/compressed_sieve/sand/netherite/certus_quartz_crystal.json,.json,805,d979e0e48b37465299b30fc69b4fbc2889a46af00dce80dd4259c3a2602d4388
data,exdeorum,recipe,kubejs/data/exdeorum/recipe/compressed_sieve/sand/netherite/charged_certus_quartz_crystal.json,.json,813,c3f239cba5b770aa2f4e11b2668680a15b55cc8606a32b79066fa0820ec30252
data,exdeorum,recipe,kubejs/data/exdeorum/recipe/compressed_sieve/sand/netherite/flint.json,.json,531,bae5c3c4432099dce12eb5f837e3820b7ea773bf3e71ce12648941c0d054b9dd
data,exdeorum,recipe,kubejs/data/exdeorum/recipe/compressed_sieve/sand/netherite/gold_nugget.json,.json,545,aa6425787d2886f72f0b4202c437970080d507160668ba6577256d4b5042b1ea
data,exdeorum,recipe,kubejs/data/exdeorum/recipe/compressed_sieve/sand/netherite/iron_nugget.json,.json,545,69d239894e73326b91255f4231c074eeb464058af04ceb692e9c59f7b02e96d2
data,exdeorum,recipe,kubejs/data/exdeorum/recipe/compressed_sieve/sand/netherite/kelp.json,.json,537,5f3438de13a2e7011ad2b7d4a2b14692b340f5554cb0f944bebdef2ed3e7c017
data,exdeorum,recipe,kubejs/data/exdeorum/recipe/compressed_sieve/sand/netherite/prismarine_crystals.json,.json,551,72eeeb28b996195d12482a4842361070e89ed462cdc942c4cc6a440f15daef8b
data,exdeorum,recipe,kubejs/data/exdeorum/recipe/compressed_sieve/sand/netherite/prismarine_shard.json,.json,548,ae514c409b0dc271a97e15761aaf66e2de9231679d9240b1b9fd9d4d0f035643
data,exdeorum,recipe,kubejs/data/exdeorum/recipe/compressed_sieve/sand/netherite/sea_pickle.json,.json,544,f4fd1b5cc9ddd0842bbd2f3082e7ba8f3e283f25272f57a2858dc4ff10585bcd
data,exdeorum,recipe,kubejs/data/exdeorum/recipe/compressed_sieve/sand/string/cactus.json,.json,537,1e408a1a12dee6986f6826dad34dfd2c52187b9ef9d6f7ec7e557a5907a8872e
data,exdeorum,recipe,kubejs/data/exdeorum/recipe/compressed_sieve/sand/string/certus_quartz_crystal.json,.json,801,1d15484f3afe20c7ae5cb3a2fa202be4bca250e131404599ab219eab54e45425
data,exdeorum,recipe,kubejs/data/exdeorum/recipe/compressed_sieve/sand/string/charged_certus_quartz_crystal.json,.json,810,47e04539b7ed4d7adea28f8a4f1adcb823bccf82c7c8acae6ffe423652c62376
data,exdeorum,recipe,kubejs/data/exdeorum/recipe/compressed_sieve/sand/string/dead_bush.json,.json,538,b562aeea034248e79f71588df32609373ecf489800e9b0e2656b5ed4e5164fd3
data,exdeorum,recipe,kubejs/data/exdeorum/recipe/compressed_sieve/sand/string/flint.json,.json,528,9701f5b69cc5bcbd77f9b4f410ca2737b31d97ffff31d9b42721382f1d976b0e
data,exdeorum,recipe,kubejs/data/exdeorum/recipe/compressed_sieve/sand/string/gold_nugget.json,.json,542,244f731b828c177c1503408c996c166e23fde30ad2defa8674eacad0a4942ded
data,exdeorum,recipe,kubejs/data/exdeorum/recipe/compressed_sieve/sand/string/iron_nugget.json,.json,542,c0f6f7e74dc707c699b04ba8e3030addee165d13f6a91c670c4190149c97a32b
data,exdeorum,recipe,kubejs/data/exdeorum/recipe/compressed_sieve/sand/string/kelp.json,.json,534,b6d43159eaea526ca2cee164bcefb1ff0707b7455251e6d6f407f8c8ce9c603d
data,exdeorum,recipe,kubejs/data/exdeorum/recipe/compressed_sieve/sand/string/sea_pickle.json,.json,541,c8bc28a9b12235348132c9fbe64634413fbb07cecd717ef97b018f401e61568a
data,exdeorum,recipe,kubejs/data/exdeorum/recipe/compressed_sieve/soul_sand/diamond/ghast_tear.json,.json,547,229c20a8246649967780c78e2e02783a1e7ef971b84b7b0350d33dbda87efdd1
data,exdeorum,recipe,kubejs/data/exdeorum/recipe/compressed_sieve/soul_sand/diamond/glowstone_dust.json,.json,551,b31f8ad9aee5a6bd30753baa6768610d4f4ac393e29cfa8ce32fa801d62c1911
data,exdeorum,recipe,kubejs/data/exdeorum/recipe/compressed_sieve/soul_sand/diamond/gunpowder.json,.json,546,75eb48709bd9b05a7bd53c9d1e188f5184cf41aace78f4ab56040a4cde53d8f9
data,exdeorum,recipe,kubejs/data/exdeorum/recipe/compressed_sieve/soul_sand/diamond/nether_wart.json,.json,547,8b2963d842f7c9c9c87e1bb482f8a9da875ac07ffe6b3c251b49df0487a6f70f
data,exdeorum,recipe,kubejs/data/exdeorum/recipe/compressed_sieve/soul_sand/diamond/quartz.json,.json,535,a67c140c9d5959de1110f2d18bceffda66040d331ada8dc1519bde78f40163d8
data,exdeorum,recipe,kubejs/data/exdeorum/recipe/compressed_sieve/soul_sand/flint/bone.json,.json,538,e95b07885531977fe7a76065319d852cd889b897614287df26eb26b4af811ce0
data,exdeorum,recipe,kubejs/data/exdeorum/recipe/compressed_sieve/soul_sand/flint/crimson_nylium_spores.json,.json,555,0e0374dda8e65d8ed80d175563e5d79afb2a59f7233f1866358363c07727f660
data,exdeorum,recipe,kubejs/data/exdeorum/recipe/compressed_sieve/soul_sand/flint/ghast_tear.json,.json,545,3ef01f7a679fef0ab46dcb4a51f0e940d28a9bcfa0f1a30c362c7596d00c393e
data,exdeorum,recipe,kubejs/data/exdeorum/recipe/compressed_sieve/soul_sand/flint/glowstone_dust.json,.json,549,159b20932caa016fe3686bdf6eb8bfc9d92fbd6a80dcb58f4929fadfa97d3d6d
data,exdeorum,recipe,kubejs/data/exdeorum/recipe/compressed_sieve/soul_sand/flint/gunpowder.json,.json,542,babdcd13b1ec1af3968c7416a9370885ed5916bea2862581f402fb4dbec24d5d
data,exdeorum,recipe,kubejs/data/exdeorum/recipe/compressed_sieve/soul_sand/flint/nether_wart.json,.json,545,d0b166c67b3e833c6c793ce7abe542559fc96a961b0ebf4b277cd8a499e45637
data,exdeorum,recipe,kubejs/data/exdeorum/recipe/compressed_sieve/soul_sand/flint/quartz.json,.json,533,14a9ecb5c5524b1e23fd16f9500f0ff0ed825c3110c561c89b38a14f2fa985cb
data,exdeorum,recipe,kubejs/data/exdeorum/recipe/compressed_sieve/soul_sand/flint/warped_nylium_spores.json,.json,554,113f9cbee64ee67e9d7ebc4976f457cbd776825e95a3911eca04ebf57367d6b6
data,exdeorum,recipe,kubejs/data/exdeorum/recipe/compressed_sieve/soul_sand/golden/bone.json,.json,540,9e9f91e536b835e460a5b120d5b445bb991fba6f2ea80cc6e484a3b2dc76be67
data,exdeorum,recipe,kubejs/data/exdeorum/recipe/compressed_sieve/soul_sand/golden/ghast_tear.json,.json,544,ae5af711afcf0cdfa3ea3c4706112f027d7186a4cc1c60f625cd10bc6c695297
data,exdeorum,recipe,kubejs/data/exdeorum/recipe/compressed_sieve/soul_sand/golden/glowstone_dust.json,.json,550,0bea20d4cc4b4b94a8f49418289b7d3c3d2f9135b3e64458d27694cd19aeae99
data,exdeorum,recipe,kubejs/data/exdeorum/recipe/compressed_sieve/soul_sand/golden/gold_nugget.json,.json,547,8f71d2107d93101319ad581367ff8027b5290e6f82833ce8adc402c72d73bdf2
data,exdeorum,recipe,kubejs/data/exdeorum/recipe/compressed_sieve/soul_sand/golden/gunpowder.json,.json,544,379cfdcf93fd60c70382eb55c4f40d67cf5da751a5f50ec4a55f6a061ff4e584
data,exdeorum,recipe,kubejs/data/exdeorum/recipe/compressed_sieve/soul_sand/golden/nether_wart.json,.json,545,9599d3482b25b3ca4df16a8c8eba11338e47bbf48f1c2da5c9a670b3e806ec1c
data,exdeorum,recipe,kubejs/data/exdeorum/recipe/compressed_sieve/soul_sand/golden/quartz.json,.json,534,70c0e23750133f7b1fcc2b2af28b4fa3e3370443c90cf7f7d549826e643562ee
data,exdeorum,recipe,kubejs/data/exdeorum/recipe/compressed_sieve/soul_sand/iron/bone.json,.json,536,991b59c28b22da7f6f0248277fd550a6c9fa6705d810fe831fbb951434a2e978
data,exdeorum,recipe,kubejs/data/exdeorum/recipe/compressed_sieve/soul_sand/iron/ghast_tear.json,.json,543,8446cfd868a73c30c2c8f9512f22b9d58f633d0cad60f17f7912398c2541eeac
data,exdeorum,recipe,kubejs/data/exdeorum/recipe/compressed_sieve/soul_sand/iron/glowstone_dust.json,.json,547,5ec1072b96a258ecda131e7f3e7e8b280940df680f1f2375d0f6d0de9a65d71b
data,exdeorum,recipe,kubejs/data/exdeorum/recipe/compressed_sieve/soul_sand/iron/gunpowder.json,.json,543,c0aa82335cc48a9b7af9c5acb138aa2a4f2145b7fe67b4a22ebf9453a343af7c
data,exdeorum,recipe,kubejs/data/exdeorum/recipe/compressed_sieve/soul_sand/iron/nether_wart.json,.json,545,5f5dafcfefda91a6e9a51deb0938af77fbeb56d3314e9ea6c845aecd23a945c3
data,exdeorum,recipe,kubejs/data/exdeorum/recipe/compressed_sieve/soul_sand/iron/quartz.json,.json,532,148ee797b7a02fbc4c1b780ec622f4b9ff2373c6d04e5c26c50d2cefa6179efe
data,exdeorum,recipe,kubejs/data/exdeorum/recipe/compressed_sieve/soul_sand/netherite/ghast_tear.json,.json,549,2a2da8da92266fd360a4604c96bc6eb3f4025eba3db70241ebd6fdf40a3b1b74
data,exdeorum,recipe,kubejs/data/exdeorum/recipe/compressed_sieve/soul_sand/netherite/glowstone_dust.json,.json,553,31ee9b94a6d3e0e4b92d8a2e379b9a43fb2ce3d2cdf7dbde28c72e6dd971fbc5
data,exdeorum,recipe,kubejs/data/exdeorum/recipe/compressed_sieve/soul_sand/netherite/gunpowder.json,.json,547,8e8b056fb2a7315e3e4189490fc0e9c2eb32af1bef6f2fd1d51e8ab97e8fe04e
data,exdeorum,recipe,kubejs/data/exdeorum/recipe/compressed_sieve/soul_sand/netherite/nether_wart.json,.json,548,cf862a392d3155a3aebecf65aee911239a3226616fb4aa71f6ef521b44ccc7ee
data,exdeorum,recipe,kubejs/data/exdeorum/recipe/compressed_sieve/soul_sand/netherite/quartz.json,.json,537,f97bf6a30c63b7ff7b0b70c78e8872dbd5a12a831ffd0ae1b60c0371a3e5e47f
data,exdeorum,recipe,kubejs/data/exdeorum/recipe/compressed_sieve/soul_sand/string/bone.json,.json,538,a47f367b17b2f107939af24048c066654d11078c633fff5b37777afb7fbbd485
data,exdeorum,recipe,kubejs/data/exdeorum/recipe/compressed_sieve/soul_sand/string/ghast_tear.json,.json,545,b5a0b0b4adc0681c1cb1ea42796e674b8da565bd70e457e53c9fa60bd2a5ada8
data,exdeorum,recipe,kubejs/data/exdeorum/recipe/compressed_sieve/soul_sand/string/glowstone_dust.json,.json,549,c2b862a350b4ad07e7780a7ad2fa7142247250e8c9fd78cf2cc14b1f404485ba
data,exdeorum,recipe,kubejs/data/exdeorum/recipe/compressed_sieve/soul_sand/string/gunpowder.json,.json,545,465b1ed67f21f3b61087061344c2f0a09d3f68a7f543d23158ebdb68f55ab2de
data,exdeorum,recipe,kubejs/data/exdeorum/recipe/compressed_sieve/soul_sand/string/nether_wart.json,.json,546,f1b3764efb2ba3f3287d1c4e3ecbd5ec0b6e0ede15206cc486f8601e116f9ad3
data,exdeorum,recipe,kubejs/data/exdeorum/recipe/compressed_sieve/soul_sand/string/quartz.json,.json,534,d2ff9df91e4e18923480cd6962fd389ff478457eee36a5c230f49f7bf386dd4d
data,exdeorum,recipe,kubejs/data/exdeorum/recipe/crimson_compressed_sieve.json,.json,696,4025e063f21880a39fb8a4cb4b1e8472682ee04c871465968527394639f5c1e2
data,exdeorum,recipe,kubejs/data/exdeorum/recipe/crimson_sieve.json,.json,679,c669dcbb063c582324df3a25f715f9b52df0b7f66d3a525264cde1ebc5a8ef87
data,exdeorum,recipe,kubejs/data/exdeorum/recipe/crook.json,.json,447,9ec5af57e005f07038ddeff47686c250d0923b58cf867d13c244796e4c5aba37
data,exdeorum,recipe,kubejs/data/exdeorum/recipe/crystallized_compressed_sieve.json,.json,968,2676f65a1341cc3fbccf63eb274c83a071a0eb6abe72ca8d11f48f67f8e6de5b
data,exdeorum,recipe,kubejs/data/exdeorum/recipe/crystallized_sieve.json,.json,958,f3a9fa06098aaecc99170f920895cccec46658e6fbfe9b95f25b4d77b493ee22
data,exdeorum,recipe,kubejs/data/exdeorum/recipe/dark_oak_barrel.json,.json,586,3aee37663ff47c5492d76e6f5ed591fb8ef88d3359be041ac4bf4260968b9de5
data,exdeorum,recipe,kubejs/data/exdeorum/recipe/dark_oak_compressed_sieve.json,.json,707,9e6851623465ff2f72471df14d76e88be4b5d6c20f9b0f0aa0cedf12197e9a5e
data,exdeorum,recipe,kubejs/data/exdeorum/recipe/dark_oak_crucible.json,.json,585,6cb92680828f0a81d251f87172755c92c7c37ff13bf28e3bb78a2a450151501f
data,exdeorum,recipe,kubejs/data/exdeorum/recipe/dark_oak_sieve.json,.json,692,a01c212953dcb37fb73cca403d51513cb6cb8235a6f146452c3b5cbc9566feaf
data,exdeorum,recipe,kubejs/data/exdeorum/recipe/dead_compressed_sieve.json,.json,958,2f3da26e0181d0b4f0c795e07e71a82919d3aafa6b4ed929182e21ad1312269a
data,exdeorum,recipe,kubejs/data/exdeorum/recipe/dead_sieve.json,.json,943,b3295cb8043fd3d98123b23f28b6bca3798a5c7b8aadb88f5ae292c640057c17
data,exdeorum,recipe,kubejs/data/exdeorum/recipe/diamond_hammer.json,.json,572,a346bc853e5eadc6e7b37f48e9beffe30c8ac9e645b6f75108fd4ecb84ae3323
data,exdeorum,recipe,kubejs/data/exdeorum/recipe/diamond_mesh.json,.json,556,030235745b1dc01c055e57f3b19a4e68975939774f38bfbf9351ce0b7e57e837
data,exdeorum,recipe,kubejs/data/exdeorum/recipe/diamond_mesh_from_golden_mesh.json,.json,568,f34fa052b39a06ff405f6c8f6e3dba89c8cd764b0a1ce7332f0bed128302fe5a
data,exdeorum,recipe,kubejs/data/exdeorum/recipe/diamond_watering_can.json,.json,575,8cd293e047bd2e411a33138e5a940d1cf6fa4df71f971ab7385c98016d1a647f
data,exdeorum,recipe,kubejs/data/exdeorum/recipe/dusk_compressed_sieve.json,.json,952,194dfe92aa27404335fb436ca91dbbc102d7d1fe9108eace8bc10990b971517e
data,exdeorum,recipe,kubejs/data/exdeorum/recipe/dusk_sieve.json,.json,934,6ca0b4b4cd1c1b40a62a3b4117df04ca3b972e6b13dde688da6eb9965f75fb98
data,exdeorum,recipe,kubejs/data/exdeorum/recipe/end_cake.json,.json,777,1332367e483aae54994eb036009ea9eaa448683b48e4e1e8e8b011a3bc436d32
data,exdeorum,recipe,kubejs/data/exdeorum/recipe/fir_compressed_sieve.json,.json,956,55516716fd903996a9914330de7fea36f8eebe205baea0e2ff6db66251d2d487
data,exdeorum,recipe,kubejs/data/exdeorum/recipe/fir_sieve.json,.json,940,6f37b2e86391be47588ccfb30cc94e06c0bb5d81a5b6b3490c2536c8d7a614b1
data,exdeorum,recipe,kubejs/data/exdeorum/recipe/flint_mesh.json,.json,559,006b1d2a3a4ae6fa16113f5c802537ec39b1f25bba5e85e5907cb9bd861c746d
data,exdeorum,recipe,kubejs/data/exdeorum/recipe/flint_mesh_from_string_mesh.json,.json,571,dd9dd0835609ed05986adcdf9bd3fef24d73cd619a440de9f30d9cae16ace6ac
data,exdeorum,recipe,kubejs/data/exdeorum/recipe/frostbright_compressed_sieve.json,.json,966,d548e938f3c94631ff2df9738ced78a634c5a5e3bd5b4a4c602b5916d5eefa30
data,exdeorum,recipe,kubejs/data/exdeorum/recipe/frostbright_sieve.json,.json,955,30653b1956bb4bfa6c5688879ba48d9a090e4ad22b768d41bb6e2a9a939ed9f7
data,exdeorum,recipe,kubejs/data/exdeorum/recipe/golden_hammer.json,.json,568,20f837158c87e60fa2e2a73cf25ef87804bc8374b4eadc91ba41ca7e2c6996f1
data,exdeorum,recipe,kubejs/data/exdeorum/recipe/golden_mesh.json,.json,552,97244ec13629c1bbb204595fe2bbaa65792c4475ebdfc7b2650ca2a79f089d86
data,exdeorum,recipe,kubejs/data/exdeorum/recipe/golden_mesh_from_iron_mesh.json,.json,562,37ae101c1f2723828261d3f2f57ea04d3d749d679875bc00a0a75fb6d21da31e
data,exdeorum,recipe,kubejs/data/exdeorum/recipe/golden_oak_compressed_sieve.json,.json,956,281ed6d868c2fc56f8de0545fbdfee1b9161f16ee2192c107c89749b11fe25db
data,exdeorum,recipe,kubejs/data/exdeorum/recipe/golden_watering_can.json,.json,571,719ff960d460a67b960a5b25eda073dea9814ee34c1dc4519ab1a754f6c763ea
data,exdeorum,recipe,kubejs/data/exdeorum/recipe/green_archwood_compressed_sieve.json,.json,974,0e51843546e6d5afaf9ff652270a98cc0367826f061b73093747603fe2ba5f09
data,exdeorum,recipe,kubejs/data/exdeorum/recipe/hellbark_compressed_sieve.json,.json,966,024003a717aa5684ded4eee6eeb22f45c33bc658dc4d7accf571249cd95f5f28
data,exdeorum,recipe,kubejs/data/exdeorum/recipe/hellbark_sieve.json,.json,955,9e9e8d01262d8c224be0164fdd590d15200abbe07acd6dcb3bb6b63c5fb52ae8
data,exdeorum,recipe,kubejs/data/exdeorum/recipe/iron_hammer.json,.json,566,77fb58e0e07806df4ae72ca4dba36d40461131e51c34a4be2c6d8f4412546d17
data,exdeorum,recipe,kubejs/data/exdeorum/recipe/iron_mesh.json,.json,550,1f318104fbbde5a819a5a8d5fb76409e118371fa2b8395aff6bdda7b25b967a2
data,exdeorum,recipe,kubejs/data/exdeorum/recipe/iron_mesh_from_flint_mesh.json,.json,561,a9c7925fd119703a83ff6775b14443cbc4ba91b0a587e36f0963e72799c29b81
data,exdeorum,recipe,kubejs/data/exdeorum/recipe/iron_watering_can.json,.json,569,3e1aadbf3044ac94871f2e47eb02e1efff22834278ea5673158681dd8a8f48b4
data,exdeorum,recipe,kubejs/data/exdeorum/recipe/jacaranda_compressed_sieve.json,.json,968,8cae436fa9bae9644ec6ad4586936f3738e834bcdf198ecca71449a773873554
data,exdeorum,recipe,kubejs/data/exdeorum/recipe/jacaranda_sieve.json,.json,958,bddac3b01763c050d14dba0a645479378a717e76ea41dc85d8a27e16aa1cabea
data,exdeorum,recipe,kubejs/data/exdeorum/recipe/jungle_barrel.json,.json,580,7b5acbe15bf8df51351ef7766c1887c7c9e0dad5895c367086598d7009413f09
data,exdeorum,recipe,kubejs/data/exdeorum/recipe/jungle_compressed_sieve.json,.json,703,52980557281096d26e620e391cf4334b8054a91777535963a68ecbfca418d6eb
data,exdeorum,recipe,kubejs/data/exdeorum/recipe/jungle_crucible.json,.json,579,d87c018f65314a8003a263faff5396d9882849fa4424a58a9f2bf777f5426978
data,exdeorum,recipe,kubejs/data/exdeorum/recipe/jungle_sieve.json,.json,686,96ba4060a9f851a31acf3c0bd74e500fea6bc7a98a0d8f5b94691dcd33a931cf
data,exdeorum,recipe,kubejs/data/exdeorum/recipe/lunar_compressed_sieve.json,.json,954,fc5f8e61fc365d892214fa74c13cd1f627e3b27e51c98076df8bcc1627032355
data,exdeorum,recipe,kubejs/data/exdeorum/recipe/lunar_sieve.json,.json,937,2d57ee10153266c38bd456229159d1f318b60743e7d9b48dadf99318ec1fc5a7
data,exdeorum,recipe,kubejs/data/exdeorum/recipe/magic_compressed_sieve.json,.json,960,ee23437d5e1811b674325816545ec63d975b29d23b63db4a30b06a4d1ef05a05
data,exdeorum,recipe,kubejs/data/exdeorum/recipe/magic_sieve.json,.json,946,5e8c810c25c31ba23826bd35ce1edf8eabd4113c06ae3be3d9740745a3b52f89
data,exdeorum,recipe,kubejs/data/exdeorum/recipe/mahogany_compressed_sieve.json,.json,966,4d93adae8f6caa65904d7b558f1177fdf944639abcc86576b4637a81bc18f2ca
data,exdeorum,recipe,kubejs/data/exdeorum/recipe/mahogany_sieve.json,.json,955,f4852a5b3654cda14ed8df117f8262c26f6c93c85108ddb53a18ea6b5d8c223a
data,exdeorum,recipe,kubejs/data/exdeorum/recipe/mangrove_barrel.json,.json,586,49925900f46e42a9096665b2a4c997c104bc63ad397e4c73a97979fb4a0f1b1b
data,exdeorum,recipe,kubejs/data/exdeorum/recipe/mangrove_compressed_sieve.json,.json,707,4f68c9b6c570c07b797d0c8be3ad45bf40762cdd9dbdeedb60f93fc49b143ad6
data,exdeorum,recipe,kubejs/data/exdeorum/recipe/mangrove_crucible.json,.json,585,379da33d7a0246bb49b00593289c9b7d66c2fbf43d201c068f65df82fa08e90e
data,exdeorum,recipe,kubejs/data/exdeorum/recipe/mangrove_sieve.json,.json,692,84eebbc6ee0f18d7ebec42875e1fcb588e0cf7527d3ca30decbcbb0c17ebe833
data,exdeorum,recipe,kubejs/data/exdeorum/recipe/maple_compressed_sieve.json,.json,954,1f73d0f4ab7a5886b25cd4a3c842946592da341732a38e52c803024622d9b06c
data,exdeorum,recipe,kubejs/data/exdeorum/recipe/maple_sieve.json,.json,937,3c774be21ab86125c06a68f16b5c57a4a168b6f81800ac393e8897298e093fa7
data,exdeorum,recipe,kubejs/data/exdeorum/recipe/mechanical_hammer.json,.json,801,16fe425cdc6b69928212ee8d7565e7788acd39d91f15f3d7ab674d55e9580b8d
data,exdeorum,recipe,kubejs/data/exdeorum/recipe/mechanical_sieve.json,.json,799,5d1ab69c3798b4991aafdeba54fe7e5a75060fbd424b0c519e43b57b43c9dfb7
data,exdeorum,recipe,kubejs/data/exdeorum/recipe/oak_barrel.json,.json,571,90aeeeb46f55a8dce207a995a03065b5308fcd3418d722880a9cff79ceb2a7cb
data,exdeorum,recipe,kubejs/data/exdeorum/recipe/oak_compressed_sieve.json,.json,697,d05091a9cb7e18a7ed0cdf0f72949942769d8fe7a4284d5863a0bb5a86fe3e9d
data,exdeorum,recipe,kubejs/data/exdeorum/recipe/oak_crucible.json,.json,570,cafe9da8ab47dcebe9ce4d19a0e49499f784d14560d194617f0d27bd3010deb7
data,exdeorum,recipe,kubejs/data/exdeorum/recipe/oak_sieve.json,.json,677,38646b8f535a00c2775edd405c040eee1de07df93a3dd332c152b3b5ff33faf6
data,exdeorum,recipe,kubejs/data/exdeorum/recipe/palm_compressed_sieve.json,.json,958,5c99f9fa3736ca89b293ffe15a90991e730c57ad54c19de5d7b2bce9890d00de
data,exdeorum,recipe,kubejs/data/exdeorum/recipe/palm_sieve.json,.json,943,cf5b1f83b755c40731850b72440a41c3a655e3c07e3ad2debea29e43d37a4b4a
data,exdeorum,recipe,kubejs/data/exdeorum/recipe/purple_archwood_compressed_sieve.json,.json,976,b73b3265f2be449f87118dc9418d3772474ae72c05a20c7206950f172aefe5ad
data,exdeorum,recipe,kubejs/data/exdeorum/recipe/red_archwood_compressed_sieve.json,.json,970,ee21cfe93732ee83794d78729f87549d0e9424b00a52727709ee1c36988ebfa3
data,exdeorum,recipe,kubejs/data/exdeorum/recipe/redwood_compressed_sieve.json,.json,964,0e05cfc86d46d91b0fe07730feaa9e302e0f2adba6514be9c8bd9bdd1cb9fb81
data,exdeorum,recipe,kubejs/data/exdeorum/recipe/redwood_sieve.json,.json,952,693c5ce57f8cdad155956248c2f3234f743921d12f3334a01d3581a26a769afa
data,exdeorum,recipe,kubejs/data/exdeorum/recipe/sieve/crushed_blackstone/diamond/ancient_debris.json,.json,538,4b9d88a7fc015ae0215c16dd656991ae10f4fb12bbd8564a4c982575262ffb9a
data,exdeorum,recipe,kubejs/data/exdeorum/recipe/sieve/crushed_blackstone/diamond/blackstone_pebble.json,.json,533,cc423321e91ed07e37654a86d45804a60b9e55a95142a0889e9c580a24848dd1
data,exdeorum,recipe,kubejs/data/exdeorum/recipe/sieve/crushed_blackstone/diamond/gold_nugget.json,.json,537,635e546af729937468206684f06b3254b9696834c0ebf95b321b5115f0e8198e
data,exdeorum,recipe,kubejs/data/exdeorum/recipe/sieve/crushed_blackstone/diamond/gunpowder.json,.json,534,d41c25824942e0af1a8d0e25605292178ed87ca2cafb88d18c3b1cf766662e31
data,exdeorum,recipe,kubejs/data/exdeorum/recipe/sieve/crushed_blackstone/diamond/magma_cream.json,.json,536,e65a11275c463aabd292d82db88cc8cb4ce600f18de126011ab0d75350d5e584
data,exdeorum,recipe,kubejs/data/exdeorum/recipe/sieve/crushed_blackstone/flint/ancient_debris.json,.json,537,2906fc2f997ac608e798b001e9591ce1552211de687fd3adb5c8a556feef3de6
data,exdeorum,recipe,kubejs/data/exdeorum/recipe/sieve/crushed_blackstone/flint/basalt_pebble.json,.json,535,0b67c1f5e4d4b1a975eb50191d3dfdf2c69169fb405519a9e304797210c6c5b4
data,exdeorum,recipe,kubejs/data/exdeorum/recipe/sieve/crushed_blackstone/flint/black_dye.json,.json,530,defddd14364ecfc142d25ed43a4fec2d26d7e1bafb834ec1169df7aae1d28ede
data,exdeorum,recipe,kubejs/data/exdeorum/recipe/sieve/crushed_blackstone/flint/blackstone_pebble.json,.json,531,de77e345afbd42e6118ff0816fdc65f8ccb4296b16b1b2c08b091a3798c1cb0e
data,exdeorum,recipe,kubejs/data/exdeorum/recipe/sieve/crushed_blackstone/flint/gold_nugget.json,.json,535,2835522ad0ccb9fef180d587c18385ac7b3258436ad15104d656983056c84831
data,exdeorum,recipe,kubejs/data/exdeorum/recipe/sieve/crushed_blackstone/flint/gunpowder.json,.json,532,7c66dc195a70d8d448727d5197ba1fec8454e1a1f11380adb2aaae5d84da5f6e
data,exdeorum,recipe,kubejs/data/exdeorum/recipe/sieve/crushed_blackstone/flint/magma_cream.json,.json,534,d974e54d7f14345bccbfc6b0d720379f1915af293ca74235a952d33d2dcb7d1b
data,exdeorum,recipe,kubejs/data/exdeorum/recipe/sieve/crushed_blackstone/golden/ancient_debris.json,.json,538,e84a3b61dc214bb6d63ca98292106d9bcb35c785554f76587cf14188b53c6798
data,exdeorum,recipe,kubejs/data/exdeorum/recipe/sieve/crushed_blackstone/golden/basalt_pebble.json,.json,535,3cc0bc2f1067314b7fe1149ab81bd057a7b2f74824e20222a5ecce31fec9211c
data,exdeorum,recipe,kubejs/data/exdeorum/recipe/sieve/crushed_blackstone/golden/black_dye.json,.json,532,6f3b83755d987eeebc95ad989fbec8b1ed397eb80cea502d1c995713e7f5aa83
data,exdeorum,recipe,kubejs/data/exdeorum/recipe/sieve/crushed_blackstone/golden/blackstone_pebble.json,.json,532,750bf6726fd15ac0356d349b0839f63093cd195918c65d34cfe901a73e05796e
data,exdeorum,recipe,kubejs/data/exdeorum/recipe/sieve/crushed_blackstone/golden/gold_nugget.json,.json,536,d1d266ac7e30ea5ec64125c4c7a7d4aecb0c5ab3260505b815ebc65296c3e974
data,exdeorum,recipe,kubejs/data/exdeorum/recipe/sieve/crushed_blackstone/golden/gunpowder.json,.json,532,c9f5e71ef62c80dea074345a941ff462972c09c1d8bdafa886d6b04e1268f8c4
data,exdeorum,recipe,kubejs/data/exdeorum/recipe/sieve/crushed_blackstone/golden/magma_cream.json,.json,534,08245112c00d2c42af8bfaad990c8c1a902c42b7a8dc8bbf9c357bbe15b78c0b
data,exdeorum,recipe,kubejs/data/exdeorum/recipe/sieve/crushed_blackstone/iron/ancient_debris.json,.json,534,aa3b4e0cf17bbdfc0932b6f69ee3b3396a2d29de9f2068f6e6917e6b807bf077
data,exdeorum,recipe,kubejs/data/exdeorum/recipe/sieve/crushed_blackstone/iron/basalt_pebble.json,.json,534,7fcbd07ae119135ec2607536a8aa9f23430bfe06356ea6da5526417b4588774b
data,exdeorum,recipe,kubejs/data/exdeorum/recipe/sieve/crushed_blackstone/iron/black_dye.json,.json,529,07083fc82e346bf3017da01358230bc1355860f9908891f13a4cea44563469dd
data,exdeorum,recipe,kubejs/data/exdeorum/recipe/sieve/crushed_blackstone/iron/blackstone_pebble.json,.json,530,6b660bb2b52effe2b8f78e7a2ae472504103740bb2b5e7e4bf47b482ee110c7e
data,exdeorum,recipe,kubejs/data/exdeorum/recipe/sieve/crushed_blackstone/iron/gold_nugget.json,.json,533,24af7ef5311c98dd4f9d8127f677df3c0e56d224720ae008d204db9347f11dd1
data,exdeorum,recipe,kubejs/data/exdeorum/recipe/sieve/crushed_blackstone/iron/gunpowder.json,.json,531,ecd14effc004b800cafd3a3dfd9e06ff0f54a4f7f015b263951bbe8545ea768c
data,exdeorum,recipe,kubejs/data/exdeorum/recipe/sieve/crushed_blackstone/iron/magma_cream.json,.json,533,a53635a43dce6c5d7f5d829135da3de1883839426468c641e7bb5237df8de0fa
data,exdeorum,recipe,kubejs/data/exdeorum/recipe/sieve/crushed_blackstone/netherite/ancient_debris.json,.json,540,51f6bf3515e4bb0ea9d4bf8e8a17e9f352c50688da4bffcb4d03801a6992b30e
data,exdeorum,recipe,kubejs/data/exdeorum/recipe/sieve/crushed_blackstone/netherite/blackstone_pebble.json,.json,535,f0307d4aa0302c6e654af6fa37a06d8197ff23bcf45c47c03f90ccd7a7d55582
data,exdeorum,recipe,kubejs/data/exdeorum/recipe/sieve/crushed_blackstone/netherite/gold_nugget.json,.json,539,46671f126aac9fa21cb6f73eca2dfd16b95c7052bf85dd4b294802ecede5bdaa
data,exdeorum,recipe,kubejs/data/exdeorum/recipe/sieve/crushed_blackstone/netherite/gunpowder.json,.json,536,a55d8b4f8f2e8c844bff3698c0b8eaceaba5c3d1f1fdce967e8aa664775df254
data,exdeorum,recipe,kubejs/data/exdeorum/recipe/sieve/crushed_blackstone/netherite/magma_cream.json,.json,536,636ee7f6b12c30642ac0be90cfa850edb45728f284465387afaaf87b90c5911e
data,exdeorum,recipe,kubejs/data/exdeorum/recipe/sieve/crushed_blackstone/string/ancient_debris.json,.json,537,2f32510119a0a70a89fa7501700f2c5b394f155269f394bf3fcca514eb4e0f11
data,exdeorum,recipe,kubejs/data/exdeorum/recipe/sieve/crushed_blackstone/string/basalt_pebble.json,.json,535,47a9d1b8f0d16686b859200ca5daa0ab038a0812f300ffc7f84de4563148829d
data,exdeorum,recipe,kubejs/data/exdeorum/recipe/sieve/crushed_blackstone/string/black_dye.json,.json,533,9d74e456e57c0eaa0914d778339e9efe7dba239e6664afdb67ddaab40d1d80ad
data,exdeorum,recipe,kubejs/data/exdeorum/recipe/sieve/crushed_blackstone/string/blackstone_pebble.json,.json,532,b093a2aef7397c86c995c0e5cf99b3616071a7153d588f25bb95de1a66fbc678
data,exdeorum,recipe,kubejs/data/exdeorum/recipe/sieve/crushed_blackstone/string/gold_nugget.json,.json,533,6fbc7fa792e50545b4fc86f0d815469f571b1e83cadc421ae512011c6a0daaf0
data,exdeorum,recipe,kubejs/data/exdeorum/recipe/sieve/crushed_blackstone/string/gunpowder.json,.json,533,59e3cd412684d639cded17f4f8d6d7f63c94d1c6dfa8a190be1b5aa6135ba432
data,exdeorum,recipe,kubejs/data/exdeorum/recipe/sieve/crushed_blackstone/string/magma_cream.json,.json,533,c2576792e3ee1b09d230a0d8b50e091711ceafbf016f902c2c530ce038b1d432
data,exdeorum,recipe,kubejs/data/exdeorum/recipe/sieve/crushed_deepslate/diamond/amethyst_shard.json,.json,538,0597e13677dfadbed91b64cdae38c6265060bfd44c737e3335aa4e4d6c2b9801
data,exdeorum,recipe,kubejs/data/exdeorum/recipe/sieve/crushed_deepslate/diamond/boron_ore_chunk.json,.json,985,8f9e8b57b09075c2fe5178eb25cf0c3b3b4e1c3696fcefbbe8c128147d610da4
data,exdeorum,recipe,kubejs/data/exdeorum/recipe/sieve/crushed_deepslate/diamond/copper_ore_chunk.json,.json,539,3c8ef79541d40489ecc2d229ebc05383a7ebf45ba31d50091f8772ba417f4be8
data,exdeorum,recipe,kubejs/data/exdeorum/recipe/sieve/crushed_deepslate/diamond/deepslate_pebble.json,.json,531,5766bf1faad1f7f238395789a13eddea4806c1eeb05cde45a224c82b042ef3fc
data,exdeorum,recipe,kubejs/data/exdeorum/recipe/sieve/crushed_deepslate/diamond/diamond.json,.json,529,2b1487a70495f9f1886d94c2097b9dcaf63607c867fdb200ee06ae7b63f3d871
data,exdeorum,recipe,kubejs/data/exdeorum/recipe/sieve/crushed_deepslate/diamond/emerald.json,.json,529,0daec305fd4d254ed5a87402d3d8c576a9f3d4855303484e92e8674f6995a894
data,exdeorum,recipe,kubejs/data/exdeorum/recipe/sieve/crushed_deepslate/diamond/gold_ore_chunk.json,.json,537,5e42706ed0d1186d1eb684cdb1df9b8a6bdb0612da11bd719a45c718ead901e4
data,exdeorum,recipe,kubejs/data/exdeorum/recipe/sieve/crushed_deepslate/diamond/iridium_ore_chunk.json,.json,992,3bc32f882ef53e432cc775c7f2982298525678383a55bd7401360746b38775f9
data,exdeorum,recipe,kubejs/data/exdeorum/recipe/sieve/crushed_deepslate/diamond/iron_ore_chunk.json,.json,536,232a282f0869197e6db1050e2a0d5e2ec5617cb1c2a8f9949f717b7a456a5760
data,exdeorum,recipe,kubejs/data/exdeorum/recipe/sieve/crushed_deepslate/diamond/lapis_lazuli.json,.json,534,f23dad8fc9234bcf0b83bd8d289587f1fa37b43fdbdea760f7c33ae6055b3eb7
data,exdeorum,recipe,kubejs/data/exdeorum/recipe/sieve/crushed_deepslate/diamond/lead_ore_chunk.json,.json,985,923519a320cbedde35b17134a54b83c33fc85f19475f5fad75f89bb8a6ca6e78
data,exdeorum,recipe,kubejs/data/exdeorum/recipe/sieve/crushed_deepslate/diamond/lithium_ore_chunk.json,.json,989,29b25d7262d478b051d5a8bdda29bfadcdb413d6808cc4d7d9deccb8dc91e03e
data,exdeorum,recipe,kubejs/data/exdeorum/recipe/sieve/crushed_deepslate/diamond/magnesium_ore_chunk.json,.json,993,174137feb3f093ac829b779e6925c33b6b70a57b4e6fc6c4e4e5b0ff59dae4fb
data,exdeorum,recipe,kubejs/data/exdeorum/recipe/sieve/crushed_deepslate/diamond/nickel_ore_chunk.json,.json,989,2b6a2112a87000627fd203f224efa7c2d873c7b4a7d1d12d227927b55db59cd9
data,exdeorum,recipe,kubejs/data/exdeorum/recipe/sieve/crushed_deepslate/diamond/osmium_ore_chunk.json,.json,987,c22c2085ad16f453398481881973b1b82d4a2397eac6298e12ffb954adcfa8fe
data,exdeorum,recipe,kubejs/data/exdeorum/recipe/sieve/crushed_deepslate/diamond/platinum_ore_chunk.json,.json,994,a4bbcee3d067bfbdb01e73a9f28f894d4fdf075e20365bfa69d52e47f872cb27
data,exdeorum,recipe,kubejs/data/exdeorum/recipe/sieve/crushed_deepslate/diamond/silver_ore_chunk.json,.json,989,078aa2d710c8b9686bcf18dc8259e644134d59630b630112c9d3527881d4e91a
data,exdeorum,recipe,kubejs/data/exdeorum/recipe/sieve/crushed_deepslate/diamond/thorium_ore_chunk.json,.json,992,d95b8d61d368967890f9afda55eb49fc19fe8ec92621b086999ed06d7eb575ca
data,exdeorum,recipe,kubejs/data/exdeorum/recipe/sieve/crushed_deepslate/diamond/tin_ore_chunk.json,.json,983,8124a3c778dd395833063b4a76dfbcf8cf4742dbc2ecfc3977b70efd305e1b18
data,exdeorum,recipe,kubejs/data/exdeorum/recipe/sieve/crushed_deepslate/diamond/uranium_ore_chunk.json,.json,990,1f775994f1725df08463aa60d69d527c42e8315411ae41b048dab3670e8368f2
data,exdeorum,recipe,kubejs/data/exdeorum/recipe/sieve/crushed_deepslate/flint/amethyst_shard.json,.json,535,89726a72e4b722afc33f0a52ae6d28f25b06dec866fd67ec04aeddffcad60880
data,exdeorum,recipe,kubejs/data/exdeorum/recipe/sieve/crushed_deepslate/flint/basalt_pebble.json,.json,531,8199be38d6d202bc5b88cd00308acbe9f6da09466dea9752729113946c146923
data,exdeorum,recipe,kubejs/data/exdeorum/recipe/sieve/crushed_deepslate/flint/boron_ore_chunk.json,.json,984,9bef064f61d1b704d4a0e9ffb1aa247ec4d8dcfc232fe940c50d7bc23956f7f4
data,exdeorum,recipe,kubejs/data/exdeorum/recipe/sieve/crushed_deepslate/flint/calcite_pebble.json,.json,532,6f1d5812d216499123960ecb827218cb81c4f3cc26c049787e6578d72fee0d26
data,exdeorum,recipe,kubejs/data/exdeorum/recipe/sieve/crushed_deepslate/flint/copper_ore_chunk.json,.json,537,4118c5cf848660ecf6e0eb1a7d0d95ffadd461985dac6c74776d809bcdc169cf
data,exdeorum,recipe,kubejs/data/exdeorum/recipe/sieve/crushed_deepslate/flint/deepslate_pebble.json,.json,529,720a520d00d38106c3e5aa83a3330efbdc7050513f4c6a1fae1b08d7f6927c29
data,exdeorum,recipe,kubejs/data/exdeorum/recipe/sieve/crushed_deepslate/flint/diamond.json,.json,529,e6c8f0c0b7223c7d9808b973d61cf46214ab75d4184a8af5f10c261b22fddfb0
data,exdeorum,recipe,kubejs/data/exdeorum/recipe/sieve/crushed_deepslate/flint/emerald.json,.json,527,5fbb6652b53e4c069c4ed1496b1c2fe67df6f04d94ab007770071b08f7e81e14
data,exdeorum,recipe,kubejs/data/exdeorum/recipe/sieve/crushed_deepslate/flint/gold_ore_chunk.json,.json,533,7bfb9ff035d63416bd527fb376fc11b1d8cf0635d359398a8987ca340a51cc5c
data,exdeorum,recipe,kubejs/data/exdeorum/recipe/sieve/crushed_deepslate/flint/iridium_ore_chunk.json,.json,989,6628c0b596301121d05532204e728f44eecc78dec2e023de99a7e5dca64df4c5
data,exdeorum,recipe,kubejs/data/exdeorum/recipe/sieve/crushed_deepslate/flint/iron_ore_chunk.json,.json,535,ebd57c9089e7758739d1662f4cd04f303e7574d0dc28852c986da4d272104ce5
data,exdeorum,recipe,kubejs/data/exdeorum/recipe/sieve/crushed_deepslate/flint/lapis_lazuli.json,.json,534,15f0ab3943bf9e9af4f40c69cd10ee56b858855ae60b8d59c19aa754393cc9d4
data,exdeorum,recipe,kubejs/data/exdeorum/recipe/sieve/crushed_deepslate/flint/lead_ore_chunk.json,.json,981,bd6ccfef110f7e01eb60c016e57cc338f1bcc8e170d4cafe78a633f946195b71
data,exdeorum,recipe,kubejs/data/exdeorum/recipe/sieve/crushed_deepslate/flint/lithium_ore_chunk.json,.json,989,eed04846d76d0e7582a7aa90db95ce0b488a845b10f321c292c5e4d433dad4af
data,exdeorum,recipe,kubejs/data/exdeorum/recipe/sieve/crushed_deepslate/flint/magnesium_ore_chunk.json,.json,992,9a50ab45550c62d3801ffb6c3390fdd7b1d5337c0738b7d3c948cab9f9e6c5ed
data,exdeorum,recipe,kubejs/data/exdeorum/recipe/sieve/crushed_deepslate/flint/nickel_ore_chunk.json,.json,986,ac432467142f955eead7ce13e08b514d887d154c834063274c7e4c1f61b8d786
data,exdeorum,recipe,kubejs/data/exdeorum/recipe/sieve/crushed_deepslate/flint/osmium_ore_chunk.json,.json,985,35b2faf420238af9a2faea5437ef66c5ff3b668343946c4531a9fdc7acc24736
data,exdeorum,recipe,kubejs/data/exdeorum/recipe/sieve/crushed_deepslate/flint/platinum_ore_chunk.json,.json,991,34c164384aa9e04e4978f96a1a3de138ead701ae7a8c01c66c87fce22bbf8594
data,exdeorum,recipe,kubejs/data/exdeorum/recipe/sieve/crushed_deepslate/flint/silver_ore_chunk.json,.json,985,cb276e1e23435ac154c01be528d9006a8ede989c3ece24e9898f1da6657cde49
data,exdeorum,recipe,kubejs/data/exdeorum/recipe/sieve/crushed_deepslate/flint/thorium_ore_chunk.json,.json,990,694ff1252f1f148e9ccb2e2ceb01997e1dfb274113cf4059c94a7904cd506efb
data,exdeorum,recipe,kubejs/data/exdeorum/recipe/sieve/crushed_deepslate/flint/tin_ore_chunk.json,.json,981,38369eef5e15567aea010c35fa187b1fec9cc60828c0b36c003f402e788c2c27
data,exdeorum,recipe,kubejs/data/exdeorum/recipe/sieve/crushed_deepslate/flint/tuff_pebble.json,.json,529,af9e3544a5707e75496e1ad480850325c1a495d357dd9cc93d3f3b039a77b536
data,exdeorum,recipe,kubejs/data/exdeorum/recipe/sieve/crushed_deepslate/flint/uranium_ore_chunk.json,.json,988,8564eb1078b7d0a08398023fa6e47b47e43db3823fbd21f0c8a4c557d7e9eacf
data,exdeorum,recipe,kubejs/data/exdeorum/recipe/sieve/crushed_deepslate/golden/amethyst_shard.json,.json,535,43aa45f1c4d5e0f18154f8f905d173f73851eb39d8f8d205ce22afd918a4cad9
data,exdeorum,recipe,kubejs/data/exdeorum/recipe/sieve/crushed_deepslate/golden/boron_ore_chunk.json,.json,987,8c45e037696c9179a6d259651569001a79ae2e9020c14e831ac609c3b1ac2fdb
data,exdeorum,recipe,kubejs/data/exdeorum/recipe/sieve/crushed_deepslate/golden/copper_ore_chunk.json,.json,538,3785cb52537f659b27b3cd5ddd534866ea6a0a5775afc23fa5f8b2d85dd844e2
data,exdeorum,recipe,kubejs/data/exdeorum/recipe/sieve/crushed_deepslate/golden/deepslate_pebble.json,.json,530,a93a187a9a9c139e6914aa7127bc0b62a43366e3df16e8a7ac77acc972fdec9f
data,exdeorum,recipe,kubejs/data/exdeorum/recipe/sieve/crushed_deepslate/golden/diamond.json,.json,528,6ba89260d6994a4bf1e257669602a9699371c37a13bb847419141ed952c15129
data,exdeorum,recipe,kubejs/data/exdeorum/recipe/sieve/crushed_deepslate/golden/emerald.json,.json,530,5ab991908b8d163a4f0c36eaf966cd0768817cfa432619bb653af5b8bc1704e4
data,exdeorum,recipe,kubejs/data/exdeorum/recipe/sieve/crushed_deepslate/golden/gold_nugget.json,.json,533,bf20c9b16b9c00a2587d5545fa4edd8dd3289f22b9d19bd5b66865b6e1cd4f4a
data,exdeorum,recipe,kubejs/data/exdeorum/recipe/sieve/crushed_deepslate/golden/gold_ore_chunk.json,.json,536,a2650968aa63abe8f3117f3b5bfd71ca02d7da4d25da281bd34b14f5772f3257
data,exdeorum,recipe,kubejs/data/exdeorum/recipe/sieve/crushed_deepslate/golden/iridium_ore_chunk.json,.json,988,09f0105ef1485593ec6722cf7967583eb452950ba110af0a7fb899911522945e
data,exdeorum,recipe,kubejs/data/exdeorum/recipe/sieve/crushed_deepslate/golden/iron_ore_chunk.json,.json,536,ee76c649d3a363f25564c0c805123481b55437af0c76c4fe2c0425f7fade82af
data,exdeorum,recipe,kubejs/data/exdeorum/recipe/sieve/crushed_deepslate/golden/lapis_lazuli.json,.json,535,6b1230be303a50b38709456ef27002fd9288cdfa23c1ac2db2436bd4bded13c3
data,exdeorum,recipe,kubejs/data/exdeorum/recipe/sieve/crushed_deepslate/golden/lead_ore_chunk.json,.json,984,9be4de7165b44c158b223e4c19056a53317b0708d0131291e7cbe1fe77b4a6e1
data,exdeorum,recipe,kubejs/data/exdeorum/recipe/sieve/crushed_deepslate/golden/lithium_ore_chunk.json,.json,991,e7c5b265b04c9d4e061656117923534ca56937c6214795f8a0773cf1a4ef884f
data,exdeorum,recipe,kubejs/data/exdeorum/recipe/sieve/crushed_deepslate/golden/magnesium_ore_chunk.json,.json,992,c4c963e80ba47b985d510dc242af9dc0a4e0676ddbc186fd002792d1d6ad3cf4
data,exdeorum,recipe,kubejs/data/exdeorum/recipe/sieve/crushed_deepslate/golden/nickel_ore_chunk.json,.json,988,5b3506d0c4e9141ab08397d176ac72370be6bae85ae49cd136b89f1f8bbe8bb5
data,exdeorum,recipe,kubejs/data/exdeorum/recipe/sieve/crushed_deepslate/golden/osmium_ore_chunk.json,.json,988,c364e25667ad4d1aa1730ee6fb146d1ce2dfce971a3b1ac6677df98b62a64d2b
data,exdeorum,recipe,kubejs/data/exdeorum/recipe/sieve/crushed_deepslate/golden/platinum_ore_chunk.json,.json,992,fb114ad3b0ee3ee102dad9db0802904d5ee6bc9499b4191f0f0ad8d6bb679394
data,exdeorum,recipe,kubejs/data/exdeorum/recipe/sieve/crushed_deepslate/golden/raw_gold.json,.json,531,b1866fae3fa16e40227317d180d3b0528621dfdd14a065eecbb93b1fe7171d80
data,exdeorum,recipe,kubejs/data/exdeorum/recipe/sieve/crushed_deepslate/golden/silver_ore_chunk.json,.json,988,65b2a8892dc7085dccaf665f6e5fede1bd358baf3d3990a3d3693612fa6d8493
data,exdeorum,recipe,kubejs/data/exdeorum/recipe/sieve/crushed_deepslate/golden/thorium_ore_chunk.json,.json,991,4e82ed7a2bdcf44e9d986ed899d5eb57b55a6b6b77eaf7b42212f1c71365fe56
data,exdeorum,recipe,kubejs/data/exdeorum/recipe/sieve/crushed_deepslate/golden/tin_ore_chunk.json,.json,980,b4996a6810419918d7724c0ca425f9ace8aa28768c90c8146cf7d50663d76800
data,exdeorum,recipe,kubejs/data/exdeorum/recipe/sieve/crushed_deepslate/golden/uranium_ore_chunk.json,.json,990,ff493a072a6d4f2ff193eee9cff1c66bfb24c50391f7adc3bad3427e4af09610
data,exdeorum,recipe,kubejs/data/exdeorum/recipe/sieve/crushed_deepslate/iron/amethyst_shard.json,.json,534,93441c54589b5c79b5c91dc5c4e78718b8881250b600a3a1a843eadf18b928dc
data,exdeorum,recipe,kubejs/data/exdeorum/recipe/sieve/crushed_deepslate/iron/boron_ore_chunk.json,.json,983,0a940d828c7a6a10619d3f27a4a5c84d016a4c0a757e3174b8a9d7184a1dd14a
data,exdeorum,recipe,kubejs/data/exdeorum/recipe/sieve/crushed_deepslate/iron/copper_ore_chunk.json,.json,535,b6acfffcfb20c2d56857543dc449496cb527d8afe4d1beeadb9e3060faedfc1d
data,exdeorum,recipe,kubejs/data/exdeorum/recipe/sieve/crushed_deepslate/iron/deepslate_pebble.json,.json,528,14384af02981d5efb063e0a2671bc56a145e45490a08013390da38f8610f351f
data,exdeorum,recipe,kubejs/data/exdeorum/recipe/sieve/crushed_deepslate/iron/diamond.json,.json,527,baa8aeb8d3f1847c8548db55901d58e7050e1297c84fd4d3f49a6daa91ed70d1
data,exdeorum,recipe,kubejs/data/exdeorum/recipe/sieve/crushed_deepslate/iron/emerald.json,.json,528,1dc543edefe5706fcf4ec6b7506a44b5357851d5e5ba82207c5a5c40d121a076
data,exdeorum,recipe,kubejs/data/exdeorum/recipe/sieve/crushed_deepslate/iron/gold_ore_chunk.json,.json,534,a8de25e7393088a58600c8db02db0c59ecdb0baa8834e9284c46b4275f9ca157
data,exdeorum,recipe,kubejs/data/exdeorum/recipe/sieve/crushed_deepslate/iron/iridium_ore_chunk.json,.json,987,eccd4c8ed7216502a54329d982496d8c99be8a55ed0a292448efd6dab8a475c6
data,exdeorum,recipe,kubejs/data/exdeorum/recipe/sieve/crushed_deepslate/iron/iron_ore_chunk.json,.json,534,c4726d37a14d05fb6e98aa86744e263bbf95ee3e8ba9958930efc9591cb66168
data,exdeorum,recipe,kubejs/data/exdeorum/recipe/sieve/crushed_deepslate/iron/lapis_lazuli.json,.json,531,9461fc00bd8265b397f8e37287528ddee93df228c21683028e8f459435a1d61a
data,exdeorum,recipe,kubejs/data/exdeorum/recipe/sieve/crushed_deepslate/iron/lead_ore_chunk.json,.json,981,46501efa95c7b5e599e02c7e12edb71ca57ccc8e3df4c8d293588900d2290d31
data,exdeorum,recipe,kubejs/data/exdeorum/recipe/sieve/crushed_deepslate/iron/lithium_ore_chunk.json,.json,987,6d69bc144ad3c21f3a88601b964fe736c35d57dde871e38b85ded2616fb25d66
data,exdeorum,recipe,kubejs/data/exdeorum/recipe/sieve/crushed_deepslate/iron/magnesium_ore_chunk.json,.json,992,a841d3d0223aba32af899d6b887ee8b5aa26b673411f30b8319a9745d3735fa7
data,exdeorum,recipe,kubejs/data/exdeorum/recipe/sieve/crushed_deepslate/iron/nickel_ore_chunk.json,.json,986,523f6a414fa2d748c15bc88a4056179160f32d493314bad8d23b0c9705512da1
data,exdeorum,recipe,kubejs/data/exdeorum/recipe/sieve/crushed_deepslate/iron/osmium_ore_chunk.json,.json,985,bb9ea8e1b51aa9b105a1793b896ca0d89144f300eb6bcb06680d47e75c83ab7a
data,exdeorum,recipe,kubejs/data/exdeorum/recipe/sieve/crushed_deepslate/iron/platinum_ore_chunk.json,.json,991,c685af706fdf9b7545a7e75b73ed8025aeeaa06f9e9fdd9ba337c3e9d6ffdcfb
data,exdeorum,recipe,kubejs/data/exdeorum/recipe/sieve/crushed_deepslate/iron/silver_ore_chunk.json,.json,985,b7b754dc57a60303ef28395e68369af1ca92cedaf336dad878a1fa83b4c9d56c
data,exdeorum,recipe,kubejs/data/exdeorum/recipe/sieve/crushed_deepslate/iron/thorium_ore_chunk.json,.json,989,2ee596aec297b78d625fe8df2b1687eb68c51e7c4c789ef58de41b67b4396b65
data,exdeorum,recipe,kubejs/data/exdeorum/recipe/sieve/crushed_deepslate/iron/tin_ore_chunk.json,.json,980,160ee09fcd0a424aaba88f56b92726c4bc79732e145fb01dbc84c9b7f5d434f3
data,exdeorum,recipe,kubejs/data/exdeorum/recipe/sieve/crushed_deepslate/iron/uranium_ore_chunk.json,.json,986,6ee9b3933812405dbe6f4e54c3679039a09d06a32681555cead4b720eff1cbc7
data,exdeorum,recipe,kubejs/data/exdeorum/recipe/sieve/crushed_deepslate/netherite/amethyst_shard.json,.json,539,760c66ffdee164c7d0512da92012aa709f6ffd650a041217195dfe1c722a9c17
data,exdeorum,recipe,kubejs/data/exdeorum/recipe/sieve/crushed_deepslate/netherite/boron_ore_chunk.json,.json,989,85d51eb5ea4c4f624d7d74e4b91d47b4166f7d28f9e78b186d2f3d1265035383
data,exdeorum,recipe,kubejs/data/exdeorum/recipe/sieve/crushed_deepslate/netherite/copper_ore_chunk.json,.json,540,14f9c9c9f2b05b911e1182dcc55b23113e472e270d2b3858d0a6021589747ae2
data,exdeorum,recipe,kubejs/data/exdeorum/recipe/sieve/crushed_deepslate/netherite/deepslate_pebble.json,.json,533,2e899c37112ba2c8caa40f27a586173f928e1a023ecbd221930be071b1711273
data,exdeorum,recipe,kubejs/data/exdeorum/recipe/sieve/crushed_deepslate/netherite/diamond.json,.json,532,83d7efbed5a6defec590893fef02fca1cec999cf48b57be5c851c82d913c96f9
data,exdeorum,recipe,kubejs/data/exdeorum/recipe/sieve/crushed_deepslate/netherite/emerald.json,.json,532,255bc2764aad329c3eaf9804523db08b72746ab514f36efa62bb0eb3fcf6e948
data,exdeorum,recipe,kubejs/data/exdeorum/recipe/sieve/crushed_deepslate/netherite/gold_ore_chunk.json,.json,539,3afb32e64792ad6a5008fd1980b9d21faa0270fe49506c40a3d583ae825242ee
data,exdeorum,recipe,kubejs/data/exdeorum/recipe/sieve/crushed_deepslate/netherite/iridium_ore_chunk.json,.json,994,e31b6348c30d449213de632b700a076b5affe8f1c2086dd19cd25977dce5938a
data,exdeorum,recipe,kubejs/data/exdeorum/recipe/sieve/crushed_deepslate/netherite/iron_ore_chunk.json,.json,537,7bffe137881e2bfb69b60e99ed266a68dc285601a13c422000fd436cc1fba557
data,exdeorum,recipe,kubejs/data/exdeorum/recipe/sieve/crushed_deepslate/netherite/lapis_lazuli.json,.json,537,da37d00340433ac7a0d2738d7e4206f8117adf1015b71d5c212276f9eebb1a2b
data,exdeorum,recipe,kubejs/data/exdeorum/recipe/sieve/crushed_deepslate/netherite/lead_ore_chunk.json,.json,985,2193b2ff5acc15ec9a8086c59335b6b7a939008f80af4f76c80395745d332adb
data,exdeorum,recipe,kubejs/data/exdeorum/recipe/sieve/crushed_deepslate/netherite/lithium_ore_chunk.json,.json,994,62fd6cdcc6e35f3f7405b0d75df441329e11a6c98c3b8d695d5a489f8e8e0670
data,exdeorum,recipe,kubejs/data/exdeorum/recipe/sieve/crushed_deepslate/netherite/magnesium_ore_chunk.json,.json,996,e0ec58a433cf7e535767ce3255da826b49b52a72b4f5e18fcb52071722ffcc90
data,exdeorum,recipe,kubejs/data/exdeorum/recipe/sieve/crushed_deepslate/netherite/nickel_ore_chunk.json,.json,991,4d300a82e44ba9643be9389e611bcef872c769006b32d56635050ab330c29186
data,exdeorum,recipe,kubejs/data/exdeorum/recipe/sieve/crushed_deepslate/netherite/osmium_ore_chunk.json,.json,990,ec14050db249860f36ad3a4ac9eed84db1bf10ec9beba7a28409e32c6f385ea3
data,exdeorum,recipe,kubejs/data/exdeorum/recipe/sieve/crushed_deepslate/netherite/platinum_ore_chunk.json,.json,995,9e62b0a95cf4c396b6366371f152515c3757ea9ff7866dbc70b25103f33c18f1
data,exdeorum,recipe,kubejs/data/exdeorum/recipe/sieve/crushed_deepslate/netherite/silver_ore_chunk.json,.json,989,e83484d2faa53749f75d978ddc4851ddfaa4b558ab567554a719253658850d10
data,exdeorum,recipe,kubejs/data/exdeorum/recipe/sieve/crushed_deepslate/netherite/thorium_ore_chunk.json,.json,993,07e05ad8bf1d568dac994ca5ced5540e516f03faa87cfcc34c6360d5774438c4
data,exdeorum,recipe,kubejs/data/exdeorum/recipe/sieve/crushed_deepslate/netherite/tin_ore_chunk.json,.json,983,a56a9ed8e3d65213f993170dfccf955b95c9f39aa992a475c0c490376e8dd2e7
data,exdeorum,recipe,kubejs/data/exdeorum/recipe/sieve/crushed_deepslate/netherite/uranium_ore_chunk.json,.json,991,2bbef8dcfe020828cbacb8e28e54b9a0f36ac3385a1199e80348a9c4ed71269e
data,exdeorum,recipe,kubejs/data/exdeorum/recipe/sieve/crushed_deepslate/string/amethyst_shard.json,.json,537,3b0ea34540640a2e714229dd7312ce8949dbc7eac5f6dadf833ea38950be3dfe
data,exdeorum,recipe,kubejs/data/exdeorum/recipe/sieve/crushed_deepslate/string/boron_ore_chunk.json,.json,986,28a2296aaad1cd5b75c118d4516f5fe8ae53f60a92a992eacd6f4e7c493247c3
data,exdeorum,recipe,kubejs/data/exdeorum/recipe/sieve/crushed_deepslate/string/copper_ore_chunk.json,.json,536,767e7cbed1a72adda6f2aa36820b7df0f773caa1bb5959125673d8577a4b2dec
data,exdeorum,recipe,kubejs/data/exdeorum/recipe/sieve/crushed_deepslate/string/deepslate_pebble.json,.json,530,43916ea04cf0ea1d610a53cfd8cbda9f18a6be6f28555e8dbd386ca303cb156d
data,exdeorum,recipe,kubejs/data/exdeorum/recipe/sieve/crushed_deepslate/string/diamond.json,.json,528,020d5de52c86fd226de551ae099a0c9dd5fc6a1058ec4727a942e7e840154b26
data,exdeorum,recipe,kubejs/data/exdeorum/recipe/sieve/crushed_deepslate/string/emerald.json,.json,530,a4df9991f40041e88ecdbda2e9f151321cf3adbf18b8a0cab56e5e20de3948a2
data,exdeorum,recipe,kubejs/data/exdeorum/recipe/sieve/crushed_deepslate/string/gold_ore_chunk.json,.json,534,50f9d43d675ae56e31ee7835ead44cc5ff880c4fc8d83990dd94b92e68b64bd4
data,exdeorum,recipe,kubejs/data/exdeorum/recipe/sieve/crushed_deepslate/string/iridium_ore_chunk.json,.json,988,adf559713544c9151413d1ca545ef455a633698c0aa45071934680d2a65281db
data,exdeorum,recipe,kubejs/data/exdeorum/recipe/sieve/crushed_deepslate/string/iron_ore_chunk.json,.json,534,6f8a592ba4c2cde50f695cada4e2ad6c4b409af757b7fcf777acec86dccdb701
data,exdeorum,recipe,kubejs/data/exdeorum/recipe/sieve/crushed_deepslate/string/lapis_lazuli.json,.json,533,db32c92b354941e99a2013c02f3cdbe807beaa3a336d2a79bf0a2d2618398ae0
data,exdeorum,recipe,kubejs/data/exdeorum/recipe/sieve/crushed_deepslate/string/lead_ore_chunk.json,.json,984,5859d9625263bda3f39102335ac30e157255d6a9ef0861362176b94f892dbc06
data,exdeorum,recipe,kubejs/data/exdeorum/recipe/sieve/crushed_deepslate/string/lithium_ore_chunk.json,.json,991,265dcf1f518d5185d9675c5521d6fe3d8501293ea1c35c61f16ed009f5318289
data,exdeorum,recipe,kubejs/data/exdeorum/recipe/sieve/crushed_deepslate/string/magnesium_ore_chunk.json,.json,994,4bf6284b2dffdbae6ce5a0fc1be3081b93b29b790b9da351e5902e041796f761
data,exdeorum,recipe,kubejs/data/exdeorum/recipe/sieve/crushed_deepslate/string/nickel_ore_chunk.json,.json,986,3845a7b283d65fb341db92bc77172bde63e009889c796221fa7b95b229851e7f
data,exdeorum,recipe,kubejs/data/exdeorum/recipe/sieve/crushed_deepslate/string/osmium_ore_chunk.json,.json,987,94ad2c5eccbe425fdc5b11de717cf897643fb443a59ffc949c48742e9233afff
data,exdeorum,recipe,kubejs/data/exdeorum/recipe/sieve/crushed_deepslate/string/platinum_ore_chunk.json,.json,992,48cc3cd0f64d92f7f1e76ae67786a3bc920a53351ab1883c7c53e83edb81caf2
data,exdeorum,recipe,kubejs/data/exdeorum/recipe/sieve/crushed_deepslate/string/silver_ore_chunk.json,.json,988,2d30e235aadf4d5a0ce852b8a7ff432576dea3c1054871de796158ba3816007c
data,exdeorum,recipe,kubejs/data/exdeorum/recipe/sieve/crushed_deepslate/string/thorium_ore_chunk.json,.json,989,5dc9733d444177dcaf81d9dd3d95ed994634cf393b5173c32d4a750fdeeb8b1f
data,exdeorum,recipe,kubejs/data/exdeorum/recipe/sieve/crushed_deepslate/string/tin_ore_chunk.json,.json,982,265d792265e6cd5e3aa992728e3283270f495fb87b5239eebe0cf18d15a3333a
data,exdeorum,recipe,kubejs/data/exdeorum/recipe/sieve/crushed_deepslate/string/uranium_ore_chunk.json,.json,988,fbb3ed030c1225bdd22f13617f588b19dee03d112e0a50fabe97afee008ceef5
data,exdeorum,recipe,kubejs/data/exdeorum/recipe/sieve/crushed_end_stone/diamond/chorus_flower.json,.json,535,6ebd67066cc71ba42d0f8e497aee8a1400e9e27e58c00c8238cf232f1674e894
data,exdeorum,recipe,kubejs/data/exdeorum/recipe/sieve/crushed_end_stone/diamond/chorus_fruit.json,.json,535,c5260097270d7aeefe1a8419f3bf2a3de2fe31b66f61df638f445c2eeec0bccd
data,exdeorum,recipe,kubejs/data/exdeorum/recipe/sieve/crushed_end_stone/diamond/ender_eye.json,.json,533,d917e3a5d40599b6810e7537b45c0dd3307effc2907ef15ff9ab283a073d18c1
data,exdeorum,recipe,kubejs/data/exdeorum/recipe/sieve/crushed_end_stone/diamond/ender_pearl.json,.json,527,c24e419a6710c7a4da8fbe805ab4d2625a1fe16928d01279245df7663f6395cb
data,exdeorum,recipe,kubejs/data/exdeorum/recipe/sieve/crushed_end_stone/flint/chorus_flower.json,.json,534,38640c1729fc9756097b93a5bb840f2ebdcf5572f3682d91a7b707ba292da283
data,exdeorum,recipe,kubejs/data/exdeorum/recipe/sieve/crushed_end_stone/flint/chorus_fruit.json,.json,526,b107eca5086895edbab8bff412e1598ae1712cf8245c181632ab64640e1aec54
data,exdeorum,recipe,kubejs/data/exdeorum/recipe/sieve/crushed_end_stone/flint/ender_eye.json,.json,531,72c9c1b0ad5a15bc0e4bc1e99b20916f6a796e695a4cb5e0958c98618bac137c
data,exdeorum,recipe,kubejs/data/exdeorum/recipe/sieve/crushed_end_stone/flint/ender_pearl.json,.json,531,ee0b2b7309685eaecaf56557472ad18efadd76e5ad478c546da1de053d4ac380
data,exdeorum,recipe,kubejs/data/exdeorum/recipe/sieve/crushed_end_stone/golden/chorus_flower.json,.json,535,f7278e5789d4b5780e9e2ff5b1d8d7c30daf25351f0507bc87786e7418cf4dac
data,exdeorum,recipe,kubejs/data/exdeorum/recipe/sieve/crushed_end_stone/golden/chorus_fruit.json,.json,527,ef8e0e1e14f59df9dbad17fc55cc4f345d6c9727b18b7d320b656923f6fcee95
data,exdeorum,recipe,kubejs/data/exdeorum/recipe/sieve/crushed_end_stone/golden/ender_eye.json,.json,532,edc9bae76465f288a5b33963aa1708209b63ab8c751e5b3c2a37dcc9430c1707
data,exdeorum,recipe,kubejs/data/exdeorum/recipe/sieve/crushed_end_stone/golden/ender_pearl.json,.json,532,3d66708cf7e08a715b11e79d208b8079eca3ed790cbec15e0a36f258be85e175
data,exdeorum,recipe,kubejs/data/exdeorum/recipe/sieve/crushed_end_stone/iron/chorus_flower.json,.json,534,b1bef73b717ece2b6688cfd30435b5f2cf40e5b201d41ecc472e6a8dca3fa826
data,exdeorum,recipe,kubejs/data/exdeorum/recipe/sieve/crushed_end_stone/iron/chorus_fruit.json,.json,525,4ca71a735cd0fe5f94fff6faa8df3b3460b7b3459afc3d769e241de55a0eed0f
data,exdeorum,recipe,kubejs/data/exdeorum/recipe/sieve/crushed_end_stone/iron/ender_eye.json,.json,528,f8102aa5063af09a6d30f37367331cf115d2afeaf4aa2e83393ba213b10be514
data,exdeorum,recipe,kubejs/data/exdeorum/recipe/sieve/crushed_end_stone/iron/ender_pearl.json,.json,531,4054b2df8cb3a31a10ccf5d68445e43ad479c7e7c0b55ad863d1cf21acd6a79d
data,exdeorum,recipe,kubejs/data/exdeorum/recipe/sieve/crushed_end_stone/netherite/chorus_flower.json,.json,537,250d31461b8373858886125fd4d91232885079411d465305cbf75fd5b2e529d1
data,exdeorum,recipe,kubejs/data/exdeorum/recipe/sieve/crushed_end_stone/netherite/chorus_fruit.json,.json,537,371ace5b8b8814611f2f72bdac9660baf25f3f2a56f7b60c9c97090592634893
data,exdeorum,recipe,kubejs/data/exdeorum/recipe/sieve/crushed_end_stone/netherite/echo_shard.json,.json,536,46765175cbdbb5677b2e8b84fe3e88048da6008c800d43924898ee208e8273a0
data,exdeorum,recipe,kubejs/data/exdeorum/recipe/sieve/crushed_end_stone/netherite/ender_eye.json,.json,535,fc0c87780b39e522fbf3b1bb915be30cc886b7a9ec7ba4b92cdde9e7e730e8b6
data,exdeorum,recipe,kubejs/data/exdeorum/recipe/sieve/crushed_end_stone/netherite/ender_pearl.json,.json,529,83b36dc454d32989025a5edf8b5df5931e7948cff8a87e7f1aad53e01f50a688
data,exdeorum,recipe,kubejs/data/exdeorum/recipe/sieve/crushed_end_stone/netherite/sculk_shrieker.json,.json,540,2376b0246b7af944ab33f7fdae39b542638da8889cb48d8e473d054c529ea74b
data,exdeorum,recipe,kubejs/data/exdeorum/recipe/sieve/crushed_end_stone/string/chorus_flower.json,.json,534,e5f18694bd79c0c2320c47fd0e211ca6d4598dd54916e1b9bc5d1cbb4b874bbe
data,exdeorum,recipe,kubejs/data/exdeorum/recipe/sieve/crushed_end_stone/string/chorus_fruit.json,.json,527,988e7647bde40b2f4e7a51aea4c541c3a58564739be1926fe6d254f212fbe992
data,exdeorum,recipe,kubejs/data/exdeorum/recipe/sieve/crushed_end_stone/string/ender_eye.json,.json,531,a2bfb5aedec24e6d84abed77aeb5fdcd001bfd6f9aeef321b732d03cb39c9c6b
data,exdeorum,recipe,kubejs/data/exdeorum/recipe/sieve/crushed_end_stone/string/ender_pearl.json,.json,534,751ac8fd718527892936479200bb1629fc937e656ae3e965300db262aaad5ff6
data,exdeorum,recipe,kubejs/data/exdeorum/recipe/sieve/crushed_netherrack/diamond/blackstone_pebble.json,.json,533,1ce6c8aee12ef2f203c969cf725674b9f6252de4dc449333049669f8872a17d4
data,exdeorum,recipe,kubejs/data/exdeorum/recipe/sieve/crushed_netherrack/diamond/blaze_powder.json,.json,536,a73c663f43f2903e28bb382323fbad7b9bb88d433540f928bc3965fdda75151e
data,exdeorum,recipe,kubejs/data/exdeorum/recipe/sieve/crushed_netherrack/diamond/cobalt_ore_chunk.json,.json,990,3efdf094f820d617005ea12f0b5cbc5cf3e9fc81751aed055d07d4e5a2d88750
data,exdeorum,recipe,kubejs/data/exdeorum/recipe/sieve/crushed_netherrack/diamond/gold_nugget.json,.json,534,a39f9622dd3fe527bdd6f2b37b429325059ae6376fd4db846c6f93c5d54b4238
data,exdeorum,recipe,kubejs/data/exdeorum/recipe/sieve/crushed_netherrack/diamond/gunpowder.json,.json,534,83328cc00c80e7a3d93e81d5f344ae3efa1437d26ac02bceb685819af66bcaab
data,exdeorum,recipe,kubejs/data/exdeorum/recipe/sieve/crushed_netherrack/diamond/magma_cream.json,.json,535,80dd3d31a554e85b5536dc0c5fa2132c3d8b9030b608c9fddd6fc0d9eeb5fa8e
data,exdeorum,recipe,kubejs/data/exdeorum/recipe/sieve/crushed_netherrack/diamond/quartz.json,.json,531,5558af5f5d456b0efb594e59270f9635e7b676e3eb125925c68959be661bcda3
data,exdeorum,recipe,kubejs/data/exdeorum/recipe/sieve/crushed_netherrack/flint/basalt_pebble.json,.json,532,ae7323a1275560ae51bb130b5ac7d818e1ef3b4b1673853b8fe79aca3254fba1
data,exdeorum,recipe,kubejs/data/exdeorum/recipe/sieve/crushed_netherrack/flint/blackstone_pebble.json,.json,531,b23a38c7614eb9587d214b0e5ac79f157ec3d89c8c44062a98dbe2e8b4ebc074
data,exdeorum,recipe,kubejs/data/exdeorum/recipe/sieve/crushed_netherrack/flint/blaze_powder.json,.json,535,14dfabf5cafddd8fbbe8b5ce019d1ae06f9eb7c0adb1b1b0bab38ba2a5ae143d
data,exdeorum,recipe,kubejs/data/exdeorum/recipe/sieve/crushed_netherrack/flint/cobalt_ore_chunk.json,.json,988,1ba54f915be6215acefaa6dda1c41fc0d8975369b9e273ef387da4252aee80c3
data,exdeorum,recipe,kubejs/data/exdeorum/recipe/sieve/crushed_netherrack/flint/crimson_nylium_spores.json,.json,543,f288eab594adc0168fca4320bbe3fd0e8113fac74782dd5b397f11412b9fe060
data,exdeorum,recipe,kubejs/data/exdeorum/recipe/sieve/crushed_netherrack/flint/gold_nugget.json,.json,532,95df1a69cda7fdd4db57e0dc870c9cb89f3e34b1a17f2c59dd2480831cd56e47
data,exdeorum,recipe,kubejs/data/exdeorum/recipe/sieve/crushed_netherrack/flint/gunpowder.json,.json,532,3cdb2f5115f82a80163994af40aac508bc63a51221ff880b1b25fc0397e100ac
data,exdeorum,recipe,kubejs/data/exdeorum/recipe/sieve/crushed_netherrack/flint/magma_cream.json,.json,533,07360e1f43912ba06395687141aae90fe05a8b9526b3887bf11a8ed48359211a
data,exdeorum,recipe,kubejs/data/exdeorum/recipe/sieve/crushed_netherrack/flint/quartz.json,.json,529,8b2fa242b7254829a3419f8a4f899776e7d766e659fc1ceee10e1fb739e25a88
data,exdeorum,recipe,kubejs/data/exdeorum/recipe/sieve/crushed_netherrack/flint/warped_nylium_spores.json,.json,542,0a507eb6e85725f3219447ebb1a56bc6a983a0a1aa9497b4ded9b96aaea2bdc1
data,exdeorum,recipe,kubejs/data/exdeorum/recipe/sieve/crushed_netherrack/golden/basalt_pebble.json,.json,536,3e6b2b66104fb332d86383b1f485cb788d33e88314a0e4ad736ac890a9485972
data,exdeorum,recipe,kubejs/data/exdeorum/recipe/sieve/crushed_netherrack/golden/blackstone_pebble.json,.json,532,d58be64b836f7e8c5d996dfadf12a0920bd3ade48f7e80e8219dcb7f2a93165b
data,exdeorum,recipe,kubejs/data/exdeorum/recipe/sieve/crushed_netherrack/golden/blaze_powder.json,.json,536,cc633cf8e04cb4e3746c8d79f5a56ae628d822735c7172611fb058a85e589078
data,exdeorum,recipe,kubejs/data/exdeorum/recipe/sieve/crushed_netherrack/golden/cobalt_ore_chunk.json,.json,989,ef1e416acd34e3e60683832f2a7da0c3a5716cbdb7688b47acaebb5c97c4962f
data,exdeorum,recipe,kubejs/data/exdeorum/recipe/sieve/crushed_netherrack/golden/crimson_nylium_spores.json,.json,542,796e84644c67d23d6f908be0182d03f3d6ac3453944455f34ce9d54237945079
data,exdeorum,recipe,kubejs/data/exdeorum/recipe/sieve/crushed_netherrack/golden/gold_nugget.json,.json,534,774897fdcfc96286ab9943e3436cffb0044a8a3b2a282c41eed1a53e7101776b
data,exdeorum,recipe,kubejs/data/exdeorum/recipe/sieve/crushed_netherrack/golden/gunpowder.json,.json,533,42ac58f3bea9b57ac2c59c8ed61573a3bf7261103cde89ff9d4ca8d9b58c770f
data,exdeorum,recipe,kubejs/data/exdeorum/recipe/sieve/crushed_netherrack/golden/magma_cream.json,.json,533,8599dad2b9e79d99127625954add22d457285e76cd7091b4b8adb8d7d577e6c9
data,exdeorum,recipe,kubejs/data/exdeorum/recipe/sieve/crushed_netherrack/golden/quartz.json,.json,530,eff46aba145dfcb6b3c83f4110c27a4caf090cbe985ea4071795771443e83a21
data,exdeorum,recipe,kubejs/data/exdeorum/recipe/sieve/crushed_netherrack/golden/raw_gold.json,.json,532,ffc957831596b74a70f2f72e3ff009873ec9657ec3d0c47f546e536b69bab83a
data,exdeorum,recipe,kubejs/data/exdeorum/recipe/sieve/crushed_netherrack/golden/warped_nylium_spores.json,.json,541,47553cfcbb64aea01cfa8e19bcbc6a821479eea85f831366ccbd6f7046607601
data,exdeorum,recipe,kubejs/data/exdeorum/recipe/sieve/crushed_netherrack/iron/basalt_pebble.json,.json,534,5be9fd4a7eec2b4e7277a10b79c93628176df2c93db6986a327d707c3c12c992
data,exdeorum,recipe,kubejs/data/exdeorum/recipe/sieve/crushed_netherrack/iron/blackstone_pebble.json,.json,530,2a6701540edd5c77c974e8f556b3c417f24171a743adfe2890c2abce5034fe16
data,exdeorum,recipe,kubejs/data/exdeorum/recipe/sieve/crushed_netherrack/iron/blaze_powder.json,.json,533,2cf94b06a9351ff4ef38e528c19ee3709b8e6907971b3ee480bc12ee27dd5661
data,exdeorum,recipe,kubejs/data/exdeorum/recipe/sieve/crushed_netherrack/iron/cobalt_ore_chunk.json,.json,988,0581ea4b88581135579d6a5358547be3ee7ad755d4c95062c1dce56acf179ccc
data,exdeorum,recipe,kubejs/data/exdeorum/recipe/sieve/crushed_netherrack/iron/crimson_nylium_spores.json,.json,540,46af28bd74dfe4cfa1a6ea7fa4b2bba336de3386b13cdf650ca37a491dc832e5
data,exdeorum,recipe,kubejs/data/exdeorum/recipe/sieve/crushed_netherrack/iron/gold_nugget.json,.json,532,cfa08481f50e6d3d4d9df5b6f01900ccd693e85847b9ab5cc2b5a9c676066f56
data,exdeorum,recipe,kubejs/data/exdeorum/recipe/sieve/crushed_netherrack/iron/gunpowder.json,.json,530,716caef86fc062a4c03acbd0ab48e61fd51238c5715527cacf58578cf31b3407
data,exdeorum,recipe,kubejs/data/exdeorum/recipe/sieve/crushed_netherrack/iron/magma_cream.json,.json,533,206df269c8a0906e93a4686b9cb234dabe9cbe684dc4e8abb9bda3a56f8b1481
data,exdeorum,recipe,kubejs/data/exdeorum/recipe/sieve/crushed_netherrack/iron/quartz.json,.json,528,ad742cfa9889583094443eb3d9275822b71a52a44419d679d239ca43830b28f6
data,exdeorum,recipe,kubejs/data/exdeorum/recipe/sieve/crushed_netherrack/iron/warped_nylium_spores.json,.json,539,d5dd49667143fe74781ac1d652be10fc99d0479bc7647420b4c8336e7acf03cb
data,exdeorum,recipe,kubejs/data/exdeorum/recipe/sieve/crushed_netherrack/netherite/blackstone_pebble.json,.json,535,4297d5db32cb5a08daa90a31e1a52632276b67b8792e6cbb6a4620906a032c9b
data,exdeorum,recipe,kubejs/data/exdeorum/recipe/sieve/crushed_netherrack/netherite/blaze_powder.json,.json,539,d6c2fbc2f9168d14a6efc0bc44099215b2d9c6925aba5284270d8f7fe8399ba9
data,exdeorum,recipe,kubejs/data/exdeorum/recipe/sieve/crushed_netherrack/netherite/cobalt_ore_chunk.json,.json,992,06686a6c1da15d8eeff755e18a9aa02ff27644918c1870dd799bc5a674259cff
data,exdeorum,recipe,kubejs/data/exdeorum/recipe/sieve/crushed_netherrack/netherite/gold_nugget.json,.json,536,7a654b2e33e49cc836cd0c9d4322dc224155fc47078c630200ee8eea974cc5bf
data,exdeorum,recipe,kubejs/data/exdeorum/recipe/sieve/crushed_netherrack/netherite/gunpowder.json,.json,536,4dc4bc4583e05d6c09050a9e207c87c5a451f7fa9baab80d1ed31fcdb61b02f0
data,exdeorum,recipe,kubejs/data/exdeorum/recipe/sieve/crushed_netherrack/netherite/magma_cream.json,.json,537,85ec7683088d8b16a27429b85141d91d4bfe7bdf19b2b7546d4bbe0cb64c571d
data,exdeorum,recipe,kubejs/data/exdeorum/recipe/sieve/crushed_netherrack/netherite/quartz.json,.json,533,6572bde56ad77f5a208bb2aa54a71c4d96e74ed0455c9846780d13415d64ac44
data,exdeorum,recipe,kubejs/data/exdeorum/recipe/sieve/crushed_netherrack/string/basalt_pebble.json,.json,535,e3263904a45900e5b27b59b694b2ec8a16368a1968ec6c8653167a0e59d3bba2
data,exdeorum,recipe,kubejs/data/exdeorum/recipe/sieve/crushed_netherrack/string/blackstone_pebble.json,.json,532,26d3e1286002589c8765246a5abfa77148ee9170bc18a6294cf0588d699df1b2
data,exdeorum,recipe,kubejs/data/exdeorum/recipe/sieve/crushed_netherrack/string/blaze_powder.json,.json,534,7a1af2f785aa1163265946332c9622b5ca6c51384c9316eaca37410d7cc0ca0f
data,exdeorum,recipe,kubejs/data/exdeorum/recipe/sieve/crushed_netherrack/string/cobalt_ore_chunk.json,.json,987,58cddd86f4272c5de05f0058e12187deb3c030092e8f357f2eef2779236b8192
data,exdeorum,recipe,kubejs/data/exdeorum/recipe/sieve/crushed_netherrack/string/crimson_nylium_spores.json,.json,544,114a40b04ad145082cec8754774ff2f31292251401d96f4149a8701ff8ba718e
data,exdeorum,recipe,kubejs/data/exdeorum/recipe/sieve/crushed_netherrack/string/gold_nugget.json,.json,535,7f18569dacf251c53b3f62bed1e7cb0fc381ff9df777aff356dbac6aa7c651b0
data,exdeorum,recipe,kubejs/data/exdeorum/recipe/sieve/crushed_netherrack/string/gunpowder.json,.json,531,9e3d530cab0807f95e278e9e8fa949c4b817b64bfb1dc909bb5a42f511e2fdc6
data,exdeorum,recipe,kubejs/data/exdeorum/recipe/sieve/crushed_netherrack/string/magma_cream.json,.json,535,42114313650ff6829259793aff7c901f65cf47187439df7e316114bed028fed2
data,exdeorum,recipe,kubejs/data/exdeorum/recipe/sieve/crushed_netherrack/string/quartz.json,.json,528,f1b25300e7242a0f248a0b49bbb7a5b4ce0f061caf764f9d2a21729ff7d4046d
data,exdeorum,recipe,kubejs/data/exdeorum/recipe/sieve/crushed_netherrack/string/warped_nylium_spores.json,.json,543,9cf8326764ca0e674e08645519db0ca4c29c80ea54c119f5e94764eda7423e46
data,exdeorum,recipe,kubejs/data/exdeorum/recipe/sieve/dirt/diamond/bamboo.json,.json,517,ce3991e05d703b40994e576664d9bd4f9b464bba2f49d4d04cfab93b017538ef
data,exdeorum,recipe,kubejs/data/exdeorum/recipe/sieve/dirt/diamond/carrot.json,.json,518,e42885b0c9f5c44c84d44cb124fc61cdaf31d0351ce79f045ad7267ec1bfb770
data,exdeorum,recipe,kubejs/data/exdeorum/recipe/sieve/dirt/diamond/deepslate_pebble.json,.json,525,54648eef2eb7c3db9ae8057a4314f04c885a3ecb74e59082cd03ebbf99c3a2f8
data,exdeorum,recipe,kubejs/data/exdeorum/recipe/sieve/dirt/diamond/flint.json,.json,516,ef57a5d5501cfb8b82aa377065a325b47d5b885c251987ef315a011ca242da56
data,exdeorum,recipe,kubejs/data/exdeorum/recipe/sieve/dirt/diamond/grass_seeds.json,.json,522,d8d6325e7da71cd4a7c78eecb1bd0460b21423f09329d6fe7b512dc6551ef042
data,exdeorum,recipe,kubejs/data/exdeorum/recipe/sieve/dirt/diamond/mycelium_spores.json,.json,525,73e848a4c6766c27ddcf9592dba4b945021cb7f4ea51603a5bae295baf392ec7
data,exdeorum,recipe,kubejs/data/exdeorum/recipe/sieve/dirt/diamond/potato.json,.json,518,172412673dc80eed02db8ac9df0c3c77dd42fda2d313634b49c62e2893499aa5
data,exdeorum,recipe,kubejs/data/exdeorum/recipe/sieve/dirt/diamond/stone_pebble.json,.json,515,b371b9ca086dcee7ddf53862a25bb4c06f9866a95160aa22418219d869daff51
data,exdeorum,recipe,kubejs/data/exdeorum/recipe/sieve/dirt/flint/andesite_pebble.json,.json,521,29bcd4242dcf499e5617e24fbce5d2d919226cbf96022f73d3a9ba8794e8d7d5
data,exdeorum,recipe,kubejs/data/exdeorum/recipe/sieve/dirt/flint/bamboo.json,.json,514,d9cfae26ec417d719ed1d7fc2da0c5adec6ae165145169a0d27e59776bc10135
data,exdeorum,recipe,kubejs/data/exdeorum/recipe/sieve/dirt/flint/carrot.json,.json,516,0a24c0efb54a7c55ecfa59513cf988766322e1bbcde4c1d482349cc28dbd7b29
data,exdeorum,recipe,kubejs/data/exdeorum/recipe/sieve/dirt/flint/diorite_pebble.json,.json,520,eb9fb346fad002cf20449b3dca5411c4f48f3a061dee4532179b9c0e961b8dc8
data,exdeorum,recipe,kubejs/data/exdeorum/recipe/sieve/dirt/flint/flint.json,.json,514,854aec5c4277a0d97c7225f3cd0e91d60a5ac5c4e1430d3bd62503d6f7a7c461
data,exdeorum,recipe,kubejs/data/exdeorum/recipe/sieve/dirt/flint/granite_pebble.json,.json,520,d7cdd807be4fca1c95ea5495ba44d6a65259da8c2082ba9a8d680fa5daa2d629
data,exdeorum,recipe,kubejs/data/exdeorum/recipe/sieve/dirt/flint/grass_seeds.json,.json,520,f9b0174b18bb6f1cbb22b5119c31d112560b9c3b44c14184e3f6cf6b6275cffd
data,exdeorum,recipe,kubejs/data/exdeorum/recipe/sieve/dirt/flint/melon_seeds.json,.json,519,41462ae58ec67c70a250afbda6794c931373df337f68a10d79f0110529d6c579
data,exdeorum,recipe,kubejs/data/exdeorum/recipe/sieve/dirt/flint/mycelium_spores.json,.json,524,82ecdd2107efc3904ed83c4b34a15bc4bf7d3ce035c62eb64f12dc15baa6942a
data,exdeorum,recipe,kubejs/data/exdeorum/recipe/sieve/dirt/flint/pink_petals.json,.json,521,84274d8a2f5914a99456067d7b6c030a37595bad5692ab912e8973fbdf0d6020
data,exdeorum,recipe,kubejs/data/exdeorum/recipe/sieve/dirt/flint/poisonous_potato.json,.json,526,b5e54b94bc816c14c40558c8ae0f699e80dff2b18c30bc70e831ec11d0428bfd
data,exdeorum,recipe,kubejs/data/exdeorum/recipe/sieve/dirt/flint/potato.json,.json,516,074bc99c1e88e3a2386ffeeb106cc278e1788c8ecab0411beee57f68b03034ca
data,exdeorum,recipe,kubejs/data/exdeorum/recipe/sieve/dirt/flint/pumpkin_seeds.json,.json,521,1cf584ea9eea6f184c69dfd09bf6f83f620ec9dafcc299a3c3ff49f9fa0fa5ce
data,exdeorum,recipe,kubejs/data/exdeorum/recipe/sieve/dirt/flint/sourceberry_bush.json,.json,791,3b0ea363335ec908770eb113053088876f798bd78f4ae44b61451b56660d9ff5
data,exdeorum,recipe,kubejs/data/exdeorum/recipe/sieve/dirt/flint/stone_pebble.json,.json,513,48619868f11c3ed3a9d8dd8d4d435ee5e4a23b99e8635716b4faf45182f0c929
data,exdeorum,recipe,kubejs/data/exdeorum/recipe/sieve/dirt/flint/sugar_cane.json,.json,520,316e49bcfd15539f3ef0365a574213b5d48b1cbd05b3c2786d9150a858003e2a
data,exdeorum,recipe,kubejs/data/exdeorum/recipe/sieve/dirt/flint/sweet_berries.json,.json,523,9f45a79a730d51ad58fe2a8616ba32479d5e145ba53db31dd2000a6ce19f6926
data,exdeorum,recipe,kubejs/data/exdeorum/recipe/sieve/dirt/flint/wheat_seeds.json,.json,521,55be42e454be607c3850021b26cd9f713eb6dd9f45723edcf7953adb7ea5c33e
data,exdeorum,recipe,kubejs/data/exdeorum/recipe/sieve/dirt/golden/bamboo.json,.json,517,617b7d4217fa764a0ddcc565ad78531bacdc4b45d7163ded4b25afefd14448be
data,exdeorum,recipe,kubejs/data/exdeorum/recipe/sieve/dirt/golden/carrot.json,.json,518,473a996c3b8a19e5c2f72c6ffb2f8c7f6c3d19ece60595d76901d062534ca2d4
data,exdeorum,recipe,kubejs/data/exdeorum/recipe/sieve/dirt/golden/deepslate_pebble.json,.json,526,f13563892989df282df8a19291bf4dfebe2effec79c402860c5ebabf38d0348e
data,exdeorum,recipe,kubejs/data/exdeorum/recipe/sieve/dirt/golden/flint.json,.json,514,6b0b2ef75bdd5a6511d8ce5278452d8fe512e09c2219a8c98443682b6fe1932b
data,exdeorum,recipe,kubejs/data/exdeorum/recipe/sieve/dirt/golden/gold_nugget.json,.json,522,62251872a003a6968757c7a2c24b8ac4efb2a26b42698a289428b1ff704aa7cb
data,exdeorum,recipe,kubejs/data/exdeorum/recipe/sieve/dirt/golden/golden_carrot.json,.json,523,e37f27f49af00f08625ea682ba8fe61b70e65c8567c8ad5212a67b87e6a573c7
data,exdeorum,recipe,kubejs/data/exdeorum/recipe/sieve/dirt/golden/grass_seeds.json,.json,521,20347e9e9a8ca9ea4a1cf2866160ebcb22576fcc2f3db9ff0570854a5409c78f
data,exdeorum,recipe,kubejs/data/exdeorum/recipe/sieve/dirt/golden/iron_nugget.json,.json,522,e162a39c8eace87bbd1dbe2df14154591a3e0ca612028a2ea6fdcdb3eb442a0d
data,exdeorum,recipe,kubejs/data/exdeorum/recipe/sieve/dirt/golden/melon_seeds.json,.json,523,7c32eb95b290c3a68868881feae32960b1721bfd820400b5563bde264a979d79
data,exdeorum,recipe,kubejs/data/exdeorum/recipe/sieve/dirt/golden/mycelium_spores.json,.json,525,2a4baae44bde82f1c4dd1f93b7cf5759c4bad4a6a2f3993055373f7be81b9024
data,exdeorum,recipe,kubejs/data/exdeorum/recipe/sieve/dirt/golden/potato.json,.json,518,efa9a1d81aee88b0a1342f473086493cf6a032a701f77a68cae91c44dc526982
data,exdeorum,recipe,kubejs/data/exdeorum/recipe/sieve/dirt/golden/pumpkin_seeds.json,.json,525,988cdf8237029c5e523df69a5c2fd6c23afaad64dacb85d32bbc29f58729cef2
data,exdeorum,recipe,kubejs/data/exdeorum/recipe/sieve/dirt/golden/stone_pebble.json,.json,514,80a0fb6ee840a7cd3cfab0d39a99a8de65315b3714199fabe5ab9ba87c51b462
data,exdeorum,recipe,kubejs/data/exdeorum/recipe/sieve/dirt/golden/wheat_seeds.json,.json,520,e734d266ae4056d52d88342993761d3debfe639d59e93b4c0c1f2f6a865c02b9
data,exdeorum,recipe,kubejs/data/exdeorum/recipe/sieve/dirt/iron/bamboo.json,.json,514,3aa2bf877d30af1c36770ad9df68f878375e54b26d91278dc4b64add9fa9168d
data,exdeorum,recipe,kubejs/data/exdeorum/recipe/sieve/dirt/iron/carrot.json,.json,515,a07fdb3228684df0c457c0e9cb2a26ae2241f4fd0a84035edad453755150cc18
data,exdeorum,recipe,kubejs/data/exdeorum/recipe/sieve/dirt/iron/deepslate_pebble.json,.json,524,b6ea4280b22ed51944aec6dacebaf4086ae341e47259fac533d08151dd01775c
data,exdeorum,recipe,kubejs/data/exdeorum/recipe/sieve/dirt/iron/flint.json,.json,513,1f9b02374a600f985833ceafb0dac9149026bd414028bf83fa5ea96e038aaee7
data,exdeorum,recipe,kubejs/data/exdeorum/recipe/sieve/dirt/iron/grass_seeds.json,.json,520,a2ef3bfd1f62358f4963d7542970570dac8f42a567d694a1e6e7e0e3b07d63c7
data,exdeorum,recipe,kubejs/data/exdeorum/recipe/sieve/dirt/iron/iron_nugget.json,.json,520,75b77425de7b9dbfe2604256add176fb8071f8608442ea5ae2513f38efae68eb
data,exdeorum,recipe,kubejs/data/exdeorum/recipe/sieve/dirt/iron/melon_seeds.json,.json,520,5a545982168e58a37f3eb3ee52958de3dcef4e8c46be5f47c0fac5dbb885819d
data,exdeorum,recipe,kubejs/data/exdeorum/recipe/sieve/dirt/iron/mycelium_spores.json,.json,522,c378cdc26c9ece22d45c059733965fbebb3461b34bf2df43f5f42583882b98bd
data,exdeorum,recipe,kubejs/data/exdeorum/recipe/sieve/dirt/iron/potato.json,.json,515,efcaed5ab7ff826edee069bfdddf51af53a712064a7dd355dbbc6f26129581b3
data,exdeorum,recipe,kubejs/data/exdeorum/recipe/sieve/dirt/iron/pumpkin_seeds.json,.json,522,2ed6797125d5f5842f8d251880489cdb2861368e10dddea06f1846c74b6477f2
data,exdeorum,recipe,kubejs/data/exdeorum/recipe/sieve/dirt/iron/stone_pebble.json,.json,512,693870807732e1031c0db1f48539a4a794e728092a2773c88dfd5ca96e16b056
data,exdeorum,recipe,kubejs/data/exdeorum/recipe/sieve/dirt/iron/sugar_cane.json,.json,519,c214f1f9f6484177d99e7e9db07b1e8eda4143267dddc83aaa46d5818e131ca3
data,exdeorum,recipe,kubejs/data/exdeorum/recipe/sieve/dirt/iron/wheat_seeds.json,.json,521,010bbaff8b279d7ce0d718ea83954ce6ec91405241ddec057cf402c2cd9dcdf2
data,exdeorum,recipe,kubejs/data/exdeorum/recipe/sieve/dirt/netherite/bamboo.json,.json,519,beb9e8bb99811c17add17460a0dbb5f0cf06efe10cd62f063c5d158ca0b471cd
data,exdeorum,recipe,kubejs/data/exdeorum/recipe/sieve/dirt/netherite/carrot.json,.json,519,7f357358fc83224fc789f837ac19aaa1df7328608c9201516697e87a6d8e5ff5
data,exdeorum,recipe,kubejs/data/exdeorum/recipe/sieve/dirt/netherite/deepslate_pebble.json,.json,521,cf744552b85a09d7a99abfc965c59c242f05068c3b90373a81e977ce74c17141
data,exdeorum,recipe,kubejs/data/exdeorum/recipe/sieve/dirt/netherite/flint.json,.json,516,2443eb451cde3258141d820a5764d3479565b2e882159689435d917201d84902
data,exdeorum,recipe,kubejs/data/exdeorum/recipe/sieve/dirt/netherite/golden_apple.json,.json,527,03d21bba65a24a77abb6690c629748e9f967f81450ebe9c7e6cbf3eb69f611a8
data,exdeorum,recipe,kubejs/data/exdeorum/recipe/sieve/dirt/netherite/golden_carrot.json,.json,527,ba0278627b621143c3d2518fd50f2c6be83539c4ce3c096b01d2b674f9f5f769
data,exdeorum,recipe,kubejs/data/exdeorum/recipe/sieve/dirt/netherite/grass_seeds.json,.json,522,66a654ee44429f119d61f50f2cf8cb8ace67edfcaded08d392ba0a213cdd25b4
data,exdeorum,recipe,kubejs/data/exdeorum/recipe/sieve/dirt/netherite/mycelium_spores.json,.json,526,8966b9ed5f1543e1879dca7c265287864f0afff1ce7e3e755cd93be8f16e25ce
data,exdeorum,recipe,kubejs/data/exdeorum/recipe/sieve/dirt/netherite/potato.json,.json,519,d9bdc454e0c2af253824964857575b82f12d1722c929a62c0ef7fd8d91310923
data,exdeorum,recipe,kubejs/data/exdeorum/recipe/sieve/dirt/netherite/stone_pebble.json,.json,522,97569a7fc1b05feb77e7a3b6b363db363e845102ede4e6a10273a50ae12793f3
data,exdeorum,recipe,kubejs/data/exdeorum/recipe/sieve/dirt/string/bamboo.json,.json,515,13273cd0a2b9f383db2a68a86c5219bfb1b12ccd4e32e1d593bddb7d057be80c
data,exdeorum,recipe,kubejs/data/exdeorum/recipe/sieve/dirt/string/beetroot_seeds.json,.json,524,8670d7f3ba00c09ac06ee5376e9d15767e41a71d2a43e4bc43a80ff3f2c4d5f5
data,exdeorum,recipe,kubejs/data/exdeorum/recipe/sieve/dirt/string/carrot.json,.json,516,11280bab0123a95559664147cd7b14511a3c75ce4ea109ebb490200bb1402052
data,exdeorum,recipe,kubejs/data/exdeorum/recipe/sieve/dirt/string/flint.json,.json,516,bc9f853f65c7992f763b454521306fc9de83a3465ce59bf446d1ec22431def8e
data,exdeorum,recipe,kubejs/data/exdeorum/recipe/sieve/dirt/string/grass_seeds.json,.json,520,4347d228e0508ba5690a432a7c4d793d0e1397659cfe1ea868b9362f6d0eeaf3
data,exdeorum,recipe,kubejs/data/exdeorum/recipe/sieve/dirt/string/melon_seeds.json,.json,521,6787002ea677ceec8e5a71bb3e0f209a9c9616a11dd160aa52a2337728a5a910
data,exdeorum,recipe,kubejs/data/exdeorum/recipe/sieve/dirt/string/mycelium_spores.json,.json,525,90f9c42298c1442fd580630642361f1bf04d2ba5896f6835dc15cba91acdefd1
data,exdeorum,recipe,kubejs/data/exdeorum/recipe/sieve/dirt/string/poisonous_potato.json,.json,527,be13b52d41d3593c03134ae959917b6f5e8d3de896338afb222d3d1052726874
data,exdeorum,recipe,kubejs/data/exdeorum/recipe/sieve/dirt/string/potato.json,.json,516,eefa0028d572332b4a89dfe4b5f26f6a241cf63e84a99fcea2c5c7452effca9a
data,exdeorum,recipe,kubejs/data/exdeorum/recipe/sieve/dirt/string/pumpkin_seeds.json,.json,523,123e7e3b21723162e350a196e566e2e02c29dbdc9cfe7c831d950af1bf4b1d83
data,exdeorum,recipe,kubejs/data/exdeorum/recipe/sieve/dirt/string/stone_pebble.json,.json,514,b76f0c825f5a040cfc6053cbb86715286b15e242efd44ca6c88e412a13f0f3a1
data,exdeorum,recipe,kubejs/data/exdeorum/recipe/sieve/dirt/string/sugar_cane.json,.json,520,a246537410c2618900f90fdc17fbc684c4e9ba3ea087ef6842c45c567903afa3
data,exdeorum,recipe,kubejs/data/exdeorum/recipe/sieve/dirt/string/wheat_seeds.json,.json,523,33ad10aaa3c459aaf2f1ecc80fe9df6eea3033456bca0920051d068e15fe7777
data,exdeorum,recipe,kubejs/data/exdeorum/recipe/sieve/dust/diamond/blaze_powder.json,.json,522,514e68eca77b53ff9fc0bb206be0737be62ae06c9a79455279f5768315c499cf
data,exdeorum,recipe,kubejs/data/exdeorum/recipe/sieve/dust/diamond/bone_meal.json,.json,519,8631334ffb39609a456d00c3e19dc471b7c8006aee453daece0468d29748fdf7
data,exdeorum,recipe,kubejs/data/exdeorum/recipe/sieve/dust/diamond/certus_quartz_dust.json,.json,777,6ccacf8f89deca80c6d9e5710bae5c07c0439fad69e3054ba58830b35a5cfac1
data,exdeorum,recipe,kubejs/data/exdeorum/recipe/sieve/dust/diamond/glowstone_dust.json,.json,525,6778ccbca2bf0ab7967d24e90aea0abb3502259fef88e6ee8046930e120bcae5
data,exdeorum,recipe,kubejs/data/exdeorum/recipe/sieve/dust/diamond/gold_nugget.json,.json,520,aa5aecd8dfe5f50bf0ed5e56f7af7003825a3b2e3f8d99644b4f0d6db726ad79
data,exdeorum,recipe,kubejs/data/exdeorum/recipe/sieve/dust/diamond/grains_of_infinity.json,.json,784,b8cc6edd2d5b50be9306f6290e713e84f3926c0ad2aaa87ab3816a729e0309c1
data,exdeorum,recipe,kubejs/data/exdeorum/recipe/sieve/dust/diamond/gunpowder.json,.json,512,b295fc19c303224b4afaf17c4c6fbddd1c0971896c2845d5722597f28f291c2e
data,exdeorum,recipe,kubejs/data/exdeorum/recipe/sieve/dust/diamond/redstone.json,.json,517,6032dcbd2c667e1fd48b210ad63eb06d7d04ca0dbb1abf0b2c4f83d1af9c2bb9
data,exdeorum,recipe,kubejs/data/exdeorum/recipe/sieve/dust/diamond/sky_dust.json,.json,767,2614528155512de2a778675190b418cfb001974ac1a49fee312add105ecc5023
data,exdeorum,recipe,kubejs/data/exdeorum/recipe/sieve/dust/flint/blaze_powder.json,.json,519,28194c5db89f0b9654619d65a8a72ce101b56a728914539d723ab7ca44f1fdf1
data,exdeorum,recipe,kubejs/data/exdeorum/recipe/sieve/dust/flint/bone_meal.json,.json,510,3d0121793f676bd9a6ff0a553bd6864e24efbddc0a56792d693eec1d507cf94f
data,exdeorum,recipe,kubejs/data/exdeorum/recipe/sieve/dust/flint/certus_quartz_dust.json,.json,776,ad0050e923249274d9f8430cdd800bf51e7cc70cc7f874c575260745f12717ec
data,exdeorum,recipe,kubejs/data/exdeorum/recipe/sieve/dust/flint/glowstone_dust.json,.json,523,67e149ae909ac031fe14c44cb35c0a8975d09f684e8b4731f70ae7c96581fec5
data,exdeorum,recipe,kubejs/data/exdeorum/recipe/sieve/dust/flint/grains_of_infinity.json,.json,784,2abbc3808054d2226c597408d55b29fa73a9453d6d67acfecad93003f51b18e6
data,exdeorum,recipe,kubejs/data/exdeorum/recipe/sieve/dust/flint/gunpowder.json,.json,518,2d6cc387797128731f77b4d4e3d484b3db0ab2e37d24f6e066ca4ceb887d5316
data,exdeorum,recipe,kubejs/data/exdeorum/recipe/sieve/dust/flint/redstone.json,.json,517,b118af2c454a00144c29ae073ad94a9f14ec525638d9ef86b5a2b1c76424de86
data,exdeorum,recipe,kubejs/data/exdeorum/recipe/sieve/dust/flint/sky_dust.json,.json,766,e473b17be5b1d8bd0b00849c2e8479465fc064ce4d873c99371062f8de763aec
data,exdeorum,recipe,kubejs/data/exdeorum/recipe/sieve/dust/golden/blaze_powder.json,.json,521,2c54cc27869bb189dcebe572b4f88a9aee12a24ba55f98a9826a1d320bc0b917
data,exdeorum,recipe,kubejs/data/exdeorum/recipe/sieve/dust/golden/bone_meal.json,.json,519,0645c32ed123b9291900a0f010d2b6c2b80efd314cdf7ee95d92fcfa95f216b8
data,exdeorum,recipe,kubejs/data/exdeorum/recipe/sieve/dust/golden/certus_quartz_dust.json,.json,775,d7d6b26b92968084a3ec276befa80691e5d158a094331f8450a31534d4b05708
data,exdeorum,recipe,kubejs/data/exdeorum/recipe/sieve/dust/golden/glowstone_dust.json,.json,524,c270ad7c03bfe2f5bfe10ddd8736e21022715912134b8c29e74d91ecb69f286b
data,exdeorum,recipe,kubejs/data/exdeorum/recipe/sieve/dust/golden/gold_nugget.json,.json,513,c4180335e60b26cbd370c2760367cfa23eaabca960318ef4f91e5020bae830dd
data,exdeorum,recipe,kubejs/data/exdeorum/recipe/sieve/dust/golden/grains_of_infinity.json,.json,785,f26d9cb3d3e1ce3d1d0ea3c5814a53598d445405c4c359b15a81c9e3bf3bc340
data,exdeorum,recipe,kubejs/data/exdeorum/recipe/sieve/dust/golden/gunpowder.json,.json,519,cc0993db8786edb7f1cff1b195c30af31427e4e8d04fa74942ba2f186baed7be
data,exdeorum,recipe,kubejs/data/exdeorum/recipe/sieve/dust/golden/raw_gold.json,.json,517,ef84fa32d6d7425e7abc80ac3c776f72723495d362373171869b747b090ace68
data,exdeorum,recipe,kubejs/data/exdeorum/recipe/sieve/dust/golden/redstone.json,.json,516,39109927299b38a95cd60b9d3f6ce3a7e18cc3a526b1de425af6128006963dff
data,exdeorum,recipe,kubejs/data/exdeorum/recipe/sieve/dust/golden/sky_dust.json,.json,765,f00f14af19c36016209e159f712ae7b62d83f71853087c372e32f55cc49d67c8
data,exdeorum,recipe,kubejs/data/exdeorum/recipe/sieve/dust/iron/blaze_powder.json,.json,520,48ed3def52ad0a34e82c5cace0acdbb3bfc5e9edf013ccb0c40f33af5c96327d
data,exdeorum,recipe,kubejs/data/exdeorum/recipe/sieve/dust/iron/bone_meal.json,.json,515,0909d86453132aedd20cdf1d099d7fbc7b389f0f13260d5f1246b8aa7dbaa432
data,exdeorum,recipe,kubejs/data/exdeorum/recipe/sieve/dust/iron/certus_quartz_dust.json,.json,776,a8f3f1dc72dc818f451837c1dc0d892fd1d7c4273b3557f61a5fca2fa7406606
data,exdeorum,recipe,kubejs/data/exdeorum/recipe/sieve/dust/iron/glowstone_dust.json,.json,522,d42ea363e547d4078951e55ddee001a67063feadeffd929beef9e82510658bfb
data,exdeorum,recipe,kubejs/data/exdeorum/recipe/sieve/dust/iron/grains_of_infinity.json,.json,783,5bd8ef11680af2f159ba1437800fc48263ee92bdb7cdfdab7bc6719573e4eb6d
data,exdeorum,recipe,kubejs/data/exdeorum/recipe/sieve/dust/iron/gunpowder.json,.json,509,b09e15effe3c2ae2dc69514f8d83a249195b332677b1b11b20f1abe4f764fbdd
data,exdeorum,recipe,kubejs/data/exdeorum/recipe/sieve/dust/iron/iron_nugget.json,.json,518,dc37a6f52de6ce84e1f367bdb3ecdd436e55493e5c84f609b5d1b97c051dde78
data,exdeorum,recipe,kubejs/data/exdeorum/recipe/sieve/dust/iron/redstone.json,.json,515,e1639a2e77ed01930ddc912edfcde7390ccb7f7045593d81c93f5e0467d9f7e7
data,exdeorum,recipe,kubejs/data/exdeorum/recipe/sieve/dust/iron/sky_dust.json,.json,766,9c7ab87c8607bad0f675440b06b302d13cdc168e279e92bdbc1b5ced07db3930
data,exdeorum,recipe,kubejs/data/exdeorum/recipe/sieve/dust/netherite/blaze_powder.json,.json,524,d8560a5401b07642befc45c9dba4c4e5c744edafe2200612fe4173b4554e174e
data,exdeorum,recipe,kubejs/data/exdeorum/recipe/sieve/dust/netherite/bone_meal.json,.json,522,d1e0950677a271fcfd2bd0ea00cd2357639afbd21e155f965e9fea81312370e6
data,exdeorum,recipe,kubejs/data/exdeorum/recipe/sieve/dust/netherite/certus_quartz_dust.json,.json,780,6915c0699885943c151c577c37837b220ad35853e4dc8bf2d9980b4f7615e581
data,exdeorum,recipe,kubejs/data/exdeorum/recipe/sieve/dust/netherite/glowstone_dust.json,.json,519,7ade80559e8331f2859cc6c4ae9d5e00b6b86201ee0cecb99f8cf6c0e521b552
data,exdeorum,recipe,kubejs/data/exdeorum/recipe/sieve/dust/netherite/gold_nugget.json,.json,522,c9c3f99009f25566952128b7a5fc16a95df68a76b63e54eeff8af413078d570f
data,exdeorum,recipe,kubejs/data/exdeorum/recipe/sieve/dust/netherite/grains_of_infinity.json,.json,789,49a89296db8996ef5c11980f418ca1b288c1d26d359d7e3b5b85832a41b11b57
data,exdeorum,recipe,kubejs/data/exdeorum/recipe/sieve/dust/netherite/gunpowder.json,.json,521,82391e259718ae6e56ac2a9b3c3eaf8b4230ce229f38beebf376f18ee226c112
data,exdeorum,recipe,kubejs/data/exdeorum/recipe/sieve/dust/netherite/iron_nugget.json,.json,522,d072ee7f9f05bc62d091e9b542605e9abd8845139bd6c134518c737550e8d481
data,exdeorum,recipe,kubejs/data/exdeorum/recipe/sieve/dust/netherite/redstone.json,.json,520,0a37674ec47077e85b1d74e1bfbde2c52b45a805773d4847cb058a4c68767664
data,exdeorum,recipe,kubejs/data/exdeorum/recipe/sieve/dust/netherite/sky_dust.json,.json,770,32c09fb2f8f1eacad8d4181c558790c49ac31c723d395bd7a8b2e51c569ff137
data,exdeorum,recipe,kubejs/data/exdeorum/recipe/sieve/dust/string/blaze_powder.json,.json,522,3c0e0e31013af0f34f073d45ea9713cab1c2bad8f2e1c171de37402e607650b7
data,exdeorum,recipe,kubejs/data/exdeorum/recipe/sieve/dust/string/bone_meal.json,.json,511,58e8f6fa78f5bc051d2ca086d9777fc42bdfbaf0458616dad6bb9f6ab826782e
data,exdeorum,recipe,kubejs/data/exdeorum/recipe/sieve/dust/string/certus_quartz_dust.json,.json,776,eb76b206132f1c0bdf8786886a3f0484c13fa151c8116187a8bd6e719eb2dd26
data,exdeorum,recipe,kubejs/data/exdeorum/recipe/sieve/dust/string/glowstone_dust.json,.json,522,7ae14360495141cd038961be4a9ee1579859b69eaf16af8a571faf1af077667d
data,exdeorum,recipe,kubejs/data/exdeorum/recipe/sieve/dust/string/grains_of_infinity.json,.json,784,d1c5192b4d7c4eee59eee69073382fc7cf7beac29c5aa77649b2f90b37bc35f8
data,exdeorum,recipe,kubejs/data/exdeorum/recipe/sieve/dust/string/gunpowder.json,.json,518,dbb819062141363caccac75585e0f33ea05f50e3d45451b834e3430c6a702888
data,exdeorum,recipe,kubejs/data/exdeorum/recipe/sieve/dust/string/redstone.json,.json,517,9a6647a5560a3900cc16f7f42d395f04ea54d197a7a2f05c2f0167711e6a0b83
data,exdeorum,recipe,kubejs/data/exdeorum/recipe/sieve/dust/string/sky_dust.json,.json,766,089a4b518689fb61688b273b258d9d808d19577cc9214993e88e99cd922454e8
data,exdeorum,recipe,kubejs/data/exdeorum/recipe/sieve/gravel/diamond/aluminum_ore_chunk.json,.json,981,e0ef575e0a8ad8ec645dd6275d69dd2da1c7e2f40f85264672efc9f9b0f37b04
data,exdeorum,recipe,kubejs/data/exdeorum/recipe/sieve/gravel/diamond/amethyst_shard.json,.json,527,a89e4e2ef366df405afaa91b4f777ba1d446c455160be6a0453a57ab005bc74e
data,exdeorum,recipe,kubejs/data/exdeorum/recipe/sieve/gravel/diamond/boron_ore_chunk.json,.json,976,ac5ba6bb5db1e35f637b7463b95eb9883f13dbfad18b587117aa0a501a2b394c
data,exdeorum,recipe,kubejs/data/exdeorum/recipe/sieve/gravel/diamond/coal.json,.json,517,c46d7fe556256cfed4e1fd43a0834e6bf458f4226b9ef514aff1ac6ffedb85de
data,exdeorum,recipe,kubejs/data/exdeorum/recipe/sieve/gravel/diamond/copper_ore_chunk.json,.json,529,91b3e153cf2b867c9802fc6c17abeac64586f693fa741a54c4cc2f7ffe25ed51
data,exdeorum,recipe,kubejs/data/exdeorum/recipe/sieve/gravel/diamond/deepslate_pebble.json,.json,521,1bcfed3b3cc205ed3585562c1f731509329eed203adba302c7c78ccb4f444b98
data,exdeorum,recipe,kubejs/data/exdeorum/recipe/sieve/gravel/diamond/diamond.json,.json,519,2b608f842562a0babb11cd80cd3264b5e74d68eb45eace4619fdf6c003c6ecfe
data,exdeorum,recipe,kubejs/data/exdeorum/recipe/sieve/gravel/diamond/emerald.json,.json,521,f606cf08d2190d75bb3a2faf57878c84655e6413595332728dfe894174a430c4
data,exdeorum,recipe,kubejs/data/exdeorum/recipe/sieve/gravel/diamond/flint.json,.json,519,f4879be18bc68fea486750f91ebf425089295ba118d945eb21d9c9f06981c6c1
data,exdeorum,recipe,kubejs/data/exdeorum/recipe/sieve/gravel/diamond/gold_ore_chunk.json,.json,525,73496447781a2c807ad536804e1478b584da926395f6d42d907205cd4d269457
data,exdeorum,recipe,kubejs/data/exdeorum/recipe/sieve/gravel/diamond/iridium_ore_chunk.json,.json,981,48e1dd1be746487d0387fb3fcfb5493982c9bc4d158f43c6f1cf440e406a1947
data,exdeorum,recipe,kubejs/data/exdeorum/recipe/sieve/gravel/diamond/iron_ore_chunk.json,.json,527,0f1d34ff3ca1fbc9513cf4f5c98663ebfcc74e30dd30870feb40d4a1f26e636f
data,exdeorum,recipe,kubejs/data/exdeorum/recipe/sieve/gravel/diamond/lapis_lazuli.json,.json,526,01d2a99bc6b9e2b5c95d4891d6c2be32a31bff97640550f697eecf930efd1225
data,exdeorum,recipe,kubejs/data/exdeorum/recipe/sieve/gravel/diamond/lead_ore_chunk.json,.json,975,daf285cac308d1b28eabd0d5c9521fc501f92c192473d14f6177716bd8fb6c68
data,exdeorum,recipe,kubejs/data/exdeorum/recipe/sieve/gravel/diamond/magnesium_ore_chunk.json,.json,986,b12d721e0af0a10eff8d01c7d1a93472ab383518c0a060b9d8a3fe4a91dc87a7
data,exdeorum,recipe,kubejs/data/exdeorum/recipe/sieve/gravel/diamond/nickel_ore_chunk.json,.json,979,23505dcc66f6c39c47dcb9a68c881b2c9878cfca376ac9bd78e9147b846c8cce
data,exdeorum,recipe,kubejs/data/exdeorum/recipe/sieve/gravel/diamond/osmium_ore_chunk.json,.json,979,b1f70c59b75fe00483743dbdb3038c727aa4beec28b6385e1fed13bf7bd2139c
data,exdeorum,recipe,kubejs/data/exdeorum/recipe/sieve/gravel/diamond/silver_ore_chunk.json,.json,977,0006e65409f498fc3b5737c163e2be7d7c40c4fc6547c44c65d8babcb2bdfd53
data,exdeorum,recipe,kubejs/data/exdeorum/recipe/sieve/gravel/diamond/thorium_ore_chunk.json,.json,981,e8fb2f34effa2f1906d742d78e8668824cafbe0bbcf46a53b4a1c01bf169dfd5
data,exdeorum,recipe,kubejs/data/exdeorum/recipe/sieve/gravel/diamond/tin_ore_chunk.json,.json,973,4d14b6777b18c033a505e1c8184dd510aafc07b1f343a95557fd74046713e614
data,exdeorum,recipe,kubejs/data/exdeorum/recipe/sieve/gravel/diamond/zinc_ore_chunk.json,.json,973,b719e201524a24b1c81c5977e5ed34f08f258e10bb48a083b716c8529d387c8c
data,exdeorum,recipe,kubejs/data/exdeorum/recipe/sieve/gravel/flint/aluminum_ore_chunk.json,.json,981,a44bef9fdd274964f3d8a8d6c27bc562eca888cab0b5bd2bb5d62e928aa9a7cd
data,exdeorum,recipe,kubejs/data/exdeorum/recipe/sieve/gravel/flint/amethyst_shard.json,.json,527,0a622c48ea4038d863385d8339b99f980a5f5fb9cdfa909efaab4295e4c90e72
data,exdeorum,recipe,kubejs/data/exdeorum/recipe/sieve/gravel/flint/andesite_pebble.json,.json,523,b9284410e9dfa80fc69ef1d79cca023d54c59947684e59c4a55f0a566f197d5b
data,exdeorum,recipe,kubejs/data/exdeorum/recipe/sieve/gravel/flint/boron_ore_chunk.json,.json,977,ff84f9e9289b8e31ef5de54ac7fa14814ebf427bdbbc9af1a0a65af9b08a1e54
data,exdeorum,recipe,kubejs/data/exdeorum/recipe/sieve/gravel/flint/coal.json,.json,517,e8ddf8f1d540d51bb3d1f3443a24a96c9097690e700c1b4dd14114a733ac977d
data,exdeorum,recipe,kubejs/data/exdeorum/recipe/sieve/gravel/flint/copper_ore_chunk.json,.json,526,1d99f58a86c5ba45e3ce7dd05ab572b53b12a3020b5765aecd521f168d81842b
data,exdeorum,recipe,kubejs/data/exdeorum/recipe/sieve/gravel/flint/diamond.json,.json,519,efdd740f9944e776cc2f2618468e6a7eeb0ed2883883e243634985833e2dd727
data,exdeorum,recipe,kubejs/data/exdeorum/recipe/sieve/gravel/flint/diorite_pebble.json,.json,522,729347f7e4bebe2197367727e22db382a9e35bbfa16896446e034b603dc524ab
data,exdeorum,recipe,kubejs/data/exdeorum/recipe/sieve/gravel/flint/emerald.json,.json,520,9a9605fc147810200f1da30e0c54db0896d0d9c70cc503487ee0a5e1014013ed
data,exdeorum,recipe,kubejs/data/exdeorum/recipe/sieve/gravel/flint/flint.json,.json,517,4479c6f0af453f32280684eaa08fad65966cd76aa508d4a847bbd097ed37a4c0
data,exdeorum,recipe,kubejs/data/exdeorum/recipe/sieve/gravel/flint/gold_ore_chunk.json,.json,523,5b495f70c847bddfb7b92ff0af8910a450001c0d3cd8de6385dc7e6560d787b3
data,exdeorum,recipe,kubejs/data/exdeorum/recipe/sieve/gravel/flint/granite_pebble.json,.json,522,1eaa7c97fbd39f6e1e523b891d1bcc7a05f0a092f8fbac065828deae63fe5965
data,exdeorum,recipe,kubejs/data/exdeorum/recipe/sieve/gravel/flint/iridium_ore_chunk.json,.json,979,d598aa7b6689265e470c248ed1e5f938c020267e210c87a34203cdfcadf9131c
data,exdeorum,recipe,kubejs/data/exdeorum/recipe/sieve/gravel/flint/iron_ore_chunk.json,.json,523,1dcfa536045b632e01ac6c65d9774210b91aa60b5eaa53cdb994ff6693d116ec
data,exdeorum,recipe,kubejs/data/exdeorum/recipe/sieve/gravel/flint/lapis_lazuli.json,.json,524,b088074b0bd0b4020acddf192d607da8a68694a0a9987297431a9c12d4cbc02d
data,exdeorum,recipe,kubejs/data/exdeorum/recipe/sieve/gravel/flint/lead_ore_chunk.json,.json,973,c1f4c52c659b63b08583edc42f6d4383bf416df3134d284e91c67bae34181c8d
data,exdeorum,recipe,kubejs/data/exdeorum/recipe/sieve/gravel/flint/magnesium_ore_chunk.json,.json,984,0bf831000b321acfb82ff95feab037aa87b33cb44df1d771a94d6ce3ec11d489
data,exdeorum,recipe,kubejs/data/exdeorum/recipe/sieve/gravel/flint/nickel_ore_chunk.json,.json,978,b41ca16abd0d07856b1dd737222bfa2f3d52e4b035be2bd95c63e86faa217f4b
data,exdeorum,recipe,kubejs/data/exdeorum/recipe/sieve/gravel/flint/osmium_ore_chunk.json,.json,975,62aea6e88ea51fd670276a7a580eaf754a7c3bb3e3769c1d0bb86f9fa3635ffc
data,exdeorum,recipe,kubejs/data/exdeorum/recipe/sieve/gravel/flint/pointed_dripstone.json,.json,529,5e2e237be8481037f866cad569b807b409067ea458fcf36939b2b8145f9cefcf
data,exdeorum,recipe,kubejs/data/exdeorum/recipe/sieve/gravel/flint/silver_ore_chunk.json,.json,977,1475d86a5da18f9a1a225da6b6fe67ac809c7a9e0a378c090392b0f8b158963b
data,exdeorum,recipe,kubejs/data/exdeorum/recipe/sieve/gravel/flint/stone_pebble.json,.json,515,3fbe243e168cc0ebbe0be81c0efd1252761cbb55f528152e1060a8bc00f2898d
data,exdeorum,recipe,kubejs/data/exdeorum/recipe/sieve/gravel/flint/thorium_ore_chunk.json,.json,980,f45b5baca5738bcda971e02cfab94e4b08904057454ac32adce8d4dc66059b10
data,exdeorum,recipe,kubejs/data/exdeorum/recipe/sieve/gravel/flint/tin_ore_chunk.json,.json,971,904c5f8cd32501c7dc5fdb8ee79d621f315822fc93b0f62abb56028978beb8c3
data,exdeorum,recipe,kubejs/data/exdeorum/recipe/sieve/gravel/flint/zinc_ore_chunk.json,.json,971,c0e5524e1dda9a8633280de502c3743c65a263e2644eeb45195789db3252d421
data,exdeorum,recipe,kubejs/data/exdeorum/recipe/sieve/gravel/golden/aluminum_ore_chunk.json,.json,982,3b098dd00236744ea8fa0d2e94f56afaac2fe86b8054a72d6aab089d6105f7d3
data,exdeorum,recipe,kubejs/data/exdeorum/recipe/sieve/gravel/golden/amethyst_shard.json,.json,525,bd75224697af37fc03e91dde1a9bf2f9e75a6a9ede78118a581fb48993b63f8d
data,exdeorum,recipe,kubejs/data/exdeorum/recipe/sieve/gravel/golden/boron_ore_chunk.json,.json,974,dc806ce57f6fcf4e50986741e9ebba857b6d2045ba0711bfdb340c3a16f19041
data,exdeorum,recipe,kubejs/data/exdeorum/recipe/sieve/gravel/golden/coal.json,.json,515,5b988f38967d679d12de0a38595d7079456146c7301bf61e97fc28a699ff9d4f
data,exdeorum,recipe,kubejs/data/exdeorum/recipe/sieve/gravel/golden/copper_ore_chunk.json,.json,528,500247ea26e182f7c9fe84fc1fbf92de9741c4efd99b3559874b82d0f2132368
data,exdeorum,recipe,kubejs/data/exdeorum/recipe/sieve/gravel/golden/deepslate_pebble.json,.json,520,4f3d5ae883e5dbc6b2c74c48ceea4d5e16f3ec204822247cbe267bb518f239d8
data,exdeorum,recipe,kubejs/data/exdeorum/recipe/sieve/gravel/golden/diamond.json,.json,520,a86ebde1923403bce00ecfe34fb70ee06555433cb92f4f740160f72ceb9d6fcd
data,exdeorum,recipe,kubejs/data/exdeorum/recipe/sieve/gravel/golden/emerald.json,.json,520,71c316e6fbc007a4dc3c44edf1d775977cb99e87557d857472dbd730f841a7da
data,exdeorum,recipe,kubejs/data/exdeorum/recipe/sieve/gravel/golden/flint.json,.json,518,27081fdcb1f34068fd330dbbf62a116828a83b2e6134cd0e2b333e4361fe2ca3
data,exdeorum,recipe,kubejs/data/exdeorum/recipe/sieve/gravel/golden/gold_nugget.json,.json,522,b971b16eabf6b2c0418f6b3431d3d044534c1cdcf89e7656538082336f497776
data,exdeorum,recipe,kubejs/data/exdeorum/recipe/sieve/gravel/golden/gold_ore_chunk.json,.json,525,58fa59801357a37124a6aff51b00563476968814d383a39aff8eb0fe1d6a9a74
data,exdeorum,recipe,kubejs/data/exdeorum/recipe/sieve/gravel/golden/iridium_ore_chunk.json,.json,980,40f699432c98852962c6140870dd93c317979e6f64ad19d92f0faa773c2b5cd6
data,exdeorum,recipe,kubejs/data/exdeorum/recipe/sieve/gravel/golden/iron_ore_chunk.json,.json,525,a8eb77a4538479663b8f3d4569756eb20ec69af04a04c3444168bda8b65d5b13
data,exdeorum,recipe,kubejs/data/exdeorum/recipe/sieve/gravel/golden/lapis_lazuli.json,.json,524,f821a518e283a16967f9021a80757504ac6a6b0d2ea5ffaa8d76b779bac5993a
data,exdeorum,recipe,kubejs/data/exdeorum/recipe/sieve/gravel/golden/lead_ore_chunk.json,.json,974,7f0081e29327dd7cff07f431f96eb7a499be0688e304dde5ab5431174e86d926
data,exdeorum,recipe,kubejs/data/exdeorum/recipe/sieve/gravel/golden/magnesium_ore_chunk.json,.json,982,2aad7e584223a5cb69ec2aaff4f544dc4b34546cf9a2959a8028cb1b8c51c3fe
data,exdeorum,recipe,kubejs/data/exdeorum/recipe/sieve/gravel/golden/nickel_ore_chunk.json,.json,978,4993a03406746ba39a1abb6a5b51243569ba017452880859e5bdd9c31a3660ba
data,exdeorum,recipe,kubejs/data/exdeorum/recipe/sieve/gravel/golden/osmium_ore_chunk.json,.json,978,240437183a4f916d49beeb9fcd0c330f9bd170b96a13c31326af85d643eaf34a
data,exdeorum,recipe,kubejs/data/exdeorum/recipe/sieve/gravel/golden/raw_gold.json,.json,520,08a8e80d9c745974a94dfb9799baab95c2253522f25144eb4d8a7719718e212c
data,exdeorum,recipe,kubejs/data/exdeorum/recipe/sieve/gravel/golden/silver_ore_chunk.json,.json,976,9833b911d66ed5c0d3f4e5b4fae3b764c7851e5e95b6af56d61105fb75f478b7
data,exdeorum,recipe,kubejs/data/exdeorum/recipe/sieve/gravel/golden/stone_pebble.json,.json,523,19c2c05519721b09a8098d57aff3d565b05034a9662067ce7ffca6f6e43f15b8
data,exdeorum,recipe,kubejs/data/exdeorum/recipe/sieve/gravel/golden/thorium_ore_chunk.json,.json,978,e7487c73e1b230c13d9ad125ba84c0d57564a4d62d101293bf85a09b118a781f
data,exdeorum,recipe,kubejs/data/exdeorum/recipe/sieve/gravel/golden/tin_ore_chunk.json,.json,972,0ac6ad2a6295ff06660fa223c44c7394b54a15eccf34dbd5652d1ff377d8b57d
data,exdeorum,recipe,kubejs/data/exdeorum/recipe/sieve/gravel/golden/zinc_ore_chunk.json,.json,974,49e8071dc064168b0cde2ab57d46231dc36590ffe65a4887270913ed9ca04668
data,exdeorum,recipe,kubejs/data/exdeorum/recipe/sieve/gravel/iron/aluminum_ore_chunk.json,.json,979,5a555867178fb104c469948df952078d50f201d298c25c98a6721e4d73adf5ef
data,exdeorum,recipe,kubejs/data/exdeorum/recipe/sieve/gravel/iron/amethyst_shard.json,.json,523,689ec18f80276f66fcf5dae81982e1f0976ef946f1ae1a20641648cd8d35667c
data,exdeorum,recipe,kubejs/data/exdeorum/recipe/sieve/gravel/iron/boron_ore_chunk.json,.json,975,49eae15844d212a6a296a118e647844e0a0f526dea90186b54705794a1fb2b21
data,exdeorum,recipe,kubejs/data/exdeorum/recipe/sieve/gravel/iron/coal.json,.json,515,6cc8d603beb8bf59259387c41d0c0a4bf8872e60e3f22c7241f228d256d25b2f
data,exdeorum,recipe,kubejs/data/exdeorum/recipe/sieve/gravel/iron/copper_ore_chunk.json,.json,524,9df079f130d18489cb90f07c7ecd477051f7b88f291f830ec05732ec617f4ec6
data,exdeorum,recipe,kubejs/data/exdeorum/recipe/sieve/gravel/iron/deepslate_pebble.json,.json,518,a4b860991d53397a9ac6075303b84438b9d4aa26428757d9cda5da0579dc3cd3
data,exdeorum,recipe,kubejs/data/exdeorum/recipe/sieve/gravel/iron/diamond.json,.json,518,580982923459120c9e5b40b69e1c478415467b65595787af388c65aa0eb8fe1f
data,exdeorum,recipe,kubejs/data/exdeorum/recipe/sieve/gravel/iron/emerald.json,.json,516,9778ca779f0ea8221d24f07cfc6b4c5b3cb48673de8d25cb95d777ce33ed406b
data,exdeorum,recipe,kubejs/data/exdeorum/recipe/sieve/gravel/iron/flint.json,.json,516,76ae47de9fe7b87c98ff052650f8cd7dfffc65e2c9f43d1a176660a2cad037f1
data,exdeorum,recipe,kubejs/data/exdeorum/recipe/sieve/gravel/iron/gold_ore_chunk.json,.json,523,e9bca6416bbb7f97ec5e4dcb37dff567fbc50e7928f9f28ca14fab528af3d483
data,exdeorum,recipe,kubejs/data/exdeorum/recipe/sieve/gravel/iron/iridium_ore_chunk.json,.json,976,226ffb03608562c5208c145028b2b9bd222b4f19cd758283eee4ce4e7f6f971b
data,exdeorum,recipe,kubejs/data/exdeorum/recipe/sieve/gravel/iron/iron_ore_chunk.json,.json,523,24c7dda1d073465708abe6068f545a5f5bca5ce8a5a5f50eb69dbf69eb68fa60
data,exdeorum,recipe,kubejs/data/exdeorum/recipe/sieve/gravel/iron/lapis_lazuli.json,.json,521,b7aeb3746441237ad3592fef92050dd418a9938f4c9bd23cfbae7f02b00ed7a7
data,exdeorum,recipe,kubejs/data/exdeorum/recipe/sieve/gravel/iron/lead_ore_chunk.json,.json,971,e4fe37446ce939e9e7568f7a11b3042341ff18a44777ff300a87aa82d3838a39
data,exdeorum,recipe,kubejs/data/exdeorum/recipe/sieve/gravel/iron/magnesium_ore_chunk.json,.json,982,e50e71605ce0a9611260210fd3346be557a96064bb6feacfc8495e02a5dfca7e
data,exdeorum,recipe,kubejs/data/exdeorum/recipe/sieve/gravel/iron/nickel_ore_chunk.json,.json,976,4bec6cea5bbe9df2d991e45ae23e142d5e664e91ddf5dd30e4c5f9f34658e434
data,exdeorum,recipe,kubejs/data/exdeorum/recipe/sieve/gravel/iron/osmium_ore_chunk.json,.json,977,33a5385aac6ff357565971e06be1326716d396a26cb84d35cf0ec9b745148031
data,exdeorum,recipe,kubejs/data/exdeorum/recipe/sieve/gravel/iron/silver_ore_chunk.json,.json,977,b4528d980b12212880d636f24fccbcdcc512c9f9f298bfddf5c263a055616448
data,exdeorum,recipe,kubejs/data/exdeorum/recipe/sieve/gravel/iron/stone_pebble.json,.json,521,05781414d156b4400f7cedd6ac7074a8800e2d6c45cd67ae396b17460808ad74
data,exdeorum,recipe,kubejs/data/exdeorum/recipe/sieve/gravel/iron/thorium_ore_chunk.json,.json,979,e9dee14f79b213ca906e4165749430f673720926c1a8eeedd3e7694f6ceb74a0
data,exdeorum,recipe,kubejs/data/exdeorum/recipe/sieve/gravel/iron/tin_ore_chunk.json,.json,970,b0e87df34d7dbe7676a9f898cb40ba91628724417ff4aca0dcf30318a4cdd6bd
data,exdeorum,recipe,kubejs/data/exdeorum/recipe/sieve/gravel/iron/zinc_ore_chunk.json,.json,971,2d62918235847e20f22f26e10b324fa2ffbb2e2511a85fc8b2bc319a520137c7
data,exdeorum,recipe,kubejs/data/exdeorum/recipe/sieve/gravel/netherite/aluminum_ore_chunk.json,.json,985,bd2ddacbec329a86c607fe7d496282628fbb6e00f3eadf0c1b37aa6e0b98824f
data,exdeorum,recipe,kubejs/data/exdeorum/recipe/sieve/gravel/netherite/amethyst_shard.json,.json,528,23226f2fc7dfe51176b68d836d095e166197ac4bb35e111f9490878e38b8d19e
data,exdeorum,recipe,kubejs/data/exdeorum/recipe/sieve/gravel/netherite/boron_ore_chunk.json,.json,980,0b71b8d64a2d822171eaeb6de0fb1488697042689d926f6ae1e67671f0cb4b32
data,exdeorum,recipe,kubejs/data/exdeorum/recipe/sieve/gravel/netherite/coal.json,.json,519,d535fe3cb4b567288d7e40444aaee3512a5fe6e5a9a0f1ee8a092c8eeaf912d3
data,exdeorum,recipe,kubejs/data/exdeorum/recipe/sieve/gravel/netherite/copper_ore_chunk.json,.json,530,0f0bec31bf730135b83d9bceee64122ccd171e16cc60c2d8c139137632882d99
data,exdeorum,recipe,kubejs/data/exdeorum/recipe/sieve/gravel/netherite/deepslate_pebble.json,.json,523,d2c23cc8b20d8a9f73a78d1f7510fefb91185d6e4ee3b64ea19796072f175287
data,exdeorum,recipe,kubejs/data/exdeorum/recipe/sieve/gravel/netherite/diamond.json,.json,522,00c478dbb762031f87f029d800cf9c86730890c3a8b5b9741b8e5613500f7bee
data,exdeorum,recipe,kubejs/data/exdeorum/recipe/sieve/gravel/netherite/emerald.json,.json,523,096bba919cf0d276653f450666e2b70b39b166f33aaa2879995702a283d3597e
data,exdeorum,recipe,kubejs/data/exdeorum/recipe/sieve/gravel/netherite/gold_nugget.json,.json,525,5a54e867a39573663502dfa406c81b3c4f885f1c7e0abe513f5d9994267e97f4
data,exdeorum,recipe,kubejs/data/exdeorum/recipe/sieve/gravel/netherite/gold_ore_chunk.json,.json,529,87e4c21dd0ed19a0451c97f2d98c379236820fe15722058d734aefdae6c05dd6
data,exdeorum,recipe,kubejs/data/exdeorum/recipe/sieve/gravel/netherite/iridium_ore_chunk.json,.json,984,79042c3a181a61a9deddb0628a87d78ee8d1df8c2a0e7b62e1d1d7252b8eac69
data,exdeorum,recipe,kubejs/data/exdeorum/recipe/sieve/gravel/netherite/iron_ore_chunk.json,.json,529,0acafae0613d8bc2dcd525adb14e8903991a6bd13bd591f00474254d08ab9674
data,exdeorum,recipe,kubejs/data/exdeorum/recipe/sieve/gravel/netherite/lapis_lazuli.json,.json,528,22708472fc8b837fdb8b3da362f150f2b056047ea7c7035b63ef181d3563ce4b
data,exdeorum,recipe,kubejs/data/exdeorum/recipe/sieve/gravel/netherite/lead_ore_chunk.json,.json,977,aceef95228c1822777601faa9da13cb00b019cde54eb40c83dcad6844fb011cd
data,exdeorum,recipe,kubejs/data/exdeorum/recipe/sieve/gravel/netherite/magnesium_ore_chunk.json,.json,985,30e5b98a379a7dc166545bb3741eb9fe5af48ca6e1c30f3d5765132470aba73b
data,exdeorum,recipe,kubejs/data/exdeorum/recipe/sieve/gravel/netherite/nickel_ore_chunk.json,.json,980,bc7d75e19c08b3afcb8b16bfe5e19f5f0eafd87f834e92985eb02cb46ca17b8a
data,exdeorum,recipe,kubejs/data/exdeorum/recipe/sieve/gravel/netherite/osmium_ore_chunk.json,.json,981,d1a00be1420a44f29cd2f1dcb9a5e23a87820528d45c6d8fe20b04ae0734369d
data,exdeorum,recipe,kubejs/data/exdeorum/recipe/sieve/gravel/netherite/raw_gold.json,.json,524,9ee690597587017b637b2555960e44a1491f6a82200c92a2042ae0ff17179d65
data,exdeorum,recipe,kubejs/data/exdeorum/recipe/sieve/gravel/netherite/silver_ore_chunk.json,.json,981,fe5a12b42caee46a08e7bbd22ff4edd8a320bde3ffe36f36d9f8fa0f8a1f17b2
data,exdeorum,recipe,kubejs/data/exdeorum/recipe/sieve/gravel/netherite/thorium_ore_chunk.json,.json,984,796f58e6f17ee0b0b79504524191c96e63506f052a80343c9c189d14960dada7
data,exdeorum,recipe,kubejs/data/exdeorum/recipe/sieve/gravel/netherite/tin_ore_chunk.json,.json,973,9530442bd08dbf5831a4a047b8f7cd2f569aee6d76d534317ee083ec37b4b2a5
data,exdeorum,recipe,kubejs/data/exdeorum/recipe/sieve/gravel/netherite/zinc_ore_chunk.json,.json,975,7d91e09f456e51fa310ca8bcb8905d169007ec234d5ed8d93853e32eb489cb9f
data,exdeorum,recipe,kubejs/data/exdeorum/recipe/sieve/gravel/string/aluminum_ore_chunk.json,.json,980,c5aab3cceea2df8f0869ee7a61417117b05647836e2c4fcb85b148914bff880b
data,exdeorum,recipe,kubejs/data/exdeorum/recipe/sieve/gravel/string/amethyst_shard.json,.json,527,03aa2ce0a8d25b83396ee4d9823af0288d3a5b2ef42f4b67b7e8dab5d7e31b78
data,exdeorum,recipe,kubejs/data/exdeorum/recipe/sieve/gravel/string/boron_ore_chunk.json,.json,976,70920a40e059439368811c6f2567681b6d0b6ff766a46b5d2921920d2e1492ff
data,exdeorum,recipe,kubejs/data/exdeorum/recipe/sieve/gravel/string/coal.json,.json,516,f9c6dc241a0550584c4134390563d7062a0cc9c320c057aad5bf945da2cecfb0
data,exdeorum,recipe,kubejs/data/exdeorum/recipe/sieve/gravel/string/copper_ore_chunk.json,.json,526,100a822a57a8287ffd3149ee8c352f38e20010f6350eda12226c9b7f29c17e41
data,exdeorum,recipe,kubejs/data/exdeorum/recipe/sieve/gravel/string/diamond.json,.json,519,0ee84c7501d29faf3471588430b6ddfac9977898176d2d08493effcbf7bd341d
data,exdeorum,recipe,kubejs/data/exdeorum/recipe/sieve/gravel/string/emerald.json,.json,520,173af3702d38ef1686282086cb08619ba09be9679096fcb0d905b2444316db12
data,exdeorum,recipe,kubejs/data/exdeorum/recipe/sieve/gravel/string/flint.json,.json,516,103ae39bbb18a3088b41ec138ed50a0eba411d3cd7ebc7a84c88bd214ba34072
data,exdeorum,recipe,kubejs/data/exdeorum/recipe/sieve/gravel/string/gold_ore_chunk.json,.json,526,4b7185b8d64474d55440ec84c7df64f7d1c8324431b2dbf91818ecdd46ffe858
data,exdeorum,recipe,kubejs/data/exdeorum/recipe/sieve/gravel/string/iridium_ore_chunk.json,.json,980,2212fb4b31ea2e6a32a40789ab18a37be042481465a81687201b8161b2e3ebf9
data,exdeorum,recipe,kubejs/data/exdeorum/recipe/sieve/gravel/string/iron_ore_chunk.json,.json,525,0d944e1680249b5bbaa942a0b65badc7451298b8ffe839084ddcc1589894d607
data,exdeorum,recipe,kubejs/data/exdeorum/recipe/sieve/gravel/string/lapis_lazuli.json,.json,525,4ba6ed808cce25f732c5ecc978f11521b4cbdaf118bcd15d34e50c9a6aa733c7
data,exdeorum,recipe,kubejs/data/exdeorum/recipe/sieve/gravel/string/lead_ore_chunk.json,.json,972,87b516a6cf60ca606c5561dec69954bb797d54ad41a2a155456b3f806a84013e
data,exdeorum,recipe,kubejs/data/exdeorum/recipe/sieve/gravel/string/magnesium_ore_chunk.json,.json,984,4e0a6c0fb989c3fa2d788e96e9abd1c5951f6e4472725eec16a03aa04ecb83f9
data,exdeorum,recipe,kubejs/data/exdeorum/recipe/sieve/gravel/string/nickel_ore_chunk.json,.json,976,7be1cb2b0147ecedd1959c8a490acfe7238da9befd4531d7c798e47f42e8088b
data,exdeorum,recipe,kubejs/data/exdeorum/recipe/sieve/gravel/string/osmium_ore_chunk.json,.json,978,50cf362ffef7f65e8cf11cdeb3d4b033216cf6d75d0a31a7309655a76489bda7
data,exdeorum,recipe,kubejs/data/exdeorum/recipe/sieve/gravel/string/silver_ore_chunk.json,.json,976,43c522fcc375d897cdad23c1be5b8eb822364bd734aa775c6b188b51e92d2cad
data,exdeorum,recipe,kubejs/data/exdeorum/recipe/sieve/gravel/string/stone_pebble.json,.json,516,fa16fb6627185c5b9b6a1e209101a53e520b2abcc725a7762e35790f487cb83c
data,exdeorum,recipe,kubejs/data/exdeorum/recipe/sieve/gravel/string/thorium_ore_chunk.json,.json,980,b617ea8aa916113cc2667cb851872d97d78e11f676b69f1fb19e89c551dfa02a
data,exdeorum,recipe,kubejs/data/exdeorum/recipe/sieve/gravel/string/tin_ore_chunk.json,.json,971,b54862a5025e3714970a60b428bb91d20736849b51793c0ee13b5432f9023d27
data,exdeorum,recipe,kubejs/data/exdeorum/recipe/sieve/gravel/string/zinc_ore_chunk.json,.json,975,104eef95853162543852fda0e3bf73743ee07faec5647473e339d8b304fafbad
data,exdeorum,recipe,kubejs/data/exdeorum/recipe/sieve/moss_block/diamond/acacia_sapling.json,.json,532,8b1d37acb31acaae03e278b23af96eb5b7ca31a4ab244660cd66cf13e268acc0
data,exdeorum,recipe,kubejs/data/exdeorum/recipe/sieve/moss_block/diamond/azalea.json,.json,522,b0e0f3b9db3fb4db6bf28951fb39eff9f65789f7c07fe6466ab51f0928e15ff2
data,exdeorum,recipe,kubejs/data/exdeorum/recipe/sieve/moss_block/diamond/big_dripleaf.json,.json,530,4273fffc24ac58bc9928bafb30649b501b8cfd053f68e0bd0d7d4a9bfc817361
data,exdeorum,recipe,kubejs/data/exdeorum/recipe/sieve/moss_block/diamond/birch_sapling.json,.json,531,ed653c6f6318e43a9fd584f8694c70ba7c2a84c9bd380199f3e5317a6935a459
data,exdeorum,recipe,kubejs/data/exdeorum/recipe/sieve/moss_block/diamond/blue_archwood_sapling.json,.json,805,8ca1744b0edd37b8c49760a951bf88517b1d1920c6407c0f5462eb2f4335ac5a
data,exdeorum,recipe,kubejs/data/exdeorum/recipe/sieve/moss_block/diamond/cherry_sapling.json,.json,532,c3edc0ef35f5a90a3f4cfe3e8742ed8e8cc0fd3af09a36aa94e28e4b2a5d7b09
data,exdeorum,recipe,kubejs/data/exdeorum/recipe/sieve/moss_block/diamond/dark_oak_sapling.json,.json,534,b01810985fed164ab36ea03bd06acaf3c8d2c7e1332f2f3dbadac0261d784896
data,exdeorum,recipe,kubejs/data/exdeorum/recipe/sieve/moss_block/diamond/dead_sapling.json,.json,797,b28c3e63b2f4bd8b0576f38cdfab181595263df262c1f10e52229cdba3e3d232
data,exdeorum,recipe,kubejs/data/exdeorum/recipe/sieve/moss_block/diamond/fir_sapling.json,.json,796,b8605a58b8ed1eeeccd54cb292f4107195c0c91deab341e16ee21e61d622f24a
data,exdeorum,recipe,kubejs/data/exdeorum/recipe/sieve/moss_block/diamond/flowering_oak_sapling.json,.json,806,e893af8663e0d6c740fe2b111518c84f60fc2fcbbd44af39d5aab1fa6b41fb54
data,exdeorum,recipe,kubejs/data/exdeorum/recipe/sieve/moss_block/diamond/glow_berries.json,.json,522,2ed3c2e38fcd05789b5bc912cc589fe465c6829d4226035693605fabfcc16262
data,exdeorum,recipe,kubejs/data/exdeorum/recipe/sieve/moss_block/diamond/green_archwood_sapling.json,.json,806,829afe0b2b0aee14b501b51de181395fd03a395b33b17986e0288ee2736353d6
data,exdeorum,recipe,kubejs/data/exdeorum/recipe/sieve/moss_block/diamond/hellbark_sapling.json,.json,801,c05e2ca697c4800ec197ef21af29f95f96bbdb72d795b482b64e7b767a47eec9
data,exdeorum,recipe,kubejs/data/exdeorum/recipe/sieve/moss_block/diamond/jacaranda_sapling.json,.json,802,9b59a28ef4d6da68ba1fe4890da93768848c6bc8cfc616d46566b426cfa4cde0
data,exdeorum,recipe,kubejs/data/exdeorum/recipe/sieve/moss_block/diamond/jungle_sapling.json,.json,532,c9ed66dcb3bc332e9a4bb282583e0a91024a9464526b56f5252a0474ff19125c
data,exdeorum,recipe,kubejs/data/exdeorum/recipe/sieve/moss_block/diamond/magic_sapling.json,.json,798,ead6306bdf3168a28ed25390d7e55b187515429f5b638a828ab8733814632a0f
data,exdeorum,recipe,kubejs/data/exdeorum/recipe/sieve/moss_block/diamond/mahogany_sapling.json,.json,801,9027ea9e195f3c3981ed589e6d83e38a6ecebde4764c2f5c92e7bbedaf1b93ec
data,exdeorum,recipe,kubejs/data/exdeorum/recipe/sieve/moss_block/diamond/mangrove_propagule.json,.json,536,db2197070b05498e77fde369853e5da80dbab792cb4a453d3a4fcca0ce5305eb
data,exdeorum,recipe,kubejs/data/exdeorum/recipe/sieve/moss_block/diamond/maple_sapling.json,.json,798,7be5f6e547a14e009bf0d9e172fd429761c142b91bda0bc281ebba931f840c3c
data,exdeorum,recipe,kubejs/data/exdeorum/recipe/sieve/moss_block/diamond/oak_sapling.json,.json,529,bfb3c476bfe6cb7f40acc82da8bd3cb9c80aeb800f33bf5f3b6d902410080fdc
data,exdeorum,recipe,kubejs/data/exdeorum/recipe/sieve/moss_block/diamond/orange_autumn_sapling.json,.json,806,9de813baf5fe6fb57b2f319d6576b46f8d67b35fd45464d99c2a098fb04f1520
data,exdeorum,recipe,kubejs/data/exdeorum/recipe/sieve/moss_block/diamond/origin_sapling.json,.json,799,ff20ed4f3a6cde12261e6297163b6c67dd839de9a339462a273b1c2a2a8e726b
data,exdeorum,recipe,kubejs/data/exdeorum/recipe/sieve/moss_block/diamond/palm_sapling.json,.json,797,df45890332a9facccd978144312fffe897e1ebefb70ee2dea6850b7d7cc36877
data,exdeorum,recipe,kubejs/data/exdeorum/recipe/sieve/moss_block/diamond/purple_archwood_sapling.json,.json,807,13e3cc58c56dc4c20b75c87c6447e78b2b1db434e326581cc4e4a6fb405a338f
data,exdeorum,recipe,kubejs/data/exdeorum/recipe/sieve/moss_block/diamond/rainbow_birch_sapling.json,.json,806,e9ef95fc0e860b9f913825c9e00dfa110271654615b6da4e83dd54cc3d318adb
data,exdeorum,recipe,kubejs/data/exdeorum/recipe/sieve/moss_block/diamond/red_archwood_sapling.json,.json,804,1bc6a4ce920c2bf83da5b9b4b0fd8caa08efb97bf9e59fb2444373865d6a0d83
data,exdeorum,recipe,kubejs/data/exdeorum/recipe/sieve/moss_block/diamond/redwood_sapling.json,.json,800,64cb7fe3e01b66ee9f3e7f593b55c5430dac43025b5c08c71474489b736b1324
data,exdeorum,recipe,kubejs/data/exdeorum/recipe/sieve/moss_block/diamond/small_dripleaf.json,.json,532,6a984aea8884793387d034c877baecb8139ec0225a6f36f3682fa8f51edd4c1d
data,exdeorum,recipe,kubejs/data/exdeorum/recipe/sieve/moss_block/diamond/snowblossom_sapling.json,.json,804,4a3c627c41a76533fd0b15aaefb594abcd793d0e6f709f60cb7198d05eea8189
data,exdeorum,recipe,kubejs/data/exdeorum/recipe/sieve/moss_block/diamond/sourceberry_bush.json,.json,799,9c53341fc398e6ed98a4047efaac72f146199aaa959d4dfdfb988e60dc9d7ec0
data,exdeorum,recipe,kubejs/data/exdeorum/recipe/sieve/moss_block/diamond/spore_blossom.json,.json,536,5b8bb6c2f7a9099edfd142dfda5dbebbb29046aa0b512d77559c6a29eaa921a4
data,exdeorum,recipe,kubejs/data/exdeorum/recipe/sieve/moss_block/diamond/spruce_sapling.json,.json,532,2eb0439e85b6cba736690c2900e4aa0099f6f8d78f852bb177503b138569d9c7
data,exdeorum,recipe,kubejs/data/exdeorum/recipe/sieve/moss_block/diamond/umbran_sapling.json,.json,799,c86edf49341897a2a139f1dce17f99d6440aa839ffc3e435e5ebfe1b6c68c4e1
data,exdeorum,recipe,kubejs/data/exdeorum/recipe/sieve/moss_block/diamond/willow_sapling.json,.json,799,ada2c358d21ec0264e11a51dd8ef8d1c0d100e6364d3321a3dc20f9fd31e9a7e
data,exdeorum,recipe,kubejs/data/exdeorum/recipe/sieve/moss_block/diamond/yellow_autumn_sapling.json,.json,806,619f24ef39e97ac81704f6e2e08222a3ec99cb8e44d1fb0f6cb59b74cbea89a9
data,exdeorum,recipe,kubejs/data/exdeorum/recipe/sieve/moss_block/flint/acacia_sapling.json,.json,530,6daef6bfb33686afec7b71b881e09663b265d1cf301ce9cb98f7bba488c1d7e3
data,exdeorum,recipe,kubejs/data/exdeorum/recipe/sieve/moss_block/flint/azalea.json,.json,527,09b37b726af24742e4b4483a992fe87c9f0e4ed2f6a3350567e18ae077c0c5dc
data,exdeorum,recipe,kubejs/data/exdeorum/recipe/sieve/moss_block/flint/big_dripleaf.json,.json,528,7583b8f4cd56e222644a442a9a0f3df237a5f5672d6693f0084bf47cc72e36fe
data,exdeorum,recipe,kubejs/data/exdeorum/recipe/sieve/moss_block/flint/birch_sapling.json,.json,529,98744e0ea7e165a0f6dd78f3fd80182af8046387f1d3e1a1e98552bf1f3e6a0b
data,exdeorum,recipe,kubejs/data/exdeorum/recipe/sieve/moss_block/flint/blue_archwood_sapling.json,.json,803,3be24dd01d029fbef7df943fb07b0fb74a789e1dd4ce4d6c4e4b167002285e37
data,exdeorum,recipe,kubejs/data/exdeorum/recipe/sieve/moss_block/flint/cherry_sapling.json,.json,530,2aa527f8efc35c4d87d543053ee5faa01bffa24ef2a5b7428e69cc40a2f8d04f
data,exdeorum,recipe,kubejs/data/exdeorum/recipe/sieve/moss_block/flint/dark_oak_sapling.json,.json,532,afffa0cfffa6f4f86fd9a6696b4ff16e83683a80412e535ccc7d0931f806c917
data,exdeorum,recipe,kubejs/data/exdeorum/recipe/sieve/moss_block/flint/dead_sapling.json,.json,795,e7c788c1ca3d9307a7008540a7af51641d57d2487f1dfcc6db79101552180e8b
data,exdeorum,recipe,kubejs/data/exdeorum/recipe/sieve/moss_block/flint/fir_sapling.json,.json,794,27994ca2c3b849516d80c0c8508daf215be2fd34d3bb54697153ab339b5759c0
data,exdeorum,recipe,kubejs/data/exdeorum/recipe/sieve/moss_block/flint/flowering_azalea.json,.json,532,50a305ca1c996a345a439e6e8565c2ee33c3607375460c63022f04d96d5b157b
data,exdeorum,recipe,kubejs/data/exdeorum/recipe/sieve/moss_block/flint/flowering_oak_sapling.json,.json,804,e55b43217c6cc615c741b9e943090e13b8cdd444a0d4b52f304d867d0c6712a6
data,exdeorum,recipe,kubejs/data/exdeorum/recipe/sieve/moss_block/flint/glow_berries.json,.json,529,d26960e8f642ca74455c4765f3dd65e5ea85e81c5f864fabe032b5ce1905f29c
data,exdeorum,recipe,kubejs/data/exdeorum/recipe/sieve/moss_block/flint/glow_lichen.json,.json,525,51b2b4596cf4c56bb90793dd238c964da5dea215237a11a9d81668fdd85892e5
data,exdeorum,recipe,kubejs/data/exdeorum/recipe/sieve/moss_block/flint/green_archwood_sapling.json,.json,804,6da8c2306a12fab1f845c6840bf29b93457992be37cfa7c34aa389d06661bfee
data,exdeorum,recipe,kubejs/data/exdeorum/recipe/sieve/moss_block/flint/hellbark_sapling.json,.json,799,3a6024a13e137ceff46eeb3357f35c562b620be4d97bd492389b5ecb3dbe016c
data,exdeorum,recipe,kubejs/data/exdeorum/recipe/sieve/moss_block/flint/jacaranda_sapling.json,.json,800,1c460276ff27b7a4dcc3ba54894eee0dab33950aef4858e4e07b0490021a5b03
data,exdeorum,recipe,kubejs/data/exdeorum/recipe/sieve/moss_block/flint/jungle_sapling.json,.json,530,1a6d1afd00faae302778972b939e8ef9805572605f71bef4e8b986cd2bb2f4fc
data,exdeorum,recipe,kubejs/data/exdeorum/recipe/sieve/moss_block/flint/lily_pad.json,.json,522,54f919d164aaa18d85c727ca0af20ae2ff9219280ba4fd3c4f5051ec812dc473
data,exdeorum,recipe,kubejs/data/exdeorum/recipe/sieve/moss_block/flint/magic_sapling.json,.json,796,baae1a62d69c202358d9d34075f447b2967168d830ef750297fbf9a29a1f55bf
data,exdeorum,recipe,kubejs/data/exdeorum/recipe/sieve/moss_block/flint/mahogany_sapling.json,.json,799,1625f30ddf0cee655db56f8c2c11a9f4c8bf01912c104efca37dc0de15e0429c
data,exdeorum,recipe,kubejs/data/exdeorum/recipe/sieve/moss_block/flint/mangrove_propagule.json,.json,534,a93b44f5113605e3b243a47b72a3d982e4bd4853ce10cf01057ece3619ae2617
data,exdeorum,recipe,kubejs/data/exdeorum/recipe/sieve/moss_block/flint/maple_sapling.json,.json,796,0912a4829ab6bb9c7a79636ff61250e5012a9480bad1fcba4fd8f44759fc3f41
data,exdeorum,recipe,kubejs/data/exdeorum/recipe/sieve/moss_block/flint/oak_sapling.json,.json,519,ba4de8b6fba685a159371d05db2c0ab8eaa000c0f4c0fe0d697a482e2cbbf36f
data,exdeorum,recipe,kubejs/data/exdeorum/recipe/sieve/moss_block/flint/orange_autumn_sapling.json,.json,804,72afd035e57160b922fce12cb68c16222669d8143f522065a3e47f7190a9ce80
data,exdeorum,recipe,kubejs/data/exdeorum/recipe/sieve/moss_block/flint/origin_sapling.json,.json,797,2ccfc56d6a69169c32a06a2536eaa97bafb15fdf9553e6c782b597cabf5f63b0
data,exdeorum,recipe,kubejs/data/exdeorum/recipe/sieve/moss_block/flint/palm_sapling.json,.json,795,8c9eff1060aef3d54adbae9772c576e4f00ade18ff7d5cd625222e730d9464cf
data,exdeorum,recipe,kubejs/data/exdeorum/recipe/sieve/moss_block/flint/purple_archwood_sapling.json,.json,805,67d243bd16ca7394db203499fc203f946f026607214bcc7bae86f0e52c1cd2e5
data,exdeorum,recipe,kubejs/data/exdeorum/recipe/sieve/moss_block/flint/rainbow_birch_sapling.json,.json,804,7134462638c18f51bc372f96ea6a267dbc3ad86090c1fa7ab36391a0f0f3c553
data,exdeorum,recipe,kubejs/data/exdeorum/recipe/sieve/moss_block/flint/red_archwood_sapling.json,.json,802,86fc0e1ce2c1b4e9c74e1ab814d936e3e66ecc8421053ca53d39822fd88666fa
data,exdeorum,recipe,kubejs/data/exdeorum/recipe/sieve/moss_block/flint/redwood_sapling.json,.json,798,9e6c9a70a1995fdd48f1edd733751d98c98c94ea92e353388de873c0d1735fbb
data,exdeorum,recipe,kubejs/data/exdeorum/recipe/sieve/moss_block/flint/small_dripleaf.json,.json,531,93bd443d63f5b1eb740737a8f385552cf8a4a7d5bab8d49bc93038600e67533b
data,exdeorum,recipe,kubejs/data/exdeorum/recipe/sieve/moss_block/flint/snowblossom_sapling.json,.json,802,2dee7cb8ad87a4c2e58a0be2305fc3260d94123be3405ee5e5b8bff865a653a4
data,exdeorum,recipe,kubejs/data/exdeorum/recipe/sieve/moss_block/flint/sourceberry_bush.json,.json,797,ef7232b2cb31908804105ee36e03d1cebd842008d33c43be8d2f7262bd700211
data,exdeorum,recipe,kubejs/data/exdeorum/recipe/sieve/moss_block/flint/spore_blossom.json,.json,530,a9a428c3a94b7a90d6ca89b8b5d7bde83519735526cabaa14af14d863711101e
data,exdeorum,recipe,kubejs/data/exdeorum/recipe/sieve/moss_block/flint/spruce_sapling.json,.json,530,bc7ca18d91ca38eec7e6bf3d95947a4e363d63546b803f4693f7a31e065c1b2f
data,exdeorum,recipe,kubejs/data/exdeorum/recipe/sieve/moss_block/flint/sweet_berries.json,.json,529,218233e2c978054815140e975087bd5ed02d08b9568c7aee34854082121d9361
data,exdeorum,recipe,kubejs/data/exdeorum/recipe/sieve/moss_block/flint/umbran_sapling.json,.json,797,dfc446ea608b9cee0875392c5f8c12c41be4d8be817522b54ea60df4a794baf0
data,exdeorum,recipe,kubejs/data/exdeorum/recipe/sieve/moss_block/flint/willow_sapling.json,.json,797,03dac45dea9514d14a406daff4cf4d61cc31ae43535c201bcb02d284f6c193f8
data,exdeorum,recipe,kubejs/data/exdeorum/recipe/sieve/moss_block/flint/yellow_autumn_sapling.json,.json,804,510a1800c5af32ebc1171416094a97c5a13d7c1ce5a8870bd13c07efe8b590c0
data,exdeorum,recipe,kubejs/data/exdeorum/recipe/sieve/moss_block/golden/acacia_sapling.json,.json,531,06987671045b1f087b14a00a55da2ff53e6cdc1d9f5c61dddb832e9fd54b80b2
data,exdeorum,recipe,kubejs/data/exdeorum/recipe/sieve/moss_block/golden/azalea.json,.json,523,0e56aa9cce0d42472a2b65c90221b672fb880960943b5ab6d590d3f1788cafd0
data,exdeorum,recipe,kubejs/data/exdeorum/recipe/sieve/moss_block/golden/big_dripleaf.json,.json,529,b73a1e70f854251e6131def9fe81ac78038b29c52531690d0eb917b1b64eeb99
data,exdeorum,recipe,kubejs/data/exdeorum/recipe/sieve/moss_block/golden/birch_sapling.json,.json,530,bb8a2c25b884a28a80f9a85d9f3e9c7b0edffcd0df6988fc4c748a99a04c6b29
data,exdeorum,recipe,kubejs/data/exdeorum/recipe/sieve/moss_block/golden/blue_archwood_sapling.json,.json,804,389da7f9cdf415ad020c881705dbc40d91e38cfcb837e09ded00980335f6772d
data,exdeorum,recipe,kubejs/data/exdeorum/recipe/sieve/moss_block/golden/cherry_sapling.json,.json,531,06fbabf9d6d528707d1226b8cedcf4fd69e1a133f5fe1f85dd354d8a42689342
data,exdeorum,recipe,kubejs/data/exdeorum/recipe/sieve/moss_block/golden/dark_oak_sapling.json,.json,533,aa6b2dc3b1b1d126c5cf29172e0d7cdeb2f37a1567c94772c774d20d6c710939
data,exdeorum,recipe,kubejs/data/exdeorum/recipe/sieve/moss_block/golden/dead_sapling.json,.json,796,01233f95d04b7f785cd8dd6148c06272a3205130dd86ff719f03a65328d16e5f
data,exdeorum,recipe,kubejs/data/exdeorum/recipe/sieve/moss_block/golden/fir_sapling.json,.json,795,914cc8104b62ffd6431f93722c1e799179cb10f3d4afb7ebb7c05573d9f2743b
data,exdeorum,recipe,kubejs/data/exdeorum/recipe/sieve/moss_block/golden/flowering_oak_sapling.json,.json,805,fd56e4e5a401ebf79d8e5d1a38168b884abd4c6334918684a2b92b68d0b43e91
data,exdeorum,recipe,kubejs/data/exdeorum/recipe/sieve/moss_block/golden/glow_berries.json,.json,521,f12700ce012f37b59faa3345e3a1ca5dd348ce7dbb4a235ee44b80fbb89234ed
data,exdeorum,recipe,kubejs/data/exdeorum/recipe/sieve/moss_block/golden/green_archwood_sapling.json,.json,805,b906acc791febf2b273af6ebbed12faf1b9403602c0ceff158d70b6370c2d5b1
data,exdeorum,recipe,kubejs/data/exdeorum/recipe/sieve/moss_block/golden/hellbark_sapling.json,.json,800,0ef1eb4deb63da29701d57344f47eeaf84ccbd2122b7e900693fe31c41325b5d
data,exdeorum,recipe,kubejs/data/exdeorum/recipe/sieve/moss_block/golden/jacaranda_sapling.json,.json,801,988b2f47e4e6918bd8a03672a4c223204de1002792719d28d9fe6f5a2b3d5f7f
data,exdeorum,recipe,kubejs/data/exdeorum/recipe/sieve/moss_block/golden/jungle_sapling.json,.json,531,835adeb9a458d1f90d253c70a1556c49a167eff49b6720d56c4b6c09688094fc
data,exdeorum,recipe,kubejs/data/exdeorum/recipe/sieve/moss_block/golden/magic_sapling.json,.json,797,356ef70fb9851ed5cb1f6c46dad5961ff2bf1ded0386b16f142ca5391ad6ec65
data,exdeorum,recipe,kubejs/data/exdeorum/recipe/sieve/moss_block/golden/mahogany_sapling.json,.json,800,54370229ba2e75d4bacdf53c92cea8224b2cc9e5563c4227915246f944126cb1
data,exdeorum,recipe,kubejs/data/exdeorum/recipe/sieve/moss_block/golden/mangrove_propagule.json,.json,535,6b590a0a95c8d7b5507eb6f3107d793088f2345316d3608433b3627bb2be5857
data,exdeorum,recipe,kubejs/data/exdeorum/recipe/sieve/moss_block/golden/maple_sapling.json,.json,797,73d46b093f640bb8b9e9b7a7393a0563a34383cc8cb3e66a412890df4f1f589f
data,exdeorum,recipe,kubejs/data/exdeorum/recipe/sieve/moss_block/golden/oak_sapling.json,.json,528,6a3eaca03c993411743791dd02e209f1f04c8da26332aba708ea309435f571c2
data,exdeorum,recipe,kubejs/data/exdeorum/recipe/sieve/moss_block/golden/orange_autumn_sapling.json,.json,805,8cda8e63b06f728d8cbc5f96ccfaf6aa8565969fda0d9d17e8dcaeaa0fea7453
data,exdeorum,recipe,kubejs/data/exdeorum/recipe/sieve/moss_block/golden/origin_sapling.json,.json,798,9e037d4e0243d3001fec5e6d8d9015c8829fc8fb4c99d6aed794014cec543021
data,exdeorum,recipe,kubejs/data/exdeorum/recipe/sieve/moss_block/golden/palm_sapling.json,.json,796,02647e3c3de435d1356a6fbfa2cec98f805d43e4676582dfbe8103f304905e7e
data,exdeorum,recipe,kubejs/data/exdeorum/recipe/sieve/moss_block/golden/purple_archwood_sapling.json,.json,806,2d5f4a78e3585c2a4070e120004df152c21703b1a17ae802d5d9c437a055bf48
data,exdeorum,recipe,kubejs/data/exdeorum/recipe/sieve/moss_block/golden/rainbow_birch_sapling.json,.json,805,a1a34d0f597c0ccc416823579dd43f5772260dacac151d7cc315dd731456e345
data,exdeorum,recipe,kubejs/data/exdeorum/recipe/sieve/moss_block/golden/red_archwood_sapling.json,.json,803,ab102de70060bf8ee224c9ebbaeb809c0a3ace7112bd8b490ca014acdd481390
data,exdeorum,recipe,kubejs/data/exdeorum/recipe/sieve/moss_block/golden/redwood_sapling.json,.json,799,bb9b99601b217dc0d5ecfc01da665b511e7ac0627a4dfceedb050f1993861f70
data,exdeorum,recipe,kubejs/data/exdeorum/recipe/sieve/moss_block/golden/small_dripleaf.json,.json,536,6b7a5af623e868d827a77c1d978e267821762681eae7e0db9dd3676a06ff29ac
data,exdeorum,recipe,kubejs/data/exdeorum/recipe/sieve/moss_block/golden/snowblossom_sapling.json,.json,803,c94776b1c8c9603565eb1e0d2c76afe3c21ee045902a5455ff6cf8af7f5126a1
data,exdeorum,recipe,kubejs/data/exdeorum/recipe/sieve/moss_block/golden/sourceberry_bush.json,.json,798,83ad75fba775864170690643c50c15f397f7490c5ccc77c27ae18835dd66a89a
data,exdeorum,recipe,kubejs/data/exdeorum/recipe/sieve/moss_block/golden/spore_blossom.json,.json,535,539ae3f19b4c033e17814e0331ef4276167c1c7918d7200e306118c951269526
data,exdeorum,recipe,kubejs/data/exdeorum/recipe/sieve/moss_block/golden/spruce_sapling.json,.json,531,51126660d19b2a0183f4c4b82da4e59eb4371980c929990142fd32dce22efc47
data,exdeorum,recipe,kubejs/data/exdeorum/recipe/sieve/moss_block/golden/umbran_sapling.json,.json,798,8b9e0fa96913ea64a2a499abb101aa1f02846af6bb0ecde8707cead56a8d294c
data,exdeorum,recipe,kubejs/data/exdeorum/recipe/sieve/moss_block/golden/willow_sapling.json,.json,798,2274fbd4030da5ee9449c5e3d8ed64a7ba15da70efc43f0d186d029b2a767c7c
data,exdeorum,recipe,kubejs/data/exdeorum/recipe/sieve/moss_block/golden/yellow_autumn_sapling.json,.json,805,aaeae0348085773e212e8d1e0977add6ff343df7cc2f9ce4148c11a229049e52
data,exdeorum,recipe,kubejs/data/exdeorum/recipe/sieve/moss_block/iron/acacia_sapling.json,.json,529,ca1f6463fe97c3f114ededec513ed53b2e40cc53a9af11948ab2ac778de5eeb9
data,exdeorum,recipe,kubejs/data/exdeorum/recipe/sieve/moss_block/iron/azalea.json,.json,526,04f76828be7fb1f8c98f74df5d09b0161e114dbe8fc0e17aaf85c89323ed1bb6
data,exdeorum,recipe,kubejs/data/exdeorum/recipe/sieve/moss_block/iron/big_dripleaf.json,.json,527,f96ef95c1ec1767c1ef42bd494397f1a01f2a350e44667928484eca081372159
data,exdeorum,recipe,kubejs/data/exdeorum/recipe/sieve/moss_block/iron/birch_sapling.json,.json,528,5197385338306760dce0d7c7f1a00dbfc59bc24aa05d9ffd788370c24ae37867
data,exdeorum,recipe,kubejs/data/exdeorum/recipe/sieve/moss_block/iron/blue_archwood_sapling.json,.json,802,af49328fef75f7664a19c9d022395076f74a20d7fd04f4fab2c978f5596e4a66
data,exdeorum,recipe,kubejs/data/exdeorum/recipe/sieve/moss_block/iron/cherry_sapling.json,.json,529,6ca4ed8888b6354d1d130676d61a1cde4587c78df83eff5e718b8d652d94b83d
data,exdeorum,recipe,kubejs/data/exdeorum/recipe/sieve/moss_block/iron/dark_oak_sapling.json,.json,531,79445072f90abd9302f24f577984a71de04577263f88bb565c1035901f81399f
data,exdeorum,recipe,kubejs/data/exdeorum/recipe/sieve/moss_block/iron/dead_sapling.json,.json,794,43da41d9938bae266b46db3ac6b26fafd597ce3300e2b0e26079ff6cc3d129d8
data,exdeorum,recipe,kubejs/data/exdeorum/recipe/sieve/moss_block/iron/fir_sapling.json,.json,793,4b0f12a364d8e740da4bf0e099d52f223ff804d0c04f5fc72bde022531055b4d
data,exdeorum,recipe,kubejs/data/exdeorum/recipe/sieve/moss_block/iron/flowering_oak_sapling.json,.json,803,592036032197a33d112464d2d8f9a42501ba26b081313785f9dda722844b42e8
data,exdeorum,recipe,kubejs/data/exdeorum/recipe/sieve/moss_block/iron/glow_berries.json,.json,519,50efd1c1d51c73426742e93d6b6ccb608971c80a5ee63f1c0c4fbec1a9ee0de1
data,exdeorum,recipe,kubejs/data/exdeorum/recipe/sieve/moss_block/iron/green_archwood_sapling.json,.json,803,801ea03f39e9889eae62a8d077ca03ce73a0aa9b79a7b43a0e75ca72dd48175a
data,exdeorum,recipe,kubejs/data/exdeorum/recipe/sieve/moss_block/iron/hellbark_sapling.json,.json,798,a404e6df259c44738c144805e6ad5a7d546a1573eb9e0bd4638326ba75d2ff5c
data,exdeorum,recipe,kubejs/data/exdeorum/recipe/sieve/moss_block/iron/jacaranda_sapling.json,.json,799,8132e354366828a81553452fab983826b427312702ca9d62b7a3a01409178689
data,exdeorum,recipe,kubejs/data/exdeorum/recipe/sieve/moss_block/iron/jungle_sapling.json,.json,529,901327f262621b3f493bca1e90cd2057679ea8d695bad1362360fc18d8f5935a
data,exdeorum,recipe,kubejs/data/exdeorum/recipe/sieve/moss_block/iron/magic_sapling.json,.json,795,37e62ba285674ea4c133cdb1e1c852e6fca4e9688e5daa3c54f5f92e1aac3b80
data,exdeorum,recipe,kubejs/data/exdeorum/recipe/sieve/moss_block/iron/mahogany_sapling.json,.json,798,fedd850949d8270880ef870b205a5ea0d4478a3355aeddb0cd834255a5e237f8
data,exdeorum,recipe,kubejs/data/exdeorum/recipe/sieve/moss_block/iron/mangrove_propagule.json,.json,533,4f8e0b4655bff175debd4145ab8ed99b27278600ebd0e01d9987a337059378e1
data,exdeorum,recipe,kubejs/data/exdeorum/recipe/sieve/moss_block/iron/maple_sapling.json,.json,795,81ef4065c54d3f30b4f124deaa48a1230193f70e15d7dc0d2ec4ac2d601ff729
data,exdeorum,recipe,kubejs/data/exdeorum/recipe/sieve/moss_block/iron/oak_sapling.json,.json,526,1b967b9636c27c1eabceb811d41c18af4194159b4160807241fff17101a04bc5
data,exdeorum,recipe,kubejs/data/exdeorum/recipe/sieve/moss_block/iron/orange_autumn_sapling.json,.json,803,19d427044578104c7b48524e5748dfe1e65859cdc91d5726f4ae9df23277301d
data,exdeorum,recipe,kubejs/data/exdeorum/recipe/sieve/moss_block/iron/origin_sapling.json,.json,796,517e9ff271101ed3ec360d94c93f165847708a70b17f4baab4dcf2fb8911b3fd
data,exdeorum,recipe,kubejs/data/exdeorum/recipe/sieve/moss_block/iron/palm_sapling.json,.json,794,1869ee6f8ab31084878e0871365ed31c680cd94cd9f592a3c14e02f117913a74
data,exdeorum,recipe,kubejs/data/exdeorum/recipe/sieve/moss_block/iron/purple_archwood_sapling.json,.json,804,03310fd436547906c25e8cf712689e385555860a6393d55b5a20f7719bac4196
data,exdeorum,recipe,kubejs/data/exdeorum/recipe/sieve/moss_block/iron/rainbow_birch_sapling.json,.json,803,af9c196c13435f53b1d0c6a04e8496791d408cfbc2288b4c23f0dbc92afbeb5e
data,exdeorum,recipe,kubejs/data/exdeorum/recipe/sieve/moss_block/iron/red_archwood_sapling.json,.json,801,691ca5f07b93cf9f09e6aad55318f6975b5e4aa43a73c0f5831037de7d19bab8
data,exdeorum,recipe,kubejs/data/exdeorum/recipe/sieve/moss_block/iron/redwood_sapling.json,.json,797,11fd58e3a04cf309af4c6a10cd1106be063e72f813181684df26ae138f117426
data,exdeorum,recipe,kubejs/data/exdeorum/recipe/sieve/moss_block/iron/small_dripleaf.json,.json,534,4b6fc63fb86e81dd8d5c333a9cdc19ad395e87d10aca27e25e216bd1c6fb4137
data,exdeorum,recipe,kubejs/data/exdeorum/recipe/sieve/moss_block/iron/snowblossom_sapling.json,.json,801,30c574702f77be99463e99205614ac58a4c1203bc74b3401f34f122946ef116f
data,exdeorum,recipe,kubejs/data/exdeorum/recipe/sieve/moss_block/iron/sourceberry_bush.json,.json,796,17ad62a560617167e12dbca6cc69d3534a942a01b6236eb054011a380d407a06
data,exdeorum,recipe,kubejs/data/exdeorum/recipe/sieve/moss_block/iron/spore_blossom.json,.json,527,50f7065980a5405ae66246b6c0eb9b785c5ffffbe5001ad774075f5ab71eebb4
data,exdeorum,recipe,kubejs/data/exdeorum/recipe/sieve/moss_block/iron/spruce_sapling.json,.json,529,e060c43372558bb2ee7219fc2eb38d8bfde07ac4461d3ec8aafdea29a7d186f3
data,exdeorum,recipe,kubejs/data/exdeorum/recipe/sieve/moss_block/iron/umbran_sapling.json,.json,796,099411bf534cdc4aa851b91271e964bc5889d35769adfa753d29a2341cd20ce9
data,exdeorum,recipe,kubejs/data/exdeorum/recipe/sieve/moss_block/iron/willow_sapling.json,.json,796,061c4d46fc92004df2dc0b2c92b299ffabbdd7899694e7a10b3ee1cfc4db3485
data,exdeorum,recipe,kubejs/data/exdeorum/recipe/sieve/moss_block/iron/yellow_autumn_sapling.json,.json,803,4068eaa792bdc09934d3c276e7ff8c0b96cde49e49ae1040531ce14acdc4acbe
data,exdeorum,recipe,kubejs/data/exdeorum/recipe/sieve/moss_block/netherite/acacia_sapling.json,.json,534,349229526222e1af9472958c6f1a7973d18490fa69bb4e400809cc6da33454bc
data,exdeorum,recipe,kubejs/data/exdeorum/recipe/sieve/moss_block/netherite/azalea.json,.json,526,822809f5ce92625880dcb90cbb304c7cfe666ea0f2f7a8016c9f29005dfef4ac
data,exdeorum,recipe,kubejs/data/exdeorum/recipe/sieve/moss_block/netherite/big_dripleaf.json,.json,537,88b91d0f688e63389b36ca83cef3888c4cd14bb4a657e7247c12d8d3f74aeae4
data,exdeorum,recipe,kubejs/data/exdeorum/recipe/sieve/moss_block/netherite/birch_sapling.json,.json,533,e9f30c3bb40e288bd60d978fb3ae937e8ddfa903153927c18bb26f1c822d4baa
data,exdeorum,recipe,kubejs/data/exdeorum/recipe/sieve/moss_block/netherite/blue_archwood_sapling.json,.json,807,d2e1bac9b0041ea37e938cb8c0b93a4c74a1e170528dc75c1211647f7bcfb341
data,exdeorum,recipe,kubejs/data/exdeorum/recipe/sieve/moss_block/netherite/cherry_sapling.json,.json,534,4d49af6cc54f953bd46c5dca35dddfdafc6e8ca8d654a4ff3ee534eddbf135a5
data,exdeorum,recipe,kubejs/data/exdeorum/recipe/sieve/moss_block/netherite/dark_oak_sapling.json,.json,536,1ad457ecec8b7cfb0caedd87350a331023797b3289c06a227abd9c4e4e5c6bfb
data,exdeorum,recipe,kubejs/data/exdeorum/recipe/sieve/moss_block/netherite/dead_sapling.json,.json,799,9bd8981c0360604175c79b5dc931864ffb5ab3735fafc4320c00c97331bd21e2
data,exdeorum,recipe,kubejs/data/exdeorum/recipe/sieve/moss_block/netherite/fir_sapling.json,.json,798,91a0a1c988b1a327badce85f58df3589dd2351b01e938747eab1de9262ad7995
data,exdeorum,recipe,kubejs/data/exdeorum/recipe/sieve/moss_block/netherite/flowering_oak_sapling.json,.json,808,99ffc5616db2b2718a0f7fcf46849ca5c1ed0e837c5aa76be58b733eef16e116
data,exdeorum,recipe,kubejs/data/exdeorum/recipe/sieve/moss_block/netherite/glow_berries.json,.json,524,301c02d0bf4e689f44dab10887bcfaf65c16c9bb934d40e534ad47758665f33a
data,exdeorum,recipe,kubejs/data/exdeorum/recipe/sieve/moss_block/netherite/green_archwood_sapling.json,.json,808,48811c82276de195c0bdb72f5354a2dc26578dba921dbb7818d9fb7e425075e5
data,exdeorum,recipe,kubejs/data/exdeorum/recipe/sieve/moss_block/netherite/hellbark_sapling.json,.json,803,a335e1e2b1cdd812846dd2e9e7d6d161fe6172b08a0cec15118a19ef05d7f421
data,exdeorum,recipe,kubejs/data/exdeorum/recipe/sieve/moss_block/netherite/jacaranda_sapling.json,.json,804,58ac8f3084326a42ae5a8ab1343867e529a1c37379adbb63b2d208c63bd31a50
data,exdeorum,recipe,kubejs/data/exdeorum/recipe/sieve/moss_block/netherite/jungle_sapling.json,.json,534,7e9029dced42908bac1e6783b482b0c59c59dcd5587fe178cec46e5ac8d62448
data,exdeorum,recipe,kubejs/data/exdeorum/recipe/sieve/moss_block/netherite/magic_sapling.json,.json,800,e598db0d086e9547eb2259cbada4982bbb9ff0cf7a6e65e9c8ea8e17adafb950
data,exdeorum,recipe,kubejs/data/exdeorum/recipe/sieve/moss_block/netherite/mahogany_sapling.json,.json,803,677f01f417b0c820a2c4b960b0f879194835da7ee04075ae3aa972e17c1b0589
data,exdeorum,recipe,kubejs/data/exdeorum/recipe/sieve/moss_block/netherite/mangrove_propagule.json,.json,538,d88945b2e97429741ccb3ee90cd8391d2fc64cd1aeda82818c28a5d83cbddc77
data,exdeorum,recipe,kubejs/data/exdeorum/recipe/sieve/moss_block/netherite/maple_sapling.json,.json,800,e9c43930df833e9d69f36f41c5cbf8258650107b6519c08bd4ac44009c13f38c
data,exdeorum,recipe,kubejs/data/exdeorum/recipe/sieve/moss_block/netherite/oak_sapling.json,.json,531,0a18c91b59ab58602391dfb248d388e6784a8f8e077a2d0ff370a6b56d685754
data,exdeorum,recipe,kubejs/data/exdeorum/recipe/sieve/moss_block/netherite/orange_autumn_sapling.json,.json,808,21d9421544ea7bcab69fa9bb51428feda335ad68a827df3329bb361f140909ef
data,exdeorum,recipe,kubejs/data/exdeorum/recipe/sieve/moss_block/netherite/origin_sapling.json,.json,801,fdb632e412ec305cccbde1ac473b8bb19162c9e37050a633d7294b491e31d00e
data,exdeorum,recipe,kubejs/data/exdeorum/recipe/sieve/moss_block/netherite/palm_sapling.json,.json,799,c2c313da80e68d8ad0f40e2cc49423d81aa73cbf8c0da12c6646631e4d1cd998
data,exdeorum,recipe,kubejs/data/exdeorum/recipe/sieve/moss_block/netherite/purple_archwood_sapling.json,.json,809,99114e79d981a9d38fb86e2da2f39aef989ca2c6a81a9eef4e5bd971bbc01403
data,exdeorum,recipe,kubejs/data/exdeorum/recipe/sieve/moss_block/netherite/rainbow_birch_sapling.json,.json,808,45e5d153ff64d18577ec64c25583694593beb9e05442a2793acb5c7749a143e5
data,exdeorum,recipe,kubejs/data/exdeorum/recipe/sieve/moss_block/netherite/red_archwood_sapling.json,.json,806,968c12c975974e649e529d342b05c218ae2895769ac7c68cf456795283883853
data,exdeorum,recipe,kubejs/data/exdeorum/recipe/sieve/moss_block/netherite/redwood_sapling.json,.json,802,09c1e1b8b2dc9d2ce21a124ca0376c488a7e7da872bc9b074dbaf50cbec14431
data,exdeorum,recipe,kubejs/data/exdeorum/recipe/sieve/moss_block/netherite/small_dripleaf.json,.json,535,506f7a6256de8ce67f02dfe4bd227779d89b7120d13cd8bfc39bea2e9a4475c7
data,exdeorum,recipe,kubejs/data/exdeorum/recipe/sieve/moss_block/netherite/snowblossom_sapling.json,.json,806,2a8ecbd95163747e4a5ca7bbbe1753c56c2a117cb12bf0cc66c7bc9d30302c54
data,exdeorum,recipe,kubejs/data/exdeorum/recipe/sieve/moss_block/netherite/sourceberry_bush.json,.json,801,9c5c3d8c36a9ac22b5c3457d4dc2b5ad7c177e8b4b3f45c49b115acd57213293
data,exdeorum,recipe,kubejs/data/exdeorum/recipe/sieve/moss_block/netherite/spore_blossom.json,.json,534,19e29e961861f9b13abcdfa03f844fbe7428c0edd1cc3349dd9e2c04ce178563
data,exdeorum,recipe,kubejs/data/exdeorum/recipe/sieve/moss_block/netherite/spruce_sapling.json,.json,534,cde7474448512d1460161ec76e2a64ed7786c54d2e38ed5ed0fd3bfd60fbfd08
data,exdeorum,recipe,kubejs/data/exdeorum/recipe/sieve/moss_block/netherite/umbran_sapling.json,.json,801,141422307821c815dd6ffb5728ba8f327016ab33230515cbf4161a3d98031ef0
data,exdeorum,recipe,kubejs/data/exdeorum/recipe/sieve/moss_block/netherite/willow_sapling.json,.json,801,bafde840769ab2f08855836d93cbb03a6e17e4b337cd42478c262362590aab6e
data,exdeorum,recipe,kubejs/data/exdeorum/recipe/sieve/moss_block/netherite/yellow_autumn_sapling.json,.json,808,7db551c5781c0df94c276b84c84d417d8f0d1ffd8422063ab9c561d1512b2f94
data,exdeorum,recipe,kubejs/data/exdeorum/recipe/sieve/moss_block/string/acacia_sapling.json,.json,531,6fb11fc282256eccbb75a5dcea9d6c7fe8623e598b0c82b1593dc88c764bc986
data,exdeorum,recipe,kubejs/data/exdeorum/recipe/sieve/moss_block/string/azalea.json,.json,521,19fd7a27b695ecd746e8067b842e2caff7f801ef4f2758fcce9f554bbafcb079
data,exdeorum,recipe,kubejs/data/exdeorum/recipe/sieve/moss_block/string/big_dripleaf.json,.json,529,383dff653a870ee4e2a4d1f19014d568b8142083e1eef8c29d2cedb3d05c6f68
data,exdeorum,recipe,kubejs/data/exdeorum/recipe/sieve/moss_block/string/birch_sapling.json,.json,530,328e42eabbd70cbb2bf3053f691f206dba7bbf35bf444dd66d9f2a885fe7797a
data,exdeorum,recipe,kubejs/data/exdeorum/recipe/sieve/moss_block/string/blue_archwood_sapling.json,.json,804,ebde35a3bd800bfa2a897ed2ef5a6f4082f8289a50eed72ccb9db48505a1d96d
data,exdeorum,recipe,kubejs/data/exdeorum/recipe/sieve/moss_block/string/cherry_sapling.json,.json,531,3830a6423457b9d5e0ead1e35a60f7637516220f93383c1bcc6bb307bda10a6f
data,exdeorum,recipe,kubejs/data/exdeorum/recipe/sieve/moss_block/string/dark_oak_sapling.json,.json,533,06cd2306061f1e8aa669d1274b6fc01c37cdba848bb80f705ea350522a356081
data,exdeorum,recipe,kubejs/data/exdeorum/recipe/sieve/moss_block/string/dead_sapling.json,.json,796,177c9c6193ffcac27e96eb98aa5f50882e0a4efc9ad283251a5043f5a03f8974
data,exdeorum,recipe,kubejs/data/exdeorum/recipe/sieve/moss_block/string/fir_sapling.json,.json,795,f2c300db19edc7a9f42efc8e92aa920277842a8bb578efa9c0f7ef8ec2809de9
data,exdeorum,recipe,kubejs/data/exdeorum/recipe/sieve/moss_block/string/flowering_oak_sapling.json,.json,805,7fe23db9bddcb6d86b5ee8a72c44e13d73e6fff99b473b4aaf5932ac2db22257
data,exdeorum,recipe,kubejs/data/exdeorum/recipe/sieve/moss_block/string/glow_berries.json,.json,527,80463aa17a6c3999f21629416b9b148da9bd63f1e81599497bd8bb9b64266b3a
data,exdeorum,recipe,kubejs/data/exdeorum/recipe/sieve/moss_block/string/green_archwood_sapling.json,.json,805,7b85d7779c36de69056423e8270b1511b708e1b682844bc6397dd3bf51194d19
data,exdeorum,recipe,kubejs/data/exdeorum/recipe/sieve/moss_block/string/hellbark_sapling.json,.json,800,8c3b595213bfb2c698894419c39e82793f69cf704d4bdea4b13148b8c3e9a767
data,exdeorum,recipe,kubejs/data/exdeorum/recipe/sieve/moss_block/string/jacaranda_sapling.json,.json,801,8ea4f62ee1a95a3d6dcaffb1fc37d02c4564bb043dd18769ca9182b72b196eba
data,exdeorum,recipe,kubejs/data/exdeorum/recipe/sieve/moss_block/string/jungle_sapling.json,.json,531,5dda84aeb9870fdec066a3a02a067fade10fadcac6b9f79956d5c3c6c82626ff
data,exdeorum,recipe,kubejs/data/exdeorum/recipe/sieve/moss_block/string/magic_sapling.json,.json,797,cc207fa76e9baff6d0f4799b2f1b1fcaced29c7100658621a764abe7f3e6db83
data,exdeorum,recipe,kubejs/data/exdeorum/recipe/sieve/moss_block/string/mahogany_sapling.json,.json,800,068f8c74f3364bcc3dc4a579104877d4ec1107e377ce2df6a648c0c1404f78a2
data,exdeorum,recipe,kubejs/data/exdeorum/recipe/sieve/moss_block/string/mangrove_propagule.json,.json,535,a5d56e4042f53788989c4d3c58fa66d2fd126d4d5933e23889e6f9f792f20316
data,exdeorum,recipe,kubejs/data/exdeorum/recipe/sieve/moss_block/string/maple_sapling.json,.json,797,dbb9bab8d706e858ecce558a564cea9b12494849de1e5741487d893c6d8f1d45
data,exdeorum,recipe,kubejs/data/exdeorum/recipe/sieve/moss_block/string/oak_sapling.json,.json,520,ed93940b9acca7acabb390e253699003d46da8d94fcef9385a38c7d9e1d7b354
data,exdeorum,recipe,kubejs/data/exdeorum/recipe/sieve/moss_block/string/orange_autumn_sapling.json,.json,805,c6abda551530ec9a27089228515364fbfacd7dbd8f2a0087e244c7d87f20f5e1
data,exdeorum,recipe,kubejs/data/exdeorum/recipe/sieve/moss_block/string/origin_sapling.json,.json,798,3a4d5d733fb94d1a001cf7e7e8f330f7a62fa3042ae8025f077aed0cde687ed2
data,exdeorum,recipe,kubejs/data/exdeorum/recipe/sieve/moss_block/string/palm_sapling.json,.json,796,5b4f720c633ea54a28a0001a1495246e5170f46d8ead39a70036d23ed13bbf6f
data,exdeorum,recipe,kubejs/data/exdeorum/recipe/sieve/moss_block/string/purple_archwood_sapling.json,.json,806,13cc2268db554505b0a61d9ec2a43a8c45188d0fef77bad3c4d5b498d1355ccf
data,exdeorum,recipe,kubejs/data/exdeorum/recipe/sieve/moss_block/string/rainbow_birch_sapling.json,.json,805,bee35ed1939772d5bace1fb0cb8a4e7deb114c29e085eff489b655e7ca7acc3d
data,exdeorum,recipe,kubejs/data/exdeorum/recipe/sieve/moss_block/string/red_archwood_sapling.json,.json,803,8e245c26d2ee65ec6399b2f312f9a2fd2bc70d96367f416e876dfb84d9f2127b
data,exdeorum,recipe,kubejs/data/exdeorum/recipe/sieve/moss_block/string/redwood_sapling.json,.json,799,66686459ea2d0169efa0294a2070e5c58003740f3c598990100789395157ed56
data,exdeorum,recipe,kubejs/data/exdeorum/recipe/sieve/moss_block/string/small_dripleaf.json,.json,531,0e1c25ee10929c322663d706f05b3a40308391a5fe02f83ece0fedf666ecc32c
data,exdeorum,recipe,kubejs/data/exdeorum/recipe/sieve/moss_block/string/snowblossom_sapling.json,.json,803,a68ca35f31d717c83d0b646f912746710d76303adf0ca1fb920fa332a09e25bd
data,exdeorum,recipe,kubejs/data/exdeorum/recipe/sieve/moss_block/string/sourceberry_bush.json,.json,798,ff3a0ae76d1012eaabf9378c7687308ea417ca41d1e07b026283d0111f17833a
data,exdeorum,recipe,kubejs/data/exdeorum/recipe/sieve/moss_block/string/spore_blossom.json,.json,530,bd6addafb951b2fea64434cc631c299c2e7d61c6c2c8927d931e2d12041220a9
data,exdeorum,recipe,kubejs/data/exdeorum/recipe/sieve/moss_block/string/spruce_sapling.json,.json,531,4600d1d01efc73295c79e91f6902e9ef753c06f9fc7d266ad1100d435e729ef0
data,exdeorum,recipe,kubejs/data/exdeorum/recipe/sieve/moss_block/string/umbran_sapling.json,.json,798,ab3c6217b2bed4d1d0fb916b5ac9f7dd2679872120c953f2426eab78df50c25a
data,exdeorum,recipe,kubejs/data/exdeorum/recipe/sieve/moss_block/string/willow_sapling.json,.json,798,1b1e570c9307d67a17c9c5a402708d521e5e45774230e53dda6804321c231461
data,exdeorum,recipe,kubejs/data/exdeorum/recipe/sieve/moss_block/string/yellow_autumn_sapling.json,.json,805,098bb52fa9b61a12a2a19f4b54ce6d70ced941d41a2c4aa51191309138e2283f
data,exdeorum,recipe,kubejs/data/exdeorum/recipe/sieve/red_sand/diamond/cactus.json,.json,521,5e4de77b86e4aa1e4d18efd8b4f578a17d85059c824073b8ecafb99b8fb888a3
data,exdeorum,recipe,kubejs/data/exdeorum/recipe/sieve/red_sand/diamond/dead_bush.json,.json,525,1f35eef785f936c71dfb6ae147de05aeab9788c9022356ab81fad1e89d1c088c
data,exdeorum,recipe,kubejs/data/exdeorum/recipe/sieve/red_sand/diamond/gold_nugget.json,.json,519,760fd82640dbe2125c98d178fd8811cafcf25ffbaafb2714f430815d64e222b9
data,exdeorum,recipe,kubejs/data/exdeorum/recipe/sieve/red_sand/diamond/raw_gold.json,.json,522,a70fef340ad1dcf9a81fab1be9f71accbcc81690aded5e52e819ef7c2ce4a4ec
data,exdeorum,recipe,kubejs/data/exdeorum/recipe/sieve/red_sand/diamond/redstone.json,.json,523,185c4e3fdb838ede31db9f9bd84a71b0fa0ed2f90434d0c1b14e5b76a871c96f
data,exdeorum,recipe,kubejs/data/exdeorum/recipe/sieve/red_sand/flint/cactus.json,.json,512,4dbf035074f96e084f2c784906cd87a0c0b7f00a2e962560b5caf7fa130af1d3
data,exdeorum,recipe,kubejs/data/exdeorum/recipe/sieve/red_sand/flint/dead_bush.json,.json,523,6ed65c8a4d3300ec20d855b7ca691a831d474d50557c738d9002075103af73cc
data,exdeorum,recipe,kubejs/data/exdeorum/recipe/sieve/red_sand/flint/gold_nugget.json,.json,523,c088f943e334dd8fc378abbac2e745da2a0ad47b627d977d5a814fdfc0d60e9b
data,exdeorum,recipe,kubejs/data/exdeorum/recipe/sieve/red_sand/flint/raw_gold.json,.json,520,eee39b53f355f444a50fdf046d5fa0f80212549ecf9b6d7f4b745804467da239
data,exdeorum,recipe,kubejs/data/exdeorum/recipe/sieve/red_sand/flint/redstone.json,.json,522,a3bd2af26fe96607ef3c758b8d97a450214fa61288fbee6ed5787e100d6f9ca5
data,exdeorum,recipe,kubejs/data/exdeorum/recipe/sieve/red_sand/golden/cactus.json,.json,519,a0c13ba20bb3e14213af66eeca672ed56b9105c2d092b5cd9e42fb3dce70a2a0
data,exdeorum,recipe,kubejs/data/exdeorum/recipe/sieve/red_sand/golden/dead_bush.json,.json,524,afd3e80b829ba4f1df49d420d067da5e19cce7816c1eb78d9bc57621e3787750
data,exdeorum,recipe,kubejs/data/exdeorum/recipe/sieve/red_sand/golden/gold_nugget.json,.json,518,fc57d5d687560e322135119d48699e59211e7ca4a2e5102cd563e6563f42d34c
data,exdeorum,recipe,kubejs/data/exdeorum/recipe/sieve/red_sand/golden/raw_gold.json,.json,523,7da16e96576d42b4e47562d9c5643c09a6da7544e262c422937de964a8aacf25
data,exdeorum,recipe,kubejs/data/exdeorum/recipe/sieve/red_sand/golden/redstone.json,.json,523,a19fbea90b0e7db5cd2b197b35993661e13f96726f1185ab552b468b054936bd
data,exdeorum,recipe,kubejs/data/exdeorum/recipe/sieve/red_sand/iron/cactus.json,.json,511,cb23700d1feb2fe5ef6643a58940b68d86b872807a9b41d3a7161d755c784985
data,exdeorum,recipe,kubejs/data/exdeorum/recipe/sieve/red_sand/iron/dead_bush.json,.json,522,826ccb4205aa2a9d5c032264f749ceb5caf2b3d6a34fdd984af4c01754d7f811
data,exdeorum,recipe,kubejs/data/exdeorum/recipe/sieve/red_sand/iron/gold_nugget.json,.json,524,dc683f5b7884cd9cdb04546edac414dc9d8d625ac594e7a24cfcd5c444eea479
data,exdeorum,recipe,kubejs/data/exdeorum/recipe/sieve/red_sand/iron/raw_gold.json,.json,520,0d48a25a66408c650b2e961398fcbb83b9b7e353acef6ca7fdd57aa09ccba5ee
data,exdeorum,recipe,kubejs/data/exdeorum/recipe/sieve/red_sand/iron/redstone.json,.json,521,68c32c1a9a67cfca7318d90e3221eac6936c8cb26fd9f813b97183193627a5e1
data,exdeorum,recipe,kubejs/data/exdeorum/recipe/sieve/red_sand/netherite/cactus.json,.json,522,e72d06f554d8db3c15fa75d8e2b89b9ca5ef8719e2bb01c356320fefacd30e99
data,exdeorum,recipe,kubejs/data/exdeorum/recipe/sieve/red_sand/netherite/gold_nugget.json,.json,529,89efd6c975cc9b56b2371995f05707f971dc4fe227eeaf47904fb8cdbf3bf1b8
data,exdeorum,recipe,kubejs/data/exdeorum/recipe/sieve/red_sand/netherite/raw_gold.json,.json,525,4bfb68d951ea504df38e6c17eed218b193f04e4093baf83ce050fe899015e6e5
data,exdeorum,recipe,kubejs/data/exdeorum/recipe/sieve/red_sand/netherite/redstone.json,.json,518,a4ecb2ef4148f11791151e6f01361021c3cbcf84542a92c1124915b01d42afb9
data,exdeorum,recipe,kubejs/data/exdeorum/recipe/sieve/red_sand/string/cactus.json,.json,513,7d055c9eed00b9e6752cf9564fffa0bdcb662bd4278c0b5f87627be0680b5047
data,exdeorum,recipe,kubejs/data/exdeorum/recipe/sieve/red_sand/string/dead_bush.json,.json,524,494b0e854aaedf3d6d21164d780397b41349626002ae6f67eb5d788e805b95b6
data,exdeorum,recipe,kubejs/data/exdeorum/recipe/sieve/red_sand/string/gold_nugget.json,.json,526,77a6ab80f756fd9190e1582a35344f609e3499a49717b8897406f0e4f4e308a7
data,exdeorum,recipe,kubejs/data/exdeorum/recipe/sieve/red_sand/string/raw_gold.json,.json,523,6b91d802f42e427178a0529c4d9a72c22af4c1753a167b46938305f3982fb3d8
data,exdeorum,recipe,kubejs/data/exdeorum/recipe/sieve/red_sand/string/redstone.json,.json,521,28acf850cf281b43b45965e8ad46d1d39d7297a43c429dce78c1a45ded815ad5
data,exdeorum,recipe,kubejs/data/exdeorum/recipe/sieve/sand/diamond/certus_quartz_crystal.json,.json,782,287219f34fcf6ddcd1d5f4721ad1f4f5c90482a42c97a87ab1bb27de4e2022e9
data,exdeorum,recipe,kubejs/data/exdeorum/recipe/sieve/sand/diamond/charged_certus_quartz_crystal.json,.json,789,9d33efcb1bfe665f2813049d486d9e1d70247b7921fac30e8a4d934e21be8ad8
data,exdeorum,recipe,kubejs/data/exdeorum/recipe/sieve/sand/diamond/flint.json,.json,509,721ab5926b8f8416fb69fe9e693f61710cb037da8c640c34ca32ae6613e70017
data,exdeorum,recipe,kubejs/data/exdeorum/recipe/sieve/sand/diamond/gold_nugget.json,.json,522,f02997e7bb737248739d84ba86be1c5dee283d4d372c90be422a097a70f45c9a
data,exdeorum,recipe,kubejs/data/exdeorum/recipe/sieve/sand/diamond/iron_nugget.json,.json,522,4d32512b3d39916d284bc381bd3ec190034380982e50355daa4b34a6919c342b
data,exdeorum,recipe,kubejs/data/exdeorum/recipe/sieve/sand/diamond/prismarine_crystals.json,.json,531,d8ec6fee70f5ab424309c2591ed061f7e8eb381748780feb7bf14bb55b55f9ea
data,exdeorum,recipe,kubejs/data/exdeorum/recipe/sieve/sand/diamond/prismarine_shard.json,.json,528,27b1e78220f93942b22c52bd80ba38df08755cca616ed97a40f4e5e707e0cedd
data,exdeorum,recipe,kubejs/data/exdeorum/recipe/sieve/sand/flint/certus_quartz_crystal.json,.json,778,12fa46f0ba8afcc6641e6db6bb193134b94333bcbf9a86218f3ff11abb57a9be
data,exdeorum,recipe,kubejs/data/exdeorum/recipe/sieve/sand/flint/charged_certus_quartz_crystal.json,.json,789,379fba5c9c7a8e73b105a9c0756a9ec633f99479071ad9e413f3711ce2354789
data,exdeorum,recipe,kubejs/data/exdeorum/recipe/sieve/sand/flint/dead_bush.json,.json,519,8e02b5575c2346c28906cf4414a746cfde525f24000a034c1dd4a0210eceefae
data,exdeorum,recipe,kubejs/data/exdeorum/recipe/sieve/sand/flint/flint.json,.json,507,13da4c1fa613deeb40636ea3c0272f481dbed8499dd455818bed46aa923df345
data,exdeorum,recipe,kubejs/data/exdeorum/recipe/sieve/sand/flint/gold_nugget.json,.json,519,26a9fa1e1f90e597f8c07770793af0b48445896b408c32ecf52a8e1a358e778d
data,exdeorum,recipe,kubejs/data/exdeorum/recipe/sieve/sand/flint/iron_nugget.json,.json,519,b053ca16a50e399c951c8c8d8e202277691847509dd322feeab597ac2c99b02b
data,exdeorum,recipe,kubejs/data/exdeorum/recipe/sieve/sand/flint/random_pottery_sherd.json,.json,527,b38f6620fa61b91b0afedabb8409834ee05b5b79c11fce62e2b5aa3f256fb67e
data,exdeorum,recipe,kubejs/data/exdeorum/recipe/sieve/sand/golden/cactus.json,.json,516,63595f53263d3750d1437ac90682ba3ed1e986cdc548725f650dd8c9e6babba2
data,exdeorum,recipe,kubejs/data/exdeorum/recipe/sieve/sand/golden/certus_quartz_crystal.json,.json,781,5a2c78a69567561115bb516cbd834003714e8582fe7d489ec889b9ecf768f25e
data,exdeorum,recipe,kubejs/data/exdeorum/recipe/sieve/sand/golden/charged_certus_quartz_crystal.json,.json,790,8335170722507053802d1a1f1e612a0366df34d239fc17638eef141784406ce4
data,exdeorum,recipe,kubejs/data/exdeorum/recipe/sieve/sand/golden/dead_bush.json,.json,519,76be9029150547594786614e4616be823965fffec9afe88729fd1dc733ab8edb
data,exdeorum,recipe,kubejs/data/exdeorum/recipe/sieve/sand/golden/flint.json,.json,515,560a8edd7c051cc56dc7f77cba4176c385122c1e7a90f9a0285c4c54c19ce95f
data,exdeorum,recipe,kubejs/data/exdeorum/recipe/sieve/sand/golden/gold_nugget.json,.json,514,703826d04398e31ea0c4dbc700cbbde42a6b96bc15d8be82de1163b236ca5de9
data,exdeorum,recipe,kubejs/data/exdeorum/recipe/sieve/sand/golden/iron_nugget.json,.json,520,5809347dfbaefc3471fcacbc2c1fc26677e659b98d1bbb628b82fd07926d7411
data,exdeorum,recipe,kubejs/data/exdeorum/recipe/sieve/sand/golden/kelp.json,.json,515,130fbd8bc541359f072fabca8a2d238b724cd03a39984a98b7dfa12171b3c5d1
data,exdeorum,recipe,kubejs/data/exdeorum/recipe/sieve/sand/golden/prismarine_crystals.json,.json,528,d6bb731cb540939ea051b0b6473e56758e369b348d1d45cd4f056784c477c988
data,exdeorum,recipe,kubejs/data/exdeorum/recipe/sieve/sand/golden/prismarine_shard.json,.json,525,aa215c6185a69a81c6d4382798f1dde0253d8edfd0565f499fd8bf741d480bae
data,exdeorum,recipe,kubejs/data/exdeorum/recipe/sieve/sand/golden/random_armor_trim.json,.json,526,865a5fd6be61986bf6a167dbdfa8ebf7ea88292b7f144798055c5e00cfc5bbdd
data,exdeorum,recipe,kubejs/data/exdeorum/recipe/sieve/sand/golden/raw_gold.json,.json,517,acfd4ddad3aeed039c425d1cbfb1e80a2da88ed3b50fdf3a02d63c726f78a4fe
data,exdeorum,recipe,kubejs/data/exdeorum/recipe/sieve/sand/golden/sea_pickle.json,.json,521,30d886947e7a186ca519aa2d9018a89ea88b5658f259dfabf8105aeb581c35fc
data,exdeorum,recipe,kubejs/data/exdeorum/recipe/sieve/sand/iron/cactus.json,.json,515,153ddea247c4d4bbc5bb3e78a840f99458e7d9ee1a15be53f0aa47cc91248e01
data,exdeorum,recipe,kubejs/data/exdeorum/recipe/sieve/sand/iron/certus_quartz_crystal.json,.json,778,de6dc4c14a6415dc42179f4827bad7d1a0f0e03df435fc1db0a7440fdb989c3e
data,exdeorum,recipe,kubejs/data/exdeorum/recipe/sieve/sand/iron/charged_certus_quartz_crystal.json,.json,789,62ebe9f605a8ab7246b4ea91fc1d59d404de8271e620e5af04a73ed4b1cec58a
data,exdeorum,recipe,kubejs/data/exdeorum/recipe/sieve/sand/iron/dead_bush.json,.json,516,731803b9f1ae4e44173d5fe2080c29fed565c141d525511012bf8649434a932f
data,exdeorum,recipe,kubejs/data/exdeorum/recipe/sieve/sand/iron/flint.json,.json,506,a3af37343337a4470c80fa2544cc6b9177aecc3ba88fbbfa6252dcf8f6669010
data,exdeorum,recipe,kubejs/data/exdeorum/recipe/sieve/sand/iron/gold_nugget.json,.json,519,41440e43f12af77fb44d545f3200ee4510f31847e53cfc85b96b58eae9407033
data,exdeorum,recipe,kubejs/data/exdeorum/recipe/sieve/sand/iron/iron_nugget.json,.json,519,71b206e9452f904a973385579f923b75bac17ecf3bfffbc81c25411757d1df9b
data,exdeorum,recipe,kubejs/data/exdeorum/recipe/sieve/sand/iron/kelp.json,.json,513,a81cf176ea9fd36e80fcf904b55f5fd1b53f98b4d54ffedf44a40382b1f4a524
data,exdeorum,recipe,kubejs/data/exdeorum/recipe/sieve/sand/iron/prismarine_crystals.json,.json,527,e87466f15b671c022864c74a8818f173ad337c6123bfbc9b2b5604146c955b62
data,exdeorum,recipe,kubejs/data/exdeorum/recipe/sieve/sand/iron/prismarine_shard.json,.json,524,0412e43ffc31dd6f4f15675ae7299e17220a40f8f05d1ba9beb6ba4cd5bb6052
data,exdeorum,recipe,kubejs/data/exdeorum/recipe/sieve/sand/iron/sea_pickle.json,.json,519,7fea042e040cbc2c4ba5719542b63468b2b136dfbe28d62c07d5798b54397e41
data,exdeorum,recipe,kubejs/data/exdeorum/recipe/sieve/sand/netherite/cactus.json,.json,520,d022972f18c527a81b818e76aeff10e3164197d38abde4d8e137662446d9cbfa
data,exdeorum,recipe,kubejs/data/exdeorum/recipe/sieve/sand/netherite/certus_quartz_crystal.json,.json,785,571df8bd23c08be71f89a6b9f7f92cb872d48370a91aa434f60ffbaba845fb12
data,exdeorum,recipe,kubejs/data/exdeorum/recipe/sieve/sand/netherite/charged_certus_quartz_crystal.json,.json,793,0922b97ac7703e1280035b85efac5169e54dd24080c0d67302c1653c08726e06
data,exdeorum,recipe,kubejs/data/exdeorum/recipe/sieve/sand/netherite/flint.json,.json,511,79854df32a870f1b1ad8ca6ab5627b8603e8aefbafcf7cfb78327728fe8c76c3
data,exdeorum,recipe,kubejs/data/exdeorum/recipe/sieve/sand/netherite/gold_nugget.json,.json,525,5cc422320d6657f15f92cf6a9f67c3a185be6c481adc0c9598c4b5835bb9bef5
data,exdeorum,recipe,kubejs/data/exdeorum/recipe/sieve/sand/netherite/iron_nugget.json,.json,525,d231e408fc43c1e3c45c4915e108485cecdf6369514a3a90af453494d729da18
data,exdeorum,recipe,kubejs/data/exdeorum/recipe/sieve/sand/netherite/kelp.json,.json,517,827bccb0f48e97417716384e5b02608432c0c86ce1285d000f92804a824e5cd1
data,exdeorum,recipe,kubejs/data/exdeorum/recipe/sieve/sand/netherite/prismarine_crystals.json,.json,531,1066633ea37828315ab8319f9ce698172f8b33ae35b020b6ad6d5b00c9abd6fa
data,exdeorum,recipe,kubejs/data/exdeorum/recipe/sieve/sand/netherite/prismarine_shard.json,.json,528,63b12876b9e4590f597082718ef140ed42bb4864197456a1d52455323ebeaa41
data,exdeorum,recipe,kubejs/data/exdeorum/recipe/sieve/sand/netherite/sea_pickle.json,.json,524,00d50d32421ecfa06ce1052a91524f01fa55da86588594d3d4885a577594e77f
data,exdeorum,recipe,kubejs/data/exdeorum/recipe/sieve/sand/string/cactus.json,.json,517,630ae190fcdfa1935f88e2cc251c8efa0e3d298596b09dd0fa03517720d03283
data,exdeorum,recipe,kubejs/data/exdeorum/recipe/sieve/sand/string/certus_quartz_crystal.json,.json,781,41a6aef319224208f253c17ffe5a26c0a8b0e00d172d524ed4784e28c96bc892
data,exdeorum,recipe,kubejs/data/exdeorum/recipe/sieve/sand/string/charged_certus_quartz_crystal.json,.json,790,49731975e6979d24192640086f18592a453119f1424f3ce010ea421ff4f05aad
data,exdeorum,recipe,kubejs/data/exdeorum/recipe/sieve/sand/string/dead_bush.json,.json,518,10ae76ee85eec69f77602fe56417362aaeeac63d62877ef7b1ddc4aae93da226
data,exdeorum,recipe,kubejs/data/exdeorum/recipe/sieve/sand/string/flint.json,.json,508,a8ae270f66f59cbd0b7d9c1e027868510af956dac489032cac62e8b4b50715ca
data,exdeorum,recipe,kubejs/data/exdeorum/recipe/sieve/sand/string/gold_nugget.json,.json,522,3c78770633c66e82a371fbe50015f3b8c81f66b4d3b25bb1de941dba1a579854
data,exdeorum,recipe,kubejs/data/exdeorum/recipe/sieve/sand/string/iron_nugget.json,.json,522,42ecf184220b12cd7cd3cef39219364d147114582a54884432ecaa065abacb93
data,exdeorum,recipe,kubejs/data/exdeorum/recipe/sieve/sand/string/kelp.json,.json,514,9bf08d9117953a75d9780fd122f2722fa2f332a0041950449eb315d00f168bda
data,exdeorum,recipe,kubejs/data/exdeorum/recipe/sieve/sand/string/sea_pickle.json,.json,521,8763e86922002ed19c7373f4d766e591211692c76b699309067515ece89b398a
data,exdeorum,recipe,kubejs/data/exdeorum/recipe/sieve/soul_sand/diamond/ghast_tear.json,.json,527,6e975a6cf7cbb7215ff18a57e30616479169e1ac806c7e54fc81c49a17a775de
data,exdeorum,recipe,kubejs/data/exdeorum/recipe/sieve/soul_sand/diamond/glowstone_dust.json,.json,531,fb2058a945e3f6c83a3ff1b2a5ce3c62a78fe5a117e08bae05a3aa2769b25c11
data,exdeorum,recipe,kubejs/data/exdeorum/recipe/sieve/soul_sand/diamond/gunpowder.json,.json,526,d6ce098c6a0a6799ea78b5c8ad3ea5c3a8f3c18e926874184d36d42a786c3cd5
data,exdeorum,recipe,kubejs/data/exdeorum/recipe/sieve/soul_sand/diamond/nether_wart.json,.json,527,5c57f482efe50b20f5bef01434cbfb52411dac4686965996cac456fc61ea2241
data,exdeorum,recipe,kubejs/data/exdeorum/recipe/sieve/soul_sand/diamond/quartz.json,.json,515,cbec40a8d3ec202177c8d3bb41ee14da1040d4339cf28b42b4daed415302309b
data,exdeorum,recipe,kubejs/data/exdeorum/recipe/sieve/soul_sand/flint/bone.json,.json,518,29633911e419f26690e91f0618cf20db722e482144cc01614f839e6516593539
data,exdeorum,recipe,kubejs/data/exdeorum/recipe/sieve/soul_sand/flint/crimson_nylium_spores.json,.json,535,5028fbf36825fb8527ef8439eba7f995f575d7f65a715cf847edc884c4681e04
data,exdeorum,recipe,kubejs/data/exdeorum/recipe/sieve/soul_sand/flint/ghast_tear.json,.json,525,1fff5f30e502b0bedef2cad9c95e524d8091e710723d5e02034710f068c22831
data,exdeorum,recipe,kubejs/data/exdeorum/recipe/sieve/soul_sand/flint/glowstone_dust.json,.json,529,3b7f0ff9a5e697ccd34ca0b6f22143a3cb8dcdab1e6822b38909897762fc0c84
data,exdeorum,recipe,kubejs/data/exdeorum/recipe/sieve/soul_sand/flint/gunpowder.json,.json,522,9ad7bc45eb0d8de3a4bf2cd48c4c24da06185c10e9dc621ba3d4019ceee2d2d9
data,exdeorum,recipe,kubejs/data/exdeorum/recipe/sieve/soul_sand/flint/nether_wart.json,.json,525,e74103d02fdf6f5016db41481a3086fdef39672050c26b067484e3e03f58c285
data,exdeorum,recipe,kubejs/data/exdeorum/recipe/sieve/soul_sand/flint/quartz.json,.json,513,f5ffad57311474e462dd71dc852a23c62e6a1310f79d65ef0f7ec2a7aa79156e
data,exdeorum,recipe,kubejs/data/exdeorum/recipe/sieve/soul_sand/flint/warped_nylium_spores.json,.json,534,57ea15d5a0a3786000f621e950e2ff0b95355045c92879287ba457375fdf8c6f
data,exdeorum,recipe,kubejs/data/exdeorum/recipe/sieve/soul_sand/golden/bone.json,.json,520,44aaa428711313ee0d098afdaa248964e7af98b095083414787e884c2c3d8c7b
data,exdeorum,recipe,kubejs/data/exdeorum/recipe/sieve/soul_sand/golden/ghast_tear.json,.json,524,4de505817081764dd3ccca1da2b04a1b90d602237565241cbc6ae3584f891721
data,exdeorum,recipe,kubejs/data/exdeorum/recipe/sieve/soul_sand/golden/glowstone_dust.json,.json,530,6b1b99f3ab423d1c183e8c1417ed098a7db73ae3d7692d580e6bdd02edef08c5
data,exdeorum,recipe,kubejs/data/exdeorum/recipe/sieve/soul_sand/golden/gold_nugget.json,.json,527,ceddbe706ab5b626371242281739da9c97e7c621088bbb3bf33946a8cc688730
data,exdeorum,recipe,kubejs/data/exdeorum/recipe/sieve/soul_sand/golden/gunpowder.json,.json,524,bc9b6f6c10fa2e90dc0df3559ce1e8b5a5e34ff8b20f9af97bf7aae703993e1a
data,exdeorum,recipe,kubejs/data/exdeorum/recipe/sieve/soul_sand/golden/nether_wart.json,.json,525,096a059066536c1b04c2b77f505cee9b86ed8c4038d979222a0692021166787c
data,exdeorum,recipe,kubejs/data/exdeorum/recipe/sieve/soul_sand/golden/quartz.json,.json,514,c22750793781c34f5f65af95a090cb688a58b16ddac6c7decf7d145682be11f8
data,exdeorum,recipe,kubejs/data/exdeorum/recipe/sieve/soul_sand/iron/bone.json,.json,516,94030678f5fb8c752cc2063c6ea3968cd60c1f502d68c1e307cec4712a1b9d6c
data,exdeorum,recipe,kubejs/data/exdeorum/recipe/sieve/soul_sand/iron/ghast_tear.json,.json,523,2b3cd8214dcad2bea0476c10ff849f951ef6e973087d3cab8ff75e97d5ba4d7c
data,exdeorum,recipe,kubejs/data/exdeorum/recipe/sieve/soul_sand/iron/glowstone_dust.json,.json,527,4c2a94e4978e0778030e5ea8fe828f9a400ac418248a50bb4de039e04c5858f0
data,exdeorum,recipe,kubejs/data/exdeorum/recipe/sieve/soul_sand/iron/gunpowder.json,.json,523,c08ef0f7b4857438635fc24d20bda3b51282107bcf2ce5f6b73703ca2226f107
data,exdeorum,recipe,kubejs/data/exdeorum/recipe/sieve/soul_sand/iron/nether_wart.json,.json,525,a0803c87b9c39dec1e5e2bd38cc828af007512b16a436597f3b3d812180253a8
data,exdeorum,recipe,kubejs/data/exdeorum/recipe/sieve/soul_sand/iron/quartz.json,.json,512,7ba8c66ab07b4e0bf88997725e5b463cc04b19b8c2f74e61e5a5dc3e8e552437
data,exdeorum,recipe,kubejs/data/exdeorum/recipe/sieve/soul_sand/netherite/ghast_tear.json,.json,529,9a0f6a0be645d82eb1c76dacf0724e73f64d9d29268b8cbc7f8a6de87ae6be85
data,exdeorum,recipe,kubejs/data/exdeorum/recipe/sieve/soul_sand/netherite/glowstone_dust.json,.json,533,23e3960da722ab80b717639ce9d1843ae6ca39c5a76e9d47d7cba76927255e10
data,exdeorum,recipe,kubejs/data/exdeorum/recipe/sieve/soul_sand/netherite/gunpowder.json,.json,527,547fe59ae73575199416089e8eb78cbf3d11ec6ae46d60661dc8eaea4e9ae2dc
data,exdeorum,recipe,kubejs/data/exdeorum/recipe/sieve/soul_sand/netherite/nether_wart.json,.json,528,4f3f2faf79f910f410866a87b60a686e26ab8ebd529f089571586a4711a8a860
data,exdeorum,recipe,kubejs/data/exdeorum/recipe/sieve/soul_sand/netherite/quartz.json,.json,517,b2cb157c4c235dec9a06755c1b9c01f5a53b5bdfa0dddf181cd61199033a0d29
data,exdeorum,recipe,kubejs/data/exdeorum/recipe/sieve/soul_sand/string/bone.json,.json,518,257143019133887a7f93e39313c556f3dd27064ad019ae38a689c646bfb4568d
data,exdeorum,recipe,kubejs/data/exdeorum/recipe/sieve/soul_sand/string/ghast_tear.json,.json,525,030cf3b5339f9f8b0389517d37c0eeaadd2189098eb0fe3e19f7dcc749391d18
data,exdeorum,recipe,kubejs/data/exdeorum/recipe/sieve/soul_sand/string/glowstone_dust.json,.json,529,1d5b7334627d5d8507fbe6a09e45d229306319caa65151caf32cbc919186c5f7
data,exdeorum,recipe,kubejs/data/exdeorum/recipe/sieve/soul_sand/string/gunpowder.json,.json,525,2f9376a6bbbad2c120ec83af68afbbb4a3713acd0645aac18f30eb3374f58aec
data,exdeorum,recipe,kubejs/data/exdeorum/recipe/sieve/soul_sand/string/nether_wart.json,.json,526,271d1dc32e9de4dbe2890fd7fd2cdc3ff5bb631545ccb5b5b76f05b6d0754369
data,exdeorum,recipe,kubejs/data/exdeorum/recipe/sieve/soul_sand/string/quartz.json,.json,514,57fff13ac66452151536fb53c19dad8eeb5bf7384aa3b4e574d13312f7fdfed8
data,exdeorum,recipe,kubejs/data/exdeorum/recipe/skyroot_compressed_sieve.json,.json,950,317a60d4c8b8e6f3a1ea65ee6b0d0ce12ab8208b233c69a9b8a9775f318e43a1
data,exdeorum,recipe,kubejs/data/exdeorum/recipe/skyroot_sieve.json,.json,931,27158090850f6740b88f52fd2c9e5a07f244f929416734388d051ff842ad8cba
data,exdeorum,recipe,kubejs/data/exdeorum/recipe/spruce_barrel.json,.json,580,e0d54850da91b5e0b63c20e8b65f804e4c97d4fa9373cbc67c84bc4c06e7c5e1
data,exdeorum,recipe,kubejs/data/exdeorum/recipe/spruce_compressed_sieve.json,.json,703,cf4d19338663673bf70bd8db8a64514482d560517d3dcf90ab76f31ceb78a1fa
data,exdeorum,recipe,kubejs/data/exdeorum/recipe/spruce_crucible.json,.json,579,b1eeedc968384290c3edecb8759385ad9499960aafaf6212b3097f181989cf1d
data,exdeorum,recipe,kubejs/data/exdeorum/recipe/spruce_sieve.json,.json,686,620263eb053470346adae0709960c53e577e2b6b01f85b2a47134c840fe59e5f
data,exdeorum,recipe,kubejs/data/exdeorum/recipe/starlit_compressed_sieve.json,.json,958,8b7c17a2006894aca3507c6b01f66d574919d422420b1290ea7afca9954fa334
data,exdeorum,recipe,kubejs/data/exdeorum/recipe/starlit_sieve.json,.json,943,704992283921f8dfd23c198f4c490388ccdbdef80a25773de9ec3332aac46e26
data,exdeorum,recipe,kubejs/data/exdeorum/recipe/stone_barrel.json,.json,570,050ac36f1cd54bd0736aee27e06bbb1e903e713d1f69fd80303909a560af1f91
data,exdeorum,recipe,kubejs/data/exdeorum/recipe/stone_hammer.json,.json,580,f3b99906ef3b8b475b755bd395f881bceb1d0680f9ef05ee92750f36c9a17d1d
data,exdeorum,recipe,kubejs/data/exdeorum/recipe/umbran_compressed_sieve.json,.json,962,7857f42a2a341de2363bdbd9e991f48bbdf9ccd87f3c4c4b51409baa794209bc
data,exdeorum,recipe,kubejs/data/exdeorum/recipe/umbran_sieve.json,.json,949,077d6112dc8de813593a3d33b5baabdc7d609de63b2d5a7fdb17fa279c246b3a
data,exdeorum,recipe,kubejs/data/exdeorum/recipe/warped_compressed_sieve.json,.json,694,6cfac964f5a78803be2ab78b24e08b531e3b712659a507bde9705195ccaba168
data,exdeorum,recipe,kubejs/data/exdeorum/recipe/warped_sieve.json,.json,676,3e7fbc5f223413c932c6e5f5eb56fa116d095c22dd172ee010c0c48f730bfed8
data,exdeorum,recipe,kubejs/data/exdeorum/recipe/willow_compressed_sieve.json,.json,962,bad1b8cbaecc806a301777e5ab5b68d04d850dd64d0eb00fd200ebcd39dba8b9
data,exdeorum,recipe,kubejs/data/exdeorum/recipe/willow_sieve.json,.json,949,2b9c8e9153e746e0f7b70dc9cc9f26c8ae3ed31bf1bb11c794e8c61f12329cef
data,exdeorum,recipe,kubejs/data/exdeorum/recipe/wooden_hammer.json,.json,563,d689785e0ab95629c5b749ff297d9df50d2b526ec6aafc85af39c73ac01f7351
data,farmersdelight,recipe,kubejs/data/farmersdelight/recipe/barbecue_stick.json,.json,694,172bae678872929ad05edbf66c0fb5bf2e89fcd82cf4cc4d5a1300c51da534da
data,farmersdelight,recipe,kubejs/data/farmersdelight/recipe/book_from_canvas.json,.json,697,f36157873c39a8bb0ede41883abde2cb00029c8d4d253ce5092c1de5c9e24493
data,farmersdelight,recipe,kubejs/data/farmersdelight/recipe/canvas_sign.json,.json,673,716db9e7443c4a15cae399cf5f349a5af0bac07a3db8637b8ad9947b33028e0d
data,farmersdelight,recipe,kubejs/data/farmersdelight/recipe/cooking_pot.json,.json,782,b916ba375b1ce6ea27ee297cc4ad1f81b514ef7259b7520b85a913c8f5d5d0f5
data,farmersdelight,recipe,kubejs/data/farmersdelight/recipe/cutting_board.json,.json,536,0a0af82aa31fc56f8e7378c03e72a48cd17d6979f042e7315980d599e7b67af5
data,farmersdelight,recipe,kubejs/data/farmersdelight/recipe/diamond_knife.json,.json,545,dd3c023d6850b02227add2fbd3d2f492548cb2b9f8c92caee4f5b3f35ad86c69
data,farmersdelight,recipe,kubejs/data/farmersdelight/recipe/flint_knife.json,.json,548,813a68f86b0bd01294a44be1f5c5041f7d435daf982abac5de709648f40cc5e3
data,farmersdelight,recipe,kubejs/data/farmersdelight/recipe/golden_knife.json,.json,541,eee43e8e40e40e225b14f2da15401b7ad838f554e5993c8dca3e0fffa4b2789d
data,farmersdelight,recipe,kubejs/data/farmersdelight/recipe/horse_feed.json,.json,910,47f6bc6620ffc63a3cefda64f48964818af544b5b6668a56136720e3deaf2815
data,farmersdelight,recipe,kubejs/data/farmersdelight/recipe/iron_knife.json,.json,539,5068837fede3426ccf42ecfbf8875da82b67eae59b2cca2b3637ff73c46e672a
data,farmersdelight,recipe,kubejs/data/farmersdelight/recipe/melon_popsicle.json,.json,674,52b114a6c73438ced32245f86190a2ab7fb2eab855a9ca8abcec17d6abfb852a
data,farmersdelight,recipe,kubejs/data/farmersdelight/recipe/organic_compost_from_body_parts.json,.json,1226,ec2b4efcf12814f2ad540ff1cbd7f1b8e8a65893644bb491914891955f2a203e
data,farmersdelight,recipe,kubejs/data/farmersdelight/recipe/organic_compost_from_rotten_flesh.json,.json,1340,9bfbe240be0682e1a55c731f4099ca1fa1b69ef9dbb08c2db698e587bbcf88e5
data,farmersdelight,recipe,kubejs/data/farmersdelight/recipe/organic_compost_from_tree_bark.json,.json,1354,9eecd8930754ecd8af0b5b337706d565aff69a76d3510785482e2fde62df93cf
data,farmersdelight,recipe,kubejs/data/farmersdelight/recipe/packed_mud_from_straw.json,.json,599,c1f2cf8335cb5396bd5f55d7e2e4e3aa0a2238797499b94a7743371445be4644
data,farmersdelight,recipe,kubejs/data/farmersdelight/recipe/painting_from_canvas.json,.json,560,b73d742347fd5b1d394cb07d0a4ac5e1a3058134be2d30d4a4c615fd28cd7da7
data,farmersdelight,recipe,kubejs/data/farmersdelight/recipe/rope_fence.json,.json,537,11409b5d6e10125007c62f6cc4f0bfef0b979a321126ab5f0ff8b1bb01d8d954
data,farmersdelight,recipe,kubejs/data/farmersdelight/recipe/rope_fence_gate.json,.json,542,32f015b27dd18f07f8ee90990baf19305b94982ccdc667039130cc96d9c2dd10
data,farmersdelight,recipe,kubejs/data/farmersdelight/recipe/skillet.json,.json,561,8e4a303c2b1f02507fa08dd1eea5b0a7d6e043838ec8c74d8e14384176c52818
data,farmersdelight,recipe,kubejs/data/farmersdelight/recipe/stove.json,.json,678,68210e7a37b61885d87c49e60f495075afd1560971e4b1a6a1ba1427fe0fc815
data,farmersdelight,recipe,kubejs/data/farmersdelight/recipe/wooden_basket.json,.json,570,fb5ab9667f8ecd1102c08c9f9968297ca8f47e8e5464cf6528e5352d2675e0f0
data,ftbchunks,tags,kubejs/data/ftbchunks/tags/block/interact_whitelist.json,.json,208,be37b6991c081412edaeb0d7ab61b22236ef4db7b4c6d28344dfc502a73e6b8c
data,ftbfiltersystem,recipe,kubejs/data/ftbfiltersystem/recipe/smart_filter.json,.json,674,ff561e0cf248c0656c6477c4b3b5d0e3d15762cc249669c407132d03cfb1f44e
data,ftbquests,recipe,kubejs/data/ftbquests/recipe/screen_1.json,.json,537,8adbce8f2af86fc11f0b8c7027d59390f356d98c0608fbf16cbbf6e200e7799c
data,ftbquests,recipe,kubejs/data/ftbquests/recipe/task_screen_configurator.json,.json,519,1031fafed1759b56a1ce53432042545cac91e79deceb906abab94861827f09e5
data,gateway_of_doom,recipe,kubejs/data/gateway_of_doom/recipe/devil_eye_blue.json,.json,422,09cc61f1edca9ebb2647e57f549e659ecff5cd36bf467db2272691689f26ad57
data,gateway_of_doom,recipe,kubejs/data/gateway_of_doom/recipe/devil_eye_red.json,.json,541,8a8450fe5fdca65a4efc9d555a8e0a51446915b9e5fd7ce9222c007576515c88
data,gateway_of_doom,recipe,kubejs/data/gateway_of_doom/recipe/devil_eye_violet.json,.json,619,062aed0f6d56219309ed05311c34bf41e23c07652c7c66ab5ec5d46ad3c50037
data,gateway_of_doom,recipe,kubejs/data/gateway_of_doom/recipe/portal_ward_1.json,.json,592,b79515d2a573e080f8c87b4c76916a932b4a44dba3d2225732d670e2e7d47f80
data,gateway_of_doom,recipe,kubejs/data/gateway_of_doom/recipe/portal_ward_2.json,.json,402,eeb99ab69cdf028392ba0e6893fd7e4f0f64c9ce9fb00b7ad8954836fa93639f
data,gateway_of_doom,recipe,kubejs/data/gateway_of_doom/recipe/portal_ward_3.json,.json,405,129bcc7e66d5528f4899c93cc06a4534805b0f207381c175b7aa3ed9c898efa4
data,gateway_of_doom,recipe,kubejs/data/gateway_of_doom/recipe/portal_ward_4.json,.json,392,351e552c7b70f08ab1cf658a6142aed3d6603915e6537081105919a874bef78a
data,gateway_of_doom,recipe,kubejs/data/gateway_of_doom/recipe/portal_ward_5.json,.json,425,2c2f956babae41567a4893d3aeb5f1afcc5a1d174286a1465ce151425aee2bf4
data,gearbox,recipe,kubejs/data/gearbox/recipe/centrifuging/test.json,.json,291,fcb7779d6dc1148730d79553b3dc867985325b93ef302807cbd9c1d225230462
data,gearbox,recipe,kubejs/data/gearbox/recipe/centrifuging/test2.json,.json,291,fcb7779d6dc1148730d79553b3dc867985325b93ef302807cbd9c1d225230462
data,gearbox,recipe,kubejs/data/gearbox/recipe/compressing/obsidian.json,.json,291,fcb7779d6dc1148730d79553b3dc867985325b93ef302807cbd9c1d225230462
data,gearbox,recipe,kubejs/data/gearbox/recipe/compressing/test.json,.json,291,fcb7779d6dc1148730d79553b3dc867985325b93ef302807cbd9c1d225230462
data,gearbox,recipe,kubejs/data/gearbox/recipe/compressing/test2.json,.json,291,fcb7779d6dc1148730d79553b3dc867985325b93ef302807cbd9c1d225230462
data,gearbox,recipe,kubejs/data/gearbox/recipe/distilling/test.json,.json,291,fcb7779d6dc1148730d79553b3dc867985325b93ef302807cbd9c1d225230462
data,gearbox,recipe,kubejs/data/gearbox/recipe/electrolyzing/test.json,.json,291,fcb7779d6dc1148730d79553b3dc867985325b93ef302807cbd9c1d225230462
data,gearbox,recipe,kubejs/data/gearbox/recipe/irradiating/test01.json,.json,291,fcb7779d6dc1148730d79553b3dc867985325b93ef302807cbd9c1d225230462
data,gearbox,recipe,kubejs/data/gearbox/recipe/laser_drilling/test.json,.json,291,fcb7779d6dc1148730d79553b3dc867985325b93ef302807cbd9c1d225230462
data,gearbox,recipe,kubejs/data/gearbox/recipe/mechanizing/test.json,.json,291,fcb7779d6dc1148730d79553b3dc867985325b93ef302807cbd9c1d225230462
data,gearbox,recipe,kubejs/data/gearbox/recipe/pumpjack/test.json,.json,291,fcb7779d6dc1148730d79553b3dc867985325b93ef302807cbd9c1d225230462
data,gearbox,recipe,kubejs/data/gearbox/recipe/pyroprocessing/test.json,.json,291,fcb7779d6dc1148730d79553b3dc867985325b93ef302807cbd9c1d225230462
data,gearbox,recipe,kubejs/data/gearbox/recipe/reacting/test.json,.json,291,fcb7779d6dc1148730d79553b3dc867985325b93ef302807cbd9c1d225230462
data,gearbox,recipe,kubejs/data/gearbox/recipe/sapping/test.json,.json,291,fcb7779d6dc1148730d79553b3dc867985325b93ef302807cbd9c1d225230462
data,gearbox,recipe,kubejs/data/gearbox/recipe/sequenced_assembly/test_assembly.json,.json,291,fcb7779d6dc1148730d79553b3dc867985325b93ef302807cbd9c1d225230462
data,gearbox,recipe,kubejs/data/gearbox/recipe/transmuting/test01.json,.json,291,fcb7779d6dc1148730d79553b3dc867985325b93ef302807cbd9c1d225230462
data,graveyard,recipe,kubejs/data/graveyard/recipe/acacia_coffin.json,.json,526,297400b2240f8bb75c37ff261bc4d563bc7bebde58eac4d08147c37c0831da09
data,graveyard,recipe,kubejs/data/graveyard/recipe/bamboo_coffin.json,.json,516,635b786a83159675189669a5efe370c97d347a20330487d3190da624c0c40d42
data,graveyard,recipe,kubejs/data/graveyard/recipe/birch_coffin.json,.json,524,4842c90b1ec8406d21ff2485af922c043a9a9d83cf2dd776ebcc6fcd97d4dc4b
data,graveyard,recipe,kubejs/data/graveyard/recipe/blackstone_gravestone.json,.json,416,4d430619bac7e36a0c9f86d75bead25db1c2a9c6d7a2697f074648defc4e30a1
data,graveyard,recipe,kubejs/data/graveyard/recipe/bricks_gravestone.json,.json,408,09d875b5d85fd3206c11af44313f8da9dbcd08da7be03e0527b580410b96d760
data,graveyard,recipe,kubejs/data/graveyard/recipe/candle_holder.json,.json,436,456c46192ded43e731de6e1e39a6d1cb21725d77e28c7573d7434cbd93f734af
data,graveyard,recipe,kubejs/data/graveyard/recipe/cherry_coffin.json,.json,526,14c7351edf31e63b30778ff481c2e56e28113d6aef0a395243a5cdd2b141b258
data,graveyard,recipe,kubejs/data/graveyard/recipe/cobblestone_gravestone.json,.json,418,e2afd5e94510a295eb447aa2c55067cb9c5e445f90c0992ba8b136db20d41b6b
data,graveyard,recipe,kubejs/data/graveyard/recipe/crimson_coffin.json,.json,518,db71eed021a4de2ac986c9ea2154634cd6e7d621a0b1e87fce1117380ba6969d
data,graveyard,recipe,kubejs/data/graveyard/recipe/dark_iron_bars.json,.json,410,460a7da552caa1d8daba3f61c35aeaad11e736692c69de3758ae2488d7992453
data,graveyard,recipe,kubejs/data/graveyard/recipe/dark_iron_door.json,.json,434,12b4fc6ce0c185f777cbb554a013beaf7c6a9c3ba58447ca7c81f4863804456d
data,graveyard,recipe,kubejs/data/graveyard/recipe/dark_iron_trapdoor.json,.json,413,74ba2f3e8b57763914b50125e5e844ec92882d00a5684a53bcf82e72579883fe
data,graveyard,recipe,kubejs/data/graveyard/recipe/dark_oak_coffin.json,.json,530,e6f7d9f490905835e1bc7c7be28efdd01317dc0bd211cc5afe152c36eabbe235
data,graveyard,recipe,kubejs/data/graveyard/recipe/deepslate_gravestone.json,.json,414,d94ccd9275f5f15ff5cd30158356358f856f6d0d4b7225c1ebcb07787322462d
data,graveyard,recipe,kubejs/data/graveyard/recipe/fire_brazier.json,.json,538,32ef802bf55fd8ef1ad7e3c47e2f79019c58376cf57791a96c2c457ee72acaf4
data,graveyard,recipe,kubejs/data/graveyard/recipe/jungle_coffin.json,.json,526,5b5c7698cbb9efa71d82bb4ddc7cb6e50ec7dcab143e6347681b7532f012141a
data,graveyard,recipe,kubejs/data/graveyard/recipe/mangrove_coffin.json,.json,530,bc375a80c7f33817948ecefc8f80a07d3c53b786590c29d109ccd7fdaeb920ea
data,graveyard,recipe,kubejs/data/graveyard/recipe/oak_coffin.json,.json,520,8099c59ff9f16c41f8a4f8872c644c50e3364453bf08983c900d2723ab5e37be
data,graveyard,recipe,kubejs/data/graveyard/recipe/ossuary.json,.json,613,67a658aea08624784c027143433ddbd622a51646818590b6cdbf9eed8f946551
data,graveyard,recipe,kubejs/data/graveyard/recipe/pedestal.json,.json,443,1f799ffe39b424bcf96302de2feba20a506934649e6aecbd914dc9372d992230
data,graveyard,recipe,kubejs/data/graveyard/recipe/sarcophagus.json,.json,528,6bead9dbdd33f5171f8b9451fd2e06eca0242935e9a43cf74fb75695c1bfb572
data,graveyard,recipe,kubejs/data/graveyard/recipe/soul_fire_brazier.json,.json,559,9de7c55a35efb066c35e96c7c01d2f14155ee40ce709b6d0555cc306e78a6295
data,graveyard,recipe,kubejs/data/graveyard/recipe/spruce_coffin.json,.json,526,ae965be0771ff7a38915a3f0715ef1bc06b93f7ac638333446c1a971fb5ac69a
data,graveyard,recipe,kubejs/data/graveyard/recipe/warped_coffin.json,.json,516,f0043844296595fad0ecb1fb2749bd7650b29245f93786c65c2cf5055ee56022
data,iceandfire,recipe,kubejs/data/iceandfire/recipe/amphithere_arrow.json,.json,727,1e076ffc026c01bebc120ee2fa1615db17fc88049be766c9a47f2646237c1f56
data,iceandfire,recipe,kubejs/data/iceandfire/recipe/amphithere_macuahuitl.json,.json,810,0ebd11e621da76ea1210e96d6abc36ca4a58082afd985dfd597445b9ebd7569e
data,iceandfire,recipe,kubejs/data/iceandfire/recipe/armor_copper_metal_boots.json,.json,448,8f2369d2dfc6ac16045e2305eda168c304c8e83ed5c5d3e4af5f4dea28f34d45
data,iceandfire,recipe,kubejs/data/iceandfire/recipe/armor_copper_metal_chestplate.json,.json,481,28e11733639ab06a09aacc2f65bc19351485b9d8c74d8c377e71fc0145b689dc
data,iceandfire,recipe,kubejs/data/iceandfire/recipe/armor_copper_metal_helmet.json,.json,449,7a858bad063ef7bfc4b41d41cec2c5da52cb023c36a8e6b20159a1c61a542fae
data,iceandfire,recipe,kubejs/data/iceandfire/recipe/armor_copper_metal_leggings.json,.json,479,4a2f0ead7136ca633020a6f9f5d84d0d3da25e64f263584cef358857e1ebdd12
data,iceandfire,recipe,kubejs/data/iceandfire/recipe/armor_silver_metal_boots.json,.json,442,00ad65e13745d64f7fcfc8fe779e4602026e9945fbf1de66ed55ec95a8ccba0e
data,iceandfire,recipe,kubejs/data/iceandfire/recipe/armor_silver_metal_chestplate.json,.json,475,06bb5592f32c22e68fd95b5fa7ed2bd9282af9af9634a2d9e514ef56ae4a034b
data,iceandfire,recipe,kubejs/data/iceandfire/recipe/armor_silver_metal_helmet.json,.json,443,63f6800e59234ba09ac2ff6d6a467fec630097484e54e8c71a9d70ded10c6e70
data,iceandfire,recipe,kubejs/data/iceandfire/recipe/armor_silver_metal_leggings.json,.json,473,ecb14018fbfcd9a6e14ae3096b4498174f72f2d7f7c4c63a8db113feaa6bf056
data,iceandfire,recipe,kubejs/data/iceandfire/recipe/banners/banner_pattern_amphithere.json,.json,471,22a16efe4ffbe588a74f764452b52eae8340506f6f875884b8a362b93b48edb3
data,iceandfire,recipe,kubejs/data/iceandfire/recipe/banners/banner_pattern_bird.json,.json,471,151815fda79bbb8bfa0157c69ba4bd8dd2fdaa847c169ca3ccc5a1bdc44722bc
data,iceandfire,recipe,kubejs/data/iceandfire/recipe/banners/banner_pattern_dread.json,.json,459,0b3f053b2f39375ffca30eceaa7827297f2b778fc2d5a9f7693c09362d29fcd2
data,iceandfire,recipe,kubejs/data/iceandfire/recipe/banners/banner_pattern_eye.json,.json,457,e52a7f68a037b9d5d5423b19c307c98b5857873409d3c5b761308d3cd6dfd7da
data,iceandfire,recipe,kubejs/data/iceandfire/recipe/banners/banner_pattern_fae.json,.json,457,22ef713d8c5e9a2a22dd3d18f98525557462b6a9a0f4fb363d9aed42cb150cde
data,iceandfire,recipe,kubejs/data/iceandfire/recipe/banners/banner_pattern_feather.json,.json,456,f09af6663ede9db54c0cf468fc2f17e3ed47f170fe76dea9f4317c38f5271824
data,iceandfire,recipe,kubejs/data/iceandfire/recipe/banners/banner_pattern_fire.json,.json,464,383c96baa941d4441b6de8a521e00263aa549f8df270158839dc8fb9a8900fb9
data,iceandfire,recipe,kubejs/data/iceandfire/recipe/banners/banner_pattern_fire_head.json,.json,469,0bbb4f6a072f0d61a9545eff7879ddf6a2a7c432d2e1cbbab0543e815a3e649e
data,iceandfire,recipe,kubejs/data/iceandfire/recipe/banners/banner_pattern_gorgon.json,.json,460,f94c30e08c12b22986af7936655f6cd3ff946461f064728e3a41e7d33a63d763
data,iceandfire,recipe,kubejs/data/iceandfire/recipe/banners/banner_pattern_hippocampus.json,.json,469,2f70e13ed3a5c5ef114b3ec161d1f744e1c063f90aa7bf0027d96e8db802b663
data,iceandfire,recipe,kubejs/data/iceandfire/recipe/banners/banner_pattern_hippogryph_head.json,.json,474,538338bf78d7c6f75a8a642306a0a10384bdce1019ed494dd685830ac431d4c7
data,iceandfire,recipe,kubejs/data/iceandfire/recipe/banners/banner_pattern_ice.json,.json,462,124c5fbf8a9e1b3c5fe922d7721ec78bf54bb4b9f366db507c80a0e36497161e
data,iceandfire,recipe,kubejs/data/iceandfire/recipe/banners/banner_pattern_ice_head.json,.json,467,722e830cca7e4f2e52a198bf63789ed74662b8461a12c125abb95687a45e21ab
data,iceandfire,recipe,kubejs/data/iceandfire/recipe/banners/banner_pattern_lightning.json,.json,474,95b5e3355bcae685d68d9629bd7f86bd5a0dcbf3bf64f4c35e65078466bccb62
data,iceandfire,recipe,kubejs/data/iceandfire/recipe/banners/banner_pattern_lightning_head.json,.json,479,7ff74a4c27075cd6aaf855fa09f8971f2952859fc4a52c55e16073e698b384d3
data,iceandfire,recipe,kubejs/data/iceandfire/recipe/banners/banner_pattern_mermaid.json,.json,460,e3357cf2688b3cc0e22548d1e8a56dc0425a20119aa04500332e9b16365f304e
data,iceandfire,recipe,kubejs/data/iceandfire/recipe/banners/banner_pattern_sea_serpent.json,.json,470,97629bdaeae2fb07c1d4a8a7d10de3a43c14610485410fa8ea118cd98d6804f5
data,iceandfire,recipe,kubejs/data/iceandfire/recipe/banners/banner_pattern_troll.json,.json,458,2b8afebed3f71a28b6bb46204d1460d6b113cbc9411a94e74a44e161a3ff9998
data,iceandfire,recipe,kubejs/data/iceandfire/recipe/banners/banner_pattern_weezer.json,.json,466,2ecb50f7b7b0d80afc1b4ba318a3b59c5b5933eef5d269f6579504d576668933
data,iceandfire,recipe,kubejs/data/iceandfire/recipe/copper_axe.json,.json,566,1de1b9ba682d80ae7f5ba3e6066bcbcf0fdf89a2d614ec73efcc9b81f77c39e1
data,iceandfire,recipe,kubejs/data/iceandfire/recipe/copper_hoe.json,.json,566,e7f37f6f8e75e79bc436e166252d081f2ed8b2c118dbb59598589c555ba53d52
data,iceandfire,recipe,kubejs/data/iceandfire/recipe/copper_pickaxe.json,.json,573,11ab244bb7d19e9fb8374c1fefbcbdbfdeaf80b9c1915ac5aef94fcc4207a0e8
data,iceandfire,recipe,kubejs/data/iceandfire/recipe/copper_pile.json,.json,446,d9d131de4b2ae775217cb20d302304077727ca6f21973b30f92dd0c30ddba021
data,iceandfire,recipe,kubejs/data/iceandfire/recipe/copper_shovel.json,.json,566,eeb4d684342d935de203d30ba37a4fa8a4141ec1af390ece1c224c97d4042748
data,iceandfire,recipe,kubejs/data/iceandfire/recipe/copper_sword.json,.json,565,5082f5051526244e66e4c7b48650ac07ae5c8b85cd67605ef359c584e4fcec40
data,iceandfire,recipe,kubejs/data/iceandfire/recipe/dragon_flute.json,.json,568,71343008f13045e9ba4142f7236f74a2fec28ad5c319b6a93e38b25ef02b36d8
data,iceandfire,recipe,kubejs/data/iceandfire/recipe/dragon_horn.json,.json,564,5da28a944b53deb04fbf9d652463514d8df750e964ba23d3f8d1bd3bf9898eaa
data,iceandfire,recipe,kubejs/data/iceandfire/recipe/dragon_stick.json,.json,561,8953c4328a2104661f7fbab13bd56fd1eebaa4807a820b30ece4d8be16244a81
data,iceandfire,recipe,kubejs/data/iceandfire/recipe/dragonarmor_copper_body.json,.json,485,00d62954ec4814630ef63de2c2773cbcf791cb39e398ca48d45e5b7ed02e08b5
data,iceandfire,recipe,kubejs/data/iceandfire/recipe/dragonarmor_copper_head.json,.json,485,95c48020e3b28313020a06e21b6500880b8eda322c0dea00ec0395b53f2005d2
data,iceandfire,recipe,kubejs/data/iceandfire/recipe/dragonarmor_copper_neck.json,.json,485,d0fccf205753e3bf0a7afb246267ddbfabdd6990b323255364f12675494459e6
data,iceandfire,recipe,kubejs/data/iceandfire/recipe/dragonarmor_copper_tail.json,.json,485,218dfeec0df7e19f2373b7e31f98ada3cf4de31311e3232b55266c8acd6d190e
data,iceandfire,recipe,kubejs/data/iceandfire/recipe/dragonarmor_diamond_body.json,.json,487,327e592eaf7f067862cbfe2c3bac43c593c8bbc9da2c760977a659480b956c28
data,iceandfire,recipe,kubejs/data/iceandfire/recipe/dragonarmor_diamond_head.json,.json,487,9ce91dc43da08306bf4d33d4eac46c34f5918f1482b6895a466bb923d31c12d6
data,iceandfire,recipe,kubejs/data/iceandfire/recipe/dragonarmor_diamond_neck.json,.json,487,038d76d148b4d126c92f909334465fb915d75dcc41947d2f24b7307084e36a95
data,iceandfire,recipe,kubejs/data/iceandfire/recipe/dragonarmor_diamond_tail.json,.json,487,9318d4718ab3cb39f3286778d753488479b672758d97278c2bfdaed100de5826
data,iceandfire,recipe,kubejs/data/iceandfire/recipe/dragonarmor_gold_body.json,.json,481,df2430053f23b0775eacf96906f31d26cd27345c0bc0566aea2b3b1ef3d218df
data,iceandfire,recipe,kubejs/data/iceandfire/recipe/dragonarmor_gold_head.json,.json,481,058db552c8fd3d3b21af80f1e0cf304913b3e6d1c562814aaa810586fe6dddb5
data,iceandfire,recipe,kubejs/data/iceandfire/recipe/dragonarmor_gold_neck.json,.json,481,84ecf87b15f8dd95956fc652c19cdac6ca7b74df27c58f1d4bbfa553b26de3d1
data,iceandfire,recipe,kubejs/data/iceandfire/recipe/dragonarmor_gold_tail.json,.json,481,bb2c298c44bd11289fc91c163ea228bfb284ac2ab35cfd281538bb6b9e251ed7
data,iceandfire,recipe,kubejs/data/iceandfire/recipe/dragonarmor_iron_body.json,.json,481,900ed111ba2cadda4eabf132c6244abdeca104e78b40f2dd7c309ad79079e897
data,iceandfire,recipe,kubejs/data/iceandfire/recipe/dragonarmor_iron_head.json,.json,481,4ca4ae2bf308855d348a6f3ef59fa0ecc4d46dba074feb1fd66d511be05e4022
data,iceandfire,recipe,kubejs/data/iceandfire/recipe/dragonarmor_iron_neck.json,.json,481,05b9c25e1df0bd027d0b8d7249a15f51a09d7ba99dc3a05b00d62a5e938db54e
data,iceandfire,recipe,kubejs/data/iceandfire/recipe/dragonarmor_iron_tail.json,.json,481,43107ac76289c5986d805b737bc09145107c1669a6c6fc14978ba58058020127
data,iceandfire,recipe,kubejs/data/iceandfire/recipe/dragonforge_fire_input.json,.json,594,4820fd1492fd700d66f43d68ed9dc36a5631bf99d55561686936e7639392cf4f
data,iceandfire,recipe,kubejs/data/iceandfire/recipe/dragonforge_ice_input.json,.json,592,a456556aec98d398f7d8ab4fb7e29d00c4a2c7265f716d337132313d1e1fefca
data,iceandfire,recipe,kubejs/data/iceandfire/recipe/dragonforge_lightning_input.json,.json,604,6600c2107af07b8934c42c3bb42a9f5e96b231654419398534745a029732e05d
data,iceandfire,recipe,kubejs/data/iceandfire/recipe/dragonseeker.json,.json,544,9c8292c51bfadf19cc74e087cb4b62ea7474e718453c288ac8488a3183e848a1
data,iceandfire,recipe,kubejs/data/iceandfire/recipe/dragonsteel_fire_axe.json,.json,583,84a2e1f7e5d8b3ccd41bfc03482bf99a74b2286d627115b8c06fd5d1142ec334
data,iceandfire,recipe,kubejs/data/iceandfire/recipe/dragonsteel_fire_boots.json,.json,457,a3f4392da3c812ceaeaca11caad63002c52c1a26f7695ebf7255c8c977f04c3a
data,iceandfire,recipe,kubejs/data/iceandfire/recipe/dragonsteel_fire_chestplate.json,.json,490,897f3985d929c69c04ccfa8ed80cf517987e3c516356e3c17da402b1255d8b92
data,iceandfire,recipe,kubejs/data/iceandfire/recipe/dragonsteel_fire_helmet.json,.json,458,846dd5891e86fe3f67839c8e8b6c13fbd422d6ac43ef3e73b2bddc06860d5260
data,iceandfire,recipe,kubejs/data/iceandfire/recipe/dragonsteel_fire_hoe.json,.json,583,68d057f630561d9d71a42fc3ed3076c0d9a3e6356fb5b4e032e5661cdeecc3e4
data,iceandfire,recipe,kubejs/data/iceandfire/recipe/dragonsteel_fire_leggings.json,.json,488,f5a02161023a9a580efd7c106b26baaaaeec97bad53fbb029488c16e2aceb859
data,iceandfire,recipe,kubejs/data/iceandfire/recipe/dragonsteel_fire_pickaxe.json,.json,590,ed17c067525e68ff759e95ad10379223d48eec535c1eaef29da6fdae16ef174e
data,iceandfire,recipe,kubejs/data/iceandfire/recipe/dragonsteel_fire_shovel.json,.json,583,55706d465482a27714557ae4643f6e0013d8378a7baa7d0bead84727a4efeee7
data,iceandfire,recipe,kubejs/data/iceandfire/recipe/dragonsteel_fire_sword.json,.json,582,700191dfe1f03a1dbc1d80046f4704d09da1982722d0ef1d0281c32e8a1fb766
data,iceandfire,recipe,kubejs/data/iceandfire/recipe/dragonsteel_ice_axe.json,.json,581,910d22ad460e0a7d7c7d1a06b7765d8aa66fe9b602ea3b690b26bf8973ef874a
data,iceandfire,recipe,kubejs/data/iceandfire/recipe/dragonsteel_ice_boots.json,.json,455,3bbf836ac809c2d6ac7a284338fbf2fedd7cc282298096e6c35c0dd9477d690b
data,iceandfire,recipe,kubejs/data/iceandfire/recipe/dragonsteel_ice_chestplate.json,.json,488,d494c4450f81860cb70c13a1d848eb81740d71fc897836540cbceed16825c535
data,iceandfire,recipe,kubejs/data/iceandfire/recipe/dragonsteel_ice_helmet.json,.json,456,71f821516bcc5da65720383ef96594381c2ab51b77de8dab64b6d6dfcd1544ff
data,iceandfire,recipe,kubejs/data/iceandfire/recipe/dragonsteel_ice_hoe.json,.json,581,afe4ab19c3cabb54bdcbfe648ccba4130e8e3f4a9dc38ec1ab5a48e793459742
data,iceandfire,recipe,kubejs/data/iceandfire/recipe/dragonsteel_ice_leggings.json,.json,486,4dc31d900c503d82a07dafc5001346db2eded30c321362477cfc1b26476b0dea
data,iceandfire,recipe,kubejs/data/iceandfire/recipe/dragonsteel_ice_pickaxe.json,.json,588,251c2fa18379455b0d4f200029fdc530e98017f4c8ebd9c25d00bf24fd0fe7e0
data,iceandfire,recipe,kubejs/data/iceandfire/recipe/dragonsteel_ice_shovel.json,.json,581,ebe862091ec5a61368ff4b389179fc6c2b19f792097a935eee83c425f210c7de
data,iceandfire,recipe,kubejs/data/iceandfire/recipe/dragonsteel_ice_sword.json,.json,580,99a8d7dc54792fd38fab5e74a4b9f5c552193b2ac01741ed39d9e79e0f0d95f9
data,iceandfire,recipe,kubejs/data/iceandfire/recipe/dragonsteel_lightning_axe.json,.json,593,13f0c3b55fd4117b2521182d9f4c796eeac79175c22c1a70dfc4423e99120292
data,iceandfire,recipe,kubejs/data/iceandfire/recipe/dragonsteel_lightning_boots.json,.json,467,212a71f2a2130858847b4fd90070df890d8220837f27f047b3d5b120e2172b34
data,iceandfire,recipe,kubejs/data/iceandfire/recipe/dragonsteel_lightning_chestplate.json,.json,500,7f547318904c066161958ad24f2a40b077ba234da6434f07e31ca39d9afb6bbd
data,iceandfire,recipe,kubejs/data/iceandfire/recipe/dragonsteel_lightning_helmet.json,.json,468,ae761188defcaa15019b12b8f488b69989d24f2b2b75c41ceef09c81728ced05
data,iceandfire,recipe,kubejs/data/iceandfire/recipe/dragonsteel_lightning_hoe.json,.json,593,fffc80115f68adb9b2772a8e48e5bf1a341c3edd0c87b56df3a210ecb1c14cd5
data,iceandfire,recipe,kubejs/data/iceandfire/recipe/dragonsteel_lightning_leggings.json,.json,498,087d352df8c3f4e36e87879e6346505fb3f4819e8484aa7e30cf219aa216a272
data,iceandfire,recipe,kubejs/data/iceandfire/recipe/dragonsteel_lightning_pickaxe.json,.json,600,aa4e45cb7235fbe66c0e14f2504c39fefe8298107e809446d037c9b39130c04e
data,iceandfire,recipe,kubejs/data/iceandfire/recipe/dragonsteel_lightning_shovel.json,.json,593,a5385d915f0af5e575c2a3c4cf6cd451bb796bd426bd5ed37880d0fe2cc1d17f
data,iceandfire,recipe,kubejs/data/iceandfire/recipe/dragonsteel_lightning_sword.json,.json,592,a01b437e59f25b66e7a7ee91e1ce44ee4488d1ba19566f2ce3fdb3064a832227
data,iceandfire,recipe,kubejs/data/iceandfire/recipe/dread_torch.json,.json,570,7acdc43afc99adb919696f51f906ad45a7a18c3a8c7ee828449843ee5cca6180
data,iceandfire,recipe,kubejs/data/iceandfire/recipe/fire_stew.json,.json,562,8e7f09240ff0a745f6c6ff1de340f8a68ebb7de55ef3334f1ed4956db317c90e
data,iceandfire,recipe,kubejs/data/iceandfire/recipe/furnace/deepslate_silver_ingot.json,.json,327,a0aa4e06e0673abb7d5de539a44f2ee5309685722edbb3aa3840e780e017bc05
data,iceandfire,recipe,kubejs/data/iceandfire/recipe/furnace/deepslate_silver_ingot_blasting.json,.json,327,eb2e3d3a4e0a96e909c340b44a07303f8239f80f40bd6060ee2499f427ab44dc
data,iceandfire,recipe,kubejs/data/iceandfire/recipe/furnace/silver_ingot.json,.json,317,7ca204359c338b2422dcea9f7c37f4a98b5f08c0f3cec69ea7070086dbb7ca37
data,iceandfire,recipe,kubejs/data/iceandfire/recipe/furnace/silver_ingot_blasting.json,.json,317,4b5527bd9b143a347654a42aaee2084e481c6e2e5035f6787a5c9c4c31afaa31
data,iceandfire,recipe,kubejs/data/iceandfire/recipe/ghost_chest.json,.json,563,6435fa12072e1f5a29e1d8f6b0c0dc793967ab5298c8a6c526da1575345a13e9
data,iceandfire,recipe,kubejs/data/iceandfire/recipe/gold_pile.json,.json,440,7fc7437feb49e2036d1dfbdfb18e7f4ca4c8ebd070eb381918b006ea18c4c4a2
data,iceandfire,recipe,kubejs/data/iceandfire/recipe/hippocampus_slapper.json,.json,488,15422f708c43bb61fe43f23dff4d10aba284a267ecf0f3f25e75c6edeba5402c
data,iceandfire,recipe,kubejs/data/iceandfire/recipe/hippogryph_sword.json,.json,733,5acc06bd66da78cad86fd7ddd0e887e51a6921862e30b691ff540b24e436bc86
data,iceandfire,recipe,kubejs/data/iceandfire/recipe/hydra_arrow.json,.json,640,364ccaee20d7612a509033304def257da828acee3cdee9490f37cce2bcc4adc1
data,iceandfire,recipe,kubejs/data/iceandfire/recipe/myrmex_desert_swarm.json,.json,646,5fc4c43555b7509408700fe8c6aa3b2778c375f051848688666b6eb123c9125f
data,iceandfire,recipe,kubejs/data/iceandfire/recipe/myrmex_jungle_swarm.json,.json,646,16f29c9437f54e9a84f8ad0796ecc94e9bcb2e66d5e8443c05b8fdcc3d9ce8a9
data,iceandfire,recipe,kubejs/data/iceandfire/recipe/myrmex_resin_desert.json,.json,499,a3de370973bfb84e4353c2d6b2e02a07b1a5ca8fab7a83a02107b050b30c1f3a
data,iceandfire,recipe,kubejs/data/iceandfire/recipe/myrmex_resin_jungle.json,.json,499,d3d7ec00733717ded3fa03392ad8f5c8acc00765be550091a6349fd7b98f5765
data,iceandfire,recipe,kubejs/data/iceandfire/recipe/nest.json,.json,602,cceb695f9293be5ba4af604ce2725e202f3b9581cdb1c3587778844b5a6572ef
data,iceandfire,recipe,kubejs/data/iceandfire/recipe/pixie_wand.json,.json,627,8dc6b3cf4aa2b8d7de5d41b0d864e70895e0ed392805200df952076536aad820
data,iceandfire,recipe,kubejs/data/iceandfire/recipe/podium1.json,.json,514,df0497629e7e9878bab400d466308873d93ab64978e3dda0ed6efa1240de752f
data,iceandfire,recipe,kubejs/data/iceandfire/recipe/podium2.json,.json,520,31f5226a13883375cd706256caf0468113b80da91d3761bc47989bc70ca94913
data,iceandfire,recipe,kubejs/data/iceandfire/recipe/podium3.json,.json,523,e60eac846c28facbfe4beb2fae61dd0870103e7ef2c8b2cc0f061c25d4750d54
data,iceandfire,recipe,kubejs/data/iceandfire/recipe/podium4.json,.json,523,15530b8469dd54202fba29ea532b50bf4f722d6fc589616e1d3f790add2c1884
data,iceandfire,recipe,kubejs/data/iceandfire/recipe/podium5.json,.json,523,c3ef71930c49eb4fa3a447bb853a9ee09b735798ff493d91546ca746c05d9f33
data,iceandfire,recipe,kubejs/data/iceandfire/recipe/podium6.json,.json,529,848022ec4454652f1f6393b2fce95f184b7dcc57a29eed72bbf631da843d5bac
data,iceandfire,recipe,kubejs/data/iceandfire/recipe/sea_serpent_arrow.json,.json,726,cb07b009f9ba5677d053e448b56a69105f5140e57f63e09386de3c2eb2c67365
data,iceandfire,recipe,kubejs/data/iceandfire/recipe/silver_axe.json,.json,560,6b7f513f8f6b4964a2e6a67488cc15c493278da6933681d858774ab1d2d19855
data,iceandfire,recipe,kubejs/data/iceandfire/recipe/silver_hoe.json,.json,560,e9b2491c1bb586ce0d62191c4abe06eedc1c02c739153bc63ad509253bb67b18
data,iceandfire,recipe,kubejs/data/iceandfire/recipe/silver_pickaxe.json,.json,567,1e9fe50557383a5eb3289ad323b3a2b83109c71c6aa061e77a4d7ab99d81ed2f
data,iceandfire,recipe,kubejs/data/iceandfire/recipe/silver_pile.json,.json,441,9786133d0995fdaf6567807fcd868832e3365e2e0173ed59eebf25c7e76f9298
data,iceandfire,recipe,kubejs/data/iceandfire/recipe/silver_shovel.json,.json,560,09490c9985867b0cd461909ad7e9b6a39aa0da2c06da5db72189829d6e25c143
data,iceandfire,recipe,kubejs/data/iceandfire/recipe/silver_sword.json,.json,559,e7fce5a009df3b5e1657d85523502a303e06d678298bab5d83cb6342e5575138
data,iceandfire,recipe,kubejs/data/iceandfire/recipe/stymphalian_arrow.json,.json,670,de7791689391945f58a57e33a9c5720de609071ef8ce0265074e4f998b3bb343
data,iceandfire,recipe,kubejs/data/iceandfire/recipe/stymphalian_bird_dagger.json,.json,525,fb0011baf2b59968e45d83ddfa6b9e3a74a9ed7c6b4ef2e1188cef4db4792a59
data,iceandfire,recipe,kubejs/data/iceandfire/recipe/summoning_crystal_fire.json,.json,707,79f5f51651a0057452da2105f3ec806f035dee76dc6c501408a5d285e2419d9b
data,iceandfire,recipe,kubejs/data/iceandfire/recipe/summoning_crystal_ice.json,.json,705,047c74c7bf780bd96bdc4e1a61d08dae126c75e4f6a8bb1f280f698b2934ff55
data,iceandfire,recipe,kubejs/data/iceandfire/recipe/summoning_crystal_lightning.json,.json,717,bdf1cebf54587e31a12ff3ee7e6ed3e3a4e7cb66738c1f3403f1c7aca8676832
data,iceandfire,recipe,kubejs/data/iceandfire/recipe/tide_trident.json,.json,811,05e017f267f3fbead385b04a22c0fafc2bad60abf00d2260db06fb064a4f73e6
data,iceandfire,tags,kubejs/data/iceandfire/tags/worldgen/biome/structure_gen/fire.json,.json,73,374437ef155b5c75816572532416127df5f8c46ad52d205aaae84769772a3ccf
data,iceandfire,tags,kubejs/data/iceandfire/tags/worldgen/biome/structure_gen/ice.json,.json,73,374437ef155b5c75816572532416127df5f8c46ad52d205aaae84769772a3ccf
data,iceandfire,tags,kubejs/data/iceandfire/tags/worldgen/biome/structure_gen/lightning.json,.json,73,374437ef155b5c75816572532416127df5f8c46ad52d205aaae84769772a3ccf
data,immersiveengineering,recipe,kubejs/data/immersiveengineering/recipe/crafting/alu_fence.json,.json,538,2b04992cffdf34018418bd3dd0fecd4d8d6c93845e951b8bfc820b65efde0db1
data,immersiveengineering,recipe,kubejs/data/immersiveengineering/recipe/crafting/alu_fence_gate.json,.json,543,068f984ce7183e6c3d45a63ab299cab36aa2afddb8d45d776aacf3e18b2469d1
data,immersiveengineering,recipe,kubejs/data/immersiveengineering/recipe/crafting/alu_scaffolding_standard.json,.json,581,7012df4f9a41f10c2874ea789cad18ac11a6e9782357fe6fadca978245e0d95e
data,immersiveengineering,recipe,kubejs/data/immersiveengineering/recipe/crafting/alu_wallmount.json,.json,540,88995cd8a84c9524aff26d774cef5d5500bab37fd6f9a2bfe59e293e29b951e9
data,immersiveengineering,recipe,kubejs/data/immersiveengineering/recipe/crafting/aluminum_hanging_sign.json,.json,579,84c46e897029821dd4fdbcf016337337778eb0f013daf06e11ab44189e60b178
data,immersiveengineering,recipe,kubejs/data/immersiveengineering/recipe/crafting/aluminum_sign.json,.json,570,d7f68ae49566699d53162260c6317bf4f98d7f1d91eefe483d2ae4fc593febac
data,immersiveengineering,recipe,kubejs/data/immersiveengineering/recipe/crafting/axe_steel.json,.json,577,5bad8bf0494e9e92e649f8fb53ff331fc309db0e3b9a3efe17c86c74accbd880
data,immersiveengineering,recipe,kubejs/data/immersiveengineering/recipe/crafting/basic_engineering.json,.json,722,593d0222b76aa4b845e5838860bacb04fdc2072686487d5ccbf5df4f969c3c63
data,immersiveengineering,recipe,kubejs/data/immersiveengineering/recipe/crafting/blastbrick.json,.json,677,2887c338d9afcc3c90b01f38f88686ab342c8f96973b59fd947c4559205b8f7e
data,immersiveengineering,recipe,kubejs/data/immersiveengineering/recipe/crafting/blueprint_bannerpatterns.json,.json,869,4b476a9e1e022be90938cc687e80b9f98aa70573d820cd6ebb3b9956dce149b0
data,immersiveengineering,recipe,kubejs/data/immersiveengineering/recipe/crafting/blueprint_bullets.json,.json,979,59b8de37e1b91367ba76af9f7ae80a5676b5679677726d993872325771548029
data,immersiveengineering,recipe,kubejs/data/immersiveengineering/recipe/crafting/blueprint_components.json,.json,1095,151392c633856c49c39a514778aba9493e922700bb3a939a68d9db9a14e8f799
data,immersiveengineering,recipe,kubejs/data/immersiveengineering/recipe/crafting/blueprint_molds.json,.json,856,c1569ae1d01b1237fc4c59e25d463e7a22de88e23500b0f6d2ae0db014eab433
data,immersiveengineering,recipe,kubejs/data/immersiveengineering/recipe/crafting/blueprint_warning_sign.json,.json,964,f34989d922e165d0391e12ce841f84f8620a72b4d54cc295e2522d205ec5694b
data,immersiveengineering,recipe,kubejs/data/immersiveengineering/recipe/crafting/breaker_switch.json,.json,677,3915f9aee8bb1f372df8205bd92121f460ccdac15fb4eb7370fee4ca41c76bff
data,immersiveengineering,recipe,kubejs/data/immersiveengineering/recipe/crafting/cagelamp.json,.json,1195,40ad759cf3523184e426b8d7c8bc3dbde74d6b52baa3dd47ed602009f27f8b73
data,immersiveengineering,recipe,kubejs/data/immersiveengineering/recipe/crafting/capacitor_hv.json,.json,1001,31e4628ee6ac6a015d2eba09145ac8530ff9b8da81e03eb3d77dc106ae4433f3
data,immersiveengineering,recipe,kubejs/data/immersiveengineering/recipe/crafting/capacitor_lv.json,.json,891,10819ca1d72c2b3e6216cecbc66f908b41ff3571a046c7bc0de5d9203178811b
data,immersiveengineering,recipe,kubejs/data/immersiveengineering/recipe/crafting/capacitor_mv.json,.json,1010,3100ea8a699d0a1ddb2271c4c694e1b73afc727368acb2e4c7cabf95c38b0ca6
data,immersiveengineering,recipe,kubejs/data/immersiveengineering/recipe/crafting/coil_hv.json,.json,597,bf4f00f9589eacfd7f76e59ba257eb6a70f03ed01782ce5772c6334a57ffaa50
data,immersiveengineering,recipe,kubejs/data/immersiveengineering/recipe/crafting/coil_lv.json,.json,598,d3c97fa58b1fa30f30d15b88b58734dc90ee02be4dc407466ad49c02698ad8ae
data,immersiveengineering,recipe,kubejs/data/immersiveengineering/recipe/crafting/coil_mv.json,.json,600,99ac39ca4c2ae775cb1cde8aa299e1ef1a22a2aed5e3536ac7926e3b76bd2123
data,immersiveengineering,recipe,kubejs/data/immersiveengineering/recipe/crafting/component_iron.json,.json,573,5b5bf328c02cf16c83ac122025a30bc5cced55f41e8cac988d9a366fa802ef78
data,immersiveengineering,recipe,kubejs/data/immersiveengineering/recipe/crafting/component_steel.json,.json,575,178a420e9da5e6d0b6041fd18469d5ec3fcd759c5b74dc6cd8c51a4231f0b75f
data,immersiveengineering,recipe,kubejs/data/immersiveengineering/recipe/crafting/connector_hv.json,.json,594,c7dec1c84a97fd7570f516c5e6ec9e1860ae2b6f6d9fa006138c5783412a72fe
data,immersiveengineering,recipe,kubejs/data/immersiveengineering/recipe/crafting/connector_hv_relay.json,.json,793,f545262bd9148f40b2805462244ddc1d8495b131f12d5d32be7976a430be1e6c
data,immersiveengineering,recipe,kubejs/data/immersiveengineering/recipe/crafting/connector_lv.json,.json,598,82c6c7fbba21242db2aa0cad38af0b4c622d9087f4ddf4cd287c501c7b3ba1a5
data,immersiveengineering,recipe,kubejs/data/immersiveengineering/recipe/crafting/connector_lv_relay.json,.json,576,dbd5a6d6366c6d14236948e5b060ee7d810cfecb71536a7bfba0c3b09a79a821
data,immersiveengineering,recipe,kubejs/data/immersiveengineering/recipe/crafting/connector_mv.json,.json,613,227acd78d2c2647e549026a21e5c3a00e4f1e2871e07900ffbe585a0acd0c52b
data,immersiveengineering,recipe,kubejs/data/immersiveengineering/recipe/crafting/connector_mv_relay.json,.json,591,42026c95cc6d6e7cf6e7c001ec1fffb1b8cf8146550b1b433143caa80081355e
data,immersiveengineering,recipe,kubejs/data/immersiveengineering/recipe/crafting/connector_redstone.json,.json,702,d00ad00b74ee29088013559ebc42917e859db39d3ab98c3676c7122a0dd45b2e
data,immersiveengineering,recipe,kubejs/data/immersiveengineering/recipe/crafting/connector_structural.json,.json,556,02e392192bdc1726cf41a6f473849e9323d62c8aea5cdb67b5e4b7925c411210
data,immersiveengineering,recipe,kubejs/data/immersiveengineering/recipe/crafting/conveyor_basic.json,.json,584,62e1503cc35497635a7e75d0a7516942ed34985e15d91b7072b51205fcbe0588
data,immersiveengineering,recipe,kubejs/data/immersiveengineering/recipe/crafting/conveyor_splitter.json,.json,579,545143a6bbb895935918bb9d55ed9730caae0a378e73f21aa9073ee9a21641fb
data,immersiveengineering,recipe,kubejs/data/immersiveengineering/recipe/crafting/current_transformer.json,.json,864,631f2048caba759b73ffc0e732aa59a555481d99ea134da31273942107dc458d
data,immersiveengineering,recipe,kubejs/data/immersiveengineering/recipe/crafting/drillhead_iron.json,.json,589,b6aa1d653dc8e80b2b0c299f847f286eabc4bd5120ee84235d30a7248308fe4c
data,immersiveengineering,recipe,kubejs/data/immersiveengineering/recipe/crafting/drillhead_steel.json,.json,589,54cd2fde92a9c75603a98331beafdbd483f81e13ce7bf4c021426384883b99d6
data,immersiveengineering,recipe,kubejs/data/immersiveengineering/recipe/crafting/dynamo.json,.json,800,648ff205f4bf999d69c6e6f9d9f406ddb0fd3d6a3e3bb48a34c94068e7951b85
data,immersiveengineering,recipe,kubejs/data/immersiveengineering/recipe/crafting/electromagnet.json,.json,836,39e921d620d234a8aea495388a2d76f374e559ca66ca2359df45e66d46d91c80
data,immersiveengineering,recipe,kubejs/data/immersiveengineering/recipe/crafting/empty_shell.json,.json,668,f07e582b3d632471403372e23082f588fd9f99efcd1b5d330324b2f7b762c4f3
data,immersiveengineering,recipe,kubejs/data/immersiveengineering/recipe/crafting/floodlight.json,.json,927,87b46eb232be5c9f3eca75ab82fada55d74018533efd0366c31ecbdb13110471
data,immersiveengineering,recipe,kubejs/data/immersiveengineering/recipe/crafting/furnace_heater.json,.json,810,e6cf68d438c6087e37f7dce7ecddaaed1ce775f0628211f5503d5bf14763e11f
data,immersiveengineering,recipe,kubejs/data/immersiveengineering/recipe/crafting/gunpart_barrel.json,.json,701,28dbfda1505a4cd09237af7335a363d23ea4f9fc48690d95f5991c7a424f0c39
data,immersiveengineering,recipe,kubejs/data/immersiveengineering/recipe/crafting/gunpart_hammer.json,.json,668,8256a2410d305f5e063118c3a57c24378a9f0e9d8d8ca1600a9df2a9bd4da075
data,immersiveengineering,recipe,kubejs/data/immersiveengineering/recipe/crafting/hammer.json,.json,676,389930d4c31a8917f633d1ee19fc2e31a50a5ef8410e4221c5d9c6cc67ec9310
data,immersiveengineering,recipe,kubejs/data/immersiveengineering/recipe/crafting/heavy_engineering.json,.json,839,e1fa9d628b2c85c07679af59fd270b96ea7ee19c8d51d625a0b39b5474eb2e3e
data,immersiveengineering,recipe,kubejs/data/immersiveengineering/recipe/crafting/hemp_fabric.json,.json,564,5e9dd687944bfee7ff893a907fad1cc48d1b618cf9c4af758a7946569e3cf886
data,immersiveengineering,recipe,kubejs/data/immersiveengineering/recipe/crafting/hoe_steel.json,.json,577,14eef0d3b0f47a3d15709348139b4640b17f9e1bd81681a53ad9e5d4937fde60
data,immersiveengineering,recipe,kubejs/data/immersiveengineering/recipe/crafting/ingot_aluminum_to_storage_aluminum.json,.json,594,f7b8f8364b551fb566a48de7d0a549d780c61f60281a2d1ecd14e6797c4a3a2d
data,immersiveengineering,recipe,kubejs/data/immersiveengineering/recipe/crafting/ingot_electrum_to_storage_electrum.json,.json,613,8161e7f754a3fd33faa16422d180bae51fbe4003245743883394e4bd05cd04e8
data,immersiveengineering,recipe,kubejs/data/immersiveengineering/recipe/crafting/ingot_lead_to_storage_lead.json,.json,582,215d224eab5ad88dd50120fe4d0079b25e28b90209e90d038139714f54959a70
data,immersiveengineering,recipe,kubejs/data/immersiveengineering/recipe/crafting/ingot_nickel_to_storage_nickel.json,.json,588,c3e9a031f0d9bedeba884e2a07b08c1bab0464afb176f0898866381b34cae2ed
data,immersiveengineering,recipe,kubejs/data/immersiveengineering/recipe/crafting/ingot_silver_to_storage_silver.json,.json,588,0d39c19aa7133cb8a662a5d31dc39e22d1b0b330244fd453f38bce4577d2a501
data,immersiveengineering,recipe,kubejs/data/immersiveengineering/recipe/crafting/ingot_steel_to_storage_steel.json,.json,598,50f7bfca8d81c7209fa5b5d9ecc145359a85536201130ddc7617fdb94ea8b50f
data,immersiveengineering,recipe,kubejs/data/immersiveengineering/recipe/crafting/ingot_uranium_to_storage_uranium.json,.json,591,e716af59f7171991621bc9836c275890812fb4e369a9006c65f95a181e8fd93c
data,immersiveengineering,recipe,kubejs/data/immersiveengineering/recipe/crafting/lantern.json,.json,678,ab45d084ec4e113ce0fc22f228619a4932201f56c745714c252b34c7e8688eb5
data,immersiveengineering,recipe,kubejs/data/immersiveengineering/recipe/crafting/light_engineering.json,.json,822,5c96c87fba6507cf71cb08c35e97b22b6cc844bef42582dc9a82c5ccc4c98c58
data,immersiveengineering,recipe,kubejs/data/immersiveengineering/recipe/crafting/machine_interface.json,.json,844,24324ce409e706aa6a53a53466fcf8d1c043c02f4c42547fee3be08f264c2855
data,immersiveengineering,recipe,kubejs/data/immersiveengineering/recipe/crafting/nugget_aluminum_to_ingot_aluminum.json,.json,593,15f26ca400950eeff4d882d3f2b8c9f37e652f71802a8feae8905626e8635203
data,immersiveengineering,recipe,kubejs/data/immersiveengineering/recipe/crafting/nugget_electrum_to_ingot_electrum.json,.json,609,2b31495a39e01ae2cea4dec747ec727a59dedaa1a08827dadcaf33473d74a857
data,immersiveengineering,recipe,kubejs/data/immersiveengineering/recipe/crafting/nugget_lead_to_ingot_lead.json,.json,581,ad8fa3e6e429f9eede73053f292348cc8fea9032ef2fd9d8102d7b2c67450b4d
data,immersiveengineering,recipe,kubejs/data/immersiveengineering/recipe/crafting/nugget_nickel_to_ingot_nickel.json,.json,587,042bafb6e5482f760c348a73b1545d57e8ecd19efdc38c21ece4353bdae8bbe7
data,immersiveengineering,recipe,kubejs/data/immersiveengineering/recipe/crafting/nugget_silver_to_ingot_silver.json,.json,587,f9b792919f34bb1cff68ee77bfce2e89469f68094b6d5fea986a577cc1d517f4
data,immersiveengineering,recipe,kubejs/data/immersiveengineering/recipe/crafting/nugget_uranium_to_ingot_uranium.json,.json,606,1fbd8400f77e5d01138d72cca2ff155b98eab266a47b4dc0cd4a74aff4c6a54d
data,immersiveengineering,recipe,kubejs/data/immersiveengineering/recipe/crafting/pickaxe_steel.json,.json,584,da8155d89c9c333a141e5b1a48e754d0d4d2b2fb4ca2f3d5d4e18b869a56b2a9
data,immersiveengineering,recipe,kubejs/data/immersiveengineering/recipe/crafting/pipe_valve.json,.json,785,8c361c502cc2ae2dbb5d93ee23cc0b4c082396e59a856c3a895cca73feb59fc2
data,immersiveengineering,recipe,kubejs/data/immersiveengineering/recipe/crafting/plate_aluminum_hammering.json,.json,493,6f8caf515a08503ad1aeee7a06fda885ff7c7f241687141eca3ed0fc7552a77f
data,immersiveengineering,recipe,kubejs/data/immersiveengineering/recipe/crafting/plate_copper_hammering.json,.json,495,20555bdfee3676cc8adf9ccd0e4d341c2bdcf901ee8e7f02dc0416dac18284bb
data,immersiveengineering,recipe,kubejs/data/immersiveengineering/recipe/crafting/plate_electrum_hammering.json,.json,512,490ede177831fbcd5d51d9be462caef5685f5abed1e3505db6f1460bc8857be8
data,immersiveengineering,recipe,kubejs/data/immersiveengineering/recipe/crafting/plate_gold_hammering.json,.json,491,f5c82698ba1e95c5acaad53e4c5d65a3b7686cb9361c89960365254a77312500
data,immersiveengineering,recipe,kubejs/data/immersiveengineering/recipe/crafting/plate_iron_hammering.json,.json,501,00f4648fa8cf202b35c8d9142fca0939a1831d02fb10016cc06729b7d3f36768
data,immersiveengineering,recipe,kubejs/data/immersiveengineering/recipe/crafting/plate_lead_hammering.json,.json,485,fb3e799b575a19bdd1c366d699ebb7ac279ff45148dc25bee08bad96a37e9fb0
data,immersiveengineering,recipe,kubejs/data/immersiveengineering/recipe/crafting/plate_nickel_hammering.json,.json,489,aaa348b1bad5d9e0767550f6b992110a5bcc646cd10746b3e7a03f62f9def966
data,immersiveengineering,recipe,kubejs/data/immersiveengineering/recipe/crafting/plate_silver_hammering.json,.json,489,349b4f01c09e7c3aee51f7b34341f045b0daf83e46c0423e679f51c3cd347c66
data,immersiveengineering,recipe,kubejs/data/immersiveengineering/recipe/crafting/plate_steel_hammering.json,.json,500,27ca63d0579c2008a9f639b7612f666b537412a216df73af98e037c30c0aa9d9
data,immersiveengineering,recipe,kubejs/data/immersiveengineering/recipe/crafting/plate_uranium_hammering.json,.json,491,59f0b205b94acce02fd609a869449a8adc69d7bd9b94aa961927951a1ec97242
data,immersiveengineering,recipe,kubejs/data/immersiveengineering/recipe/crafting/railgun.json,.json,968,137917e2fe6a0f38b5623afb0321d78b5e4c66bde66cc3628db2985a5dbcd4c8
data,immersiveengineering,recipe,kubejs/data/immersiveengineering/recipe/crafting/rockcutter.json,.json,571,8924d8d5d6fcefee928a98bcffabb026cc38c1ad3c9508b9110bb6c3bc38880f
data,immersiveengineering,recipe,kubejs/data/immersiveengineering/recipe/crafting/sawblade.json,.json,574,88cbfc1f924cc08690adfca6b1878a2a4386de1e378f04db5472efb27a1e9c4b
data,immersiveengineering,recipe,kubejs/data/immersiveengineering/recipe/crafting/screwdriver.json,.json,533,1f29f84ea08a595ea073daf28473bd97d101876c4d23d5fc077b91f706f8153d
data,immersiveengineering,recipe,kubejs/data/immersiveengineering/recipe/crafting/shovel_steel.json,.json,577,bc7f486b66f32de139662644b6450b1fc4c9f80d44d80efe4c1d8ea86fbd8d08
data,immersiveengineering,recipe,kubejs/data/immersiveengineering/recipe/crafting/skyhook.json,.json,717,10f9f9157fbe6ea6551087a832a5eaaf4863c9490253cc2cfb1c22266d6668b6
data,immersiveengineering,recipe,kubejs/data/immersiveengineering/recipe/crafting/steel_fence.json,.json,547,d3be2cbdca0b88045983e1d05ce479ca670ca460f11a0ee67361ad706d6c49e1
data,immersiveengineering,recipe,kubejs/data/immersiveengineering/recipe/crafting/steel_fence_gate.json,.json,552,b6676c2f6ce7c0ae56a3872d2e119c4ce444b30c7c3a5126aac9b74b541d1f75
data,immersiveengineering,recipe,kubejs/data/immersiveengineering/recipe/crafting/steel_hanging_sign.json,.json,586,6e78a782e36a47f59614a580a4b18682c0575716e304a2a5df73cee75522cef3
data,immersiveengineering,recipe,kubejs/data/immersiveengineering/recipe/crafting/steel_scaffolding_standard.json,.json,590,555b4450c6007e36a5416aedfcbb08c363f3c8c8fa5e4ae0d9db376525806d59
data,immersiveengineering,recipe,kubejs/data/immersiveengineering/recipe/crafting/steel_sign.json,.json,574,57bcb69e9eb20a88ed2a5943e07a956c8d4b84d4162c8db1456498bf0585f0c1
data,immersiveengineering,recipe,kubejs/data/immersiveengineering/recipe/crafting/steel_wallmount.json,.json,549,241c6ca0f93c971a5d01584371b441ca321ed8e073ad1c69021764a94b5ed556
data,immersiveengineering,recipe,kubejs/data/immersiveengineering/recipe/crafting/stick_aluminum.json,.json,460,b7e0532cf38175a398cd39c46a3cfa2b057a4f39984b1881686f98968f9372a3
data,immersiveengineering,recipe,kubejs/data/immersiveengineering/recipe/crafting/stick_iron.json,.json,468,742c8a3d5531e7ac2f33098e961d55ef280d115335acae9cb2a6f9678a4e1478
data,immersiveengineering,recipe,kubejs/data/immersiveengineering/recipe/crafting/stick_netherite.json,.json,468,af04def9fd91db09a3f523fbc698d4efac2e63a27407b25d9f61ac2830ee29d8
data,immersiveengineering,recipe,kubejs/data/immersiveengineering/recipe/crafting/stick_steel.json,.json,467,37c174b6a7074a4a396b78e58085e3d05c7baa17ad2bb187259f37190caedbac
data,immersiveengineering,recipe,kubejs/data/immersiveengineering/recipe/crafting/sword_steel.json,.json,576,7580decd6c174b2599d0e57d8f80eea5df4be653ac616a8dc1cfa85e06588ba1
data,immersiveengineering,recipe,kubejs/data/immersiveengineering/recipe/crafting/thermoelectric_generator.json,.json,713,9f0d8311799e6e8212197174444b6e133d60d8192409c0490931ff3d1c643d18
data,immersiveengineering,recipe,kubejs/data/immersiveengineering/recipe/crafting/toolupgrade_drill_damage.json,.json,582,e55d0afb24a322992d3d6296f143e0e270d5ae993fe5f4dfcdc9b298f7297ef9
data,immersiveengineering,recipe,kubejs/data/immersiveengineering/recipe/crafting/toolupgrade_powerpack_magnet.json,.json,855,3a86f09d23575a993c2389af26162be2cefcc86213343cf952626172e33a9ab2
data,immersiveengineering,recipe,kubejs/data/immersiveengineering/recipe/crafting/toolupgrade_railgun_capacitors.json,.json,601,38adfd8e63f246623fef4ddfeaf4875c2b98171776959416efe6407b0a9e01e0
data,immersiveengineering,recipe,kubejs/data/immersiveengineering/recipe/crafting/toolupgrade_revolver_bayonet.json,.json,686,b543e8f69f28611c39900870e15cb71929507119e4eb69e6f355d3e4ffa1b8c9
data,immersiveengineering,recipe,kubejs/data/immersiveengineering/recipe/crafting/toolupgrade_shield_magnet.json,.json,707,92d9b498d8d2bf62722bb97a3a6f4a2743951d51120d68df78bc4aa0020cc731
data,immersiveengineering,recipe,kubejs/data/immersiveengineering/recipe/crafting/toolupgrade_skyhook_mace.json,.json,610,6a686e5b436d2919452c6806311cf1bf4db23ac9fbebe08cbe5724025290772f
data,immersiveengineering,recipe,kubejs/data/immersiveengineering/recipe/crafting/transformer.json,.json,968,b095836c9798eb931ba6564311c8c688ab11f7700324f8ebbb4c2024c7829d4f
data,immersiveengineering,recipe,kubejs/data/immersiveengineering/recipe/crafting/transformer_hv.json,.json,971,60ca77e273a6f115325798bc5eb1aade4b5efdb36a6b1e9c1f5a9b7c8e827ce6
data,immersiveengineering,recipe,kubejs/data/immersiveengineering/recipe/crafting/treated_wood_sign.json,.json,591,0b75c6367b60341974d17bdd4ca7b231fd8c7b06a1c90c02d4334fb07338220d
data,immersiveengineering,recipe,kubejs/data/immersiveengineering/recipe/crafting/turntable.json,.json,847,502eb5a2c318bddb8348d9924746b60f6ca64232e42e4127d26ed49862d20b6c
data,immersiveengineering,recipe,kubejs/data/immersiveengineering/recipe/crafting/voltmeter.json,.json,652,ac1eab1c2d529ee558f58a95156bb34e651d7920e35fcbc4681011755ad59a33
data,immersiveengineering,recipe,kubejs/data/immersiveengineering/recipe/crafting/watermill.json,.json,601,49828e30c394dca01d1a8af8ac8ae9ba82fb12949cb25c82ccf50cb2ceed7d07
data,immersiveengineering,recipe,kubejs/data/immersiveengineering/recipe/crafting/windmill.json,.json,598,b0613d3ce49f57f781f085ed21fcec523c11819143a670063ad2e70e50a57865
data,immersiveengineering,recipe,kubejs/data/immersiveengineering/recipe/crafting/wirecoil_copper.json,.json,570,17660cae1f4996156c0e34d51d01dfd302911fc247d4427f1416775d74f647be
data,immersiveengineering,recipe,kubejs/data/immersiveengineering/recipe/crafting/wirecoil_electrum.json,.json,574,67446fa3cfa4ef450e757f49f65e90d77abece8b5309166462e5e78438a6508d
data,immersiveengineering,recipe,kubejs/data/immersiveengineering/recipe/crafting/wirecoil_structure_rope.json,.json,596,420a8c0a9ee3caf1b6c8a3473ebeefa103f3dc78ca5b0ec0541af34501fe8e5f
data,immersiveengineering,recipe,kubejs/data/immersiveengineering/recipe/crafting/wirecoil_structure_steel.json,.json,597,6be0f599ecaf9be8b48bad925bcd4c7810da03b29437641ee84d46012699b496
data,immersiveengineering,recipe,kubejs/data/immersiveengineering/recipe/crafting/wirecutter.json,.json,552,8e5d15522bd824c4449cc8aac4bffc18a4f52a041a06044debc058060601cf96
data,immersiveengineering,recipe,kubejs/data/immersiveengineering/recipe/crafting/wooden_grip.json,.json,573,ec6edd8a94c9f03aa5cd631cdc1f91b844586549ee24e348efac6312cc87e42a
data,immersiveengineering,recipe,kubejs/data/immersiveengineering/recipe/crafting/workbench.json,.json,821,c4c6a4a89a5ae965dd25ea1a5e8275cf975b5c4db46e1d193cde6af85fbd98e2
data,infinite_domain,advancement,kubejs/data/infinite_domain/advancement/darknet_time_extended.json,.json,88,6268b23a6b085852bfc99097d5e31a0c8b8f51f1caecc62c292e991b8bdb91ff
data,infinite_domain,echo_definitions,kubejs/data/infinite_domain/echo_definitions/chemical_cooperative.json,.json,2164,a4f2f23c085247bc8ede84b9a0a97c260e3c026057078872aece0962947bb986
data,infinite_domain,echo_definitions,kubejs/data/infinite_domain/echo_definitions/containment_office.json,.json,2440,fd3e1651b81b1903f84f15690f56c9b4245633bb0256cae0d364eb515c6d1865
data,infinite_domain,echo_definitions,kubejs/data/infinite_domain/echo_definitions/cybernetics_exchange.json,.json,2231,8601536737df73f9e03468be4230023b09ceedf66c4915d5defd542e6c8de82e
data,infinite_domain,echo_definitions,kubejs/data/infinite_domain/echo_definitions/expedition_exchange.json,.json,2314,adcdfaf375047eeb7abfb41ebe1817e610108b9a72c3e6fffabd5fa403c69de5
data,infinite_domain,echo_definitions,kubejs/data/infinite_domain/echo_definitions/foundry_broker.json,.json,2020,f5f23afe9251303a6a6907424c69287866405a4ecf8350ad948062c5b44ac00f
data,infinite_domain,echo_definitions,kubejs/data/infinite_domain/echo_definitions/grid_supply.json,.json,2103,04707357a9034977459b1e6265c9c08fd48dffa86af6f8fe248322b1d648f3ee
data,infinite_domain,echo_definitions,kubejs/data/infinite_domain/echo_definitions/mechanist.json,.json,2108,c01f4c989766eb396ea60113297d851e1cb207c5c575dffe5861af66618b538b
data,infinite_domain,echo_definitions,kubejs/data/infinite_domain/echo_definitions/quartermaster.json,.json,2075,3c63fd959a226fb6ec990facdc6d144a6a96a7098b5efbe229e6dc48dc03552d
data,infinite_domain,echo_definitions,kubejs/data/infinite_domain/echo_definitions/systems_exchange.json,.json,2087,347fe32b5012d72b1d064f1fa8ff1382da66ed908332d22fc07ed09295fe3fa3
data,infinite_domain,enchantment,kubejs/data/infinite_domain/enchantment/darknet_extraction.json,.json,412,95af5b9ad7fec1b520b49880c972cad43ce123ef530d0f0b88cce2b7e07dd646
data,infinite_domain,function,kubejs/data/infinite_domain/function/admin/bootstrap_spawn_hospital.mcfunction,.mcfunction,723,641fc1c3296fbc3752cea9b023f0bb9f29e1c9de06ff4df4e26e34f0373ee043
data,infinite_domain,function,kubejs/data/infinite_domain/function/admin/complete_pending_spawn_arrival.mcfunction,.mcfunction,411,549965d70930c394adf34d88139f167c2925495779bfd5b4df350c7fec82e59d
data,infinite_domain,function,kubejs/data/infinite_domain/function/admin/place_echo_chemical_cooperative.mcfunction,.mcfunction,120,826286a768ac15c74e1901148d2429f9bcd24d14a231344e0f8a82b97e216d7b
data,infinite_domain,function,kubejs/data/infinite_domain/function/admin/place_echo_containment_office.mcfunction,.mcfunction,118,19b581e0b65586025cb8ef8daecce807ab03cd4edaa98de09624e03a83f5deb6
data,infinite_domain,function,kubejs/data/infinite_domain/function/admin/place_echo_cybernetics_exchange.mcfunction,.mcfunction,120,02b099c070d9acad8ed0ace59988d43f8356769f08d196f4c243e76ab4a7ffd1
data,infinite_domain,function,kubejs/data/infinite_domain/function/admin/place_echo_expedition_exchange.mcfunction,.mcfunction,119,e32579e8eb07c510626cf606f38feb433b646c08c264569773e76624d14919b5
data,infinite_domain,function,kubejs/data/infinite_domain/function/admin/place_echo_foundry_broker.mcfunction,.mcfunction,114,a3d8714a615238604db8836420350f86c34c9529fe68d6ee9bfbb5874e2dc411
data,infinite_domain,function,kubejs/data/infinite_domain/function/admin/place_echo_grid_supply.mcfunction,.mcfunction,111,b2cb4e6cb81419c1e8d20f9195a1e211e783067359ae58182d8c1eff073cf2a1
data,infinite_domain,function,kubejs/data/infinite_domain/function/admin/place_echo_mechanist.mcfunction,.mcfunction,109,be760fe7b9fd6c7770048894c3bc2a5f1a330a8581f647c1398af843c94ec4dc
data,infinite_domain,function,kubejs/data/infinite_domain/function/admin/place_echo_quartermaster.mcfunction,.mcfunction,113,9f6062dd84cd27fb828da879d1abe929738ded06e742793c3bb0dbb070a025c7
data,infinite_domain,function,kubejs/data/infinite_domain/function/admin/place_echo_systems_exchange.mcfunction,.mcfunction,116,3910f9eec60b7a4da71ad4d164edb95128ec6fe4e110f806f8d9c1c16486da09
data,infinite_domain,function,kubejs/data/infinite_domain/function/admin/place_spawn_hospital.mcfunction,.mcfunction,692,735369d25542a11c6d04fdc8e041b9c50498e171323f3661aef1b46a8c4ce8ab
data,infinite_domain,function,kubejs/data/infinite_domain/function/admin/prepare_spawn_hospital_terrain.mcfunction,.mcfunction,125519,a8cfa2024d29a70c0633d59a6c82d0ae8e94afb8493eaf0b190910b716e8d20b
data,infinite_domain,function,kubejs/data/infinite_domain/function/admin/remove_obsolete_starting_book.mcfunction,.mcfunction,255,e7373412ce339214a7de5f5f6df03a5a501a4501ddcfa4242ab5f29037cef71f
data,infinite_domain,function,kubejs/data/infinite_domain/function/admin/remove_spawn_mycelium.mcfunction,.mcfunction,9475,6774dc924e5b12a99466b0dedb182990162a7fe2027d27cfe3a8e0f458ee1b4e
data,infinite_domain,function,kubejs/data/infinite_domain/function/admin/restore_spawn_laboratory_blocks.mcfunction,.mcfunction,2019,5a1c72fea437981ba76dabc8c88c4e2b30394fd5a3de175935257f6fe941ffa5
data,infinite_domain,function,kubejs/data/infinite_domain/function/admin/set_spawn_hub.mcfunction,.mcfunction,551,8629441e78ddf4863ed4bd501c47991446a90c7c5bc0c7d3ac36cfdb9f29252f
data,infinite_domain,loot_table,kubejs/data/infinite_domain/loot_table/chests/burrower_nest.json,.json,1539,c3012a825164b8f5d8978a8a9f73250c0176dba9b97076ac37f672a2ec466967
data,infinite_domain,loot_table,kubejs/data/infinite_domain/loot_table/chests/martian_signal_cairn.json,.json,1541,31e87fc5637371a695355dbb169918de92b1b93d5126b66cc806ee1ca7083ef7
data,infinite_domain,loot_table,kubejs/data/infinite_domain/loot_table/chests/moon_meridian_monolith.json,.json,1530,03814f18a318f2c10e6cce2409f1e8207875c7b56cde358703d6be13d63eaddb
data,infinite_domain,loot_table,kubejs/data/infinite_domain/loot_table/chests/venusian_pressure_shrine.json,.json,1558,5f1ba49f96508e812ed1a5374fe9967bf747dfc2a81d78a99b8b1292c54620ab
data,infinite_domain,loot_table,kubejs/data/infinite_domain/loot_table/entities/datavore_dragon.json,.json,2185,c333d0547e774412f1eb5290962cf62086100e128ef7c1d45cce8cf8330b1cd6
data,infinite_domain,neoforge,kubejs/data/infinite_domain/neoforge/biome_modifier/add_mars_space_industry_ores.json,.json,376,9d7de97e3dd8b07b5662e7754ce17b8e831fe1614bfd30643eeb81a0cd2be3d0
data,infinite_domain,neoforge,kubejs/data/infinite_domain/neoforge/biome_modifier/add_moon_space_industry_ores.json,.json,334,f452111383ea456b949bcc969bf55eb941b3437f680b831cda739acebb60893d
data,infinite_domain,neoforge,kubejs/data/infinite_domain/neoforge/biome_modifier/add_venus_space_industry_ores.json,.json,295,b9f70961ed53e442036d2e0a6894d220d44ccb35c7fbc6c1ea03bb52cf8b7d82
data,infinite_domain,neoforge,kubejs/data/infinite_domain/neoforge/biome_modifier/cyber_dimensions_mekanite_creeper.json,.json,256,21a3757c94f6cec1d8bf98bd62e1a73a76f289fa3509cb9dde69e75c43d5d09d
data,infinite_domain,neoforge,kubejs/data/infinite_domain/neoforge/biome_modifier/cyber_dimensions_mekanite_drone.json,.json,245,9e5542a6d319387f0c01945f3905c3150d667be7ec6852056a70908825f6fee3
data,infinite_domain,neoforge,kubejs/data/infinite_domain/neoforge/biome_modifier/cyber_dimensions_mekanite_drowned.json,.json,263,12184ac3f2aa8581199b2e3233fb8bbdcaed5b9d0f61a7115f86b74f4859269a
data,infinite_domain,neoforge,kubejs/data/infinite_domain/neoforge/biome_modifier/cyber_dimensions_mekanite_enderman.json,.json,257,30715d0fefb6acb1838da1a5798da95df240147da6581c0105907f7468011d39
data,infinite_domain,neoforge,kubejs/data/infinite_domain/neoforge/biome_modifier/cyber_dimensions_mekanite_husk.json,.json,260,eec7c450c65de2705c79c001219579b52ba63b6027fa49ca11fe0db738994d60
data,infinite_domain,neoforge,kubejs/data/infinite_domain/neoforge/biome_modifier/cyber_dimensions_mekanite_illusioner.json,.json,259,18b111e969f0e52cf9aa54644e87e9f4b4874fff12431fbd2e6cb55a2f48adea
data,infinite_domain,neoforge,kubejs/data/infinite_domain/neoforge/biome_modifier/cyber_dimensions_mekanite_ravager.json,.json,256,9f14a9b6dc5c09bc9504769500995b9f19cba50ad157a25dde57dd8d590b14f8
data,infinite_domain,neoforge,kubejs/data/infinite_domain/neoforge/biome_modifier/cyber_dimensions_mekanite_skeleton.json,.json,257,491387dd581068fb9434573f1ea14c10ac06627e163d8801a11d35595fa153e7
data,infinite_domain,neoforge,kubejs/data/infinite_domain/neoforge/biome_modifier/cyber_dimensions_mekanite_slime_big.json,.json,254,238f196d5a02479d11935b2a2008f418925a219c7d4538a4aad58a704a3a94e4
data,infinite_domain,neoforge,kubejs/data/infinite_domain/neoforge/biome_modifier/cyber_dimensions_mekanite_slime_medium.json,.json,260,15ff36f36ee85ea9dbda6509e1f99fb1e3bf514b1a331928fcd2f3390f15c0ff
data,infinite_domain,neoforge,kubejs/data/infinite_domain/neoforge/biome_modifier/cyber_dimensions_mekanite_slime_small.json,.json,260,d10c8cde2ab309aa6cadc343e7adbb059249637e1687385872e37c2310146664
data,infinite_domain,neoforge,kubejs/data/infinite_domain/neoforge/biome_modifier/cyber_dimensions_mekanite_spider.json,.json,255,7d8f58bf1c6439179893fe0295a8b5852157887e68d5e78e1cb35faa32665ac3
data,infinite_domain,neoforge,kubejs/data/infinite_domain/neoforge/biome_modifier/cyber_dimensions_mekanite_vindicator.json,.json,259,469f18b76f325d20273b3ed63c01d01f708d64fca03193f6708e16e76f644a80
data,infinite_domain,neoforge,kubejs/data/infinite_domain/neoforge/biome_modifier/cyber_dimensions_mekanite_witch.json,.json,254,147401fc7f4b12cffe13b85e8cd4e19180c6b51b62ca1590b4a92e86dbe38fa9
data,infinite_domain,neoforge,kubejs/data/infinite_domain/neoforge/biome_modifier/cyber_dimensions_mekanite_zombie.json,.json,255,4b9f92346fc41782e1ce12b9502723f5d695309d5740db5d3e4ac27071433938
data,infinite_domain,neoforge,kubejs/data/infinite_domain/neoforge/biome_modifier/darknet_corrupted_data_node.json,.json,161,38346e962dee2db95b31d7a94e4d57d3f473776c898daf71aff48f94a3074ff0
data,infinite_domain,neoforge,kubejs/data/infinite_domain/neoforge/biome_modifier/darknet_cow.json,.json,193,f64e8a3c68207a3143c127604ed41a780c6217b3c68fa4804c891ac4c9586e8c
data,infinite_domain,neoforge,kubejs/data/infinite_domain/neoforge/biome_modifier/darknet_datavore_dragon.json,.json,215,4cf5e25e6cecbd0ac6e8836f7625a3d5aee583440bac5fc942f040cc35ac2f82
data,infinite_domain,neoforge,kubejs/data/infinite_domain/neoforge/biome_modifier/darknet_encrypted_data_node.json,.json,161,0e35bd5d1ec22fdb1bbedce35c89077b6f25b7f4d849e4adf03a799c4a0d4725
data,infinite_domain,neoforge,kubejs/data/infinite_domain/neoforge/biome_modifier/darknet_fire_dragon.json,.json,199,1e78e1223ff14194293e27198354c8ab19be1d0f3f0c3366cf1ea230c7b478da
data,infinite_domain,neoforge,kubejs/data/infinite_domain/neoforge/biome_modifier/darknet_foliage.json,.json,159,b660946b52a776b25133ca9f9a0130fc1c0d579b62b972496fa7549eca5736b9
data,infinite_domain,neoforge,kubejs/data/infinite_domain/neoforge/biome_modifier/darknet_fox.json,.json,193,bf472f8558308d6479adcdf4bb96b50527735a233effccbb6cc4247c396a2ad9
data,infinite_domain,neoforge,kubejs/data/infinite_domain/neoforge/biome_modifier/darknet_fragmented_data_node.json,.json,162,ca8113e2f9553d1ab79087f3811fc58e40293d2740762854fc426e321edf2ecb
data,infinite_domain,neoforge,kubejs/data/infinite_domain/neoforge/biome_modifier/darknet_hound.json,.json,195,b980f91bebe36be6ccab28cdf30a984b575705a3779f4c0c963793bcedfe6fb8
data,infinite_domain,neoforge,kubejs/data/infinite_domain/neoforge/biome_modifier/darknet_ice_dragon.json,.json,198,c0d8a70734235980b762bebe64a03c405a82ca198bdc5ea41475664cc93b9e55
data,infinite_domain,neoforge,kubejs/data/infinite_domain/neoforge/biome_modifier/darknet_lightning_dragon.json,.json,204,85a732bd0e2601b3fc552097da9eaed0b7ad3da507c35e8f7eeb946c7233b579
data,infinite_domain,neoforge,kubejs/data/infinite_domain/neoforge/biome_modifier/darknet_rabbit.json,.json,197,5c7307a71270d82e2a9ca5454c1d70e11c34574254548fc452ce9e82619f255e
data,infinite_domain,neoforge,kubejs/data/infinite_domain/neoforge/biome_modifier/darknet_root_access_node.json,.json,158,5c5ae588b740777492e4b72073d3afbba8875142568fa18dc1238202e559154a
data,infinite_domain,neoforge,kubejs/data/infinite_domain/neoforge/biome_modifier/darknet_slime.json,.json,196,e5909a3f30325eaf3476222d17b8d207bb910434d659009dbe26835818765c8d
data,infinite_domain,neoforge,kubejs/data/infinite_domain/neoforge/biome_modifier/darknet_trader.json,.json,214,50a2495aee17fc187aeb132d72f6cd795c06a993b385a6f9651a3e3ee1269291
data,infinite_domain,neoforge,kubejs/data/infinite_domain/neoforge/biome_modifier/mutant_creeper_wasteland_spawns.json,.json,221,f08716a7d435f33b7f4be801c7ed7dbb10c43cff7a9edbda6077e06e935ed14d
data,infinite_domain,neoforge,kubejs/data/infinite_domain/neoforge/biome_modifier/mutant_enderman_wasteland_spawns.json,.json,222,6a9139179009d60da7f20bafc5b706602ee6f78ca06596661ff25426c4627f7e
data,infinite_domain,neoforge,kubejs/data/infinite_domain/neoforge/biome_modifier/mutant_skeleton_wasteland_spawns.json,.json,222,36f745fe57035f8866ca3f8b45236ea3407e38ef059e02ac5126e2844eece9d1
data,infinite_domain,neoforge,kubejs/data/infinite_domain/neoforge/biome_modifier/mutant_zombie_wasteland_spawns.json,.json,221,1e64a3a1b3700c7d08649a8dd5ab9212794297a4846297f1719c198a29e16a57
data,infinite_domain,neoforge,kubejs/data/infinite_domain/neoforge/biome_modifier/southern_oil_wells.json,.json,422,ae089b9c52e02602164e5cf91dee430d5b3131fb5559d7afe0bfcf41d214fbdb
data,infinite_domain,recipe,kubejs/data/infinite_domain/recipe/blasting/end_stone_shadow_ore.json,.json,373,aa53e36386393acc4ef56e2e860657869ede4fe0346c09791112f7da7d3bc5b3
data,infinite_domain,recipe,kubejs/data/infinite_domain/recipe/blasting/endstone_platinum_ore.json,.json,346,0ab11974b3ccdb48c535d8450aa944e325e122e75911155071b8a86add9fa154
data,infinite_domain,recipe,kubejs/data/infinite_domain/recipe/crafting/grass_block_from_compressed_soil.json,.json,377,1445e191018f5777ebd012233e37a7182044ce9d0d0d7d5eed22a639e57610d5
data,infinite_domain,recipe,kubejs/data/infinite_domain/recipe/crafting/ie_conveyor_to_create_belt.json,.json,214,783633d5c01526332cb7028ebb2b7d89563d4a0529f14e8cb03ae8ef0b2a635c
data,infinite_domain,recipe,kubejs/data/infinite_domain/recipe/darknet_ecology_conversion/tier_1/scraped_access_token_from_beef.json,.json,213,0f9310baca5bfd172913f95645aacfb2d28c0df742f3749917072c6cacd6f675
data,infinite_domain,recipe,kubejs/data/infinite_domain/recipe/darknet_ecology_conversion/tier_1/scraped_access_token_from_cooked_beef.json,.json,220,61efbac20accb014f14bfb7ef3d83055e17ce16217935e137663dbf53328e4df
data,infinite_domain,recipe,kubejs/data/infinite_domain/recipe/darknet_ecology_conversion/tier_1/scraped_access_token_from_cooked_rabbit.json,.json,222,1f123623174d23d86d7c0162ee2bd7a6f6534df747369d3f22ca35ec2d9f973f
data,infinite_domain,recipe,kubejs/data/infinite_domain/recipe/darknet_ecology_conversion/tier_1/scraped_access_token_from_rabbit.json,.json,215,81221e413b5b76c14acc473a6b42b1c74cea5ba75be8fb35beaa6df0bc64614b
data,infinite_domain,recipe,kubejs/data/infinite_domain/recipe/darknet_ecology_conversion/tier_1/scraped_access_token_from_signal_grass.json,.json,226,f405fbea45905eba71d6f1359a0d4f8430999c48ac10ef2558d9fbfb57a87a24
data,infinite_domain,recipe,kubejs/data/infinite_domain/recipe/darknet_ecology_conversion/tier_2/darknet_data_cache_from_leather.json,.json,214,3469991db7a33c3159fc754cb92db2deb5371ccabf9b4652603af7c67fc03b0f
data,infinite_domain,recipe,kubejs/data/infinite_domain/recipe/darknet_ecology_conversion/tier_2/darknet_data_cache_from_packet_fern.json,.json,223,dd51b33c96a6ec6c8ff5d3de7f04b78b52c0777e5c46152671f9297db117cabb
data,infinite_domain,recipe,kubejs/data/infinite_domain/recipe/darknet_ecology_conversion/tier_2/darknet_data_cache_from_rabbit_hide.json,.json,218,d30ecd1602e00ddb0289f56beaf686ac12499ca9149e78d8620505f63ca2d771
data,infinite_domain,recipe,kubejs/data/infinite_domain/recipe/darknet_ecology_conversion/tier_2/darknet_data_cache_from_slime_ball.json,.json,217,3689e453f4d072a43d9f9f2c8cd8547a86b59e2199d55636b2f121d4d19f434c
data,infinite_domain,recipe,kubejs/data/infinite_domain/recipe/darknet_ecology_conversion/tier_3/encrypted_credential_bundle_from_blackroot_shrub.json,.json,236,8c573c2d0a2d2fe75ed13ceba0d1cbfa4d2f47c0f26bb11b6296c3d4e5aabe4c
data,infinite_domain,recipe,kubejs/data/infinite_domain/recipe/darknet_ecology_conversion/tier_3/encrypted_credential_bundle_from_cipher_bloom.json,.json,233,d3a9e412d3897c8731b31166d3f80b480e2855a72b228ce196839c743d034832
data,infinite_domain,recipe,kubejs/data/infinite_domain/recipe/darknet_ecology_conversion/tier_3/encrypted_credential_bundle_from_rabbit_foot.json,.json,227,e76459df63eff5559dfe371ee8c9cebb6922ff345174dfc9781ed21d0f33f464
data,infinite_domain,recipe,kubejs/data/infinite_domain/recipe/darknet_session_injector_tier_1.json,.json,538,93c3a373d2026f891432e733ebe98a76be0f40d7bef76b1c73599b8998f765d7
data,infinite_domain,recipe,kubejs/data/infinite_domain/recipe/darknet_session_injector_tier_2.json,.json,440,82df6f6dae38949807ff1de9168365d0e11bbf3033adc3b37f064a58f1daa2ea
data,infinite_domain,recipe,kubejs/data/infinite_domain/recipe/darknet_session_injector_tier_3.json,.json,442,642b6ff133b1a4288ea1d67481da23003afebc8ce02b7c693d34dc6a6fdd92e4
data,infinite_domain,recipe,kubejs/data/infinite_domain/recipe/darknet_session_injector_tier_4.json,.json,446,1b08a16f67fbc850ec22edce62750131faac19b09927fa4313728427681df548
data,infinite_domain,recipe,kubejs/data/infinite_domain/recipe/darknet_session_injector_tier_5.json,.json,442,ad0b34a5c66b7393fcf8cc9096ddea03a9fa8ec7d91c8ab251bc6b0757330aec
data,infinite_domain,recipe,kubejs/data/infinite_domain/recipe/darknet_session_injector_tier_6.json,.json,446,05a570f647ab593f87a88dce29ec5888ef01ed322e6e9b768716ec950974673f
data,infinite_domain,recipe,kubejs/data/infinite_domain/recipe/darknet_session_injector_tier_7.json,.json,443,2faea3e1f0f91e7777d92f64ba50391cc0e59d681df1f89dbd7f2f81b6653a4e
data,infinite_domain,recipe,kubejs/data/infinite_domain/recipe/darknet_session_injector_tier_8.json,.json,443,fd88931ffde05f13ff28c32b22f0326614e28708ca0abb60393020cdaea3f874
data,infinite_domain,recipe,kubejs/data/infinite_domain/recipe/darknet_temporal_core.json,.json,493,74138f910591c1cd924c0856ecfb586af92a06976cc2817bf2db7d2dc2440a33
data,infinite_domain,recipe,kubejs/data/infinite_domain/recipe/early_survival/refined_scrap_metal_from_wild_scrap.json,.json,242,eb76fdc6870a9cdc398d1bfa52aa0f416c2110192b2ce33943b43c98b2ed7ae2
data,infinite_domain,recipe,kubejs/data/infinite_domain/recipe/early_survival/wasteland_cloth_from_string.json,.json,245,7c97e2418ba8e9d46a78fe548875a0b5d75b84c58d422c62f0909730599f6cf7
data,infinite_domain,recipe,kubejs/data/infinite_domain/recipe/era_0/furnace_from_habitation_contribution.json,.json,307,a015b31d0cc53e3572c71531cb6866ea690576419d97b68956011506408e781a
data,infinite_domain,recipe,kubejs/data/infinite_domain/recipe/era_0/habitation_contribution.json,.json,469,0551ffe8f0fbb4f6e1a6c93a82ff56a14981301af5365b6a3a29adc2e6b74122
data,infinite_domain,recipe,kubejs/data/infinite_domain/recipe/era_0/mason_contribution.json,.json,404,13a8cb623abb8a005828885f4660b6e50a977c917d6e420a5c55e803edb2d069
data,infinite_domain,recipe,kubejs/data/infinite_domain/recipe/era_0/scavenger_contribution.json,.json,524,dd9ee9c0997dc811e6341244e52181893c594c18ec073fbf54ec2b1124d945cf
data,infinite_domain,recipe,kubejs/data/infinite_domain/recipe/era_1/exploration_contribution.json,.json,517,bc374e5dc05ed983b94978e5cee4932b105518f46fca6b9d65ad449b2e7ad38c
data,infinite_domain,recipe,kubejs/data/infinite_domain/recipe/era_1/farming_contribution.json,.json,431,043d7eae890e8a1075d4ede642b7701386e33b5ecef59c86a9afa230f7eabaca
data,infinite_domain,recipe,kubejs/data/infinite_domain/recipe/era_1/mechanical_foundation_core_from_exploration.json,.json,348,5892d7af90ec9da05f8b760585af8a12ea70456ca4fd902bea3324d3cb8d89ad
data,infinite_domain,recipe,kubejs/data/infinite_domain/recipe/era_1/mechanical_foundation_core_from_farming.json,.json,344,f4d86865257ff94b33e75307dcc9135833f98745e0329c4e140671a112bcbda6
data,infinite_domain,recipe,kubejs/data/infinite_domain/recipe/era_1/mechanical_foundation_core_from_mining.json,.json,343,1f0a24e01e7b2dfe333c32fea3691777d15c0807900e5bc66e68baa94e59d604
data,infinite_domain,recipe,kubejs/data/infinite_domain/recipe/era_1/mining_contribution.json,.json,426,37d3ad6ab25cd9aa73b0a04c7eea7398bed472862d1842b4f0514e9350ddbe37
data,infinite_domain,recipe,kubejs/data/infinite_domain/recipe/era_2/a_contribution.json,.json,479,221f0abe27e68bae468b57d558c8fa1d2c3fe87f16eb2704a32acaa54edeebca
data,infinite_domain,recipe,kubejs/data/infinite_domain/recipe/era_2/b_contribution.json,.json,471,9f947eff664deb2c726bd7fd7f523948f724f75646e132bd17b4da852600a961
data,infinite_domain,recipe,kubejs/data/infinite_domain/recipe/era_2/c_contribution.json,.json,525,b6c2e9a1ad79b30730e90da2e62cdb33ac9eb2bc2da240c0a4a740f2cb95bf8b
data,infinite_domain,recipe,kubejs/data/infinite_domain/recipe/era_2/foundation_core_from_a.json,.json,394,62b8c06381babde75c3c5e564ec1273396e5ed4b8527ddfb32a35974a13b5693
data,infinite_domain,recipe,kubejs/data/infinite_domain/recipe/era_2/foundation_core_from_b.json,.json,395,dcb2092ea656c76b42ee095ccf8a50117e16d291ddb5331fd060caad4585ceab
data,infinite_domain,recipe,kubejs/data/infinite_domain/recipe/era_2/foundation_core_from_c.json,.json,399,7c32562eec6bd6c0cde0639858904fd81614d2ea6d58d59149bbfda9f5581756
data,infinite_domain,recipe,kubejs/data/infinite_domain/recipe/era_3/a_contribution.json,.json,508,f1e21acd305fc934e9478496192d8c10240adf0f8409a61fc56f5e5664098f14
data,infinite_domain,recipe,kubejs/data/infinite_domain/recipe/era_3/b_contribution.json,.json,495,03fd6ed8ecc0fff18dfdc0e7a96e9974754cccbbba4c4b1ef156613842e756da
data,infinite_domain,recipe,kubejs/data/infinite_domain/recipe/era_3/c_contribution.json,.json,523,3f9eee61240fa891e2af51414a6a022d4111f9e44d99f2284d0b2b875ad9e32d
data,infinite_domain,recipe,kubejs/data/infinite_domain/recipe/era_3/foundation_core_from_a.json,.json,394,1374660e3d95b0a63fceccf94692c1a68fd5ad4f7792d5809ed437804a5f099d
data,infinite_domain,recipe,kubejs/data/infinite_domain/recipe/era_3/foundation_core_from_b.json,.json,395,daf016abd365cc108411f0440a01e94e1fc906a78129e89601dd9b353924a80e
data,infinite_domain,recipe,kubejs/data/infinite_domain/recipe/era_3/foundation_core_from_c.json,.json,399,94274e9757355a3991ba93c86ba2992dafb024303f522e695a678f9cde344f4c
data,infinite_domain,recipe,kubejs/data/infinite_domain/recipe/era_4/a_contribution.json,.json,531,1fa98b3a99fe70af006d5bb89521c4b04e477952a35fad40425a83fb986dc72e
data,infinite_domain,recipe,kubejs/data/infinite_domain/recipe/era_4/b_contribution.json,.json,501,47fddf633020fb58bf29165ddafe7967b1056eb179a33f3dd01e002e567a1290
data,infinite_domain,recipe,kubejs/data/infinite_domain/recipe/era_4/c_contribution.json,.json,508,95253a58dffaba06b19af41dd0b695e6057329c12c4869a97293a02485fdc84d
data,infinite_domain,recipe,kubejs/data/infinite_domain/recipe/era_4/foundation_core_from_a.json,.json,406,2046e24fe1081e899ed61ba811b98522c9a5894aa39b9129ff783911880bb7a1
data,infinite_domain,recipe,kubejs/data/infinite_domain/recipe/era_4/foundation_core_from_b.json,.json,407,2a28fc1bae7c3ad664229f4c0e479241ae4bd5a1449fe4702703f6ebacf17f9e
data,infinite_domain,recipe,kubejs/data/infinite_domain/recipe/era_4/foundation_core_from_c.json,.json,411,49e9f27cb47de67216575e038717763e68608b6042f94c413218591ea71e8e85
data,infinite_domain,recipe,kubejs/data/infinite_domain/recipe/era_5/a_contribution.json,.json,499,54182a3ef6b78a95cb2a534a80530c055d61e52b442044abaf8c275e781ad36d
data,infinite_domain,recipe,kubejs/data/infinite_domain/recipe/era_5/b_contribution.json,.json,509,286523e73ecbc30513d9f90a3540bbf5a14284f13ddcfb2693506cb0d097d6d1
data,infinite_domain,recipe,kubejs/data/infinite_domain/recipe/era_5/c_contribution.json,.json,520,9f992591f178159fa6baebc28bf23f13e22d09c04fefa0d2abd394b9f7ee352d
data,infinite_domain,recipe,kubejs/data/infinite_domain/recipe/era_5/foundation_core_from_a.json,.json,400,9da012cfd1941b5711cbd49da45e8c0d9442d42ffce1565977f62e75377f4acb
data,infinite_domain,recipe,kubejs/data/infinite_domain/recipe/era_5/foundation_core_from_b.json,.json,401,e99e87e776ea67a6946eaa4d08e98a6be43217109f6a46c3d180961b1dd068ff
data,infinite_domain,recipe,kubejs/data/infinite_domain/recipe/era_5/foundation_core_from_c.json,.json,405,d3d13fa9bff70e40bd87960c9b3624bf1c59a93004980c3e72db68aff8f7d714
data,infinite_domain,recipe,kubejs/data/infinite_domain/recipe/era_6/a_contribution.json,.json,520,5685605e6969d6a341e50e5857d53774bd3fb76a0fdd14a766435940982f3c89
data,infinite_domain,recipe,kubejs/data/infinite_domain/recipe/era_6/b_contribution.json,.json,500,7e94504c178a8591088a7a474e1b8c1e68d8d7070ad6ee1f0b65621856482686
data,infinite_domain,recipe,kubejs/data/infinite_domain/recipe/era_6/c_contribution.json,.json,533,143924d968ec6c20113bbe1a19d0a8798d5dd5b1ca1f5d1858b58b8a387ad254
data,infinite_domain,recipe,kubejs/data/infinite_domain/recipe/era_6/foundation_core_from_a.json,.json,400,36b707bea37f5be1606034aac527638cb0240e0ea121cdddfc4bde683976f53f
data,infinite_domain,recipe,kubejs/data/infinite_domain/recipe/era_6/foundation_core_from_b.json,.json,401,571160dd8588172b16622a90dcd4d43b564a4f9176816c0aced1d4d5bc0ffcc5
data,infinite_domain,recipe,kubejs/data/infinite_domain/recipe/era_6/foundation_core_from_c.json,.json,405,1d2a1eb14ac579120e7976aa86e0d77a147746638db8751e1ff9714bb3583fcd
data,infinite_domain,recipe,kubejs/data/infinite_domain/recipe/era_7/a_contribution.json,.json,493,e024f6baafa222d88579bcdac27ebd35c90a50b07f52184ff7f041c04fe4db12
data,infinite_domain,recipe,kubejs/data/infinite_domain/recipe/era_7/b_contribution.json,.json,503,cf517ef328461898bc4ee00fd7738e9ef57af1284fa300e735fe4c2299eeb744
data,infinite_domain,recipe,kubejs/data/infinite_domain/recipe/era_7/c_contribution.json,.json,517,829b10ed903c26860c2c1386bf12bb6b10d40e338d0d4634ceb46e6f0c28ef44
data,infinite_domain,recipe,kubejs/data/infinite_domain/recipe/era_7/foundation_core_from_a.json,.json,395,375b80da0a3ad5e499ba537a1dea1ad714f068ed4f3e2b3c11660cb2b86df089
data,infinite_domain,recipe,kubejs/data/infinite_domain/recipe/era_7/foundation_core_from_b.json,.json,396,123b07b6d1491402daa3af1fbff9d8c4b72d81ecca1955e7037feefcf78ef279
data,infinite_domain,recipe,kubejs/data/infinite_domain/recipe/era_7/foundation_core_from_c.json,.json,400,7d2b3b42871113e40c729e8f3aea121fe6c0e7b51eb28e4982d0b1e5e2eb071f
data,infinite_domain,recipe,kubejs/data/infinite_domain/recipe/era_8/a_contribution.json,.json,496,0a54ed6f3727d58228d606c64c549d58fa5dac4fe52a7b076f2dde552df74a9a
data,infinite_domain,recipe,kubejs/data/infinite_domain/recipe/era_8/b_contribution.json,.json,512,ffbc733d47b539d2a2ccb53b348b77c411a8a9e514990a264dce8ff1ecd619a5
data,infinite_domain,recipe,kubejs/data/infinite_domain/recipe/era_8/c_contribution.json,.json,470,d27378ba82de6375c3606b6bdf68e71f31261841f057a0304433ddb8b56a0e87
data,infinite_domain,recipe,kubejs/data/infinite_domain/recipe/era_8/infinite_domain_core_from_a.json,.json,795,b6a2859009c71b1648cb4d816f10485f7bf0bfbc112c04ebab39836bf67916fb
data,infinite_domain,recipe,kubejs/data/infinite_domain/recipe/era_8/infinite_domain_core_from_b.json,.json,796,550dd07feb49e8abed2d675866a3ad38d42c43b603f7c71bf558740fecfd4f59
data,infinite_domain,recipe,kubejs/data/infinite_domain/recipe/era_8/infinite_domain_core_from_c.json,.json,800,86d5789518882bf28e536766bb2e49b3cb1bac6bffee096da3d97a14c6def536
data,infinite_domain,recipe,kubejs/data/infinite_domain/recipe/hammer/hazardous_salvage/rusted_barrel_to_scrap_metal.json,.json,318,7b19998f5b1501016ab84b93bde3daf4fe4fe3f8bd9dad864e65648ce66cec66
data,infinite_domain,recipe,kubejs/data/infinite_domain/recipe/hammer/hazardous_salvage/waste_barrel_to_radioactive_waste.json,.json,311,4372d04a4cd8529c3011a836b21eca31c2857ec87fdc999b860233f6ee30d975
data,infinite_domain,recipe,kubejs/data/infinite_domain/recipe/material_bundles/paper_bundle.json,.json,248,675fb6b0040f6dc7f9e9f481b47c0a29c25a5963d7f1d91ec6042d22d1c67c37
data,infinite_domain,recipe,kubejs/data/infinite_domain/recipe/material_bundles/paper_unbundle.json,.json,202,cff701853aa14942b2ab34a9cd4bc65e3020da11ab1e26b101aa20958144de02
data,infinite_domain,recipe,kubejs/data/infinite_domain/recipe/mixing/clay_from_coarse_dirt_and_water_bucket.json,.json,569,f99021e0157044469f926574f10a6c3248718406802fbf1ec76e36e5ce823e5b
data,infinite_domain,recipe,kubejs/data/infinite_domain/recipe/sequenced_assembly/industrial_engineering_core.json,.json,1126,14bed778dae57ff4a890ec72dbbed298820f9053d5b48f6da67fafe2dc9cb72f
data,infinite_domain,recipe,kubejs/data/infinite_domain/recipe/sieve/hazardous_salvage/radioactive_waste/diamond/amethyst_dust.json,.json,537,00cae212f999739a99219e1235f5fbcdb32115fbaa1e328789fd669dc382c83a
data,infinite_domain,recipe,kubejs/data/infinite_domain/recipe/sieve/hazardous_salvage/radioactive_waste/diamond/anti_rad.json,.json,549,37b8531ec7568d8030ce79b00cad9921d2042b6f6a983d3ad6b67e6922129628
data,infinite_domain,recipe,kubejs/data/infinite_domain/recipe/sieve/hazardous_salvage/radioactive_waste/diamond/documents.json,.json,533,5322405b3b8830c6f6fee788048f81c3b3e2fb0c838734146d802f46e2575933
data,infinite_domain,recipe,kubejs/data/infinite_domain/recipe/sieve/hazardous_salvage/radioactive_waste/diamond/guaranteed_fallback.json,.json,535,b2fdef1096473d122a293b8d9108d92bd599a510a4f50a0f46195d0a25251363
data,infinite_domain,recipe,kubejs/data/infinite_domain/recipe/sieve/hazardous_salvage/radioactive_waste/diamond/raw_uranium.json,.json,551,e9a30cbc2e3c2d54079e5505951b902dce80e5a92bf44cf8963344ebcca9c370
data,infinite_domain,recipe,kubejs/data/infinite_domain/recipe/sieve/hazardous_salvage/radioactive_waste/diamond/yellowcake.json,.json,551,9ab3065439af8b07c393678a03b575c79a867428e9e44c07030077ff9356349d
data,infinite_domain,recipe,kubejs/data/infinite_domain/recipe/sieve/hazardous_salvage/radioactive_waste/flint/guaranteed_fallback.json,.json,533,5fa19af8fb2dc6f6d9114bddaaa7ac37724b5bd43a8c1b8d4d52b4d3a8bdbf49
data,infinite_domain,recipe,kubejs/data/infinite_domain/recipe/sieve/hazardous_salvage/radioactive_waste/flint/iron_nugget.json,.json,535,213d2260ea3de394bdd38580398d70af7066c8385fbdeff14d94f9c4eaa572a0
data,infinite_domain,recipe,kubejs/data/infinite_domain/recipe/sieve/hazardous_salvage/radioactive_waste/flint/redstone.json,.json,533,b4f0116cff450b480fad4753ec16854f9a9f6062e7dcb6fc47277d151e843031
data,infinite_domain,recipe,kubejs/data/infinite_domain/recipe/sieve/hazardous_salvage/radioactive_waste/flint/rotten_scraps.json,.json,533,ae20777b86afd04b84533cf30f87eb1bc56b9a4d032388eecb369fe3c539a07d
data,infinite_domain,recipe,kubejs/data/infinite_domain/recipe/sieve/hazardous_salvage/radioactive_waste/flint/scrap_metal.json,.json,547,4d89a5ace390f74b1d5719782f857ad3c67d90b0b7052f49eced9e9529707f23
data,infinite_domain,recipe,kubejs/data/infinite_domain/recipe/sieve/hazardous_salvage/radioactive_waste/flint/sulfur_dust.json,.json,548,0a00cf32ff9868de88bc5a01ab9211e12a9e0f9e7f48b7a97585f882fe8293a2
data,infinite_domain,recipe,kubejs/data/infinite_domain/recipe/sieve/hazardous_salvage/radioactive_waste/golden/boric_acid.json,.json,549,73aec5366124ee9c5d02826fdcd8446e8d616e004052177b66dec0fef990820a
data,infinite_domain,recipe,kubejs/data/infinite_domain/recipe/sieve/hazardous_salvage/radioactive_waste/golden/gas_mask_filter.json,.json,555,90afe5aa6524d3fe3c1e0650cc4f97b9c0f448eabb4c4769ce18026ce583a602
data,infinite_domain,recipe,kubejs/data/infinite_domain/recipe/sieve/hazardous_salvage/radioactive_waste/golden/gold_nugget.json,.json,536,9fc1c71895ce35cf16450cc9072c362aa0205c2d6a231341922e690292e73a85
data,infinite_domain,recipe,kubejs/data/infinite_domain/recipe/sieve/hazardous_salvage/radioactive_waste/golden/guaranteed_fallback.json,.json,534,426d7d6934da96152ee94a4a74a9349bef1226e8076b38b88cde7ca3b164150a
data,infinite_domain,recipe,kubejs/data/infinite_domain/recipe/sieve/hazardous_salvage/radioactive_waste/golden/uranium_powder.json,.json,553,f5866796435d0bec6bf779f392a11f9288a35a943cf0f0694276f6b7edf3af81
data,infinite_domain,recipe,kubejs/data/infinite_domain/recipe/sieve/hazardous_salvage/radioactive_waste/iron/aluminium_nugget.json,.json,552,f68fc51641e7d152f7444cd5865b9d9bcad47f3916d01ff947859c1f41529e0c
data,infinite_domain,recipe,kubejs/data/infinite_domain/recipe/sieve/hazardous_salvage/radioactive_waste/iron/cartridge.json,.json,546,e9f9f7682c7634f3b6baf2a3affc44fe0ff3ca29ce33831556b470fafdff3ac9
data,infinite_domain,recipe,kubejs/data/infinite_domain/recipe/sieve/hazardous_salvage/radioactive_waste/iron/empty_test_tube.json,.json,551,60e2e71be5e0968b65af22badc7b4fd05d9b7cd7183507086be40ec1f1d661be
data,infinite_domain,recipe,kubejs/data/infinite_domain/recipe/sieve/hazardous_salvage/radioactive_waste/iron/glowstone_dust.json,.json,538,f8978fbcae134be2d3a98195691594c04387d524b1c781332d5be41b9d00b8a8
data,infinite_domain,recipe,kubejs/data/infinite_domain/recipe/sieve/hazardous_salvage/radioactive_waste/iron/guaranteed_fallback.json,.json,532,fe012d6a25a613b1093231746c6a70e3e8aeb6396923685184b2ebcd5d4f3366
data,infinite_domain,recipe,kubejs/data/infinite_domain/recipe/sieve/hazardous_salvage/radioactive_waste/iron/raw_lead.json,.json,545,e56833d415c91889b20fd5a4bb90a622fcd6a2dd0defe867f9f70478444dce44
data,infinite_domain,recipe,kubejs/data/infinite_domain/recipe/sieve/hazardous_salvage/radioactive_waste/netherite/anti_rad.json,.json,550,e4ae733419cc01ae0b38cae797dce9275f905d6e159d1dfd8b73c01d18b0ae39
data,infinite_domain,recipe,kubejs/data/infinite_domain/recipe/sieve/hazardous_salvage/radioactive_waste/netherite/circuit_board.json,.json,540,b9e881f6b94573ed50da3be4f5d82cb157ba470cefee49511a1f528d974bec45
data,infinite_domain,recipe,kubejs/data/infinite_domain/recipe/sieve/hazardous_salvage/radioactive_waste/netherite/geiger_counter.json,.json,558,13d29a32bdc53b918838880316f022e15c93906c9e6516cf30df684be8f0116c
data,infinite_domain,recipe,kubejs/data/infinite_domain/recipe/sieve/hazardous_salvage/radioactive_waste/netherite/guaranteed_fallback.json,.json,537,3e65a256fd2560c610e6a489a538c710d774593be59aae2175f99dbd3c36fd90
data,infinite_domain,recipe,kubejs/data/infinite_domain/recipe/sieve/hazardous_salvage/radioactive_waste/netherite/raw_uranium.json,.json,554,4ef2f5a76478fc32a2d9764e9cbca24f61e4909558f0b1ee3d9446a5e2a6c285
data,infinite_domain,recipe,kubejs/data/infinite_domain/recipe/sieve/hazardous_salvage/radioactive_waste/netherite/yellowcake.json,.json,552,d571fcd63bd29225175bd05fcbf65735036c2d884df5b46292be3dc66e11ac6f
data,infinite_domain,recipe,kubejs/data/infinite_domain/recipe/sieve/hazardous_salvage/radioactive_waste/string/bone.json,.json,529,7293742237abda5a1b12afa0bb7ee85a490da6342da4c3d2b9420340b9332dc6
data,infinite_domain,recipe,kubejs/data/infinite_domain/recipe/sieve/hazardous_salvage/radioactive_waste/string/coal.json,.json,529,cdbe12da46e4f03b318c5f7223f57c309a686028b84dd89d3168bc1400d1c6c4
data,infinite_domain,recipe,kubejs/data/infinite_domain/recipe/sieve/hazardous_salvage/radioactive_waste/string/guaranteed_fallback.json,.json,534,f8dc2d1069b862a828fa9cc04893820e3405cecd83aa21932344551eeea8c37a
data,infinite_domain,recipe,kubejs/data/infinite_domain/recipe/sieve/hazardous_salvage/radioactive_waste/string/rotten_flesh.json,.json,537,4c51ed97b99adb635bb56ee8f412cb509f02f40988501cc3c052ce8f7005a490
data,infinite_domain,recipe,kubejs/data/infinite_domain/recipe/sieve/hazardous_salvage/rusted_barrel/diamond/anti_rad.json,.json,556,396814df9159713ccf30e06bf1bd6722e6a97b724828769556f6ba3faa687372
data,infinite_domain,recipe,kubejs/data/infinite_domain/recipe/sieve/hazardous_salvage/rusted_barrel/diamond/circuit_board.json,.json,545,da292e82a09e7c37d99dfeeaa5e72952eb4413cd141b0003541c6fac0fc1f84e
data,infinite_domain,recipe,kubejs/data/infinite_domain/recipe/sieve/hazardous_salvage/rusted_barrel/diamond/documents.json,.json,540,6619a8ab1c5b60d121ac31e576e5fcf13482d59883a32aaaba9ea198d8b03781
data,infinite_domain,recipe,kubejs/data/infinite_domain/recipe/sieve/hazardous_salvage/rusted_barrel/diamond/geiger_counter.json,.json,562,394ea0d621967d1f0ceeebaf66b41ca7b705378250e19619eb43c049e724a017
data,infinite_domain,recipe,kubejs/data/infinite_domain/recipe/sieve/hazardous_salvage/rusted_barrel/diamond/guaranteed_fallback.json,.json,553,479a6a9e61d0f69efc9318a79adf7e9d33457544eb9c3f885ce6a101c929f1e8
data,infinite_domain,recipe,kubejs/data/infinite_domain/recipe/sieve/hazardous_salvage/rusted_barrel/flint/aluminium_nugget.json,.json,561,5596e57d07a74c84591233d833f40b5dc43d2346f8f925b4b06a15001bbdaf0c
data,infinite_domain,recipe,kubejs/data/infinite_domain/recipe/sieve/hazardous_salvage/rusted_barrel/flint/cartridge.json,.json,555,c24a531f0db43b35c417bfd063104e59ff3a57c64e72da9ef48d5bfe9a257561
data,infinite_domain,recipe,kubejs/data/infinite_domain/recipe/sieve/hazardous_salvage/rusted_barrel/flint/garbage_bag.json,.json,556,72fcb120667746b86dde153634dfe39147389b189a7197b702ac91be0929dba7
data,infinite_domain,recipe,kubejs/data/infinite_domain/recipe/sieve/hazardous_salvage/rusted_barrel/flint/guaranteed_fallback.json,.json,551,08cc02c631760f2fc3e87cb8d14cd9dfaf0dd6fe7e0e219aad91a4ecb7b7e586
data,infinite_domain,recipe,kubejs/data/infinite_domain/recipe/sieve/hazardous_salvage/rusted_barrel/flint/iron_nugget.json,.json,543,984c74d15abb5a125910d8098792fc3a87df182ab448aa85dbe25d04c9142eb5
data,infinite_domain,recipe,kubejs/data/infinite_domain/recipe/sieve/hazardous_salvage/rusted_barrel/golden/compass.json,.json,541,f354c95921db179df94b6e9e6fc841110c252cadc47b1ff560a2e83097f5e803
data,infinite_domain,recipe,kubejs/data/infinite_domain/recipe/sieve/hazardous_salvage/rusted_barrel/golden/gold_nugget.json,.json,544,39dbccab380f72268a4573bb15b99cc520a5ad3e0e7a0ba21d49ae4df0eb39f5
data,infinite_domain,recipe,kubejs/data/infinite_domain/recipe/sieve/hazardous_salvage/rusted_barrel/golden/guaranteed_fallback.json,.json,552,5660822928b074fe3cdc6ab862995eec9eb0346dcb1905d892f5b0a5be7aa13c
data,infinite_domain,recipe,kubejs/data/infinite_domain/recipe/sieve/hazardous_salvage/rusted_barrel/golden/radio.json,.json,553,30a1403dfcb035c134834b2439881d5bde37961903b9407a3aa1fc0e47eda289
data,infinite_domain,recipe,kubejs/data/infinite_domain/recipe/sieve/hazardous_salvage/rusted_barrel/iron/gas_mask_filter.json,.json,560,6a51b60a3872b1490b46616e2e5dec3cec08e2752287147b1df1faca4962cc8d
data,infinite_domain,recipe,kubejs/data/infinite_domain/recipe/sieve/hazardous_salvage/rusted_barrel/iron/guaranteed_fallback.json,.json,550,bc09b0dfec13e91e1915d04a3ad0b7595041a9914d7623d627f6a1b3a45c9a5a
data,infinite_domain,recipe,kubejs/data/infinite_domain/recipe/sieve/hazardous_salvage/rusted_barrel/iron/raw_lead.json,.json,552,6a1575a800648434baa7c86ed85fb88a2fd6abffff22890f8bee0b7752319d4c
data,infinite_domain,recipe,kubejs/data/infinite_domain/recipe/sieve/hazardous_salvage/rusted_barrel/iron/redstone.json,.json,539,9c41f1bf2b38974f142c20defabd3c4b29f7656bab1e47b5057460e06cb433d9
data,infinite_domain,recipe,kubejs/data/infinite_domain/recipe/sieve/hazardous_salvage/rusted_barrel/iron/rubber.json,.json,551,8fee540e54aa233ff2d86c915f448826253ab6d5a56399e0182f43e11d744e1d
data,infinite_domain,recipe,kubejs/data/infinite_domain/recipe/sieve/hazardous_salvage/rusted_barrel/netherite/forgotten_record.json,.json,551,0204a1dfd794ca592eb7c0c7a2994a9db262f8bdef713b08a83828d29fffee4e
data,infinite_domain,recipe,kubejs/data/infinite_domain/recipe/sieve/hazardous_salvage/rusted_barrel/netherite/geiger_counter.json,.json,565,0895e54c65e84676207d3de7381cc1dcbe127c56f4469ff9572e397aefbdde82
data,infinite_domain,recipe,kubejs/data/infinite_domain/recipe/sieve/hazardous_salvage/rusted_barrel/netherite/guaranteed_fallback.json,.json,555,9e9c7e8931b6f66e286bda14dc21a1773098b65d08a5ff41d02cde9815d402cb
data,infinite_domain,recipe,kubejs/data/infinite_domain/recipe/sieve/hazardous_salvage/rusted_barrel/netherite/radio.json,.json,555,d5856e5379692f69454688584217d05a2e6d109e991eba5e085457c4a3c908aa
data,infinite_domain,recipe,kubejs/data/infinite_domain/recipe/sieve/hazardous_salvage/rusted_barrel/string/cloth.json,.json,551,f9f63b6bb19cab44cfa1ccf6e547c3b35f2063a5df1ae94c60e7a0429a6a973d
data,infinite_domain,recipe,kubejs/data/infinite_domain/recipe/sieve/hazardous_salvage/rusted_barrel/string/guaranteed_fallback.json,.json,552,7e51a162036d8411835f6a21b2e96371f1e3980cd803a24fd3e7ca211ac80ded
data,infinite_domain,recipe,kubejs/data/infinite_domain/recipe/sieve/hazardous_salvage/rusted_barrel/string/scrap_metal.json,.json,557,6e8b92c437a4a03714f4c618267acd74e2309c8c2125c09d94f91ca4ac7e12ad
data,infinite_domain,recipe,kubejs/data/infinite_domain/recipe/sieve/hazardous_salvage/rusted_barrel/string/stick.json,.json,537,d4a45c869e7accc2664edec856394c856b24b233d2cc8d77af9aae893025e4a1
data,infinite_domain,recipe,kubejs/data/infinite_domain/recipe/sieve/hazardous_salvage/scrap_pile/diamond/canned_food.json,.json,531,e638a5eaa01c766a5d54e7bbb82db94961de61b0b86a57f2531769352f86ca7f
data,infinite_domain,recipe,kubejs/data/infinite_domain/recipe/sieve/hazardous_salvage/scrap_pile/diamond/filter_canister.json,.json,536,717488fabff0445bae26af75111703cfee13891882b1f3f4d4702507d8fe12a2
data,infinite_domain,recipe,kubejs/data/infinite_domain/recipe/sieve/hazardous_salvage/scrap_pile/diamond/geiger_counter.json,.json,535,2c1cf84256d722993b4447a3370462031d6a35bccd1fe2c4cc2bf955852789a1
data,infinite_domain,recipe,kubejs/data/infinite_domain/recipe/sieve/hazardous_salvage/scrap_pile/diamond/guaranteed_fallback.json,.json,540,c23f20d1298893038b00368715a9fda9579d82311446fefc25b9922f1c03de6f
data,infinite_domain,recipe,kubejs/data/infinite_domain/recipe/sieve/hazardous_salvage/scrap_pile/diamond/purified_water.json,.json,534,f98c78cb43fdf2d37ffdf34796a1caabb55c91673047af26dda9f0093b988090
data,infinite_domain,recipe,kubejs/data/infinite_domain/recipe/sieve/hazardous_salvage/scrap_pile/diamond/rad_away.json,.json,528,33aa61e6f28ebdc892ece76cbd3c11a817959f07f19f1ad65e64f316033c0e85
data,infinite_domain,recipe,kubejs/data/infinite_domain/recipe/sieve/hazardous_salvage/scrap_pile/diamond/radio.json,.json,540,88de8cc51a12802f56848e107f568d187d0625971453904feac14f14e61cbec8
data,infinite_domain,recipe,kubejs/data/infinite_domain/recipe/sieve/hazardous_salvage/scrap_pile/flint/canned_food.json,.json,530,ffb9244b75e3c53a2a799c0b87f63557108b587626e45aa87e866b14eefa013a
data,infinite_domain,recipe,kubejs/data/infinite_domain/recipe/sieve/hazardous_salvage/scrap_pile/flint/cloth.json,.json,535,078d974bae9a03fed3612dd9f81f3190664aa7092e69c8b40b0dd7e59b825b45
data,infinite_domain,recipe,kubejs/data/infinite_domain/recipe/sieve/hazardous_salvage/scrap_pile/flint/empty_can.json,.json,538,9a064bbffa0b7c4db5dda9a5440e0ef1b39798f30704923c2a63f8eef010aca1
data,infinite_domain,recipe,kubejs/data/infinite_domain/recipe/sieve/hazardous_salvage/scrap_pile/flint/filter_canister.json,.json,534,1a02b6a02f9ea8ddd0b9af6693c257b137e41ae9b3e147c12e193b04089fa100
data,infinite_domain,recipe,kubejs/data/infinite_domain/recipe/sieve/hazardous_salvage/scrap_pile/flint/guaranteed_fallback.json,.json,538,c751fb73da63ef3c944f262c0187b06d5d2751c12f5808e63d81533cf8e7b8c6
data,infinite_domain,recipe,kubejs/data/infinite_domain/recipe/sieve/hazardous_salvage/scrap_pile/flint/purified_water.json,.json,533,46a30cbe96ee1ace541c969bfbd32cf8e140ed00e84b4db498862a13fec49c22
data,infinite_domain,recipe,kubejs/data/infinite_domain/recipe/sieve/hazardous_salvage/scrap_pile/flint/rad_away.json,.json,528,eaa13f7a009afd291182234f16f34ec7a9115ecc9915b4cef9af1625fd0c2d88
data,infinite_domain,recipe,kubejs/data/infinite_domain/recipe/sieve/hazardous_salvage/scrap_pile/flint/rubber.json,.json,536,0c3d487d286944e94af68a8c1988416da0f0f4349da4736c395d834ff4903cf0
data,infinite_domain,recipe,kubejs/data/infinite_domain/recipe/sieve/hazardous_salvage/scrap_pile/golden/canned_food.json,.json,530,d4a6f5e30d3310f7d13a60136152c80c9c15ec9a72813a79c11f0556b176131e
data,infinite_domain,recipe,kubejs/data/infinite_domain/recipe/sieve/hazardous_salvage/scrap_pile/golden/documents.json,.json,524,1d042acee3d36ec027cfc23a3fb04683e27ea4f4c3edbdfd486b68b42a66f3da
data,infinite_domain,recipe,kubejs/data/infinite_domain/recipe/sieve/hazardous_salvage/scrap_pile/golden/filter_canister.json,.json,534,97dda838bb034481510531ba62a49d964b241d13ce5203a03683eb636f0f1964
data,infinite_domain,recipe,kubejs/data/infinite_domain/recipe/sieve/hazardous_salvage/scrap_pile/golden/gas_mask_filter.json,.json,547,1bfcef26f8cc2b1c5f6e575e9314512996d6185be79a0a4d802f12f3aa4acce9
data,infinite_domain,recipe,kubejs/data/infinite_domain/recipe/sieve/hazardous_salvage/scrap_pile/golden/guaranteed_fallback.json,.json,539,4ea2c74b3c0a5d42ed027b63a2ab41d2313220004c6ecf7bb842ea5adc50d381
data,infinite_domain,recipe,kubejs/data/infinite_domain/recipe/sieve/hazardous_salvage/scrap_pile/golden/purified_water.json,.json,534,d8b74c1dc4ee24d13ec996dcc8808236f7461c3a8d12845b4c0b361e7b7bacf5
data,infinite_domain,recipe,kubejs/data/infinite_domain/recipe/sieve/hazardous_salvage/scrap_pile/golden/rad_away.json,.json,528,4cbdd69d1c9273f5a7ed6c17bb5d6db90d853de2e020e3b66f9bd3eea33c0eea
data,infinite_domain,recipe,kubejs/data/infinite_domain/recipe/sieve/hazardous_salvage/scrap_pile/iron/canned_food.json,.json,528,f611edc4ec9d77659b3436f625d32c42cb192104f646fe93050a684e15074f5c
data,infinite_domain,recipe,kubejs/data/infinite_domain/recipe/sieve/hazardous_salvage/scrap_pile/iron/cartridge.json,.json,538,7220ac65f2ddeb59fd7f585af0b09a99c2f4465181ed0e2a0c8afa195b6930b5
data,infinite_domain,recipe,kubejs/data/infinite_domain/recipe/sieve/hazardous_salvage/scrap_pile/iron/filter_canister.json,.json,533,8fedd565e1c7616b08bc2806758b16c8e621ec4a46d66207b232391ef1f4b594
data,infinite_domain,recipe,kubejs/data/infinite_domain/recipe/sieve/hazardous_salvage/scrap_pile/iron/guaranteed_fallback.json,.json,537,a8ed04648b4ec384840ad16311e0dfaf7c335a47a4c6e41459b9ab2ea2301e8e
data,infinite_domain,recipe,kubejs/data/infinite_domain/recipe/sieve/hazardous_salvage/scrap_pile/iron/metallic_pipe.json,.json,543,26f0465262abeb926bedee2eb64c33aa070110fa7b2485520672b3fcd9192cfb
data,infinite_domain,recipe,kubejs/data/infinite_domain/recipe/sieve/hazardous_salvage/scrap_pile/iron/purified_water.json,.json,531,abe86770c3c6b7e37f7374dae1719b5977f0d1745e0c2371d07a7e0ce29e388c
data,infinite_domain,recipe,kubejs/data/infinite_domain/recipe/sieve/hazardous_salvage/scrap_pile/iron/rad_away.json,.json,527,d34526eddb7e0fe1bfb840c0909233f0b5638307bc07d73650bb756b275c8bff
data,infinite_domain,recipe,kubejs/data/infinite_domain/recipe/sieve/hazardous_salvage/scrap_pile/netherite/canned_food.json,.json,533,d796e6b17ac94e5c01066ff140d38997f3f318ceea6018c76f9fd358fbbf18c8
data,infinite_domain,recipe,kubejs/data/infinite_domain/recipe/sieve/hazardous_salvage/scrap_pile/netherite/filter_canister.json,.json,537,463ec57501736201f505382b81c0e3f1c07570a827bf0231628d91266520c4e6
data,infinite_domain,recipe,kubejs/data/infinite_domain/recipe/sieve/hazardous_salvage/scrap_pile/netherite/forgotten_record.json,.json,536,88ac4b377b8d42988ecd307ffe1313025041eb0b46180bf3c2dbc4727ccd4f7a
data,infinite_domain,recipe,kubejs/data/infinite_domain/recipe/sieve/hazardous_salvage/scrap_pile/netherite/geiger_counter.json,.json,537,b36ba47b669b949b3030e0f19d35ef107763844466f9807aec9fe7c48230a076
data,infinite_domain,recipe,kubejs/data/infinite_domain/recipe/sieve/hazardous_salvage/scrap_pile/netherite/guaranteed_fallback.json,.json,542,f68c87ddea370c14ae518a9073f4c9b58012867b84dd2c41993ed834cb3654be
data,infinite_domain,recipe,kubejs/data/infinite_domain/recipe/sieve/hazardous_salvage/scrap_pile/netherite/purified_water.json,.json,536,a87065e8e004869fde31c7dbd451343a3c3ddf9231db06ba0970cee35f3628cd
data,infinite_domain,recipe,kubejs/data/infinite_domain/recipe/sieve/hazardous_salvage/scrap_pile/netherite/rad_away.json,.json,531,96877bbfafc005ea25daabc76d6931911bc2f7264dcb4063e93690a84e8792d8
data,infinite_domain,recipe,kubejs/data/infinite_domain/recipe/sieve/hazardous_salvage/scrap_pile/string/canned_food.json,.json,531,3c82ab80146b1b1ddb8e0e35e461386fd62454a83be7d331aec1e7f7d50fa226
data,infinite_domain,recipe,kubejs/data/infinite_domain/recipe/sieve/hazardous_salvage/scrap_pile/string/empty_can.json,.json,540,530ca2c86677f9caa0aa67b9a41f604b9c63acc7ce3e1745f3e339326184e47b
data,infinite_domain,recipe,kubejs/data/infinite_domain/recipe/sieve/hazardous_salvage/scrap_pile/string/filter_canister.json,.json,536,dd2eb25dfbe447643f4d113b3f0226a0d298d1b04ef51398268b87885e314c0e
data,infinite_domain,recipe,kubejs/data/infinite_domain/recipe/sieve/hazardous_salvage/scrap_pile/string/guaranteed_fallback.json,.json,539,9d9b00474e61684325acfeeaf438b256ccfbe7370b441867a70da275d88405c3
data,infinite_domain,recipe,kubejs/data/infinite_domain/recipe/sieve/hazardous_salvage/scrap_pile/string/paper.json,.json,522,9f0d6ba61f669408dcd9ad31b863875565e838292afe9af02ec0c38d7a03a91a
data,infinite_domain,recipe,kubejs/data/infinite_domain/recipe/sieve/hazardous_salvage/scrap_pile/string/purified_water.json,.json,534,cc5dbb7052b48ad09a8dd747512cb0cd43974f15592ea9cf753056d5ee648a14
data,infinite_domain,recipe,kubejs/data/infinite_domain/recipe/sieve/hazardous_salvage/scrap_pile/string/rad_away.json,.json,528,966233638a3366146dcf3d81bbf14fade90ade792480d21646fc951b5285abc3
data,infinite_domain,recipe,kubejs/data/infinite_domain/recipe/sieve/hazardous_salvage/scrap_pile/string/stick.json,.json,523,7e6c7b4b7f1108e50afa78b671a6e8bc4686c70cab26605c4720b027faa30192
data,infinite_domain,recipe,kubejs/data/infinite_domain/recipe/sieve/hazardous_salvage/scrap_pile/string/string.json,.json,524,099b8120b014d23a63dad2f4f17d99840e775afa5e2907c063221a9151684a11
data,infinite_domain,recipe,kubejs/data/infinite_domain/recipe/sieve/hazardous_salvage/waste_barrel/diamond/corrosive_reagent.json,.json,549,fb638d58a240271bfe17445497e7129271b45a29c889cf92959f42197c556f43
data,infinite_domain,recipe,kubejs/data/infinite_domain/recipe/sieve/hazardous_salvage/waste_barrel/diamond/guaranteed_fallback.json,.json,554,eeb1332e4d6fd428be30c2af86dfea1cbef9248c7aae234e78917107bceca789
data,infinite_domain,recipe,kubejs/data/infinite_domain/recipe/sieve/hazardous_salvage/waste_barrel/diamond/radiation_resistance_pill.json,.json,573,91caa4e8cead31f4a5320cc80911aa9086cbcf67186736182032438c94502bb8
data,infinite_domain,recipe,kubejs/data/infinite_domain/recipe/sieve/hazardous_salvage/waste_barrel/diamond/yellowcake.json,.json,557,22a8045a6b9e33b6ed2cf4dbd42f2730e349c8fa52a9514a35406fe35ea9c6df
data,infinite_domain,recipe,kubejs/data/infinite_domain/recipe/sieve/hazardous_salvage/waste_barrel/flint/aluminium_nugget.json,.json,559,f5059362ee395a74dae93f12785180f0ab8cd78e9b5ab83c280f6be3775645a3
data,infinite_domain,recipe,kubejs/data/infinite_domain/recipe/sieve/hazardous_salvage/waste_barrel/flint/guaranteed_fallback.json,.json,552,77d6c92c404a2f74d6f07f9b45c47c27d836f16b2e30af3a54cf7b21cbc8a110
data,infinite_domain,recipe,kubejs/data/infinite_domain/recipe/sieve/hazardous_salvage/waste_barrel/flint/raw_lead.json,.json,552,5726de9edc46fc2dfdf363c1390c49889adbbb8dfb3ebc103d32b3aa19fbeac9
data,infinite_domain,recipe,kubejs/data/infinite_domain/recipe/sieve/hazardous_salvage/waste_barrel/flint/uranium_powder.json,.json,559,2fd9fefcba5bf2d950b07eba41f9b4b5b308a69ad2215dffe9574e86ab39aaa7
data,infinite_domain,recipe,kubejs/data/infinite_domain/recipe/sieve/hazardous_salvage/waste_barrel/golden/acid_vial.json,.json,538,26a52e8048418d7c49c8b2b03f4e831073562ac8a4c775011085b285bf93d43f
data,infinite_domain,recipe,kubejs/data/infinite_domain/recipe/sieve/hazardous_salvage/waste_barrel/golden/anti_rad.json,.json,554,b73e38c0bf2c91f5478af5b4fd7a2a75ba6167a1ccf73cec92c08404bc3f8274
data,infinite_domain,recipe,kubejs/data/infinite_domain/recipe/sieve/hazardous_salvage/waste_barrel/golden/guaranteed_fallback.json,.json,553,e8d92641e64cea771b5af2ec5cd99be234834bd2525c9433e16709bb1e4248d5
data,infinite_domain,recipe,kubejs/data/infinite_domain/recipe/sieve/hazardous_salvage/waste_barrel/golden/raw_uranium.json,.json,557,8cf77e248f8eac2888be0ac8cca8eb3e876b6e7cd955620922807260569259d0
data,infinite_domain,recipe,kubejs/data/infinite_domain/recipe/sieve/hazardous_salvage/waste_barrel/iron/boric_acid.json,.json,554,f20b374d0ecd45a9e205c03d1110b3158f8b1c7e39c2327af6a2dab693e6207f
data,infinite_domain,recipe,kubejs/data/infinite_domain/recipe/sieve/hazardous_salvage/waste_barrel/iron/empty_test_tube.json,.json,559,77272bc3deb27ee104b08e682030902821c0d44247791ea7af44ded3ae763dc6
data,infinite_domain,recipe,kubejs/data/infinite_domain/recipe/sieve/hazardous_salvage/waste_barrel/iron/gas_mask_filter.json,.json,559,4b97a405d6fb615550156f64d320ab1e916b3cd40f616c26702556fa5e036ca1
data,infinite_domain,recipe,kubejs/data/infinite_domain/recipe/sieve/hazardous_salvage/waste_barrel/iron/guaranteed_fallback.json,.json,551,7b7f6e4775689776a4eecc41057952344f2fad0db9619ec1bd8f16492013a52b
data,infinite_domain,recipe,kubejs/data/infinite_domain/recipe/sieve/hazardous_salvage/waste_barrel/netherite/corrupted_record.json,.json,550,93fa18babc84050bc44caa2d1f88b38d06b262d36aff800a2115aa8a4d93dc8a
data,infinite_domain,recipe,kubejs/data/infinite_domain/recipe/sieve/hazardous_salvage/waste_barrel/netherite/guaranteed_fallback.json,.json,556,8a4b9cb4fae578ff23e26e42a7248adc63f91edb3deb230e0e099f48fd63e9e7
data,infinite_domain,recipe,kubejs/data/infinite_domain/recipe/sieve/hazardous_salvage/waste_barrel/netherite/radiation_immunity_pill.json,.json,573,b5622ddd9f30be405d732b5929fcad967d5ec1e20d6f7327a302c033cf9862d8
data,infinite_domain,recipe,kubejs/data/infinite_domain/recipe/sieve/hazardous_salvage/waste_barrel/netherite/uranium_ingot.json,.json,562,644eba6f20fb9dcd7557994e0f2c7ab4bdc8f35f78136757f54b05011c13baf9
data,infinite_domain,recipe,kubejs/data/infinite_domain/recipe/sieve/hazardous_salvage/waste_barrel/string/empty_can.json,.json,554,e2884620d418f4265557c30cc984917e1372700dfef5e11ce873279705714abf
data,infinite_domain,recipe,kubejs/data/infinite_domain/recipe/sieve/hazardous_salvage/waste_barrel/string/guaranteed_fallback.json,.json,553,cc4d3d53ab56817dc7b918929d70647efea7a1a452ff7c26586c52bf3e571f49
data,infinite_domain,recipe,kubejs/data/infinite_domain/recipe/sieve/hazardous_salvage/waste_barrel/string/sulfur_dust.json,.json,556,581e51b018d298851e08a1a9b6e012570ecf840db0f3320ed7a4df1936ee8702
data,infinite_domain,recipe,kubejs/data/infinite_domain/recipe/sieve/wasteland_recovery/garbage_bag/diamond/canned_food.json,.json,546,8b823fa8f0d05b1c5fcad4a6f4e843d5862c0c11a8cd1b6ad78140a14d7b0d14
data,infinite_domain,recipe,kubejs/data/infinite_domain/recipe/sieve/wasteland_recovery/garbage_bag/diamond/filter_canister.json,.json,550,17b45aaa6c4eb83b17da08e4583f0b31e2b00877c0f3a7576ac37694b502f69f
data,infinite_domain,recipe,kubejs/data/infinite_domain/recipe/sieve/wasteland_recovery/garbage_bag/diamond/guaranteed_fallback.json,.json,551,69ad46af87250e53719e0a3eab72a5bc47130872b97f79bf543c936e0c9d4565
data,infinite_domain,recipe,kubejs/data/infinite_domain/recipe/sieve/wasteland_recovery/garbage_bag/diamond/purified_water.json,.json,549,f1489928d56eb273da7811bbe527d28b7bc605d2e7bcb769c07049e37e1494a0
data,infinite_domain,recipe,kubejs/data/infinite_domain/recipe/sieve/wasteland_recovery/garbage_bag/diamond/rad_away.json,.json,543,5c299d45e3f41fd037622676a7260874e11b866f5b1105b2914fd6cdc0312001
data,infinite_domain,recipe,kubejs/data/infinite_domain/recipe/sieve/wasteland_recovery/garbage_bag/flint/canned_food.json,.json,543,91395a1302da75141d0cd8bee53d629d0311535fd1d675f7a6adf141f2d07581
data,infinite_domain,recipe,kubejs/data/infinite_domain/recipe/sieve/wasteland_recovery/garbage_bag/flint/filter_canister.json,.json,547,5d36b40175b35690c9914890b1046f39a61726285e4d8bdd247c0c3ec84b2515
data,infinite_domain,recipe,kubejs/data/infinite_domain/recipe/sieve/wasteland_recovery/garbage_bag/flint/guaranteed_fallback.json,.json,549,21f52e339dfebaf0fd893a43a4963e7853accd0a930be01a95917ea0cbf61223
data,infinite_domain,recipe,kubejs/data/infinite_domain/recipe/sieve/wasteland_recovery/garbage_bag/flint/purified_water.json,.json,547,46c5179d4aaffb2b125fb6083e8ecb537c24c853ba55f655ceea8bf5da04ecf8
data,infinite_domain,recipe,kubejs/data/infinite_domain/recipe/sieve/wasteland_recovery/garbage_bag/flint/rad_away.json,.json,543,6777f77101f82a4edccd0b946a2dc963adaab8da4b4b82b309d0c10af94dccce
data,infinite_domain,recipe,kubejs/data/infinite_domain/recipe/sieve/wasteland_recovery/garbage_bag/golden/canned_food.json,.json,545,675aa16223dc36de4e9f5eafa4ef113a8176edac07a329d5b17623c1c1bb4522
data,infinite_domain,recipe,kubejs/data/infinite_domain/recipe/sieve/wasteland_recovery/garbage_bag/golden/filter_canister.json,.json,549,3ce617605b1af3337239512c7f7158bfcefda56e1df7074d35f77a6ca2998d9f
data,infinite_domain,recipe,kubejs/data/infinite_domain/recipe/sieve/wasteland_recovery/garbage_bag/golden/guaranteed_fallback.json,.json,550,14d21bfa4b9067aa1ae281a2f0dc70599d8a79599a06448aca26ef5f5f586538
data,infinite_domain,recipe,kubejs/data/infinite_domain/recipe/sieve/wasteland_recovery/garbage_bag/golden/purified_water.json,.json,548,022db4201f3a76de1438d3726d71e8bb31432c54db2f15fee62e35b1a5aebbd8
data,infinite_domain,recipe,kubejs/data/infinite_domain/recipe/sieve/wasteland_recovery/garbage_bag/golden/rad_away.json,.json,543,2122ae86acb7c817a0012ba1d93558976dce85279a96550cc27b120963043419
data,infinite_domain,recipe,kubejs/data/infinite_domain/recipe/sieve/wasteland_recovery/garbage_bag/iron/canned_food.json,.json,542,11662879c61c76de8fb383f49e989e8630fefc8337e5cd1e59e6a58f77edad86
data,infinite_domain,recipe,kubejs/data/infinite_domain/recipe/sieve/wasteland_recovery/garbage_bag/iron/filter_canister.json,.json,547,f857006046b949711b8d0ee06031bad0590f0557d64fe4480f6a9301308372b1
data,infinite_domain,recipe,kubejs/data/infinite_domain/recipe/sieve/wasteland_recovery/garbage_bag/iron/guaranteed_fallback.json,.json,548,c2fa0bb4ad2d403eed524928e79896fb23840a6e44db6334e90bfdfff936365c
data,infinite_domain,recipe,kubejs/data/infinite_domain/recipe/sieve/wasteland_recovery/garbage_bag/iron/purified_water.json,.json,546,295f2f5fe3e69fba27047c76842bc1ee5ac7a58a7df5f399a93e3de1790fa2f3
data,infinite_domain,recipe,kubejs/data/infinite_domain/recipe/sieve/wasteland_recovery/garbage_bag/iron/rad_away.json,.json,542,6e72b1192a68db137ddd75bb479463460fd9590554ac60fae7af47b27939a99a
data,infinite_domain,recipe,kubejs/data/infinite_domain/recipe/sieve/wasteland_recovery/garbage_bag/netherite/canned_food.json,.json,546,527f71813e3ec1226207d471c0aac6a7c3af96a56c6ae75b3f0a4bfa351e563a
data,infinite_domain,recipe,kubejs/data/infinite_domain/recipe/sieve/wasteland_recovery/garbage_bag/netherite/filter_canister.json,.json,552,7a7151cb0293b341bff5447563dda347bfa651b0c175ae06f3cf668f1b5a05c9
data,infinite_domain,recipe,kubejs/data/infinite_domain/recipe/sieve/wasteland_recovery/garbage_bag/netherite/guaranteed_fallback.json,.json,553,ac59c7058d3d496d018c1c88bbb4ad4eac125df15f38be330903ec5a576bb35b
data,infinite_domain,recipe,kubejs/data/infinite_domain/recipe/sieve/wasteland_recovery/garbage_bag/netherite/purified_water.json,.json,551,5d3771682cd86c6208621f6e631ecb376898067944014aaaf2785eb82a9617d4
data,infinite_domain,recipe,kubejs/data/infinite_domain/recipe/sieve/wasteland_recovery/garbage_bag/netherite/rad_away.json,.json,545,d4056a6ec0fe37682bd44976a403fbe2bd7805a09c612c1dfde5e64404e8959d
data,infinite_domain,recipe,kubejs/data/infinite_domain/recipe/sieve/wasteland_recovery/garbage_bag/string/canned_food.json,.json,544,d4a9fb7c50d0b1f2d8ad985e7b5ebd3778a74cfefcc06e13675ca4e4929f5e9d
data,infinite_domain,recipe,kubejs/data/infinite_domain/recipe/sieve/wasteland_recovery/garbage_bag/string/filter_canister.json,.json,551,3e876a371b605300b3d2dc095097e8c7673962145aac70bd4b62dd8af8b705e2
data,infinite_domain,recipe,kubejs/data/infinite_domain/recipe/sieve/wasteland_recovery/garbage_bag/string/guaranteed_fallback.json,.json,550,52ee4bd83793655186aaf56722b39e335820e65601e1d78610617d59a6f9cfb1
data,infinite_domain,recipe,kubejs/data/infinite_domain/recipe/sieve/wasteland_recovery/garbage_bag/string/purified_water.json,.json,547,251ea61d2719e6e579b1d6246d52a7164ee199e4539f33159a528a48efd4107f
data,infinite_domain,recipe,kubejs/data/infinite_domain/recipe/sieve/wasteland_recovery/garbage_bag/string/rad_away.json,.json,543,d68e3dd46b2a3f439e84121d38f2efa984e0303c929f20a6336ab9ede758c671
data,infinite_domain,recipe,kubejs/data/infinite_domain/recipe/sieve/wasteland_recovery/loose_scrap/diamond/canned_food.json,.json,533,fd2a3152865edba032aaf920e090495eaff9cadfdaa070d957232d3a7a67f071
data,infinite_domain,recipe,kubejs/data/infinite_domain/recipe/sieve/wasteland_recovery/loose_scrap/diamond/filter_canister.json,.json,537,ab3ceb123fcd52d6cd966138c76f2148740b400eff352ea30a42d2ad4aa53fbc
data,infinite_domain,recipe,kubejs/data/infinite_domain/recipe/sieve/wasteland_recovery/loose_scrap/diamond/guaranteed_fallback.json,.json,539,4c2c0adf81a10bf8085d9b3a2a26ffd73296e3d75eeb7aba93a2dd9823d4c2a2
data,infinite_domain,recipe,kubejs/data/infinite_domain/recipe/sieve/wasteland_recovery/loose_scrap/diamond/purified_water.json,.json,536,71126fd78f7c16529faf93b5ca765cddab806d5bef8156590a76f21ef7b9895f
data,infinite_domain,recipe,kubejs/data/infinite_domain/recipe/sieve/wasteland_recovery/loose_scrap/diamond/rad_away.json,.json,530,1b8cbedc834ac7796b907d5157624c4febbe8032e960f89f4e7b6ec97e5db2e9
data,infinite_domain,recipe,kubejs/data/infinite_domain/recipe/sieve/wasteland_recovery/loose_scrap/flint/canned_food.json,.json,531,3040c350b09ca38021c97ddeec132b028116dc808c1d5b7f92c822baef4d6a95
data,infinite_domain,recipe,kubejs/data/infinite_domain/recipe/sieve/wasteland_recovery/loose_scrap/flint/filter_canister.json,.json,535,00ae8b22a938aaeceda95fff8a8142e5ef31d4c4933fa89f2b178c3310d77ea0
data,infinite_domain,recipe,kubejs/data/infinite_domain/recipe/sieve/wasteland_recovery/loose_scrap/flint/guaranteed_fallback.json,.json,537,ee2df46a5bcb6713e5854e2dc61abae6b69f15b78ee55b68ee90366fa9e4fc70
data,infinite_domain,recipe,kubejs/data/infinite_domain/recipe/sieve/wasteland_recovery/loose_scrap/flint/purified_water.json,.json,534,8399cf2c6aefa012fb1433a6704ed04bac3b5ba2a4d79658a32f979dda2e2aef
data,infinite_domain,recipe,kubejs/data/infinite_domain/recipe/sieve/wasteland_recovery/loose_scrap/flint/rad_away.json,.json,530,cee501e4ca93ccc7b38577a3b584a328814a8d4b736155e3ac5d5f2e115defd8
data,infinite_domain,recipe,kubejs/data/infinite_domain/recipe/sieve/wasteland_recovery/loose_scrap/golden/canned_food.json,.json,532,10d297985827529a7272972b5df70ec17f79db18e8b571267a28d209b29661ce
data,infinite_domain,recipe,kubejs/data/infinite_domain/recipe/sieve/wasteland_recovery/loose_scrap/golden/filter_canister.json,.json,536,c2656897fe81c3bc7b1a1288808e981b155a1b8d8d17bed164203a54ec44e855
data,infinite_domain,recipe,kubejs/data/infinite_domain/recipe/sieve/wasteland_recovery/loose_scrap/golden/guaranteed_fallback.json,.json,538,a500900bdafd483afa29f1c5edb21b0acd5a3d31ee40b25051f748197d73dabc
data,infinite_domain,recipe,kubejs/data/infinite_domain/recipe/sieve/wasteland_recovery/loose_scrap/golden/purified_water.json,.json,535,4ad3d5aecc0ff0e63cee5354218a4791d30dce427f627fc0d9408fb4a5cc12b8
data,infinite_domain,recipe,kubejs/data/infinite_domain/recipe/sieve/wasteland_recovery/loose_scrap/golden/rad_away.json,.json,530,e3338bf048db483f56760ce478cfdef1fa6d7c9226685b97396ce92f2d58928a
data,infinite_domain,recipe,kubejs/data/infinite_domain/recipe/sieve/wasteland_recovery/loose_scrap/iron/canned_food.json,.json,529,9e05dc6a415884ac38167b1ffc6346e659be2d7c4b1630fbf33ca2bbb5a0c8a1
data,infinite_domain,recipe,kubejs/data/infinite_domain/recipe/sieve/wasteland_recovery/loose_scrap/iron/filter_canister.json,.json,534,4198b10d594edd6aa656906dad40bae6fdd8935971f7f23a84a1298f3020bd0f
data,infinite_domain,recipe,kubejs/data/infinite_domain/recipe/sieve/wasteland_recovery/loose_scrap/iron/guaranteed_fallback.json,.json,536,37f051dcc968cab16f3959dee2db3bf52942c8563bc95177932d2a7ed561d84e
data,infinite_domain,recipe,kubejs/data/infinite_domain/recipe/sieve/wasteland_recovery/loose_scrap/iron/purified_water.json,.json,533,21cb335f536de947785c16972eebae483c17182ecba8fe05bef2b23dd3de4f73
data,infinite_domain,recipe,kubejs/data/infinite_domain/recipe/sieve/wasteland_recovery/loose_scrap/iron/rad_away.json,.json,529,92b400e09df3120eca8a9cf0451ff6c4065d9b8f30ba86086e9defb85dfd52ec
data,infinite_domain,recipe,kubejs/data/infinite_domain/recipe/sieve/wasteland_recovery/loose_scrap/netherite/canned_food.json,.json,534,a2dcc831b456ec3f85bd993cbb14609dfbd9951f3ff3c0cb0e683be4495e0fa4
data,infinite_domain,recipe,kubejs/data/infinite_domain/recipe/sieve/wasteland_recovery/loose_scrap/netherite/filter_canister.json,.json,539,bddf15be8c63eb67ca2e33c7cac2a1fa93772a4aa1fd99c794a6ca05591a5567
data,infinite_domain,recipe,kubejs/data/infinite_domain/recipe/sieve/wasteland_recovery/loose_scrap/netherite/guaranteed_fallback.json,.json,541,6809bc0560a5cf214323b9bbc8be15815d416f5cc411b180a7b10229a23dc4dd
data,infinite_domain,recipe,kubejs/data/infinite_domain/recipe/sieve/wasteland_recovery/loose_scrap/netherite/purified_water.json,.json,538,b6502e1a4acbce627381de5d91768194bc0cefd9b3388db46d4a2369a5d848a1
data,infinite_domain,recipe,kubejs/data/infinite_domain/recipe/sieve/wasteland_recovery/loose_scrap/netherite/rad_away.json,.json,532,40727387367287dcaa766ee127d62fe33a0ff8309da23ac68a64125b38eb6f2f
data,infinite_domain,recipe,kubejs/data/infinite_domain/recipe/sieve/wasteland_recovery/loose_scrap/string/canned_food.json,.json,532,8eee0852902ee2490003b24d3e785b5ad0fb56c3bfd5b7007e273dc8a0efe076
data,infinite_domain,recipe,kubejs/data/infinite_domain/recipe/sieve/wasteland_recovery/loose_scrap/string/filter_canister.json,.json,538,e798231de9d51661cf9f2c1d4a413238dc87e883c77545f357ebfb0ac7051d04
data,infinite_domain,recipe,kubejs/data/infinite_domain/recipe/sieve/wasteland_recovery/loose_scrap/string/guaranteed_fallback.json,.json,538,f59141635e450d9424a3191f0828293a2b6cae47ee04a833bdd435845e8d4600
data,infinite_domain,recipe,kubejs/data/infinite_domain/recipe/sieve/wasteland_recovery/loose_scrap/string/purified_water.json,.json,535,37856b5ecfbb979b0f0eb905a935811964e8a341edd36061b25c656fc9480971
data,infinite_domain,recipe,kubejs/data/infinite_domain/recipe/sieve/wasteland_recovery/loose_scrap/string/rad_away.json,.json,530,9cb2f7ac0ebc4aa4c515961988dbae89d3870b0181d95893ab243775ea00015d
data,infinite_domain,recipe,kubejs/data/infinite_domain/recipe/sieve/wasteland_soil/coarse_dirt/diamond/beetroot_seeds.json,.json,535,2ac50738e161aa541a3f1841e93932a154095fce3836a798b5257bcecbfeb8c6
data,infinite_domain,recipe,kubejs/data/infinite_domain/recipe/sieve/wasteland_soil/coarse_dirt/diamond/deepslate_pebble.json,.json,531,a4ef7bd8f221c181ac4380e09b34a1659ac88fe26260449cf8b872518e2536c6
data,infinite_domain,recipe,kubejs/data/infinite_domain/recipe/sieve/wasteland_soil/coarse_dirt/diamond/grass_seeds.json,.json,530,8f7816585456c9364b0223d892c42549fe56f7cfda5fde74d4c114e94c1bdafe
data,infinite_domain,recipe,kubejs/data/infinite_domain/recipe/sieve/wasteland_soil/coarse_dirt/diamond/pumpkin_seeds.json,.json,534,5da51778d1978caf30934462f03a7d4111dbf479177d190fd344e9b32ba68ef9
data,infinite_domain,recipe,kubejs/data/infinite_domain/recipe/sieve/wasteland_soil/coarse_dirt/diamond/scrap_metal.json,.json,533,ae1187913cb1c5930f1db6255c3ac6f60682d0c2f1cb5e6f2f0658f1987d16fd
data,infinite_domain,recipe,kubejs/data/infinite_domain/recipe/sieve/wasteland_soil/coarse_dirt/flint/bone.json,.json,523,b9aec3b924e52ee05f20afc7cabe0d6173b5b0eefbc064cfe11f8f44409f6546
data,infinite_domain,recipe,kubejs/data/infinite_domain/recipe/sieve/wasteland_soil/coarse_dirt/flint/flint.json,.json,522,1028d4fb9ab5b0423463eaadcac9fa70a61bfac05bd412bef41c0a9b8a7ef564
data,infinite_domain,recipe,kubejs/data/infinite_domain/recipe/sieve/wasteland_soil/coarse_dirt/flint/scrap_metal.json,.json,530,d2b13498d8936a0474cdcd1ecfd9cf019ca5f4a08adb40485c44c4f440d975ba
data,infinite_domain,recipe,kubejs/data/infinite_domain/recipe/sieve/wasteland_soil/coarse_dirt/flint/stick.json,.json,522,b9c57b8a4b9677bb13d4349683cd217b800e0e112607adee16a3620c304552fd
data,infinite_domain,recipe,kubejs/data/infinite_domain/recipe/sieve/wasteland_soil/coarse_dirt/flint/stone_pebble.json,.json,525,263e0c1749eb173964b113c654841968eb6df93a1a11f5556e5fb11eb56b4c5f
data,infinite_domain,recipe,kubejs/data/infinite_domain/recipe/sieve/wasteland_soil/coarse_dirt/golden/bone.json,.json,524,90401ff9c7eb6291e37a2fe39027288293ff20f7d6fa65c2540a13298f30b8f3
data,infinite_domain,recipe,kubejs/data/infinite_domain/recipe/sieve/wasteland_soil/coarse_dirt/golden/grass_seeds.json,.json,530,33575dadf3333235ad73c06d309793c066dde4860eb5c6ba3e4233d13f9f66aa
data,infinite_domain,recipe,kubejs/data/infinite_domain/recipe/sieve/wasteland_soil/coarse_dirt/golden/scrap_metal.json,.json,531,46b1a7c365425fce392dc9893f9a9484d40285d3df57f5d24da98c5f98512548
data,infinite_domain,recipe,kubejs/data/infinite_domain/recipe/sieve/wasteland_soil/coarse_dirt/golden/stone_pebble.json,.json,526,89fa0008d61df3c4a4a9e51e24b43234c9495bd19c11360b53454667aef75559
data,infinite_domain,recipe,kubejs/data/infinite_domain/recipe/sieve/wasteland_soil/coarse_dirt/golden/wheat_seeds.json,.json,530,899b38d4362e87193d737bfb429ffeff7f257b456aaa61c9fe30bbe6773d943a
data,infinite_domain,recipe,kubejs/data/infinite_domain/recipe/sieve/wasteland_soil/coarse_dirt/iron/bone.json,.json,521,f24b255c6a0d89e6fb8bc5ee11be3063fa4c360a21d51cad9c14fa45b95014bd
data,infinite_domain,recipe,kubejs/data/infinite_domain/recipe/sieve/wasteland_soil/coarse_dirt/iron/flint.json,.json,522,be146bfca8439c7b4837d5f7fac0c37830b03700a091ec5267aeb38d68c4d43b
data,infinite_domain,recipe,kubejs/data/infinite_domain/recipe/sieve/wasteland_soil/coarse_dirt/iron/grass_seeds.json,.json,529,8d305c942c3917ba426aaaf71414e430b1defa93d1d6d3fa74bd2431670f5db1
data,infinite_domain,recipe,kubejs/data/infinite_domain/recipe/sieve/wasteland_soil/coarse_dirt/iron/scrap_metal.json,.json,529,95360e98664a077e6602a6e7453e34e90fd64975aaeb1ead061b4655308a89a7
data,infinite_domain,recipe,kubejs/data/infinite_domain/recipe/sieve/wasteland_soil/coarse_dirt/iron/stone_pebble.json,.json,524,9c2024c027f46b50ad5fc3791c7d94928bcdabaca19728391d8b9585f7d60a00
data,infinite_domain,recipe,kubejs/data/infinite_domain/recipe/sieve/wasteland_soil/coarse_dirt/netherite/beetroot_seeds.json,.json,537,051c4761003ab85f520db882abb6eaeaf511ab43fe7997ce05103d80bce9b73c
data,infinite_domain,recipe,kubejs/data/infinite_domain/recipe/sieve/wasteland_soil/coarse_dirt/netherite/deepslate_pebble.json,.json,533,dee05025499d4d1a2d8ace563c5f49454d7601422908fd963413489d29ef39f1
data,infinite_domain,recipe,kubejs/data/infinite_domain/recipe/sieve/wasteland_soil/coarse_dirt/netherite/grass_seeds.json,.json,532,cb628a2780534cad9d3fef589d7cd7a1686edcd28d9b666a2e92b5d9eb013156
data,infinite_domain,recipe,kubejs/data/infinite_domain/recipe/sieve/wasteland_soil/coarse_dirt/netherite/pumpkin_seeds.json,.json,536,5978cdee57276c169f55febca382d477bc17c7717694bbf8f869210cfee97207
data,infinite_domain,recipe,kubejs/data/infinite_domain/recipe/sieve/wasteland_soil/coarse_dirt/netherite/scrap_metal.json,.json,533,fc05770e15435c43341bb330dd730293939973e0c91b75cb8bab03c3a38aca62
data,infinite_domain,recipe,kubejs/data/infinite_domain/recipe/sieve/wasteland_soil/coarse_dirt/string/dead_bush.json,.json,528,eb757553a1c42b0a1aaf8c1006ad7503a6c8b9c4247190c088cbf4ff9b065e89
data,infinite_domain,recipe,kubejs/data/infinite_domain/recipe/sieve/wasteland_soil/coarse_dirt/string/scrap_metal.json,.json,532,e03f5bc1756afa760a5c3ee1c282cef9597a74340c813670a573b12536c7f168
data,infinite_domain,recipe,kubejs/data/infinite_domain/recipe/sieve/wasteland_soil/coarse_dirt/string/stick.json,.json,524,0ea984851131fa61a8d9e16d962cfc8bbffa3ac48777c71af893ecfbcdbbe296
data,infinite_domain,recipe,kubejs/data/infinite_domain/recipe/sieve/wasteland_soil/coarse_dirt/string/stone_pebble.json,.json,526,828c8edd4e45c6cd27d6d03da2c9fb3b600af2f56ae242eaeeb4dbfd92db946f
data,infinite_domain,recipe,kubejs/data/infinite_domain/recipe/smelting/end_stone_shadow_ore.json,.json,373,4182befd99fe70763e62c03f6284f1e327efd6e7719888cda2361c4bd6678016
data,infinite_domain,recipe,kubejs/data/infinite_domain/recipe/smelting/endstone_platinum_ore.json,.json,346,89f24ace3c6bda82ea2102eed97aa550a76c93d6fc6c111e903692dcf57e1973
data,infinite_domain,recipe,kubejs/data/infinite_domain/recipe/sulfur/immersive_engineering_to_petrochem.json,.json,178,c542e456ba03843f8afba3af28697536b6af9b477f83e72985140373f66524ca
data,infinite_domain,recipe,kubejs/data/infinite_domain/recipe/sulfur/immersive_engineering_to_tfmg.json,.json,173,957cf808405233f216751357e572479f9c778f2adc746cc1a8e6f5549d2e7fe1
data,infinite_domain,recipe,kubejs/data/infinite_domain/recipe/sulfur/immersive_engineering_to_wasteland.json,.json,191,de69c90e9d4284c4bc5a4c1bdc8cfd2762e526d53c19a87b7fc21573cd67f5a4
data,infinite_domain,recipe,kubejs/data/infinite_domain/recipe/sulfur/petrochem_to_immersive_engineering.json,.json,178,819226498fbed589260ed2498734230b7a11a55c12ac25bf7a2fc0d9ebe155a9
data,infinite_domain,recipe,kubejs/data/infinite_domain/recipe/sulfur/petrochem_to_tfmg.json,.json,162,a323cf00067531df93d8afc5d1d45fee428ff11d7c143d934c830f35fba2d4eb
data,infinite_domain,recipe,kubejs/data/infinite_domain/recipe/sulfur/petrochem_to_wasteland.json,.json,180,c47bfa4bc5bc3efb9562b1e9c0609757414c2c4e5029cc5ce3c60985c4d4b234
data,infinite_domain,recipe,kubejs/data/infinite_domain/recipe/sulfur/tfmg_to_immersive_engineering.json,.json,173,557b9015ce5ef57a90fd8eb856535471b49bef51dc974e358c289b163d2a98a4
data,infinite_domain,recipe,kubejs/data/infinite_domain/recipe/sulfur/tfmg_to_petrochem.json,.json,162,0c66a8e66c91e1103b104f227b21b89684ebd64afe8774b35ce6f0a839a4948f
data,infinite_domain,recipe,kubejs/data/infinite_domain/recipe/sulfur/tfmg_to_wasteland.json,.json,175,adfbb925111c45e89939d3e80ebcedea0ca3b45f127c7ffa64ddd1fadae79ac0
data,infinite_domain,recipe,kubejs/data/infinite_domain/recipe/sulfur/wasteland_to_industrial.json,.json,251,d8e52ef447ebf2d24f3f30e9477f53ec89eeb8319e83d7881e7b68e7977a1b22
data,infinite_domain,recipe,kubejs/data/infinite_domain/recipe/survival/baked_potato_canned_food.json,.json,286,c3e7906675bc67dddb79985b04994a05b8f669bc66f1839333ca97af87119997
data,infinite_domain,recipe,kubejs/data/infinite_domain/recipe/survival/empty_can.json,.json,263,309594f9df4e6b40f18920aeb9b20d0c56852235235ff5e8e5e81ec984ed63b5
data,infinite_domain,recipe,kubejs/data/infinite_domain/recipe/technology_reconstruction/calculation_processor_press.json,.json,487,4ebe7621141f300695dfa6e0ee1f93a482673a5386f2b5521251f1dff5280563
data,infinite_domain,recipe,kubejs/data/infinite_domain/recipe/technology_reconstruction/engineering_processor_press.json,.json,483,3723255b0f9b05221611f615a1e402741df86440c93542e1e9320f7158c6b17c
data,infinite_domain,recipe,kubejs/data/infinite_domain/recipe/technology_reconstruction/logic_processor_press.json,.json,416,27ff21e081d0f73fc1f9517786713917ded2765e7bb6acf3f58aea5915281cc9
data,infinite_domain,recipe,kubejs/data/infinite_domain/recipe/technology_reconstruction/netherite_qpu.json,.json,521,db98379e51f0c7bb896b175e8e9a03dc1b1282b39bda48e19c821891bd7fc00e
data,infinite_domain,recipe,kubejs/data/infinite_domain/recipe/technology_reconstruction/silicon_press.json,.json,419,c5fa599cc2e558ef9b965383ff0fc826299e747374f956008c231d3c79d08e6b
data,infinite_domain,structure,kubejs/data/infinite_domain/structure/alien/burrower_nest.nbt,.nbt,6787,d0387d3c9ff72dd6a4494e72a6652888c3da34542aac4da66ce1b43cb5539985
data,infinite_domain,structure,kubejs/data/infinite_domain/structure/alien/martian_signal_cairn.nbt,.nbt,2425,5369957e764134d59c4c98dab450bd7d7071e9896a08d616cf5f2b6223aa2f7a
data,infinite_domain,structure,kubejs/data/infinite_domain/structure/alien/moon_meridian_monolith.nbt,.nbt,3067,49f71fc7d9321cd9c808d2a8e101284c5529e08aa912d18b74ac91e2a84392ca
data,infinite_domain,structure,kubejs/data/infinite_domain/structure/alien/venusian_pressure_shrine.nbt,.nbt,7885,b6c210048685a3f086aeaaaa381d6d2808e7fefa2b3909498ebb445cd7fa399f
data,infinite_domain,structure,kubejs/data/infinite_domain/structure/spawn_hospital_lobby.nbt,.nbt,330102,5792dc14bad5fa587da3b043868c62953711815e1081f0734637a44adfb632fa
data,infinite_domain,tags,kubejs/data/infinite_domain/tags/block/incorrect_for_bone_tool.json,.json,460,f878fa6bcb9c719dd94445dcba1289ecdf571513d46505fca703241a03cc6841
data,infinite_domain,tags,kubejs/data/infinite_domain/tags/block/incorrect_for_era_0_tool.json,.json,382,40a44de58485898a3013d427bc7fd383b63921f746324a98d5530345c583653d
data,infinite_domain,tags,kubejs/data/infinite_domain/tags/block/incorrect_for_era_1_tool.json,.json,340,2b47c43f9b3ade72449b2419ad2146dde8885968f1905bcf08faf2454efc6213
data,infinite_domain,tags,kubejs/data/infinite_domain/tags/block/incorrect_for_era_2_tool.json,.json,298,4775b2d861fdd47255424f298f353a1273e8996831c2f37f55f64d58747865ea
data,infinite_domain,tags,kubejs/data/infinite_domain/tags/block/incorrect_for_era_3_tool.json,.json,256,30fba947fa7d2937e7b29a4f8d2441d48137b4c339a1a86644907acde4217791
data,infinite_domain,tags,kubejs/data/infinite_domain/tags/block/incorrect_for_era_4_tool.json,.json,214,99e9c81c00572ce0ed815b4c7661ee92ba3581bc3af5b218277a1de11ad4f5cf
data,infinite_domain,tags,kubejs/data/infinite_domain/tags/block/incorrect_for_era_5_tool.json,.json,172,1faa31256e99238fca64407b61342412aad7db65eeb661bbf9269e2008722908
data,infinite_domain,tags,kubejs/data/infinite_domain/tags/block/incorrect_for_era_6_tool.json,.json,130,565bbdb9aa44f3855d23c84ecffefa6facc7f32c6d52c1e774747352da46ac32
data,infinite_domain,tags,kubejs/data/infinite_domain/tags/block/incorrect_for_era_7_tool.json,.json,88,c204900fcd63e365aa8da0cedd37b43790d37091d8dafcd597a45336cb5acb20
data,infinite_domain,tags,kubejs/data/infinite_domain/tags/block/incorrect_for_era_8_tool.json,.json,43,3927c159b0c308b0dc5d85d56c63838b682fa1854bb3f76c42e62cffa70c8749
data,infinite_domain,tags,kubejs/data/infinite_domain/tags/block/needs_era_0_tool.json,.json,2279,beddcb284e2154f896e827a70cbff29f760cbf8cc92bd86c782b9d756db46d19
data,infinite_domain,tags,kubejs/data/infinite_domain/tags/block/needs_era_1_tool.json,.json,2616,044b49bce18a5ca84ae7f473d5a24e0ce8098b2e1f762be381af6efffdab9e3b
data,infinite_domain,tags,kubejs/data/infinite_domain/tags/block/needs_era_2_tool.json,.json,2774,74c076a6918bb4e0be220342d0af4a0d1169cf137546830a34e6f1ed2cceaa01
data,infinite_domain,tags,kubejs/data/infinite_domain/tags/block/needs_era_3_tool.json,.json,891,2ddd466deb61786cce057c65937b7e629d2ff06f7393587245e22405b2b5e1e3
data,infinite_domain,tags,kubejs/data/infinite_domain/tags/block/needs_era_4_tool.json,.json,740,9d6091bae3aeff5eba6ac2b33820dc4ba0ea1c8f1e10492fc35aa25f1412500f
data,infinite_domain,tags,kubejs/data/infinite_domain/tags/block/needs_era_5_tool.json,.json,1132,8ab2801b49522d090535fe8c36e88bb3ed4521924ddde4d1afc1cc79ab8780aa
data,infinite_domain,tags,kubejs/data/infinite_domain/tags/block/needs_era_6_tool.json,.json,579,42830bbd3d5e479e50709a19f1a00e3f58b359ab3b3d50047948061bb0ed5d3b
data,infinite_domain,tags,kubejs/data/infinite_domain/tags/block/needs_era_7_tool.json,.json,43,3927c159b0c308b0dc5d85d56c63838b682fa1854bb3f76c42e62cffa70c8749
data,infinite_domain,tags,kubejs/data/infinite_domain/tags/block/needs_era_8_tool.json,.json,43,3927c159b0c308b0dc5d85d56c63838b682fa1854bb3f76c42e62cffa70c8749
data,infinite_domain,tags,kubejs/data/infinite_domain/tags/block/spawn_hospital_cleanup.json,.json,666,cda7d3fc0748128d6e54e4ef2a4187490d59be64f69ee89556fa371ace58ae3c
data,infinite_domain,tags,kubejs/data/infinite_domain/tags/item/aerospace_components.json,.json,3338,fffc25b4340c28a993c5028d8fbc227616906f999f06fd08e4719e9f80741178
data,infinite_domain,tags,kubejs/data/infinite_domain/tags/item/space_archaeology.json,.json,173,5ce15cc19fb95adaf3726be60a42af91743eb7d0b39a02b0f9de9cf2361a2cc6
data,infinite_domain,tags,kubejs/data/infinite_domain/tags/item/space_electronics.json,.json,388,ef8a8be4d883f0dcbb5e299fc65391001a9200ab01c0ebe85c37e848988a9b06
data,infinite_domain,tags,kubejs/data/infinite_domain/tags/item/space_life_support.json,.json,358,eb81b653ff8c2806a9a35fcfdee1dcc1d640361711807471dd23e544925a129f
data,infinite_domain,tags,kubejs/data/infinite_domain/tags/item/space_logistics.json,.json,291,5816dbd1c9c2ac0c76a04951cb9594b4dc0070353c5143a848854fea8ec92334
data,infinite_domain,tags,kubejs/data/infinite_domain/tags/item/space_mission.json,.json,220,ea6af62199f1d8e2e140ea2985d76b088c3d34c4e23667a25e7bf38f48c408c2
data,infinite_domain,tags,kubejs/data/infinite_domain/tags/item/space_planetary.json,.json,668,2dbc2c0a4d1bdc62d9fc5f225a1236a492dfe1722d4b13602a1747a8c0f241b0
data,infinite_domain,tags,kubejs/data/infinite_domain/tags/item/space_pressure.json,.json,501,3fe87b512015f019bc284a7f8a64dacb3e1f172c308897497923de30b0a91361
data,infinite_domain,tags,kubejs/data/infinite_domain/tags/item/space_propulsion.json,.json,439,136ad00d3247e1ae0f04f4e47de608007a5775d34f820c35d6a8dd5b297957e4
data,infinite_domain,tags,kubejs/data/infinite_domain/tags/item/space_structure.json,.json,350,fb55ecd56d9b67003fdb1e569db7bcbb551ead779f21b93e5be3602c44eca29c
data,infinite_domain,tags,kubejs/data/infinite_domain/tags/item/space_thermal.json,.json,319,244b97edd1fe14876a00a8e82dbed9c814ec23d6d2873cc700cb2ef9742b1b5a
data,infinite_domain,tags,kubejs/data/infinite_domain/tags/worldgen/biome/mutant_spawn_fallback_wastelands.json,.json,184,948f345e021fd8ddbbf3945d80d5a5e910df716c85288883d74f0fc5250587cf
data,infinite_domain,worldgen,kubejs/data/infinite_domain/worldgen/configured_feature/corrupted_data_node.json,.json,353,61dca9a0593eca9de26ae54da4944d7a6f1affeb38b37412110dd0ff00dd5d76
data,infinite_domain,worldgen,kubejs/data/infinite_domain/worldgen/configured_feature/darknet_foliage.json,.json,891,d65970fa0badaee55d638a57645601dca75c34230300dfcf14de0cd284f9b46e
data,infinite_domain,worldgen,kubejs/data/infinite_domain/worldgen/configured_feature/encrypted_data_node.json,.json,353,3bf9dd62707b13a187919bf87b67c1ea7124f351a7455085a8035053741fb50f
data,infinite_domain,worldgen,kubejs/data/infinite_domain/worldgen/configured_feature/fragmented_data_node.json,.json,354,7b95a8602f0b1378e5b1a2577f17d20f51c66c207cd0cf7498e387a554c08412
data,infinite_domain,worldgen,kubejs/data/infinite_domain/worldgen/configured_feature/mars_brine_ore.json,.json,343,168feec4cbd2806662bb800509891453b85bb78a6b3cd98e86f6e8b101de19bf
data,infinite_domain,worldgen,kubejs/data/infinite_domain/worldgen/configured_feature/mars_hematite_ore.json,.json,347,7adbc5f8f1d032b61ddaea3de68a133d8ef4c6f37d103189af383696505b59cd
data,infinite_domain,worldgen,kubejs/data/infinite_domain/worldgen/configured_feature/mars_nickel_cobalt_ore.json,.json,351,91919957b8301744a0235d3cc43337d9a23d402a14adfb1bf2cd14565cedf756
data,infinite_domain,worldgen,kubejs/data/infinite_domain/worldgen/configured_feature/mars_perchlorate_ore.json,.json,349,42f3b5043a077f28be348a8bd111bec366c753c886ecee799dd46bcd97b2cdb4
data,infinite_domain,worldgen,kubejs/data/infinite_domain/worldgen/configured_feature/mars_silicate_ore.json,.json,347,4369c98ae84bc27118b79d559a3f3053ff99cb2ff973a121df63bf190633be2b
data,infinite_domain,worldgen,kubejs/data/infinite_domain/worldgen/configured_feature/mars_sulfate_ore.json,.json,345,13a0240d015d1aeb6019defe601f8034752d5d3b3eca4aa208707ff657762a6b
data,infinite_domain,worldgen,kubejs/data/infinite_domain/worldgen/configured_feature/moon_anorthosite_ore.json,.json,350,af11657fa307069163b8e20511ac45116713e8ba85e7275abd1f9dc921bc4796
data,infinite_domain,worldgen,kubejs/data/infinite_domain/worldgen/configured_feature/moon_helium_regolith.json,.json,349,3b616efd2011808ffa0b775652a6202eccddbb54d45084babf12d906e5c521c2
data,infinite_domain,worldgen,kubejs/data/infinite_domain/worldgen/configured_feature/moon_ilmenite_ore.json,.json,346,4e07ed68ccdcca671f894b1b9609fcba87745c210f76ca0dde2e91e975904e01
data,infinite_domain,worldgen,kubejs/data/infinite_domain/worldgen/configured_feature/moon_kreep_ore.json,.json,343,fcce19f9f3a06593665f587a5a1d513dd3a402ff1a73ec12978f6488c6d85560
data,infinite_domain,worldgen,kubejs/data/infinite_domain/worldgen/configured_feature/moon_silicate_ore.json,.json,347,e2231d3fa585cf27c29a677b52e58899d4c93d689d33b90fa405e172692fb070
data,infinite_domain,worldgen,kubejs/data/infinite_domain/worldgen/configured_feature/root_access_node.json,.json,350,ab40c0f91e06a7c92003eff7fdcdd539e517ed4c1739aed5406245c9d09c3f88
data,infinite_domain,worldgen,kubejs/data/infinite_domain/worldgen/configured_feature/venus_refractory_ore.json,.json,350,e1e9297402a8c785a34e6c37b1614c71cea882595997ed283b64cfe6096d9e84
data,infinite_domain,worldgen,kubejs/data/infinite_domain/worldgen/configured_feature/venus_sulfur_ore.json,.json,346,a4b770a36a16466aecbcca0f4d121fa96cd3fb4c726bc1d21b85d241ce0abad1
data,infinite_domain,worldgen,kubejs/data/infinite_domain/worldgen/configured_feature/venus_tungsten_ore.json,.json,348,ffa57eae73d9d21db6d1e9ccf21640a4176fe22953e6abff30fa9e912f854a05
data,infinite_domain,worldgen,kubejs/data/infinite_domain/worldgen/configured_feature/venus_vanadium_ore.json,.json,348,e61cc4a2ca8b39ddb6cf130bb6c638ba4f4f8042724f8bd1367b1e77602ba94e
data,infinite_domain,worldgen,kubejs/data/infinite_domain/worldgen/noise_settings/lava_ocean_nether.json,.json,24644,e04adc7c68388fce2c5386604f090e36f4989d7abf0a67e1496e35d5f5afaf34
data,infinite_domain,worldgen,kubejs/data/infinite_domain/worldgen/placed_feature/corrupted_data_node.json,.json,475,68cc7cc7ba7be09f3f29bcdc2eef7df22453bb62651c5758c67653d932ba6666
data,infinite_domain,worldgen,kubejs/data/infinite_domain/worldgen/placed_feature/darknet_foliage.json,.json,274,0445a89c0435336dfd07b84616f84abebc92071daad4962893d3a83919cd6447
data,infinite_domain,worldgen,kubejs/data/infinite_domain/worldgen/placed_feature/encrypted_data_node.json,.json,476,1bf4b896b5b5b3935ea2e0028abb1facf95176e39601ae7bcf6c6989f097e5c3
data,infinite_domain,worldgen,kubejs/data/infinite_domain/worldgen/placed_feature/fragmented_data_node.json,.json,476,97a36b3f8c53806c6bd0b0c1cc2b223ae4063b0081161b0eb6b3a8d0e131bd46
data,infinite_domain,worldgen,kubejs/data/infinite_domain/worldgen/placed_feature/mars_brine_ore.json,.json,472,fb28357d17f8496ef847dda3509a09cd87b4abfc551feae41879963544b6c61a
data,infinite_domain,worldgen,kubejs/data/infinite_domain/worldgen/placed_feature/mars_hematite_ore.json,.json,475,e2da75ea5c136bdfd439a0ec5c153b3a39692e6872f8e5ed13dfeeee44f64d75
data,infinite_domain,worldgen,kubejs/data/infinite_domain/worldgen/placed_feature/mars_nickel_cobalt_ore.json,.json,480,81c4027f96495e652568e463d1044fb306b36e5b3498d8ba1f85bbece62e0003
data,infinite_domain,worldgen,kubejs/data/infinite_domain/worldgen/placed_feature/mars_perchlorate_ore.json,.json,478,246e7524a8a45ad99431fa2479bfb1468c63a599b0f02d908b5df3703fd65443
data,infinite_domain,worldgen,kubejs/data/infinite_domain/worldgen/placed_feature/mars_silicate_ore.json,.json,476,4448eadc11699618d179b79092d0b32ab05a7ec727a6919dd3d939e88d3bd8da
data,infinite_domain,worldgen,kubejs/data/infinite_domain/worldgen/placed_feature/mars_sulfate_ore.json,.json,475,4ded530af5bc2aa8a1bfb3b59a6af90ae6ad6286048579dee8f0d5f689249818
data,infinite_domain,worldgen,kubejs/data/infinite_domain/worldgen/placed_feature/moon_anorthosite_ore.json,.json,479,0abc684245fd18e9c140e1cbeb36be0e59e7ddfef00afc7e4f84ee5649500a8a
data,infinite_domain,worldgen,kubejs/data/infinite_domain/worldgen/placed_feature/moon_helium_regolith.json,.json,478,3d2f4b8c00d959c3d356ff8bf40b81075fbf62c46bbf9120ca4b5df60d8c389f
data,infinite_domain,worldgen,kubejs/data/infinite_domain/worldgen/placed_feature/moon_ilmenite_ore.json,.json,475,9f4392ccac431907cfc2fd8e6a8f55c8270804768651693a699e0b0030774c05
data,infinite_domain,worldgen,kubejs/data/infinite_domain/worldgen/placed_feature/moon_kreep_ore.json,.json,472,2e0e2c1e9151daa1393b08b6d3a1a4275b92baced60d790ea4e6c18a9e655662
data,infinite_domain,worldgen,kubejs/data/infinite_domain/worldgen/placed_feature/moon_silicate_ore.json,.json,476,d41989952c1bbc0b8d2b4c29afabd4464d5ce140b83c06d7d40427523fb23f27
data,infinite_domain,worldgen,kubejs/data/infinite_domain/worldgen/placed_feature/root_access_node.json,.json,483,77dc0a4ee6ba3b6f0f1d6643c74bb51ac0d40a67d8af638021d9afe316cebb41
data,infinite_domain,worldgen,kubejs/data/infinite_domain/worldgen/placed_feature/venus_refractory_ore.json,.json,478,236061cc6753a94d24f3c4f54ec21bf223084ed4be22089ca50b388749378720
data,infinite_domain,worldgen,kubejs/data/infinite_domain/worldgen/placed_feature/venus_sulfur_ore.json,.json,475,55cbe01c99573a43f27af9996d0f6220633c78a5fa344596256520e8a9b22c1b
data,infinite_domain,worldgen,kubejs/data/infinite_domain/worldgen/placed_feature/venus_tungsten_ore.json,.json,476,a36b7eb117a8725d9a810a10840a74cb5be63871ad7f024f5314c14e2a1e8481
data,infinite_domain,worldgen,kubejs/data/infinite_domain/worldgen/placed_feature/venus_vanadium_ore.json,.json,476,f0211b66892bcb7edc7424d865d890df50decc2fde8e1cb6b489777338f01684
data,infinite_domain,worldgen,kubejs/data/infinite_domain/worldgen/structure/alien/burrower_nest.json,.json,437,8e8410f59d9bf11267319cf205e553f0963e4d158d74332b6a2922ba9edf17a5
data,infinite_domain,worldgen,kubejs/data/infinite_domain/worldgen/structure/alien/martian_signal_cairn.json,.json,444,cdcdcfaac091e9032623d296eeb9b2796e68e951e0de7bb9e2b9ec62233b56ca
data,infinite_domain,worldgen,kubejs/data/infinite_domain/worldgen/structure/alien/moon_meridian_monolith.json,.json,446,5b562c99e40455c1945733244705f8c8b657e3609ff09ae1d66fedd0d8aa4c7d
data,infinite_domain,worldgen,kubejs/data/infinite_domain/worldgen/structure/alien/venusian_pressure_shrine.json,.json,449,cde22b8a7a1c378ee3344850e571258433a1deed70603d19f6b5d3f80a729900
data,infinite_domain,worldgen,kubejs/data/infinite_domain/worldgen/structure_set/alien/burrower_nest.json,.json,237,7f04037e03b71dbb442f4937f2c2a60d24083ed4b8ed635c700231c72a770557
data,infinite_domain,worldgen,kubejs/data/infinite_domain/worldgen/structure_set/alien/martian_signal_cairn.json,.json,244,a83d929c9fb5c2d9c0fe21908c1e9842a73940ad48794c2986f8a29c5b9ab77a
data,infinite_domain,worldgen,kubejs/data/infinite_domain/worldgen/structure_set/alien/moon_meridian_monolith.json,.json,246,a2ee8bfaaeb8a6701c2b5538fbf62d7b53db942ee4df87bb3efadd2d49f4e624
data,infinite_domain,worldgen,kubejs/data/infinite_domain/worldgen/structure_set/alien/venusian_pressure_shrine.json,.json,248,8eb09f079219e5d7a4b483e0d4c4894086a63e5940064767eebe14a08c6a6b82
data,infinite_domain,worldgen,kubejs/data/infinite_domain/worldgen/template_pool/alien/burrower_nest.json,.json,302,1d742a741c87e0a3fada74feb1b68d4282b5454c02f3ab5a1102e9fbd9ff5570
data,infinite_domain,worldgen,kubejs/data/infinite_domain/worldgen/template_pool/alien/martian_signal_cairn.json,.json,309,3ef56956f2604fd65c3bb902e937faf1707075356217eda7cc911dffcaab2ddd
data,infinite_domain,worldgen,kubejs/data/infinite_domain/worldgen/template_pool/alien/moon_meridian_monolith.json,.json,311,79f930df1111da1472dda632bf8ce4cc0b9eb231141d36f072f50a1945d16c4d
data,infinite_domain,worldgen,kubejs/data/infinite_domain/worldgen/template_pool/alien/venusian_pressure_shrine.json,.json,313,5704ae36155d8a6bf49d6b418cf9619c99cc86659f6b9d89b8548bd2de09d665
data,infinite_domain_radiation,tags,kubejs/data/infinite_domain_radiation/tags/item/ppe_advanced.json,.json,395,7ecde16dfe3e0ef672a16baba37d1859a69309c1cc1d66924cba541c56c283d6
data,infinite_domain_radiation,tags,kubejs/data/infinite_domain_radiation/tags/item/ppe_industrial.json,.json,258,bbc521f62a24b4e8244b0a225a8ab6939ead0d3fc71e722b9df9f2b90fce6508
data,infinite_domain_radiation,tags,kubejs/data/infinite_domain_radiation/tags/item/ppe_late.json,.json,415,f472e7ef0e24f19ebed17b1acbda634e06d68664b8e2dfaed9b0c4c51f755d8f
data,infinite_domain_space,recipe,kubejs/data/infinite_domain_space/recipe/suits/emergency_boots.json,.json,502,0c79cad4c8e9e82a07dfa9552cee8bb0fd97d29f4d255d67099a5af81f6d22ba
data,infinite_domain_space,recipe,kubejs/data/infinite_domain_space/recipe/suits/emergency_chestplate.json,.json,512,e7ce6317a3a8a96ca03e4912a7a9abbd488282e8058906614c807fc2851b2c83
data,infinite_domain_space,recipe,kubejs/data/infinite_domain_space/recipe/suits/emergency_helmet.json,.json,515,1a494ebc18bbb0d8b464679a7c798080f3f6e6d7d0bd8f38f5efe016c28b0c57
data,infinite_domain_space,recipe,kubejs/data/infinite_domain_space/recipe/suits/emergency_leggings.json,.json,508,98b859ac113c2414c644e9851eda377cfae5b2c125d3971eba719c6d6aac9edb
data,infinite_domain_space,recipe,kubejs/data/infinite_domain_space/recipe/suits/extended_boots.json,.json,517,11e846f3698df3af228d2dff091e62eb2336d615eb4a19561c4f32ae8f5a21b6
data,infinite_domain_space,recipe,kubejs/data/infinite_domain_space/recipe/suits/extended_chestplate.json,.json,527,b4fcf7d7e40ff53809cc8c8aa5fe00ba97782188db957a5f77cbaaabadde2b12
data,infinite_domain_space,recipe,kubejs/data/infinite_domain_space/recipe/suits/extended_helmet.json,.json,519,eda516da80776c57957b9ee7a43a8442c4809fd9b375e68dbe26e0f755107299
data,infinite_domain_space,recipe,kubejs/data/infinite_domain_space/recipe/suits/extended_leggings.json,.json,523,d0dcaf22e6cf225f74c51d9ae0737e00d013cfd0ed5a6878f94ac3c231269850
data,infinite_domain_space,recipe,kubejs/data/infinite_domain_space/recipe/suits/heavy_boots.json,.json,500,1a8aa17f5e78ec0012446b4382219233fe88e8b58e486a3ee44bc0d05e59723e
data,infinite_domain_space,recipe,kubejs/data/infinite_domain_space/recipe/suits/heavy_chestplate.json,.json,510,7690ed1c2bcb38b038a721772c5349000ecf7d960c04120f69ddad537997dcff
data,infinite_domain_space,recipe,kubejs/data/infinite_domain_space/recipe/suits/heavy_helmet.json,.json,502,1a8eebf4ce41c163cd57c634285467389289bb993c65beec19484b13872209a8
data,infinite_domain_space,recipe,kubejs/data/infinite_domain_space/recipe/suits/heavy_leggings.json,.json,506,ccdc2fafa43b1b24e7b87b2f3a3f3e2a1bc81473111f417cd3efbb8999670f8e
data,infinite_domain_space,recipe,kubejs/data/infinite_domain_space/recipe/suits/lunar_prospector_boots.json,.json,526,29142fe51dae4e80d8febd401ada7336f2f47823cc290ee73395df35f2db3900
data,infinite_domain_space,recipe,kubejs/data/infinite_domain_space/recipe/suits/lunar_prospector_chestplate.json,.json,536,cd0dca40b59ece7df70fd6ec9fc9bdba821fe93bf84aca036a33b1cc42aaff5c
data,infinite_domain_space,recipe,kubejs/data/infinite_domain_space/recipe/suits/lunar_prospector_helmet.json,.json,528,7a5d224019c850d3d98e3985242ba12a21c3efb7a3c29659f41687b2de20d123
data,infinite_domain_space,recipe,kubejs/data/infinite_domain_space/recipe/suits/lunar_prospector_leggings.json,.json,532,5d10dc9b7e95e093a014cfd29d7d1a75dbc47938ccce1efa0070f3c6442918e0
data,infinite_domain_space,recipe,kubejs/data/infinite_domain_space/recipe/suits/martian_boots.json,.json,512,8686bd86d5599742b779b4df72f062a7be27b012f11446fb597a69b728de3217
data,infinite_domain_space,recipe,kubejs/data/infinite_domain_space/recipe/suits/martian_chestplate.json,.json,522,7cf65c2eb21e51e6468dbc6ce6af3f6955d152eb17fb7cec6e87bf5141a93369
data,infinite_domain_space,recipe,kubejs/data/infinite_domain_space/recipe/suits/martian_helmet.json,.json,514,630f630d5da343655686db11af2a18f6b526e91c24c3e309608d27b6e2b77e07
data,infinite_domain_space,recipe,kubejs/data/infinite_domain_space/recipe/suits/martian_leggings.json,.json,518,e386e0c8595c2e300f6b4ff30e7cb4292ec4eef5390f6da4c5a2b8fae895344e
data,infinite_domain_space,recipe,kubejs/data/infinite_domain_space/recipe/suits/mobility_boots.json,.json,515,b01b7756852767b0a9759f914d7539d171fc797933495fc5c4f0639ef5b2db5d
data,infinite_domain_space,recipe,kubejs/data/infinite_domain_space/recipe/suits/mobility_chestplate.json,.json,525,45a516a74e80969038a78e6a34abfce1c020947288d6db65500b47a4222e1788
data,infinite_domain_space,recipe,kubejs/data/infinite_domain_space/recipe/suits/mobility_helmet.json,.json,517,080e9029241d22474c8382cda6b409344b19b714eedf37591f97714cfacb9cc3
data,infinite_domain_space,recipe,kubejs/data/infinite_domain_space/recipe/suits/mobility_leggings.json,.json,521,d4b2a888b84e4789df012e01fb7f93f047102e05fb885ca50b48a3a41f38bb50
data,infinite_domain_space,recipe,kubejs/data/infinite_domain_space/recipe/suits/radiation_boots.json,.json,516,72d3000dc23823faec935809d5479bf5820f53ade66e03197083c590af8f3127
data,infinite_domain_space,recipe,kubejs/data/infinite_domain_space/recipe/suits/radiation_chestplate.json,.json,526,89303b8d7e337374b8970a4ec1ab2635e808c24238fe454b52bdb7e957fa8353
data,infinite_domain_space,recipe,kubejs/data/infinite_domain_space/recipe/suits/radiation_helmet.json,.json,518,976b6038263366b26226cabcbd423e5d058e1f60e79dabd3f367a5c856077e16
data,infinite_domain_space,recipe,kubejs/data/infinite_domain_space/recipe/suits/radiation_leggings.json,.json,522,bb01743bd2556b2e08a3f6d075671ff931ade4b3cd030029137a2f65ada72da1
data,infinite_domain_space,recipe,kubejs/data/infinite_domain_space/recipe/suits/surveyor_boots.json,.json,507,a8ce84d8e8f704aebef5548f531c447e4385652dd82905725c0f5305120321b5
data,infinite_domain_space,recipe,kubejs/data/infinite_domain_space/recipe/suits/surveyor_chestplate.json,.json,517,aa14d1e2f459d96ce5a674b9d045e7880167191ece63f90587bc51db5cde6817
data,infinite_domain_space,recipe,kubejs/data/infinite_domain_space/recipe/suits/surveyor_helmet.json,.json,509,bfc77245cd1bda342513a7cdb2d5644c98eee8a16a0148ae33ccfcce8e674696
data,infinite_domain_space,recipe,kubejs/data/infinite_domain_space/recipe/suits/surveyor_leggings.json,.json,513,5ce0ec33b66507dfd3e04286a0bb0f175ab9afa4374181e16d0d7b3926203713
data,infinite_domain_space,recipe,kubejs/data/infinite_domain_space/recipe/suits/venusian_boots.json,.json,523,f404041c694ec8dcd001b095adafe107dfc3d9c66e6ad88bfb16a9ab2d74e1c0
data,infinite_domain_space,recipe,kubejs/data/infinite_domain_space/recipe/suits/venusian_chestplate.json,.json,533,b510a4e2b54d4e27cc04f227c0cc4eb4e73f302478adaa8fd519451f56e1c15d
data,infinite_domain_space,recipe,kubejs/data/infinite_domain_space/recipe/suits/venusian_helmet.json,.json,525,9633824657a1485533b5b52f85da05573f6a24ab8a224b1368c60361e8deab24
data,infinite_domain_space,recipe,kubejs/data/infinite_domain_space/recipe/suits/venusian_leggings.json,.json,529,c961fbef8c6e2f8578a13146c2ad82279f447930883ba2658954bed8985e5ae5
data,jaffabricate,recipe,kubejs/data/jaffabricate/recipe/createaddition/giant_jaffa_cake.json,.json,1789,288152853ff5cb1f2398921d3d9722580dd1654b3d092dc0d709378a3fd89c6d
data,jaffabricate,recipe,kubejs/data/jaffabricate/recipe/filling/jaffa_cake.json,.json,283,c819119f035c9a170f54462e4a8c6f902567061f9e4e6ee5751b7fde56a3c389
data,jaffabricate,recipe,kubejs/data/jaffabricate/recipe/sequenced_assembly/giant_jaffa_cake.json,.json,1847,62514ffa152d3529b13e536c6656afcfed647ed0d54131b736cbe710f8afb937
data,jaffabricate,tags,kubejs/data/jaffabricate/tags/block/orange_leaves.json,.json,357,fc46b32738416cb1284159dfadf6be54d2f33deb11eba68b7bf3def8cbe14a68
data,kubejs,loot_table,kubejs/data/kubejs/loot_table/blocks/corrupted_data_node.json,.json,1792,442fa37e7017952181463ee6ca9c3d096f1bbf9b8145e8984b8e3c8737a0fc96
data,kubejs,loot_table,kubejs/data/kubejs/loot_table/blocks/encrypted_data_node.json,.json,2357,ede08e98e18ba71f47c399de83c4e75b261036633e80b8512eda53466ab90293
data,kubejs,loot_table,kubejs/data/kubejs/loot_table/blocks/fragmented_data_node.json,.json,1189,f970fea81dc8749195c8d43ac79ae28668078ab6019feddc7d6c8812295b1c7f
data,kubejs,loot_table,kubejs/data/kubejs/loot_table/blocks/root_access_node.json,.json,2473,3d02bab6e6be44e69d6bda34f100ba1cf561299e22ced5b7c7fa178c34ea8351
data,linearbearing,recipe,kubejs/data/linearbearing/recipe/andesite_lamp.json,.json,581,5fd8beb222018c87bf5285b3e22caed903fbb3fe5276cbb9dcf267667994f319
data,linearbearing,recipe,kubejs/data/linearbearing/recipe/linear_bearing.json,.json,813,30d49a38706ab896685d055f1c52df25d747a32456d4e572f705ef985c4a465e
data,linearbearing,recipe,kubejs/data/linearbearing/recipe/linear_casing.json,.json,595,fd502008999f91017680bed57fc4da4257eddf08d90dfac8464af546a6e8b92b
data,linearbearing,recipe,kubejs/data/linearbearing/recipe/magnetic_port.json,.json,799,65ba463213b4c189f9f130ef2213f140c5bdee03b633650778931e6ee8ed29db
data,linearbearing,recipe,kubejs/data/linearbearing/recipe/redstone_converter.json,.json,916,9c06c1ab2e6e09cacbd96032d6db2949828e8120ed185473f9c86c4a7b1c6d5d
data,mekanite_mobs,recipe,kubejs/data/mekanite_mobs/recipe/craft_base_fusion.json,.json,291,fcb7779d6dc1148730d79553b3dc867985325b93ef302807cbd9c1d225230462
data,mekanite_mobs,recipe,kubejs/data/mekanite_mobs/recipe/craft_base_pistol.json,.json,291,fcb7779d6dc1148730d79553b3dc867985325b93ef302807cbd9c1d225230462
data,mekanite_mobs,recipe,kubejs/data/mekanite_mobs/recipe/craft_eletric_web.json,.json,291,fcb7779d6dc1148730d79553b3dc867985325b93ef302807cbd9c1d225230462
data,mekanite_mobs,recipe,kubejs/data/mekanite_mobs/recipe/craft_meka_armor_1.json,.json,837,87dc81994cff096e840f09534155d047921f303dfcf6f7c8bf4b441698b63ed4
data,mekanite_mobs,recipe,kubejs/data/mekanite_mobs/recipe/craft_meka_armor_2.json,.json,711,105c1586bf5d886c43cbc9ea56612e4bad30cc23a54b8b81a66900e896d24dc0
data,mekanite_mobs,recipe,kubejs/data/mekanite_mobs/recipe/craft_mekanite_axe.json,.json,291,fcb7779d6dc1148730d79553b3dc867985325b93ef302807cbd9c1d225230462
data,mekanite_mobs,recipe,kubejs/data/mekanite_mobs/recipe/craft_mekanite_pistol.json,.json,291,fcb7779d6dc1148730d79553b3dc867985325b93ef302807cbd9c1d225230462
data,mekanite_mobs,recipe,kubejs/data/mekanite_mobs/recipe/craft_mekanite_pistol_fusion.json,.json,291,fcb7779d6dc1148730d79553b3dc867985325b93ef302807cbd9c1d225230462
data,mekanite_mobs,recipe,kubejs/data/mekanite_mobs/recipe/craft_mekanite_shield.json,.json,291,fcb7779d6dc1148730d79553b3dc867985325b93ef302807cbd9c1d225230462
data,mekanite_mobs,recipe,kubejs/data/mekanite_mobs/recipe/craft_metal_bone_1.json,.json,562,0bc04bb651a030e00c6266d2d5a658ce13f1e7a7e300c4736877bc59600fc311
data,mekanite_mobs,recipe,kubejs/data/mekanite_mobs/recipe/craft_reinforced_end_pearl_1.json,.json,700,fdf7a4ddace3958afce43cc199f8a657a54ed44d612dbe7120d2e7b9901821dd
data,mekanite_mobs,recipe,kubejs/data/mekanite_mobs/recipe/craft_reinforced_tnt.json,.json,694,75e3378551cbc9caed39156c2a268feb18c012c219f1dedcc2683fa4e0ae516d
data,mekanite_mobs,recipe,kubejs/data/mekanite_mobs/recipe/craft_trident_eletric.json,.json,291,fcb7779d6dc1148730d79553b3dc867985325b93ef302807cbd9c1d225230462
data,mekanite_mobs,recipe,kubejs/data/mekanite_mobs/recipe/craft_web_eletric_fance.json,.json,582,fef0ab7b15e46b419fe9eef66672d16662a06557a36acbbb02f4ce770adc42dd
data,minecraft,loot_table,kubejs/data/minecraft/loot_table/blocks/copper_block.json,.json,817,4c753f9df285bd051d131ae5879834db52acf184f386239fe1ffe124c8a3222e
data,minecraft,loot_table,kubejs/data/minecraft/loot_table/blocks/dead_bush.json,.json,1556,683779b64618b4e3847b6a852191d2335f867e8ead31500616036f850a98ea3b
data,minecraft,loot_table,kubejs/data/minecraft/loot_table/blocks/exposed_copper.json,.json,819,49aa40348b7434e823235e1826d638b5007991d360eec10f3b0e19c1435acfe2
data,minecraft,loot_table,kubejs/data/minecraft/loot_table/blocks/fern.json,.json,2354,e47d4553a85851f10acc036788b5f08aa5ed5493101f4d1d7b5e8e7f35602138
data,minecraft,loot_table,kubejs/data/minecraft/loot_table/blocks/gold_block.json,.json,815,a8de1a16b42a90099d1ddb79aa49a59024a4ba72b455601dbff3828841d98161
data,minecraft,loot_table,kubejs/data/minecraft/loot_table/blocks/iron_block.json,.json,815,cce2bc9f26446d6d3d9c6db7a961ee3150c881896acdf49a44691d89d1e9711e
data,minecraft,loot_table,kubejs/data/minecraft/loot_table/blocks/oxidized_copper.json,.json,820,3db3be50c41177fc25db288a006842a1e6338dce32922aee157949e2d08bf316
data,minecraft,loot_table,kubejs/data/minecraft/loot_table/blocks/waxed_copper_block.json,.json,823,6d193d474e9456377659319b02c437b25efd9a00d406384d50dd8ad8327a5c0a
data,minecraft,loot_table,kubejs/data/minecraft/loot_table/blocks/waxed_exposed_copper.json,.json,825,25d893fca185dd633248349d61848b69f1ddfa3f8974c7440a78398e73152e74
data,minecraft,loot_table,kubejs/data/minecraft/loot_table/blocks/waxed_oxidized_copper.json,.json,826,db0d1a7654626845e6d1bffdfc30f6dec85c5d4ce47c07bbb43ea763321233ef
data,minecraft,loot_table,kubejs/data/minecraft/loot_table/blocks/waxed_weathered_copper.json,.json,827,0cd29606a9fe1c9799cc5a50628e404d0546c0224b7c69c54326a563a29fda51
data,minecraft,loot_table,kubejs/data/minecraft/loot_table/blocks/weathered_copper.json,.json,821,1bad73f1887a03303a8880a06bc2b79222da582820e2cbde9e62f062ada1561d
data,minecraft,loot_table,kubejs/data/minecraft/loot_table/entities/zombie.json,.json,3683,8e76b343b2703d72e7a09f0f6d411a03de8c723de5f2e9e3e6aa5bf8383f3d4b
data,minecraft,recipe,kubejs/data/minecraft/recipe/acacia_boat.json,.json,463,5b57f046f2a08024ae7169d7bbe04243a708d0628eb40b4d2ad933ea28713a84
data,minecraft,recipe,kubejs/data/minecraft/recipe/acacia_door.json,.json,499,4bf3acac572dfc545bb2c98b0ae143a1be1e4875d76015816a8b6a8fb330c96b
data,minecraft,recipe,kubejs/data/minecraft/recipe/acacia_fence.json,.json,579,a4df54fa4e95b9dc4b221eefaebfdc3e9ec8d13c512000537f7d269386b20932
data,minecraft,recipe,kubejs/data/minecraft/recipe/acacia_fence_gate.json,.json,593,ac43767ec334adef8dff72f42ed2c8ad1c0873aea2bcb8ccfd4d5dd31eaee586
data,minecraft,recipe,kubejs/data/minecraft/recipe/acacia_pressure_plate.json,.json,465,0a56eb7acc3bf905c7da9e70348b20603b2fb1e83b967f255c5c8ea818de9ce4
data,minecraft,recipe,kubejs/data/minecraft/recipe/acacia_sign.json,.json,605,ed80a3be8d5c43218296ad69aefe688c2014cd81e52fcd3e37776294b56c4e4f
data,minecraft,recipe,kubejs/data/minecraft/recipe/acacia_slab.json,.json,446,02317d824b94b353f3d07b8c9e51d8c5ec1c12392793199d6f60dbf696426543
data,minecraft,recipe,kubejs/data/minecraft/recipe/acacia_stairs.json,.json,506,19f5e3a7655371545652e429fc75fbe8f059f07335d9b5d4d7309ef5ccc004c7
data,minecraft,recipe,kubejs/data/minecraft/recipe/acacia_trapdoor.json,.json,482,f96ca5d7153cd2dfe511fa69b56d8f7020756aab744f645ee39cd85fbab60678
data,minecraft,recipe,kubejs/data/minecraft/recipe/acacia_wood.json,.json,462,8792ca00c6275698dee423946184e30173f6f6dc75d0b8d5e6ab1cb8e56c8aee
data,minecraft,recipe,kubejs/data/minecraft/recipe/activator_rail.json,.json,689,a9787db0553b72f5d08b1f3d05f37dbad6feebef2cab26928af685cc84fd0cfc
data,minecraft,recipe,kubejs/data/minecraft/recipe/andesite.json,.json,493,e9d8da8236754fcc66badcf85195626e39a5ce826913c82ae98b6694596cf1e5
data,minecraft,recipe,kubejs/data/minecraft/recipe/andesite_slab.json,.json,413,83d0b6400c32cb5d588aefbb88aa08e5fc76d3edd5e7a7a1fa73f5e381ac6bc7
data,minecraft,recipe,kubejs/data/minecraft/recipe/andesite_stairs.json,.json,471,231ca40feaff6c85ea4ec2bdda77a7c60ae339b18c89b0e616e720a482aa1677
data,minecraft,recipe,kubejs/data/minecraft/recipe/andesite_wall.json,.json,437,a862764792a475777a42c95806e6baf6d1ec0366255714a487469ffd2d68129f
data,minecraft,recipe,kubejs/data/minecraft/recipe/anvil.json,.json,324,0fa71cd1736372ba99621772785a340d80f90b4e72762b67fd0d76a065fb0e53
data,minecraft,recipe,kubejs/data/minecraft/recipe/armor_stand.json,.json,569,ac3357111d12dc2810f7156bd23b1284c0268de1d0020b3730e2878924fc9da6
data,minecraft,recipe,kubejs/data/minecraft/recipe/arrow.json,.json,670,9bf62f3efcfbb5272271324f83a78852cb25c20278ee74da57b629336270f12f
data,minecraft,recipe,kubejs/data/minecraft/recipe/bamboo_fence.json,.json,569,fef2d0088440a3e4f53e5c99ef019fa2d31513c56aa7f82815eb81054720ea74
data,minecraft,recipe,kubejs/data/minecraft/recipe/bamboo_fence_gate.json,.json,583,1aacf05dfcaec1a0746a47bf2cb0ae99f37796e30cc67f2e5d8259de1011eb53
data,minecraft,recipe,kubejs/data/minecraft/recipe/bamboo_sign.json,.json,595,fc9ebeeb5e9296afee6b8315d8d4356c951e8ce05d39980a00e2571fb04cc15a
data,minecraft,recipe,kubejs/data/minecraft/recipe/beacon.json,.json,684,d85c31a541e7236d68a6755e22c6d27d67d6508775d91e40f36ca19f696ab81c
data,minecraft,recipe,kubejs/data/minecraft/recipe/birch_boat.json,.json,461,a3f1002cc4560bbe5236ef41d8a7b6cb004ffd1f33b4e86606bb095bbd9218f3
data,minecraft,recipe,kubejs/data/minecraft/recipe/birch_door.json,.json,497,9971b1ba4262860d0e2adc17ff1e0abe8377a97dc4e124b9a179d26d73035c9d
data,minecraft,recipe,kubejs/data/minecraft/recipe/birch_fence.json,.json,577,ae31507eca76d0edbb3b3c2323faab7320604114c3c54fe24a3b5135bc3822b5
data,minecraft,recipe,kubejs/data/minecraft/recipe/birch_fence_gate.json,.json,591,659b1c8ea050bee964577aa310c50634ce6939d0ec0b861821f50a52bcb09384
data,minecraft,recipe,kubejs/data/minecraft/recipe/birch_pressure_plate.json,.json,463,d3296f7fea5da5dfd4b9eb9b2eb3a9108c03ec092f636fb191658c6638bfe67a
data,minecraft,recipe,kubejs/data/minecraft/recipe/birch_sign.json,.json,603,6f9b596f28a4ca1eebcaf853df815267a726f5334b43373442185450659424da
data,minecraft,recipe,kubejs/data/minecraft/recipe/birch_slab.json,.json,444,54a7db12ee4437a2fc40e1dfbd9071712ef5666c308bd83a348023e18faf1086
data,minecraft,recipe,kubejs/data/minecraft/recipe/birch_stairs.json,.json,504,b35b5b2dcee208c9ced3f8c739a994046251e099cfc886b678b1497ca5ba255b
data,minecraft,recipe,kubejs/data/minecraft/recipe/birch_trapdoor.json,.json,480,64addf91c71f864bc8d1118dadc8c1551e42e531da9a7e13fc6e1d534dadf461
data,minecraft,recipe,kubejs/data/minecraft/recipe/birch_wood.json,.json,460,12f41eacd4d2ca65d0667aaa10ac005ff527dc4313aa684af1e36864a98f4a36
data,minecraft,recipe,kubejs/data/minecraft/recipe/black_banner.json,.json,588,24027eab0ca89d565abbd6b218d9ef71cd3ed87d62e9b060692e0b5eb15fb9b7
data,minecraft,recipe,kubejs/data/minecraft/recipe/black_concrete_powder.json,.json,1373,51368a6e19f1e9b3fe827690aad53077d4285f353330727e0cf9f370872dfd3b
data,minecraft,recipe,kubejs/data/minecraft/recipe/black_stained_glass.json,.json,613,3725b72d544e3683552e5fbd098e267223fc02b44096afa3e2f78e02c2d096b4
data,minecraft,recipe,kubejs/data/minecraft/recipe/black_terracotta.json,.json,620,58241e1c33c26a64229ef1ce9824574bd221cd2a1cbe71ce7e01aee1a7663f96
data,minecraft,recipe,kubejs/data/minecraft/recipe/blackstone_slab.json,.json,417,18eab553ab7b259b193e9a07b9afc50835959d4b8170917fc7d5f90843d0f308
data,minecraft,recipe,kubejs/data/minecraft/recipe/blackstone_stairs.json,.json,475,d945940daa83244d27b3e5e48a73f91b995de78962843fd9e525aa944e4d61d7
data,minecraft,recipe,kubejs/data/minecraft/recipe/blackstone_wall.json,.json,441,76577a44cb058e1cb08f02e31b94dad51e7e6ea3a5840b038ea4b2d919f25ec4
data,minecraft,recipe,kubejs/data/minecraft/recipe/blast_furnace.json,.json,696,60d5f45f94101a140c681ea9b5b5b1437594894181900361a7a3ad5ab4d3e6bd
data,minecraft,recipe,kubejs/data/minecraft/recipe/blue_banner.json,.json,586,913d46768c319e104220d03c120a6153154d6240e4796dfbcc55f794c34004d9
data,minecraft,recipe,kubejs/data/minecraft/recipe/blue_concrete_powder.json,.json,1371,45f578545ce671f7e98f83479e170696ea5cddbd07d4fb3b934f100f293cfa44
data,minecraft,recipe,kubejs/data/minecraft/recipe/blue_stained_glass.json,.json,611,ecdb2373b208fef568abdaf9077cb30504c000e6f583a93d1d4f07abb4758491
data,minecraft,recipe,kubejs/data/minecraft/recipe/blue_terracotta.json,.json,618,e90a19766adda5a38ce01a33813df23d932f1ee15f28332f2fa79ad8c9c8f9a4
data,minecraft,recipe,kubejs/data/minecraft/recipe/bolt_armor_trim_smithing_template.json,.json,927,553c2f5b336384be008328e82590ae5c5b579fcafe50d94ca26385f3704aff06
data,minecraft,recipe,kubejs/data/minecraft/recipe/book.json,.json,693,3790995bd32b209f49b813b67958a0b3604fa204478297560506de9efdb8e419
data,minecraft,recipe,kubejs/data/minecraft/recipe/bow.json,.json,555,7127389d36802d0c9e990ae0613c391a6bdc879ff238c2ed0c2b1aaa6efee57d
data,minecraft,recipe,kubejs/data/minecraft/recipe/brewing_stand.json,.json,564,d2d34039bf998bfaf3a4b38647f9423282440c1877e96c5b0135e64766fa80f6
data,minecraft,recipe,kubejs/data/minecraft/recipe/brick_slab.json,.json,408,d8e3477a6c47350ef55557339ca4774424266a17bdb5c3c82d3427477a8b6232
data,minecraft,recipe,kubejs/data/minecraft/recipe/brick_stairs.json,.json,466,2e0b880befdff08f86685d697262620db5ee016b516cfaa61225fe64b11fbdc9
data,minecraft,recipe,kubejs/data/minecraft/recipe/brick_wall.json,.json,432,72f34dd788921556dd41d09d0c17b8a549fae37c250bccae48259387b6ac46f8
data,minecraft,recipe,kubejs/data/minecraft/recipe/brown_banner.json,.json,588,2003b5e18aedac19c700778115145c5e7081439380cdb6652622c192e1a43391
data,minecraft,recipe,kubejs/data/minecraft/recipe/brown_concrete_powder.json,.json,1373,dcfbf9baa7d9044e2c3907df3660515d5bab9be76dcc02cf041d512201d020b7
data,minecraft,recipe,kubejs/data/minecraft/recipe/brown_stained_glass.json,.json,613,d613233fe2178286c63983caefffa78be43597bbafdae0537d7f536422293ddd
data,minecraft,recipe,kubejs/data/minecraft/recipe/brown_terracotta.json,.json,620,86881905faa4879f4121065a39276b6168280229141f20be74c48ae1177f1df7
data,minecraft,recipe,kubejs/data/minecraft/recipe/brush.json,.json,664,00b0a6c4dbd9057aa5d49f17e0baa795f7ba3f545fe089da13b010c73c3e3be4
data,minecraft,recipe,kubejs/data/minecraft/recipe/bucket.json,.json,422,2b78b3cfd07c7b2f2704e6c949aa0304956fcc97afc102e7e240f154137e5a1f
data,minecraft,recipe,kubejs/data/minecraft/recipe/campfire.json,.json,662,1b3602257cd052dc20bf6e2b7192f98329e488364024e68ff8926b4a37e2d163
data,minecraft,recipe,kubejs/data/minecraft/recipe/cartography_table.json,.json,562,1ff2787a6c585bc1a80b140dfb48551e10b87cf3da81ec1f2f3ff62cfebe432b
data,minecraft,recipe,kubejs/data/minecraft/recipe/cauldron.json,.json,452,e2acf6c6f7c27522009e2e7571f9237bc9a6f03ef733a19f9ae20ae79b1312f8
data,minecraft,recipe,kubejs/data/minecraft/recipe/chain.json,.json,553,0b7cbf86cbc5556591726d8462607e1f5df782cde014946707b89d46cdac7dea
data,minecraft,recipe,kubejs/data/minecraft/recipe/cherry_boat.json,.json,463,8e21b87159eb102a3d26601267fb91a0d6b57b3331ab283e5ba6a42448ff162e
data,minecraft,recipe,kubejs/data/minecraft/recipe/cherry_door.json,.json,499,2ae4caffc37240f87ac00e7dd8153ca7bbc69275be5d3ea1dd083e1f7b2564ca
data,minecraft,recipe,kubejs/data/minecraft/recipe/cherry_fence.json,.json,579,fd62c5f7915f032a9c7585a4c065e965ca590fe65e23b2dffbf0ce25b3347d37
data,minecraft,recipe,kubejs/data/minecraft/recipe/cherry_fence_gate.json,.json,593,d2e3a4c4e27759c3dbc4682cd57f46136b85d65c5bfa845e4c27cb9b309c0aac
data,minecraft,recipe,kubejs/data/minecraft/recipe/cherry_pressure_plate.json,.json,465,a9fe5a152cda90662036f8d1ee7da5eb05ff3d13feb80ecd964449da5b41acac
data,minecraft,recipe,kubejs/data/minecraft/recipe/cherry_sign.json,.json,605,1bf9e6b64a449a89a1e6a0b3b9f0d6148c8fc2e0963eb52091ba61e5a916146b
data,minecraft,recipe,kubejs/data/minecraft/recipe/cherry_slab.json,.json,446,152e45aaa070bc147cf16a7de2afc8facc09340edf846e8832e0ee374ba45680
data,minecraft,recipe,kubejs/data/minecraft/recipe/cherry_stairs.json,.json,506,7bfaea1639016063bcd6b9fdabe0f036717d683bfb6f93674148e26ab4fb7f68
data,minecraft,recipe,kubejs/data/minecraft/recipe/cherry_trapdoor.json,.json,482,41e2d561cbb6a0fc2a681e6ae7e235e2caae5ea459d326fb4c55ce292fd70a09
data,minecraft,recipe,kubejs/data/minecraft/recipe/cherry_wood.json,.json,462,e2a7d9a473d377994a1774fc4d71997c8a8db47edb38184ba52b5f3da6503a79
data,minecraft,recipe,kubejs/data/minecraft/recipe/clock.json,.json,568,0eea669dda04cb9c3a29c99bac933d58d0618ad2ef50629ed7a2a2ec27e864b0
data,minecraft,recipe,kubejs/data/minecraft/recipe/coarse_dirt.json,.json,549,69b98cfd64e464e91595086809fd8c409d7e86c98ae48c6cb2399aa03c1402de
data,minecraft,recipe,kubejs/data/minecraft/recipe/coast_armor_trim_smithing_template.json,.json,736,e62f74f1a558b7e4c1e48aa436a2a2011069e332fd956065f8a3b6b7ecd500b1
data,minecraft,recipe,kubejs/data/minecraft/recipe/cobbled_deepslate_slab.json,.json,431,1394ad8d767a3b21e33b44b20c4648eb853f9ab4da07cad5c664516797541b5d
data,minecraft,recipe,kubejs/data/minecraft/recipe/cobbled_deepslate_stairs.json,.json,489,1fcedc7ef91046d82b06fde63639f8566406bcbddddd619886247c423ecf76d8
data,minecraft,recipe,kubejs/data/minecraft/recipe/cobbled_deepslate_wall.json,.json,455,33e3765af7afb0c26603ab401e5165f49b9842c3ece598f82c53c24e556f708b
data,minecraft,recipe,kubejs/data/minecraft/recipe/cobblestone_slab.json,.json,419,99586df952332908f8efed7e8c62251b6adcba6cecc0a87708bc5a5b73038905
data,minecraft,recipe,kubejs/data/minecraft/recipe/cobblestone_stairs.json,.json,477,18c40d68275bcff7d2b16bc4097edb85b0c42d7d16323911b1e995c1b2bf7a98
data,minecraft,recipe,kubejs/data/minecraft/recipe/cobblestone_wall.json,.json,443,973bc47ed08099c29840a58343938478cc3c37442ff2b383a4df01c8dc195735
data,minecraft,recipe,kubejs/data/minecraft/recipe/comparator.json,.json,683,82ebc3e668c3751ae402b27c74405dc66ccb2013f3e72b51c5db579484f171f3
data,minecraft,recipe,kubejs/data/minecraft/recipe/compass.json,.json,570,e8f659fb2acb018b6788da535d268bb3e71c7a7876a5e0f4f85da234158336e7
data,minecraft,recipe,kubejs/data/minecraft/recipe/copper_bulb.json,.json,707,bf22e448f326f25e30d833bb4716dcd864db1b6ad5cbfd2696a81442d68c2d22
data,minecraft,recipe,kubejs/data/minecraft/recipe/copper_door.json,.json,458,88e19f8a580955c1c0e4da854db6465311f2ed17d3752983a67bba7fa80d66ea
data,minecraft,recipe,kubejs/data/minecraft/recipe/copper_grate.json,.json,472,3edbf421323707ee8af2a59996d706c4d9163cc54f4ac0c368ad5bbddc9cba14
data,minecraft,recipe,kubejs/data/minecraft/recipe/copper_ingot_from_blasting_copper_ore.json,.json,368,d293dc23ce0df0031456d78f4733ee3905e0061969ffe2146c7d41e98e49da1c
data,minecraft,recipe,kubejs/data/minecraft/recipe/copper_ingot_from_blasting_deepslate_copper_ore.json,.json,378,6517bc161d8eadcc61caacbed174cfdbf63a4a602f0797719e02040b698789e6
data,minecraft,recipe,kubejs/data/minecraft/recipe/copper_ingot_from_smelting_copper_ore.json,.json,368,b09533c18dacffe96718da501e9bb2229d4153dbfcdbf23efc95e11b9c258cb6
data,minecraft,recipe,kubejs/data/minecraft/recipe/copper_ingot_from_smelting_deepslate_copper_ore.json,.json,378,2f5c0d7393ec33e1bb88a0b14db2f16331529e2f359ca4a81f9c6fc2caef2ac2
data,minecraft,recipe,kubejs/data/minecraft/recipe/copper_trapdoor.json,.json,437,c909d2d3a591a66b4b0eb5394c556be7c36d44e92d95c746b9ed54bd7c883ee5
data,minecraft,recipe,kubejs/data/minecraft/recipe/crafter.json,.json,800,826394428b27dd9c9a0896c8d0498d76e6ed747877bd09b0c0d3488aa963dd88
data,minecraft,recipe,kubejs/data/minecraft/recipe/creeper_banner_pattern.json,.json,486,0bfa37205aa1c5d7e00399fe13f4e7935eed8bdc048069c38898365688212a4d
data,minecraft,recipe,kubejs/data/minecraft/recipe/crimson_fence.json,.json,571,8db6120fe4fc91c1b14e39cb515bd4e3b135ffa6ca89dc8a10c276b49a1476b7
data,minecraft,recipe,kubejs/data/minecraft/recipe/crimson_fence_gate.json,.json,585,fb61e8ac2ef64eb0dfbb9f67e7fe815f7bbc53d0e5ec6596808d5763a4080c81
data,minecraft,recipe,kubejs/data/minecraft/recipe/crimson_sign.json,.json,597,408473acff86668b64e261196f36a79829833d5a02baa47c7f72b8a7c94b303e
data,minecraft,recipe,kubejs/data/minecraft/recipe/crossbow.json,.json,803,a7aa70317ad6e0b50cc8134f3a653a145424a1bc646dc46261b7456622210d7f
data,minecraft,recipe,kubejs/data/minecraft/recipe/cut_copper.json,.json,440,fe9dad9756215a70c396be626dc93117985907ffde16664716749b83f5e4f3eb
data,minecraft,recipe,kubejs/data/minecraft/recipe/cyan_banner.json,.json,586,6f0ba9587ae9e97b95aad1adc0a564f3726dc14bf78ebde81fc5d4f912c5df82
data,minecraft,recipe,kubejs/data/minecraft/recipe/cyan_concrete_powder.json,.json,1371,318c0bcdf1a145a4824c270bbff750f867eb197b9fc49e91611138abcb5fb268
data,minecraft,recipe,kubejs/data/minecraft/recipe/cyan_stained_glass.json,.json,611,825bcc240be474e40981a58c0a12d1c4dc7a87cbbf4c710640c8e14c381c73cf
data,minecraft,recipe,kubejs/data/minecraft/recipe/cyan_terracotta.json,.json,618,1e9fc6ac046f1d2a18f0473e127ade7a63d19cd7026dbe5b173c13e7b4a2216e
data,minecraft,recipe,kubejs/data/minecraft/recipe/dark_oak_boat.json,.json,467,f9c00be3ec371becf7fb5640f0411b172e464c6e748d21d33ed3c0af1df6ddee
data,minecraft,recipe,kubejs/data/minecraft/recipe/dark_oak_door.json,.json,503,57109bf68a835f4b4eda9ca7e7cbbe021709317e0ffec673dc5c25951a5e1e1f
data,minecraft,recipe,kubejs/data/minecraft/recipe/dark_oak_fence.json,.json,583,592e2a55a7d50a5058674225d87304ec6016f25949e705045613fc66f3431897
data,minecraft,recipe,kubejs/data/minecraft/recipe/dark_oak_fence_gate.json,.json,597,5054418311f6315e8cc1bc9618fc0ae95f7a029c72d59ba179b1724e8f5649b7
data,minecraft,recipe,kubejs/data/minecraft/recipe/dark_oak_pressure_plate.json,.json,469,ba95dd531ed4875ecbb2e889456fde656dbe6cd92c52cee0081ccc6f9f772ac1
data,minecraft,recipe,kubejs/data/minecraft/recipe/dark_oak_sign.json,.json,609,53d1672566b4966c92cc775ab3bd905c721097e5b4c4c78ad1965ae3d6ecaecb
data,minecraft,recipe,kubejs/data/minecraft/recipe/dark_oak_slab.json,.json,450,555479f856a76d72e18a3dd7be3e6725274914d750385ce4fbc9e5f825197aa1
data,minecraft,recipe,kubejs/data/minecraft/recipe/dark_oak_stairs.json,.json,510,3c1e60911c4ed3956d254a2e295ecc1eb8b2b22c78229845c469e4ace73bfa3b
data,minecraft,recipe,kubejs/data/minecraft/recipe/dark_oak_trapdoor.json,.json,486,eef8b9ef1d82d00eb1c178a96184c15b08d671ec55b86135d766c697297d1ed4
data,minecraft,recipe,kubejs/data/minecraft/recipe/dark_oak_wood.json,.json,466,f783d419610446c0a2d8a24d3928e9f07640866929a82f3a818f5baaf957c198
data,minecraft,recipe,kubejs/data/minecraft/recipe/daylight_detector.json,.json,687,e416a964c5788f7f7b9913a6994c5b32af8c714c54fb69ce4981026db5c6bd6c
data,minecraft,recipe,kubejs/data/minecraft/recipe/detector_rail.json,.json,701,07672bf7bc2842ae720c444691e4407177260812c421b828a7388fcc6487421f
data,minecraft,recipe,kubejs/data/minecraft/recipe/diamond_axe.json,.json,567,6c11404f297d109ab458c96e6244dac16ac050061c75d403a86a43bb68500af5
data,minecraft,recipe,kubejs/data/minecraft/recipe/diamond_boots.json,.json,437,ad4a0bb77829865c098e28cb9432177d54249ee23e7caa60b7fab6142343f3c2
data,minecraft,recipe,kubejs/data/minecraft/recipe/diamond_chestplate.json,.json,470,60b0fc8378f735cf0031ec6473dd6357c8c9c60345174cc45c2ba12d7a279872
data,minecraft,recipe,kubejs/data/minecraft/recipe/diamond_helmet.json,.json,438,2b6dfab6324b3c5f243b3d1d25c937fe9505b7908899f770ac5524a86c35b046
data,minecraft,recipe,kubejs/data/minecraft/recipe/diamond_hoe.json,.json,567,19791065b874e9d20fea9bc9ef7441edaf223024b3bc3ec2f00b4691c1d6eecd
data,minecraft,recipe,kubejs/data/minecraft/recipe/diamond_leggings.json,.json,468,2e6077e4aa4a3ff9d6db07dffdea94c628f39bc17fbef7f6c4b100dbd7739259
data,minecraft,recipe,kubejs/data/minecraft/recipe/diamond_pickaxe.json,.json,574,0ee1bd4485c7774d2d72dff9648534083b2785e809369e785c201826a4944a6b
data,minecraft,recipe,kubejs/data/minecraft/recipe/diamond_shovel.json,.json,567,f404ac7e9417ac2a2c6b1b0a8624a61a34ebdc0404bd066fe7e3e27e3cdbfc72
data,minecraft,recipe,kubejs/data/minecraft/recipe/diamond_sword.json,.json,566,47893d41be8759ed3fe3675476a2c1af39369e0f0fbf943d35f7ffc75660eef0
data,minecraft,recipe,kubejs/data/minecraft/recipe/diorite.json,.json,542,4f567ead9d5469840e7e7041e111b10881e6c94f68ec039e4a1525c6ab3dd31d
data,minecraft,recipe,kubejs/data/minecraft/recipe/diorite_slab.json,.json,411,28477d4dc48ab3fbb64d45306531a47c4dddf3e58f698e0d86b6f37873c0f6bf
data,minecraft,recipe,kubejs/data/minecraft/recipe/diorite_stairs.json,.json,469,80b38d8a392730fc59cf5d2c3f75c7f3477030b82b0f010acf7e31a6a5b97701
data,minecraft,recipe,kubejs/data/minecraft/recipe/diorite_wall.json,.json,435,8a6e5128d2c4b39308fb3dc8a5020ed63ee61c8aecfb6c4c67a640b23bffb589
data,minecraft,recipe,kubejs/data/minecraft/recipe/dispenser.json,.json,685,15e8469ab5ba5815de7e9e8b2c2d534943605f53944d0f7990b2c333d1df30d1
data,minecraft,recipe,kubejs/data/minecraft/recipe/dropper.json,.json,580,73af3938cd85da8ca27fbc3cf0275fc7ac32ba61bb8409629581f15dbbf68cb8
data,minecraft,recipe,kubejs/data/minecraft/recipe/dune_armor_trim_smithing_template.json,.json,722,16becd5b8537054b193ba075b74402c1b1cf7376efd1986792434654c6a552f6
data,minecraft,recipe,kubejs/data/minecraft/recipe/enchanting_table.json,.json,685,cdf483029f845a52c2051b6c98859658d2b10902dd63d994692fdcf43b67a29c
data,minecraft,recipe,kubejs/data/minecraft/recipe/end_crystal.json,.json,679,651ad9c2a43f8f3b02f97284839d07c777d9180f9c47661037121b19f95764e9
data,minecraft,recipe,kubejs/data/minecraft/recipe/end_rod.json,.json,550,45d4614aea7091fc108a2bc6cfe8de8fde165bab5113ba7618e73933c5a700cd
data,minecraft,recipe,kubejs/data/minecraft/recipe/end_stone_bricks.json,.json,443,b0738f36f3a3788d817b6b4b7e6da7f42624a955e22ca3b07f253dac05cee2d9
data,minecraft,recipe,kubejs/data/minecraft/recipe/ender_chest.json,.json,572,8be03e255ed3a8997cfc9cbe338b72aefaef5e919a00e5ba8924b362941643e8
data,minecraft,recipe,kubejs/data/minecraft/recipe/exposed_copper_bulb.json,.json,707,55cdb0ea843e4d091bdf59e8708e0305ed4b7628427a04703f7722880c6c2e61
data,minecraft,recipe,kubejs/data/minecraft/recipe/eye_armor_trim_smithing_template.json,.json,730,eb9370a1eae2ce5584dca73a69be16393e52897ab12d687aba42f7c09467e556
data,minecraft,recipe,kubejs/data/minecraft/recipe/fire_charge.json,.json,801,18920659e65abd413ff9b5b6975161b051170760761ce0c082ef04aaeb8f3399
data,minecraft,recipe,kubejs/data/minecraft/recipe/firework_rocket_simple.json,.json,492,f8eff7a7bdb5497a969d0843da8f68e876c889dee86d627973271fa77d25bdc9
data,minecraft,recipe,kubejs/data/minecraft/recipe/fishing_rod.json,.json,563,2ace68a2501b9afa539598c80467f820e943aafddc2a88f562cc2d0ecce442c7
data,minecraft,recipe,kubejs/data/minecraft/recipe/fletching_table.json,.json,569,6841f842d55af9edabd0d7c7fc60cb2ffe47f9783964d0534539895a2876f4a4
data,minecraft,recipe,kubejs/data/minecraft/recipe/flint_and_steel.json,.json,491,ea648a25523065f471f67073eb0951d05e0aca3dd161f2fda138320324251e97
data,minecraft,recipe,kubejs/data/minecraft/recipe/flow_armor_trim_smithing_template.json,.json,723,041f8cb69c7033ebcf2e658a5d1f50319954497d006711776d9d6c4812529f56
data,minecraft,recipe,kubejs/data/minecraft/recipe/flower_banner_pattern.json,.json,484,e14705d755594fbc4c6c38e9b6ef8bbc8c6a69a5ac8c7a0eb8990ffd56066087
data,minecraft,recipe,kubejs/data/minecraft/recipe/furnace.json,.json,326,21c47abdb5e7c61f3fffbcbd23983eb5e98ea078acfe076558567776a32cd98f
data,minecraft,recipe,kubejs/data/minecraft/recipe/glass_bottle.json,.json,433,042b4302d92d9409d08c52c0f8ec6f7031553dcc48f653015f3787949fd09dc9
data,minecraft,recipe,kubejs/data/minecraft/recipe/glass_pane.json,.json,432,f4006f62ffc74915cebc66eb15032223b7a23519ddf4d5f4bae9313e1f2cf464
data,minecraft,recipe,kubejs/data/minecraft/recipe/glistering_melon_slice.json,.json,577,864687058b9dc191115aa3be80e9eb9f701cefa37b7a87e8e47b450e88d3a41e
data,minecraft,recipe,kubejs/data/minecraft/recipe/gold_ingot_from_blasting_deepslate_gold_ore.json,.json,375,e814705fd6e4c57d82def89dc758cc40da43e1089ee9ee6e59eecee22a8c7f15
data,minecraft,recipe,kubejs/data/minecraft/recipe/gold_ingot_from_blasting_gold_ore.json,.json,365,16e1d43a4df2bc15d5c3a8cd0ad9dc328780fa034bcfee83c5d9586375036b4c
data,minecraft,recipe,kubejs/data/minecraft/recipe/gold_ingot_from_smelting_deepslate_gold_ore.json,.json,375,4195eee92bc56fb7fec29a0b284da23b132961a75bb035d8c2b0127fe1b67001
data,minecraft,recipe,kubejs/data/minecraft/recipe/gold_ingot_from_smelting_gold_ore.json,.json,365,e16890f95226a7466add4b8bd916ededa00f8bcd64e2d061bc5a7c673fec19aa
data,minecraft,recipe,kubejs/data/minecraft/recipe/golden_apple.json,.json,561,61ec5fb38a0183994282e1b13b3e389c3957fb157b8afb9ab5e469ca397e1641
data,minecraft,recipe,kubejs/data/minecraft/recipe/golden_axe.json,.json,563,080ecdccf2a482e1a611eeccb3667d8ad9b09696b9b2294735ceab2ff37c4589
data,minecraft,recipe,kubejs/data/minecraft/recipe/golden_boots.json,.json,433,298e255695982ec34db771ade88ab7d1fc3f03ce1f396c30a73eb38ee4f306dd
data,minecraft,recipe,kubejs/data/minecraft/recipe/golden_carrot.json,.json,563,bb57544b11c548cc1ce1282278051a8cca3b0f3f67dbcd072934fcd51d46e6f6
data,minecraft,recipe,kubejs/data/minecraft/recipe/golden_chestplate.json,.json,466,a11f226a1da2fa90b1a4e75eac98b488f24229ebc795e69d618a5c8fae526ca7
data,minecraft,recipe,kubejs/data/minecraft/recipe/golden_helmet.json,.json,434,9cbccc0c54f9ab48beb0eeb9071de24ca1a7dceffa6de94bc7cf2cf6fd5fdd34
data,minecraft,recipe,kubejs/data/minecraft/recipe/golden_hoe.json,.json,563,8796815239d065ad6e98d4bddd09bc9a1f084eb4999dce4173a89c4753a2c45c
data,minecraft,recipe,kubejs/data/minecraft/recipe/golden_leggings.json,.json,464,8309122885f0ea161db272f409f07c035ba3f348a842edab5a3bd86395e56478
data,minecraft,recipe,kubejs/data/minecraft/recipe/golden_pickaxe.json,.json,570,b3e49453c965d2f5f790d123b0e173c159366d7ac3fc8e1a6d5963e63285b226
data,minecraft,recipe,kubejs/data/minecraft/recipe/golden_shovel.json,.json,563,9b10f9d32712e8203b2b90b4c298a5f3e9d406fb92a67012c8ed56d7e38a3e90
data,minecraft,recipe,kubejs/data/minecraft/recipe/golden_sword.json,.json,562,77164c3846a878532b3826e207fef87e4faf1e360971c57580e40d1812160886
data,minecraft,recipe,kubejs/data/minecraft/recipe/granite.json,.json,477,46dbd18693030623861955314365b2c51aab9b740dc4eaad0d8a1ae33eb7fe5d
data,minecraft,recipe,kubejs/data/minecraft/recipe/granite_slab.json,.json,411,3a4041c60e8d9f3ef1db326bcb9a62ad3f14adf310aafc9db30e473d0eb9a8ee
data,minecraft,recipe,kubejs/data/minecraft/recipe/granite_stairs.json,.json,469,db15941bae445ed0e6de53d62e61330d7ff5cb7981cdf8e36d660cf4b13e6577
data,minecraft,recipe,kubejs/data/minecraft/recipe/granite_wall.json,.json,435,6f6038dd0a95d6be6c48f985c120537243bf0c68f80060ece9c197228b2392b3
data,minecraft,recipe,kubejs/data/minecraft/recipe/gray_banner.json,.json,586,cc340cc6652c9c48119fac7aab3b10ce6a1eb9c6836099a3f67465b812135dc9
data,minecraft,recipe,kubejs/data/minecraft/recipe/gray_concrete_powder.json,.json,1371,c9e2c1da2792b1778b674e0423a33041e3a51ca59db930a3cdd1cfee9ab44605
data,minecraft,recipe,kubejs/data/minecraft/recipe/gray_stained_glass.json,.json,611,fe0e7005bd282f5e4099f09ce1da58b3c09ccf171db437254d2099b56fcb768a
data,minecraft,recipe,kubejs/data/minecraft/recipe/gray_terracotta.json,.json,618,1f6b987d5cfdd7993d2d09a35a272ce66954e35e949523c49e0ee3b919e27bb2
data,minecraft,recipe,kubejs/data/minecraft/recipe/green_banner.json,.json,588,90dd33bc1c15d6a4041a4f47398a13c79d4ea25976dca35eccde26a876b19300
data,minecraft,recipe,kubejs/data/minecraft/recipe/green_concrete_powder.json,.json,1373,063808c8093a8c7b4aec2cc94de0ce13a62dae47347f2a6470859e021ef4b711
data,minecraft,recipe,kubejs/data/minecraft/recipe/green_stained_glass.json,.json,613,9f173a23b947b2b0164e094a005164299b7b36b8e2f07c6747d28b3bd299bdce
data,minecraft,recipe,kubejs/data/minecraft/recipe/green_terracotta.json,.json,620,1283a6ac6798a52e49f139de4bd9f573576b63f48be6cc4dfbe0386cd27d7fd5
data,minecraft,recipe,kubejs/data/minecraft/recipe/grindstone.json,.json,638,ebc2603872684fab1b719a99127b0859212565537542d2ef4b8fab14a27b5768
data,minecraft,recipe,kubejs/data/minecraft/recipe/heavy_weighted_pressure_plate.json,.json,420,9ddee8845a75005083de40c67a2e29b2cb22441f8e014bb4428ef52fc6cd910f
data,minecraft,recipe,kubejs/data/minecraft/recipe/honey_bottle.json,.json,842,177a8be1845bf6547e64bbf4682efad60c24d80fbd654fb076dabdcbfbfba05d
data,minecraft,recipe,kubejs/data/minecraft/recipe/hopper.json,.json,569,0e6c14f92070d66fc7ecee15f8e611ea9c4e126c7ede0b3d0029429dc75b6591
data,minecraft,recipe,kubejs/data/minecraft/recipe/host_armor_trim_smithing_template.json,.json,733,6dcb90637dfdc5c65d8f219a0486a2ec9a270a38e124780e934194b0d414379a
data,minecraft,recipe,kubejs/data/minecraft/recipe/iron_axe.json,.json,561,84b12352f01ca3822ff2a8117361cbaa539fcc06cf2c235c4600e7ab0e5e7428
data,minecraft,recipe,kubejs/data/minecraft/recipe/iron_bars.json,.json,426,ec877e54ee459083f68f68343cfcc2d8ca55172789f5fbbd93f321ca5b516883
data,minecraft,recipe,kubejs/data/minecraft/recipe/iron_boots.json,.json,431,68c81a74bd8a5a654653e23e8c107cf31073202c7e30a3edaf4464d8800f2265
data,minecraft,recipe,kubejs/data/minecraft/recipe/iron_chestplate.json,.json,464,e6297dd7e35dd893690688bcca7c715cc8a2e1321796a3371f526ada684e213a
data,minecraft,recipe,kubejs/data/minecraft/recipe/iron_door.json,.json,454,21175b421e0ab29be485782d74b0119aef388f0c7595095602e9ecafd38ce106
data,minecraft,recipe,kubejs/data/minecraft/recipe/iron_helmet.json,.json,432,395d3a7882976d650a709c6e218b3b431b7f688582ff4261a7b01c119f7ebaaa
data,minecraft,recipe,kubejs/data/minecraft/recipe/iron_hoe.json,.json,561,78f27a131136586d3e054dce34da2520b84058efafcafb11cca855250826d8c8
data,minecraft,recipe,kubejs/data/minecraft/recipe/iron_ingot_from_blasting_deepslate_iron_ore.json,.json,375,0792619f0dda5e11076c2b84f39dcd39afed55841a6d129c1ac111197902681e
data,minecraft,recipe,kubejs/data/minecraft/recipe/iron_ingot_from_blasting_iron_ore.json,.json,365,e5b24b4ac71256eab7b6243d5dee9e71e0617c937a5b2801aa21e0ed5e5257c9
data,minecraft,recipe,kubejs/data/minecraft/recipe/iron_ingot_from_smelting_deepslate_iron_ore.json,.json,375,8f0d5f1d30a74385b374569307b33a36e702ad1a1b95c56b2982d3a324b584ba
data,minecraft,recipe,kubejs/data/minecraft/recipe/iron_ingot_from_smelting_iron_ore.json,.json,365,25c1c6ce75581b2077ea3205c88bbf1d75604970d30480a9dcc15268d1f62123
data,minecraft,recipe,kubejs/data/minecraft/recipe/iron_leggings.json,.json,462,a712618f0064e6d8532983607d24b091f88ab56ecc1cd9408f2311219ed7ace0
data,minecraft,recipe,kubejs/data/minecraft/recipe/iron_pickaxe.json,.json,568,7509fce6f00fc90524181642876a48d6a1f8a9ca9486b0a569a997635d873073
data,minecraft,recipe,kubejs/data/minecraft/recipe/iron_shovel.json,.json,561,3af61968f31a78fcc3d4fc2d42fe48802657b548b5ea6278d6ee173285afbfd9
data,minecraft,recipe,kubejs/data/minecraft/recipe/iron_sword.json,.json,560,4a97eb09185f217feb0e39614083ef7ca6a9478e3c69ee463dc0d69ac8098c6e
data,minecraft,recipe,kubejs/data/minecraft/recipe/iron_trapdoor.json,.json,431,93ac8ed70a95aaf321f6316a574f2989b5dfd7c2e66504e6eec1069731cd92d3
data,minecraft,recipe,kubejs/data/minecraft/recipe/item_frame.json,.json,558,ee60dea137cd98363182dd872b9dbced3b8f29ae9c56f3657a2120ae4c1b34df
data,minecraft,recipe,kubejs/data/minecraft/recipe/jukebox.json,.json,559,6c20280aa166dfc0d23dc492e09fe71adb33b7b24fb975cb478a81874f872907
data,minecraft,recipe,kubejs/data/minecraft/recipe/jungle_boat.json,.json,463,ae20954738c1e9cd8d950d06e27456a292a362d7798d47350dc10469b5e75902
data,minecraft,recipe,kubejs/data/minecraft/recipe/jungle_door.json,.json,499,c9f19b255dccf5da5e603661e63ead34118b1fb33f082a95e9da178a6eb4c0d6
data,minecraft,recipe,kubejs/data/minecraft/recipe/jungle_fence.json,.json,579,9e12b0304d12bbeec5cc33d385c0420b70adc56be723b4843e489a71ec72987e
data,minecraft,recipe,kubejs/data/minecraft/recipe/jungle_fence_gate.json,.json,593,31050b85125b15147ec3554462504a1e84a5f85cc0840ec1072fc4a1fdaee1ea
data,minecraft,recipe,kubejs/data/minecraft/recipe/jungle_pressure_plate.json,.json,465,a0e6c599cdff06ee17529dc5e6db890a0bbdfeff5f3fe3f3848a4ed8dd957bd4
data,minecraft,recipe,kubejs/data/minecraft/recipe/jungle_sign.json,.json,605,4e686a940828ad6f711897425ccbdf2b6bb564c81caeae01d1d0a3c5eb7eddd1
data,minecraft,recipe,kubejs/data/minecraft/recipe/jungle_slab.json,.json,446,df1e0739b6bf44f1f0bebd77a66f5080a49baabd5c3fc6c9b88671a9e165d92a
data,minecraft,recipe,kubejs/data/minecraft/recipe/jungle_stairs.json,.json,506,b154bf20d2b811b690c28b1982bf20f5df17721454ba4cc3e3a668de6f5ad7fe
data,minecraft,recipe,kubejs/data/minecraft/recipe/jungle_trapdoor.json,.json,482,fc43802b30e858c7fdde597414296c1cd4a78e13a6904217cc941002d25b5e6f
data,minecraft,recipe,kubejs/data/minecraft/recipe/jungle_wood.json,.json,462,b58ff932614347a354d73300fae0746ffc407d80b6db5d50e1137b1d414f890d
data,minecraft,recipe,kubejs/data/minecraft/recipe/ladder.json,.json,447,f993b21a6143aceb7a51adeb1562049f9a8215bc8ed36d34468a42f540b156fe
data,minecraft,recipe,kubejs/data/minecraft/recipe/lantern.json,.json,556,a9998aebb5be6616afcc38af6630273b9460ec3aedde1fbaf20a0b0ffc3f4fcf
data,minecraft,recipe,kubejs/data/minecraft/recipe/lever.json,.json,539,e90926fffa81cdee3b91a98579a6e163cd4695c21ce96eca36fba1e3c805b91e
data,minecraft,recipe,kubejs/data/minecraft/recipe/light_blue_banner.json,.json,598,5e3e6efe9cf59c263ee3cd4e4d4a6ddf7555aeb2d3a717996d114a4ecb709f91
data,minecraft,recipe,kubejs/data/minecraft/recipe/light_blue_concrete_powder.json,.json,1383,e10b197eab21498f6ce8908a0e4b9672ee252cb1f588b82b5ea38a83632edf08
data,minecraft,recipe,kubejs/data/minecraft/recipe/light_blue_stained_glass.json,.json,623,909ad99f6ceac38439729a1771c95aa045f4233beacdbc4c3c75a83af1ea07dc
data,minecraft,recipe,kubejs/data/minecraft/recipe/light_blue_terracotta.json,.json,630,c66f9afc33181a470578b4789773e814494abf84e47d95f698401699c148c58a
data,minecraft,recipe,kubejs/data/minecraft/recipe/light_gray_banner.json,.json,598,9d8697d4909708736947fdebc755095ee84c548f751ead5def5931bec743591b
data,minecraft,recipe,kubejs/data/minecraft/recipe/light_gray_concrete_powder.json,.json,1383,bb25e1e5e6d0dda249b1e6ffcbbbd215f79f590713ea480d3734fff6a4e3622f
data,minecraft,recipe,kubejs/data/minecraft/recipe/light_gray_stained_glass.json,.json,623,a21912ad5065929da7360cff1f5aee76b4bbcc5a74786845e69685982a1c05e7
data,minecraft,recipe,kubejs/data/minecraft/recipe/light_gray_terracotta.json,.json,630,dca23905d63d56c6360563cf9d2220a9f4f7e36162c254d20033987748592e08
data,minecraft,recipe,kubejs/data/minecraft/recipe/light_weighted_pressure_plate.json,.json,420,8281a9a1f0d930528323bd3b0f5c83c1b2083542c86a749b4f8edca351f4a592
data,minecraft,recipe,kubejs/data/minecraft/recipe/lightning_rod.json,.json,457,8901ca2c604bf9120588753fd3ec7f0db89aac14a7b071e9d454fe78f32173cd
data,minecraft,recipe,kubejs/data/minecraft/recipe/lime_banner.json,.json,586,8572257f8d79e22cd1d58f0a780507c5dbd93030be864f61a1c5c79e7073cc46
data,minecraft,recipe,kubejs/data/minecraft/recipe/lime_concrete_powder.json,.json,1371,04c494c4c8fbc2dcf7a45bf58d3c6ce5f50b723f7bb3e1da3b4ae4b8c7cadcbe
data,minecraft,recipe,kubejs/data/minecraft/recipe/lime_stained_glass.json,.json,611,84893ba7df833bf748e42d0757afbc584b72c05d6b7002684fb97c96d1bbe795
data,minecraft,recipe,kubejs/data/minecraft/recipe/lime_terracotta.json,.json,618,e873b7be36698ff4a4830636fc97283a8aac6484f6dcfb63c3ace386ec05343d
data,minecraft,recipe,kubejs/data/minecraft/recipe/lodestone.json,.json,579,0e594c48281060c7b3c520e11e513f0236a31f8fca751e80db78c80dc921a918
data,minecraft,recipe,kubejs/data/minecraft/recipe/magenta_banner.json,.json,592,81a41f270c2a672d423767a4a2d815651dbcc90ee4a4564d768813c50e461071
data,minecraft,recipe,kubejs/data/minecraft/recipe/magenta_concrete_powder.json,.json,1377,61c6d1e69f7abf05889d454879521ac583e5b7676daee883cc602ba10f54760b
data,minecraft,recipe,kubejs/data/minecraft/recipe/magenta_stained_glass.json,.json,617,f066b74b277ac9da49697989d1ed4be50234ce3a576b1d0a79c67b1015c2c66f
data,minecraft,recipe,kubejs/data/minecraft/recipe/magenta_terracotta.json,.json,624,30f951684052b3aa1f6e10d33ad01f5aa92aca7b2184cbbd392bbf972fbfb698
data,minecraft,recipe,kubejs/data/minecraft/recipe/mangrove_boat.json,.json,467,05dd80f1ec795a48977018ba61ab9574d587872341d7dfd5bc02b3713249a5fd
data,minecraft,recipe,kubejs/data/minecraft/recipe/mangrove_door.json,.json,503,8bd6388bd930518fa3cee66bb00fed4f89544407381b59f85cf3d37add76ebc2
data,minecraft,recipe,kubejs/data/minecraft/recipe/mangrove_fence.json,.json,583,b990053e2959aeea0b91965cdac4e48b579db87864d2639e50f0b56cde8a1a8e
data,minecraft,recipe,kubejs/data/minecraft/recipe/mangrove_fence_gate.json,.json,597,680ff4a9af121b6f37fca21dea8a8f15458a56e44c1f78d1e28f5b61b3855898
data,minecraft,recipe,kubejs/data/minecraft/recipe/mangrove_pressure_plate.json,.json,469,3bd09f5f19b103f16e3a23709ee79863a15311d44d9a717933b4dec4fd723db4
data,minecraft,recipe,kubejs/data/minecraft/recipe/mangrove_sign.json,.json,609,5ef2d94dcb0dde23174cd0a34251459013d18789f2420abc753ffa99f9e1e37b
data,minecraft,recipe,kubejs/data/minecraft/recipe/mangrove_slab.json,.json,450,2d3e291bdedc42bfaff1531049d986e6befd54a33501d7c4c6e85b319b5efc42
data,minecraft,recipe,kubejs/data/minecraft/recipe/mangrove_stairs.json,.json,510,e08a08aeb717326b21c9f11dba1b25f0dd00ccbcfbf5891407647f1ec307876f
data,minecraft,recipe,kubejs/data/minecraft/recipe/mangrove_trapdoor.json,.json,486,4eed1b6865afe4cc7efb66d746c8cb3c6934c9c4a2b2b1a39336a9873f8ce658
data,minecraft,recipe,kubejs/data/minecraft/recipe/mangrove_wood.json,.json,466,cbece9b7f878debaa9c04f082f205aaf708f104b21cf3fb326a6c25549829056
data,minecraft,recipe,kubejs/data/minecraft/recipe/map.json,.json,553,42a81c0c6ca0cb9593bc4cfc47f19740c1317ef4e6f43718da3904caed4322e6
data,minecraft,recipe,kubejs/data/minecraft/recipe/minecart.json,.json,434,4165001df45bb58a71dac1986a47a794652565298f55217218d61b9d129f5d48
data,minecraft,recipe,kubejs/data/minecraft/recipe/mojang_banner_pattern.json,.json,495,624de2e83221ba3723bbd1eceafbb38cb0cbcb15baf228876ca02481c3cb8346
data,minecraft,recipe,kubejs/data/minecraft/recipe/moss_carpet.json,.json,433,66676eede528cd119d6f7e54a08372250b05729088d5eaaf41bd32f25bdae5b5
data,minecraft,recipe,kubejs/data/minecraft/recipe/mossy_cobblestone_from_vine.json,.json,525,2425c8c7a267001e1d38cab3715f8131f9a5363ed0c779fbd6a4e70e7ba261db
data,minecraft,recipe,kubejs/data/minecraft/recipe/mud_bricks.json,.json,438,2f956d361d146749ad6bd41330a7ff638dc5f1022594a842fbc08af2c10dfd6a
data,minecraft,recipe,kubejs/data/minecraft/recipe/muddy_mangrove_roots.json,.json,494,b2b2982438c5402652cd2a0354a7979053bc7bc7688f95a54256dea5017487b2
data,minecraft,recipe,kubejs/data/minecraft/recipe/netherite_upgrade_smithing_template.json,.json,737,139d42eb2f11155e9fa94f3353aed30a6116abf1d6760edff08254f8e7c17bbe
data,minecraft,recipe,kubejs/data/minecraft/recipe/note_block.json,.json,567,433a121173e6cb3e6adfd00457bffd8de731fa47697f933b8e93927a6001f26e
data,minecraft,recipe,kubejs/data/minecraft/recipe/oak_boat.json,.json,457,b81b15057b4595571bccd5bea862a3b1516cc66fb6b47b7e58e796d4e458ae79
data,minecraft,recipe,kubejs/data/minecraft/recipe/oak_door.json,.json,493,c25a1808f7f21706e415b05a08cb7df10e80e365eaed645338891677153ae1ba
data,minecraft,recipe,kubejs/data/minecraft/recipe/oak_fence.json,.json,573,551d53c2799e4b3933c13c44518d588edf99d072e69a1a7546d2f55f70410526
data,minecraft,recipe,kubejs/data/minecraft/recipe/oak_fence_gate.json,.json,587,ac93aac050b8a2ce1f6028a1427b63de3d148b66341e738c20fb19241325fe1e
data,minecraft,recipe,kubejs/data/minecraft/recipe/oak_pressure_plate.json,.json,459,1294fbb8737665b8d0081856a757d17e3dab9e5af3aecf4ed780cbeeb46c914f
data,minecraft,recipe,kubejs/data/minecraft/recipe/oak_sign.json,.json,599,3d8da87751a8302389fb307b6a51c0dbe4e4bd96266f89e476c8209a4e61977b
data,minecraft,recipe,kubejs/data/minecraft/recipe/oak_slab.json,.json,440,87a420fedbfc7223a39ba2de5a2fcfe59f25e6ae85324445b26286069c9fbd0d
data,minecraft,recipe,kubejs/data/minecraft/recipe/oak_stairs.json,.json,500,ce6d4eed086501f24f54c3660223a2b2aa920bd92b11062994ec79aa39d79afc
data,minecraft,recipe,kubejs/data/minecraft/recipe/oak_trapdoor.json,.json,476,9ef71e2e9753dcce3f36e68d9153704d462b6ff78e4ab67abea3f3e577c29195
data,minecraft,recipe,kubejs/data/minecraft/recipe/oak_wood.json,.json,456,88f7332ad15de90b79469f5ab1298166110fed7c180999a6c3dcb49aea2539de
data,minecraft,recipe,kubejs/data/minecraft/recipe/observer.json,.json,687,3b07fb1042bc45477fae62e14ca6c098164c5b4785994a0db8113bea31d08ea3
data,minecraft,recipe,kubejs/data/minecraft/recipe/orange_banner.json,.json,590,bace621f30a7c02cf35bc2992767b2d40cd85f96c81c49ab6590acc6cb8d238c
data,minecraft,recipe,kubejs/data/minecraft/recipe/orange_concrete_powder.json,.json,1375,a3ae4ee75b6979c670ce06385888249d9347756fb5c108411c6f2e481f0cd42b
data,minecraft,recipe,kubejs/data/minecraft/recipe/orange_stained_glass.json,.json,615,8c640705d95a1f0dfd30f98408f1b6650304305c801f998bc328ffdbd07750b0
data,minecraft,recipe,kubejs/data/minecraft/recipe/orange_terracotta.json,.json,622,dc56ec6d5bebd4c7200fdf3b0bbd8be07dbd308b2b987d4c1c36ebbbe401f165
data,minecraft,recipe,kubejs/data/minecraft/recipe/oxidized_copper_bulb.json,.json,709,b5feca4a600adf31be8add7fa41d98b74198276561095e6cddc58dabfa9436c2
data,minecraft,recipe,kubejs/data/minecraft/recipe/packed_mud.json,.json,475,d6c3c99c8468d6c97ce6c3df18331883c14369880434114156c01300de4a28e9
data,minecraft,recipe,kubejs/data/minecraft/recipe/painting.json,.json,552,21c863a45d8ac0ee7478ee19989b81ff5e3fb1ea18e7ae82a25b299a9c1030bb
data,minecraft,recipe,kubejs/data/minecraft/recipe/pink_banner.json,.json,586,71c1a856d8475c5b4c8d148937021859d050e9d39fc5edd0f685433140b996bd
data,minecraft,recipe,kubejs/data/minecraft/recipe/pink_concrete_powder.json,.json,1371,66ad65565d6083900a979bbc5b2d0622e286cdec4add2fe66e3a9f1fcd5aa56f
data,minecraft,recipe,kubejs/data/minecraft/recipe/pink_stained_glass.json,.json,611,bde8419ca70e8d1dfa109b17348efd21a6f06cfd0e48bc31f8cf9fddd212d307
data,minecraft,recipe,kubejs/data/minecraft/recipe/pink_terracotta.json,.json,618,72e04aa071455a5430b5b94cfe49ac03e0e2dbe1a9629fb8a97e14d00d77f654
data,minecraft,recipe,kubejs/data/minecraft/recipe/piston.json,.json,804,5afce5f6f65398b485e88d185756b278984937b05a9a9a334fd6094cd81f565c
data,minecraft,recipe,kubejs/data/minecraft/recipe/polished_andesite.json,.json,443,8a08fbeaf1b21e8346b54f627f9afbb81b854154823be40ef90ee4b1865a7a7d
data,minecraft,recipe,kubejs/data/minecraft/recipe/polished_basalt.json,.json,439,36ffd39a368b5d125390a172cae1f266b197196cb05622b0ccb1d6191579df13
data,minecraft,recipe,kubejs/data/minecraft/recipe/polished_blackstone.json,.json,447,1b516c6522bea0be5f188dec5489ae5c0a5ef3694feccb8c0a6a8aeb8198a551
data,minecraft,recipe,kubejs/data/minecraft/recipe/polished_deepslate.json,.json,453,c57f741c3586c993a9d572d8fe6aacd9a71a16f089e0b541a959f5dabf5856f9
data,minecraft,recipe,kubejs/data/minecraft/recipe/polished_diorite.json,.json,441,25feb4d909ffd89fcf5b4e81d931870111f7267ad8ecad919b29094b6689f169
data,minecraft,recipe,kubejs/data/minecraft/recipe/polished_granite.json,.json,441,7eb57cbca660f8385b269b81365be88878e185c1fb2c95fd569e90a59485ae86
data,minecraft,recipe,kubejs/data/minecraft/recipe/polished_tuff.json,.json,435,75c1ca4b04785dfe16a2e924e503354838a1006956a7f0d765cc3e733207662f
data,minecraft,recipe,kubejs/data/minecraft/recipe/powered_rail.json,.json,677,0f9fd69738949977bcfde3f86ae6fbc656c70efdadb947a920e529845b1e521c
data,minecraft,recipe,kubejs/data/minecraft/recipe/pumpkin_pie.json,.json,585,58838096c80e53debc6dc39295b516808e500cc6d491bb410b4e41b5dae5d31c
data,minecraft,recipe,kubejs/data/minecraft/recipe/purple_banner.json,.json,590,3d5491d6b824eea72ef3a9c92467f6b13c4eee24b5d54052eac4a44346b5b25a
data,minecraft,recipe,kubejs/data/minecraft/recipe/purple_concrete_powder.json,.json,1375,5f501d689c934330a8db152009a8f7716764185cc39c2af94b6893c0f1ef84b1
data,minecraft,recipe,kubejs/data/minecraft/recipe/purple_stained_glass.json,.json,615,0c983d33b1462957a23e331c79eed04e2ba7fba75e0637e76dbc8dc1d5eaa7f7
data,minecraft,recipe,kubejs/data/minecraft/recipe/purple_terracotta.json,.json,622,819be76bcd8be8b3c861c8aa23d0af9e0fea57fdca42b3c511a72b0b60684bb7
data,minecraft,recipe,kubejs/data/minecraft/recipe/quartz_bricks.json,.json,443,4663cb705f9a6eda3575247aceb2987ccac62d031bfb6b9cda76cfa46a971816
data,minecraft,recipe,kubejs/data/minecraft/recipe/quartz_pillar.json,.json,441,ecdcb061840efbca8a297af319a02b9259f37c734d1c9e2cafea931a9994d1d5
data,minecraft,recipe,kubejs/data/minecraft/recipe/quartz_slab.json,.json,735,b70108a52c66e5b5bbc0e2a135447b396409b52b3f0d10c0f93eac55e1bffcbc
data,minecraft,recipe,kubejs/data/minecraft/recipe/quartz_stairs.json,.json,793,a693810a6bafc4847cd2f332d5d0cf59eb099e0871d03e9896294d067f1fa43f
data,minecraft,recipe,kubejs/data/minecraft/recipe/rail.json,.json,566,d49c4ecb1d57d1c3cb5fb50912340f5072e7f7edcbec47bcaa3c13a1515ef2a1
data,minecraft,recipe,kubejs/data/minecraft/recipe/raiser_armor_trim_smithing_template.json,.json,737,f04925a04a50b7a4dfd9ecb40396e2f77287eb5aef59514505312d21a163dac7
data,minecraft,recipe,kubejs/data/minecraft/recipe/red_banner.json,.json,584,56341aef5bb3faaf2781d028a03f2a149b005dfd25050e00fc24c4376ba0ca1c
data,minecraft,recipe,kubejs/data/minecraft/recipe/red_concrete_powder.json,.json,1369,67f890f6e17db762a83ef08c4c638170ad0110c121feff2db7b9824ec7bbfce1
data,minecraft,recipe,kubejs/data/minecraft/recipe/red_sandstone.json,.json,439,62bb5cb6513a7c57dfd7d3f5e4a0d26726e4f6f3f382cb7839ba3fc812c781e3
data,minecraft,recipe,kubejs/data/minecraft/recipe/red_stained_glass.json,.json,609,63af2c09da6d110afbde30dfef1dbd1f71c6af6c1096182faabb4e4e8b23a06e
data,minecraft,recipe,kubejs/data/minecraft/recipe/red_terracotta.json,.json,616,47b130457102748611a3bd0d2a5c2a77cd7eb1e859df6d208c1b83ca693211e4
data,minecraft,recipe,kubejs/data/minecraft/recipe/redstone_lamp.json,.json,584,d825edf7fcd7d4abb7ebf77b16368c75d2b3f6bb2c761579aba9ba3ff7509d93
data,minecraft,recipe,kubejs/data/minecraft/recipe/redstone_torch.json,.json,541,6fc483ce53432acf801f3308c0528032a2a76d8161d6089527d2be58b1212609
data,minecraft,recipe,kubejs/data/minecraft/recipe/repeater.json,.json,661,3199d1ff3bdce5b764b2b1d7cc62d21fa7121b210e21db9358a7e1fb485c86be
data,minecraft,recipe,kubejs/data/minecraft/recipe/respawn_anchor.json,.json,582,5e4736e81dc63a46368337cd05805251fed2b80bf26855ef2fe87e1a55db77ca
data,minecraft,recipe,kubejs/data/minecraft/recipe/rib_armor_trim_smithing_template.json,.json,731,0d8612179b5d39102597c1f05ced78dc02e5319ee5d51fc428643f88249e64a7
data,minecraft,recipe,kubejs/data/minecraft/recipe/sandstone.json,.json,431,1706c8f22a455cd61b7af1ff994ea834d64ac33d9378b39ab8d73d06f11382c2
data,minecraft,recipe,kubejs/data/minecraft/recipe/sentry_armor_trim_smithing_template.json,.json,738,66233f009cee9d86b4bd21629422f9575cd48dc8cb5192cf20427b281d0cf6e5
data,minecraft,recipe,kubejs/data/minecraft/recipe/shaper_armor_trim_smithing_template.json,.json,737,87556c54f0fac0b596eeb7c22789f4fbf59bb36b03af1db61e7dc61a6395db3a
data,minecraft,recipe,kubejs/data/minecraft/recipe/shears.json,.json,425,8fadfcfdfdb561676e431c43caac4c3a4aa6a6e4f6821c18d66e7022877f67ca
data,minecraft,recipe,kubejs/data/minecraft/recipe/shield.json,.json,560,61408019c3abe2b0089c1d4bfc29ef6c23e7d2a4c3fee8d5a3c85500d86c100e
data,minecraft,recipe,kubejs/data/minecraft/recipe/silence_armor_trim_smithing_template.json,.json,746,ac2aedb45054907d5ca01cce3ab8e52f2d717c39e54308efbe0b14974648982f
data,minecraft,recipe,kubejs/data/minecraft/recipe/skull_banner_pattern.json,.json,493,de3317454ae0fc396e514383c26e391b46179773ae50358a732a2f1c1fbeaa7b
data,minecraft,recipe,kubejs/data/minecraft/recipe/smithing_table.json,.json,560,13f28800d52cfb0a04fdfad3f4cf76ba1d3cd23ae8ccf8aee8b7c04d98490821
data,minecraft,recipe,kubejs/data/minecraft/recipe/smooth_stone_slab.json,.json,421,9a85d917e81f349f4f57cab8239b1c7273bf483afdbc0ba4893368f448302347
data,minecraft,recipe,kubejs/data/minecraft/recipe/snout_armor_trim_smithing_template.json,.json,735,30b84dcc6c57c87a15ff98a75d68326e1c8147f7954e591ee32959d1a82440b0
data,minecraft,recipe,kubejs/data/minecraft/recipe/snow.json,.json,396,e299113a9d3c23807fb137a374219369dac4f75962bce045b71f9626c0773ed7
data,minecraft,recipe,kubejs/data/minecraft/recipe/soul_campfire.json,.json,677,0a0504e68c326aa5db85636b810496d243760a5d9b8fa7d2071d49bf2b9ac6b5
data,minecraft,recipe,kubejs/data/minecraft/recipe/soul_lantern.json,.json,566,159bab39ef03df0f4beeaafa8f145cea166cc0e9091f489dae882ae529cdecb9
data,minecraft,recipe,kubejs/data/minecraft/recipe/soul_torch.json,.json,859,12cae878b459c07f930bbd0c5b927fc0cf8073a19aa564528d7ffd0942a54596
data,minecraft,recipe,kubejs/data/minecraft/recipe/spire_armor_trim_smithing_template.json,.json,727,acc7e59786e8b7066c77aae3576f79a57e344e3a2d941b332f72a594d633ae14
data,minecraft,recipe,kubejs/data/minecraft/recipe/spruce_boat.json,.json,463,3ed58a87989b3aed3501bcdbbb32ee87508ff176ec359c62076d4df8df50c34b
data,minecraft,recipe,kubejs/data/minecraft/recipe/spruce_door.json,.json,499,8ed20308b1346ab25bee47c295089c95e4639413b7d3b61b798130e4761549d7
data,minecraft,recipe,kubejs/data/minecraft/recipe/spruce_fence.json,.json,579,c6717bf9148c696859ba02ee26e5dd682ad41ef9c393b1ad7d8dd240777cc961
data,minecraft,recipe,kubejs/data/minecraft/recipe/spruce_fence_gate.json,.json,593,4d40c282a308fa55803971068d317379636778f956d06c9b9b431aa25cce543f
data,minecraft,recipe,kubejs/data/minecraft/recipe/spruce_pressure_plate.json,.json,465,68d23cb8739ace27cf52bf42691a99ba7787617c4be07820f9cd2640d8b7ba02
data,minecraft,recipe,kubejs/data/minecraft/recipe/spruce_sign.json,.json,605,1ec3c5f06f71da30e67d20bed60ce741c147607fe35863064ff3ef59842b5f89
data,minecraft,recipe,kubejs/data/minecraft/recipe/spruce_slab.json,.json,446,8eeb404d7903e2941f369ac29b287046858bfc5496b4ceccd1c56e745ecda04b
data,minecraft,recipe,kubejs/data/minecraft/recipe/spruce_stairs.json,.json,506,6c081680fa8c8529ed0468ad3efd35af63345b35afe741903018d24df2074eb4
data,minecraft,recipe,kubejs/data/minecraft/recipe/spruce_trapdoor.json,.json,482,816b7c77313184ad4a5c41e94f0199338783707b03ceb8e1b87c29d2491537d7
data,minecraft,recipe,kubejs/data/minecraft/recipe/spruce_wood.json,.json,462,2d2eee363eee93960600212c66ad9b80f9f498e1106f0c315c5ec520e3002f6a
data,minecraft,recipe,kubejs/data/minecraft/recipe/spyglass.json,.json,573,0cc220f05c68e34d231cabda59d281f082d55a07274ae0d185fd03951f0d4d9c
data,minecraft,recipe,kubejs/data/minecraft/recipe/stone_axe.json,.json,571,f1824522ec6812cfe3a43c712431f7d5d4a757d4323d846c4d25e29822847681
data,minecraft,recipe,kubejs/data/minecraft/recipe/stone_bricks.json,.json,435,11d18b8322b353a57cc428c6d8582028585a700b5549605e8f0733a8cd425312
data,minecraft,recipe,kubejs/data/minecraft/recipe/stone_hoe.json,.json,571,4836bf245266822b64e82fab6d6d7da63a245d6af98d89d7d46acaffefae208d
data,minecraft,recipe,kubejs/data/minecraft/recipe/stone_pickaxe.json,.json,578,90038aaba81f045f7f341ae4c2981101ffb0c58b8edeb2bb5c738f85e83e9fa6
data,minecraft,recipe,kubejs/data/minecraft/recipe/stone_pressure_plate.json,.json,416,50161cfe6c5f2a07e0cb29f5bbdefb9f93690fe2572a567bb416ae00945c70f9
data,minecraft,recipe,kubejs/data/minecraft/recipe/stone_shovel.json,.json,571,64d60f6f2f43c9bd38cd198346f8b9cecc639e196e49dee98a5609d05f15cc13
data,minecraft,recipe,kubejs/data/minecraft/recipe/stone_slab.json,.json,407,78d84e5b3abfc44f11833870f3fa88fb2c2783ef48d8ff34b5515a35872c23a2
data,minecraft,recipe,kubejs/data/minecraft/recipe/stone_stairs.json,.json,465,91f6b4d8ea12b362e86371ac56c5d5385a55bbdf7d4936a433e9b8d8ecf5fc2f
data,minecraft,recipe,kubejs/data/minecraft/recipe/stone_sword.json,.json,570,5e598fa9a336cc4759d7cb80bc8519f7be3a238b82453bef007e723cb452c59c
data,minecraft,recipe,kubejs/data/minecraft/recipe/stonecutter.json,.json,542,86577a3d325215b744e381c6c6f6b9827c5f7000f739adaa8ea39d5b3a7465f5
data,minecraft,recipe,kubejs/data/minecraft/recipe/target.json,.json,577,5c8dc0a2b32fe3e24a0df134fd011857a8edafbfaa143e42bc8a7228bd92ee93
data,minecraft,recipe,kubejs/data/minecraft/recipe/tide_armor_trim_smithing_template.json,.json,723,987e12cf9e3b1c0a6d65e7e39583d46481fb800ebba7ca687a02eab3bea4e8a8
data,minecraft,recipe,kubejs/data/minecraft/recipe/tinted_glass.json,.json,579,8a9f49856d6088d1a7f2e9f23c276300994391b4747d3e3d9c392b7a4eb9d589
data,minecraft,recipe,kubejs/data/minecraft/recipe/tnt.json,.json,772,9a8403ecfe94e8d69e11352391598069b158a2600bafe13cac59499333bdc03e
data,minecraft,recipe,kubejs/data/minecraft/recipe/torch.json,.json,708,96fa2c7e10395f3b352e4f01fd7f41469832dd8d4613c28afeb44574c971b292
data,minecraft,recipe,kubejs/data/minecraft/recipe/tripwire_hook.json,.json,667,8e3daa5faf7b1d9f784ce752b53f4313b912ed08f3f76c43cf96214636708e41
data,minecraft,recipe,kubejs/data/minecraft/recipe/tuff_slab.json,.json,405,24ba26b769fa7f3833cb66f8d788b75e618519f4628dcc0667ca57b3ba96ffad
data,minecraft,recipe,kubejs/data/minecraft/recipe/tuff_stairs.json,.json,463,335cdb4b764697c9b3e05b86d6e98c5c39f2c665ff0d3c2cfe848bc96fd4e36d
data,minecraft,recipe,kubejs/data/minecraft/recipe/tuff_wall.json,.json,429,ef84e026de941afbab67eb6a9967c7386bddbf18bcaaf11ee75353d26aceedf5
data,minecraft,recipe,kubejs/data/minecraft/recipe/vex_armor_trim_smithing_template.json,.json,732,da75d8f7fa39156706f3f56cdb9d2183bd0a266a4432b6dd689d413b3713e373
data,minecraft,recipe,kubejs/data/minecraft/recipe/ward_armor_trim_smithing_template.json,.json,740,f34dd4f7f0668d994da6ef500a35d8e190ddcf13fcd02354f0ece1cb77047915
data,minecraft,recipe,kubejs/data/minecraft/recipe/warped_fence.json,.json,569,e18c3a8ed293c45898c441302a801ad044f3443d00eb043a0d4419993e0a4d4a
data,minecraft,recipe,kubejs/data/minecraft/recipe/warped_fence_gate.json,.json,583,33e20b4d7b26930568e74223424a9febbea55575defbde4c032b3ed5dbff72df
data,minecraft,recipe,kubejs/data/minecraft/recipe/warped_sign.json,.json,595,765bfa096e41781dfaa53c645023eeec92ff7d2668564e925ee98c59d7ce5e79
data,minecraft,recipe,kubejs/data/minecraft/recipe/waxed_copper_block_from_honeycomb.json,.json,533,f8fd55b4365792d22baf85faabf098b2f4782397c4d10740a0f3869bcdd96619
data,minecraft,recipe,kubejs/data/minecraft/recipe/waxed_copper_bulb.json,.json,709,9946be35714404518c1024fd7afaa383e21ee2d2d194562067a61c82e3a206a8
data,minecraft,recipe,kubejs/data/minecraft/recipe/waxed_exposed_copper_bulb.json,.json,719,4711e5b3b727bd3243b745b9a236c0783433019c050218b423d7b8c19c1cc3de
data,minecraft,recipe,kubejs/data/minecraft/recipe/waxed_oxidized_copper_bulb.json,.json,721,110a049f04269c41e4da1d03cdb84316fe583977a585fa1b1699cc14edf8e3f5
data,minecraft,recipe,kubejs/data/minecraft/recipe/waxed_weathered_copper_bulb.json,.json,723,34c6234dc8e147917507ef5511232fa1dacdf50fc5f045414755f943700201be
data,minecraft,recipe,kubejs/data/minecraft/recipe/wayfinder_armor_trim_smithing_template.json,.json,743,4475e8322d732279f43c688aed3e426f30ace81c4495bbee846d64c4f41fc7ed
data,minecraft,recipe,kubejs/data/minecraft/recipe/weathered_copper_bulb.json,.json,711,c599474d76aabd2aaafa88d508212c37dcd0d9f7ca2503623a1c87d96ccd623a
data,minecraft,recipe,kubejs/data/minecraft/recipe/white_banner.json,.json,588,db555628745da1c7142bf3bcd2f6920fef6fc05f6d90f37e66960e0589289014
data,minecraft,recipe,kubejs/data/minecraft/recipe/white_concrete_powder.json,.json,1373,eda2db5fbb52c48bc4f8d72be1ea8d19d9eebafce4aa31406a2aeaa3a032b493
data,minecraft,recipe,kubejs/data/minecraft/recipe/white_stained_glass.json,.json,613,f1748740dedfda328b3d096679cf59d0a51d5f789750a06b3b1a660a4a0e7ae3
data,minecraft,recipe,kubejs/data/minecraft/recipe/white_terracotta.json,.json,620,b16cb7beee4e17d9b57fd9be78be71e3dbb5452ee328b6611bd7b991d311377c
data,minecraft,recipe,kubejs/data/minecraft/recipe/wild_armor_trim_smithing_template.json,.json,730,4e8bd772256787251957728852cde7325549f15064e2fa6af335f7ba3712db87
data,minecraft,recipe,kubejs/data/minecraft/recipe/wooden_axe.json,.json,558,899de4eea2db22b2680a6fc69dff49f2f29f8ace583c28df759c86fc0fbe3562
data,minecraft,recipe,kubejs/data/minecraft/recipe/wooden_hoe.json,.json,558,79197c3cdca06d17eb6d64fa01a8b055405c48c483e291e439fccf4c635a5e93
data,minecraft,recipe,kubejs/data/minecraft/recipe/wooden_pickaxe.json,.json,565,a37421dfad9a6da24c7aa14ef138071597a447e8ad96e00be639e185cdeb5c03
data,minecraft,recipe,kubejs/data/minecraft/recipe/wooden_shovel.json,.json,558,03ddbe4c788727201288506cd1e03a8350db3549708e13d12644df7a9562af52
data,minecraft,recipe,kubejs/data/minecraft/recipe/wooden_sword.json,.json,557,6c999c5691bbe2030d7817669a144c539e5e018b117af7f488726fa3350e402c
data,minecraft,recipe,kubejs/data/minecraft/recipe/yellow_banner.json,.json,590,86012a18520a46fde11e99565db8b48f89cfeb4729b191d08e28c071a3d64cf1
data,minecraft,recipe,kubejs/data/minecraft/recipe/yellow_concrete_powder.json,.json,1375,f7e0093e00879ef664c696018622c57455f63b6165a45e4e85f3aa974a627fc6
data,minecraft,recipe,kubejs/data/minecraft/recipe/yellow_stained_glass.json,.json,615,dfc186ef90ec0c435e26a4c6cec8c7a54c9a9b6f5a8c36eca76d9e78cbbabb22
data,minecraft,recipe,kubejs/data/minecraft/recipe/yellow_terracotta.json,.json,622,3369615d33a3814f375568b383aaf07c731a819c7302a94b00624fc726c1944d
data,minecraft,tags,kubejs/data/minecraft/tags/block/mineable/pickaxe.json,.json,699,5e97d3ffe4fa9839dded88f69f9a77c8210b13132c831365a943dbd1e4a679ec
data,minecraft,tags,kubejs/data/minecraft/tags/block/needs_diamond_tool.json,.json,699,5e97d3ffe4fa9839dded88f69f9a77c8210b13132c831365a943dbd1e4a679ec
data,minecraft,tags,kubejs/data/minecraft/tags/enchantment/exclusive_set/mining.json,.json,83,b03a1bf0a9b750107ef38a9e9ce6f253de0ccde8e83722584cbe7898dab5af77
data,minecraft,tags,kubejs/data/minecraft/tags/enchantment/non_treasure.json,.json,83,b03a1bf0a9b750107ef38a9e9ce6f253de0ccde8e83722584cbe7898dab5af77
data,minecraft,tags,kubejs/data/minecraft/tags/worldgen/biome/has_structure/ancient_city.json,.json,86,90ade7844d65eccb7b43ed02ef27af4b9c0a4e73d4c151e3e796417f18c66e75
data,minecraft,tags,kubejs/data/minecraft/tags/worldgen/biome/has_structure/stronghold.json,.json,68,49b0ca0c29583b58e4c0e091a9204384d47972b2f23a5db525cde85fcadd129a
data,minecraft,tags,kubejs/data/minecraft/tags/worldgen/biome/stronghold_biased_to.json,.json,68,49b0ca0c29583b58e4c0e091a9204384d47972b2f23a5db525cde85fcadd129a
data,minecraft,tags,kubejs/data/minecraft/tags/worldgen/world_preset/extended.json,.json,68,b54046ec418d6ec58f4387a87560c570a59e3bbb547cb3b7442c7e635dc2810f
data,minecraft,tags,kubejs/data/minecraft/tags/worldgen/world_preset/normal.json,.json,68,b54046ec418d6ec58f4387a87560c570a59e3bbb547cb3b7442c7e635dc2810f
data,mininggadgets,recipe,kubejs/data/mininggadgets/recipe/mininggadget.json,.json,929,d3c4ceded01e1a25df69e6ecd8c39335f981120be337c2e861bb09479447cebd
data,mininggadgets,recipe,kubejs/data/mininggadgets/recipe/mininggadget_fancy.json,.json,935,ef4e51a2fb0d6d9016ec6f3fc5321553c30b786566a7141599411c8c0a1a611b
data,mininggadgets,recipe,kubejs/data/mininggadgets/recipe/mininggadget_simple.json,.json,936,53eb661f00bdfe88facb1a3bb7cbb50b8dc3cc1674009236a707e1589a3f9d9a
data,mininggadgets,recipe,kubejs/data/mininggadgets/recipe/modificationtable.json,.json,706,f5ff2d2d9cebeb01f511913535ef12a4274b190d20bb0a4ff8cd0ac0f0b55d8e
data,mininggadgets,recipe,kubejs/data/mininggadgets/recipe/upgrade_battery_2.json,.json,824,238f2d6242a83c06321bc8479c11ace75eb5bfbd0336389bc008df317ac16c06
data,mininggadgets,recipe,kubejs/data/mininggadgets/recipe/upgrade_battery_3.json,.json,814,f09b10c2c94822d20e494ef75a8afa5decafdf129083d93e30c4a6cde2368c50
data,mininggadgets,recipe,kubejs/data/mininggadgets/recipe/upgrade_efficiency_1.json,.json,589,c9d909c3bf5e51906bfdd6cda10896374d6164b3d0a1c51b4f3b34f65b992228
data,mininggadgets,recipe,kubejs/data/mininggadgets/recipe/upgrade_efficiency_2.json,.json,720,f7cdfc8c46f683bcfc88ee7cb9da2fe687acedc453c4e4d5a19bd58d0b84d8d0
data,mininggadgets,recipe,kubejs/data/mininggadgets/recipe/upgrade_efficiency_3.json,.json,720,d2fda1091aa1a5235fc5df689eb79f1f73100f4004a4371b1037b59f8d1871a7
data,mininggadgets,recipe,kubejs/data/mininggadgets/recipe/upgrade_efficiency_4.json,.json,720,b9cb63d0c2e40cf3fcdf3089752ca7b6066dbd6aabc2cb6156b63268ac986ae7
data,mininggadgets,recipe,kubejs/data/mininggadgets/recipe/upgrade_efficiency_5.json,.json,606,d8addbe1f0f049381512ba1dfb03617ad635fe66dbe74f5463b579547fa379cb
data,mininggadgets,recipe,kubejs/data/mininggadgets/recipe/upgrade_empty.json,.json,791,fd1f1177b0fa74ce207f937af2799703fedda97bb38019ac25ca5f60b61826fb
data,mininggadgets,recipe,kubejs/data/mininggadgets/recipe/upgrade_fortune_1.json,.json,713,d3685f0d789a948db206c241f04564600ec879bc6705fdc66311efe4ccee8abd
data,mininggadgets,recipe,kubejs/data/mininggadgets/recipe/upgrade_fortune_2.json,.json,717,7755c6b9627956e53d90f5c27912b91a3923a0299fefa6060239f595c3266ef9
data,mininggadgets,recipe,kubejs/data/mininggadgets/recipe/upgrade_fortune_3.json,.json,710,583d7cbf819b94e4c7614271ed99c41699f58d6a1aba2c801d7cdb082dfa5195
data,mininggadgets,recipe,kubejs/data/mininggadgets/recipe/upgrade_freezing.json,.json,581,dddb1a3e5a974a7d474946f9fead0316b3989deead390b8a603ea9fa8a1932de
data,mininggadgets,recipe,kubejs/data/mininggadgets/recipe/upgrade_light_placer.json,.json,928,1478bfaa8854a4bec46a4316f99b3f3426acd4c1208c99eba1224d92b1b7796a
data,mininggadgets,recipe,kubejs/data/mininggadgets/recipe/upgrade_magnet.json,.json,813,218892883d08b6ee6774a3b22b24610e40f85de0fff7ef2ddfbe38f125bcbfbd
data,mininggadgets,recipe,kubejs/data/mininggadgets/recipe/upgrade_range_1.json,.json,809,609d4ea92c78ace13487c8ec33064bcecc17804af5f38092005f67921f89675a
data,mininggadgets,recipe,kubejs/data/mininggadgets/recipe/upgrade_range_2.json,.json,811,3fb53c09f26866b16418f8eaa718030b7bb08ee1f4b2fa52b36b2f4eadf73fd8
data,mininggadgets,recipe,kubejs/data/mininggadgets/recipe/upgrade_range_3.json,.json,954,9e663384102a59589816ae357d1ba7cbbfa62d500172942a5b3f3b221a6c25fe
data,mininggadgets,recipe,kubejs/data/mininggadgets/recipe/upgrade_silk.json,.json,790,1b7931acbe330c058bf8ed3a2a5282e39f82c5857a8b4ec7d0b5368b07b014f2
data,mininggadgets,recipe,kubejs/data/mininggadgets/recipe/upgrade_size_1.json,.json,934,755c534f515a84e163f13b28cfd05525f5a02a9cd0ff239933c9d9966f523369
data,mininggadgets,recipe,kubejs/data/mininggadgets/recipe/upgrade_size_2.json,.json,938,297346ebeb26fb65c63bd0f0d71af12b7720076bcdf2849768649460966fdf3d
data,mininggadgets,recipe,kubejs/data/mininggadgets/recipe/upgrade_size_3.json,.json,918,0374138bf38bcdb4aab2ac24c48c7b6742c3f993e2b28c8b217bfed9a3529346
data,mininggadgets,recipe,kubejs/data/mininggadgets/recipe/upgrade_void_junk.json,.json,807,ac316bfe5c24fb64a255fe412b145a6bb529f26207c7ce37ab5dd1532dd65bab
data,more_ores_more_gems,recipe,kubejs/data/more_ores_more_gems/recipe/adamantite_armor_boots_recipe.json,.json,472,fe2eda12b1ce51ffd291ad06ca99b5b4a4297fb263e44c7c524a508a6dd85ab1
data,more_ores_more_gems,recipe,kubejs/data/more_ores_more_gems/recipe/adamantite_armor_chestplate_recipe.json,.json,505,c9ee6b56b1074dc2674fdb52da7a125f3fe7ecaa6e5a2cde2b8efc34b79e64be
data,more_ores_more_gems,recipe,kubejs/data/more_ores_more_gems/recipe/adamantite_armor_helmet_recipe.json,.json,473,ac3d6609e718e36692047f7e13a1d8f7f020fa179b96e5d36140d4189ec1e050
data,more_ores_more_gems,recipe,kubejs/data/more_ores_more_gems/recipe/adamantite_armor_leggings_recipe.json,.json,503,0cb39d68d3e9c91654011065def362117161d6d14da89d3a88b5ff8c1375a4d7
data,more_ores_more_gems,recipe,kubejs/data/more_ores_more_gems/recipe/adamantite_axe_recipe.json,.json,596,ff8d952f7a074d2e81c50066866c5fa18fdfa7fd2b5d7f7677037f4eba159fcb
data,more_ores_more_gems,recipe,kubejs/data/more_ores_more_gems/recipe/adamantite_hoe_recipe.json,.json,596,f6521f61e69cea0fa2ce28c0c8e31c8cd0b181aa806723a94e520d45ca8cda4f
data,more_ores_more_gems,recipe,kubejs/data/more_ores_more_gems/recipe/adamantite_pickaxe_recipe.json,.json,603,8b2821d9b123c6225970c6fa9c456090918c4fc7525e15a59dad471c1a760e44
data,more_ores_more_gems,recipe,kubejs/data/more_ores_more_gems/recipe/adamantite_shovel_recipe.json,.json,596,6915e0453c8b55f615e2d7e3d9830dc97e82e87189d7bafcd4485b87145e2e45
data,more_ores_more_gems,recipe,kubejs/data/more_ores_more_gems/recipe/adamantite_sword_recipe.json,.json,595,3e303ed507b44ad74913c54d77f7d3a8a9534377258889fa15610542acafb2a4
data,more_ores_more_gems,recipe,kubejs/data/more_ores_more_gems/recipe/aetherium_armor_boots_recipe.json,.json,469,85ad1239e8249f0c370ea89aa8df5bda364360fda08aa621d7fa3b40090c16ec
data,more_ores_more_gems,recipe,kubejs/data/more_ores_more_gems/recipe/aetherium_armor_chestplate_recipe.json,.json,502,c2e2d066f8c48405d12ec84fcd5752597e690fdcd08fc0fb9ebcff9ce50c2fc5
data,more_ores_more_gems,recipe,kubejs/data/more_ores_more_gems/recipe/aetherium_armor_helmet_recipe.json,.json,470,2611722798401acd5687190ffd8490ea55667ce86b4597c52b585f297334b4a1
data,more_ores_more_gems,recipe,kubejs/data/more_ores_more_gems/recipe/aetherium_armor_leggings_recipe.json,.json,500,7881a2a691b8f811f2c3c12dafadd2ca63e02ceb446de2fd9acc2aceaa744641
data,more_ores_more_gems,recipe,kubejs/data/more_ores_more_gems/recipe/aetherium_axe_recipe.json,.json,594,2c60de2dd3dab2f19b1ff0cc6e0f4fa7484e5cac97461fca40bb9d89d32d5fb4
data,more_ores_more_gems,recipe,kubejs/data/more_ores_more_gems/recipe/aetherium_hoe_recipe.json,.json,594,33045957365550cd98c3c04c26f786baf489e10ab7853dde3fc0647ba4e63c82
data,more_ores_more_gems,recipe,kubejs/data/more_ores_more_gems/recipe/aetherium_pickaxe_recipe.json,.json,601,0c302ab7f08e10d5284bbc98744ff5a340816064f8470f4a1e6d9490479d7252
data,more_ores_more_gems,recipe,kubejs/data/more_ores_more_gems/recipe/aetherium_shovel_recipe.json,.json,594,91561c147a3d3d99fbd62fa7709a95f6a26fe851d0c7dcd6cced7fe637af3ca3
data,more_ores_more_gems,recipe,kubejs/data/more_ores_more_gems/recipe/aetherium_sword_recipe.json,.json,593,f80caf87bfe5abf3cd61bf14bdadd090f7fe96775c6e6432c55f81b82180b7e3
data,more_ores_more_gems,recipe,kubejs/data/more_ores_more_gems/recipe/amethyst_5_axe_recipe.json,.json,588,edc83c596fa8c946af2b0e1c763e0e429daba1526cd6f8d2eb7432857e8bbfc6
data,more_ores_more_gems,recipe,kubejs/data/more_ores_more_gems/recipe/amethyst_5_hoe_recipe.json,.json,588,92425efdb4ebd3f902d0ae4ac08f59d0d2b35fa5a2654145bfab6e90fab7b4f9
data,more_ores_more_gems,recipe,kubejs/data/more_ores_more_gems/recipe/amethyst_5_pickaxe_recipe.json,.json,595,68d5d069a90a64ab4e0af71db518275596c95a733626d491299d2c9bbb6c2d98
data,more_ores_more_gems,recipe,kubejs/data/more_ores_more_gems/recipe/amethyst_5_shovel_recipe.json,.json,588,a66bd2264a51b6328a7e0b24d484115a797870d83cb4a64a12dda3bc35fd80a3
data,more_ores_more_gems,recipe,kubejs/data/more_ores_more_gems/recipe/amethyst_5_sword_recipe.json,.json,587,270b2c712188ea126b2110f84e89dd6908ba11a20c5b451ea020f94f956000da
data,more_ores_more_gems,recipe,kubejs/data/more_ores_more_gems/recipe/ametrine_h_armor_boots_recipe.json,.json,470,7e397795c74d37f47969c6220156b7e729f49f91bccc34794ecfc34f14a8d9bd
data,more_ores_more_gems,recipe,kubejs/data/more_ores_more_gems/recipe/ametrine_h_armor_chestplate_recipe.json,.json,503,28f6dabddf47ee45fb6866a372aec73921d3b4094795ed015c31970109bc97da
data,more_ores_more_gems,recipe,kubejs/data/more_ores_more_gems/recipe/ametrine_h_armor_helmet_recipe.json,.json,471,9518326127a0dc551803a4ad0228ba2bb7099d378e3f0ac85a3610e17576abce
data,more_ores_more_gems,recipe,kubejs/data/more_ores_more_gems/recipe/ametrine_h_armor_leggings_recipe.json,.json,501,0be37c69ba957e0b9cba733fc497ac73f21b8dc906e98ca3edc60307c68ea8ed
data,more_ores_more_gems,recipe,kubejs/data/more_ores_more_gems/recipe/ametrine_l_axe_recipe.json,.json,585,1c432ddbac2d7fe730792bda474bd8f51af8e3be8af413804cd347ba87fb9ba0
data,more_ores_more_gems,recipe,kubejs/data/more_ores_more_gems/recipe/ametrine_l_hoe_recipe.json,.json,585,bf3fd47ece5917998715ecc2fadb6468fcb168fc10cf57cbf8c5e13a213e46cb
data,more_ores_more_gems,recipe,kubejs/data/more_ores_more_gems/recipe/ametrine_l_pickaxe_recipe.json,.json,592,68f4e9e26cf65bd151127bd1905e900921f27a2613a90ab0dec731f974128f32
data,more_ores_more_gems,recipe,kubejs/data/more_ores_more_gems/recipe/ametrine_l_shovel_recipe.json,.json,585,1893523ccd3d75d81d258cf8adedc41b6c4a03c0b2aa518811ebdddbfcc39726
data,more_ores_more_gems,recipe,kubejs/data/more_ores_more_gems/recipe/ametrine_l_sword_recipe.json,.json,584,b448fc1b5656738e12ae7377ab61edf193050a6066656f84d10692ccc7ad609c
data,more_ores_more_gems,recipe,kubejs/data/more_ores_more_gems/recipe/antimony_armor_boots_recipe.json,.json,468,6ad50b679350a51ad67f617ee00b52e37a60594846c5677796234f4b267f053d
data,more_ores_more_gems,recipe,kubejs/data/more_ores_more_gems/recipe/antimony_armor_chestplate_recipe.json,.json,501,fa28c9e8af22d404ef01b4137e00f040e5386fe02fbd35a1901368b7bffab807
data,more_ores_more_gems,recipe,kubejs/data/more_ores_more_gems/recipe/antimony_armor_helmet_recipe.json,.json,469,30652f2f922c1b0a6bd96bcfe7bdc0e7e89303f311bb2f237cd5f114da57f9c7
data,more_ores_more_gems,recipe,kubejs/data/more_ores_more_gems/recipe/antimony_armor_leggings_recipe.json,.json,499,c5f4a003083a3371f3c122b2bce8d7d30ae8086b8b84ef08c3218d623e7b4986
data,more_ores_more_gems,recipe,kubejs/data/more_ores_more_gems/recipe/antimony_axe_recipe.json,.json,589,9f780a72faa512cd8d191acb299ad5b685c18099904315788793f17ace6b6ea9
data,more_ores_more_gems,recipe,kubejs/data/more_ores_more_gems/recipe/antimony_hoe_recipe.json,.json,589,f063166dcb258d1859523b59b30cdd6828771e708001e6e30ae82cfc514972ed
data,more_ores_more_gems,recipe,kubejs/data/more_ores_more_gems/recipe/antimony_pickaxe_recipe.json,.json,596,192af18ea2d4d87a36a70139f33ae89193c8f3ec4dd7afecf13bd59a491a95e9
data,more_ores_more_gems,recipe,kubejs/data/more_ores_more_gems/recipe/antimony_shovel_recipe.json,.json,589,217384839e0646af130cf541bc853b6b20a20470941eea480ade2b1b340af9c7
data,more_ores_more_gems,recipe,kubejs/data/more_ores_more_gems/recipe/antimony_sword_recipe.json,.json,605,027c40c5cf299697ba38199f13ee7f2b39faacdac46dca7fc0661fd452295939
data,more_ores_more_gems,recipe,kubejs/data/more_ores_more_gems/recipe/aquamarine_gemstone_armor_boots_recipe.json,.json,481,14c36f5b390ad4c9b0352badcc6c11747d363c27d63b85210d4f55163c30abe3
data,more_ores_more_gems,recipe,kubejs/data/more_ores_more_gems/recipe/aquamarine_gemstone_armor_chestplate_recipe.json,.json,514,6d30848d19a8d3d905deecbd129f7061aca36129ac321d25f038b02650c52e87
data,more_ores_more_gems,recipe,kubejs/data/more_ores_more_gems/recipe/aquamarine_gemstone_armor_helmet_recipe.json,.json,482,803d6d5a64827b1c31218181073f4d5d9d8c893c70a2166db301840a67785fbe
data,more_ores_more_gems,recipe,kubejs/data/more_ores_more_gems/recipe/aquamarine_gemstone_armor_leggings_recipe.json,.json,512,b329cee0d68ed1be9b94329528b7d578bdf2a2fc8017e2b4c5d1098dee05c93b
data,more_ores_more_gems,recipe,kubejs/data/more_ores_more_gems/recipe/aquamarine_gemstone_axe_recipe.json,.json,596,f3b6595fd07ef5a93eee62161ecb2877c6cf30749c3f4341ec39645e78624f3c
data,more_ores_more_gems,recipe,kubejs/data/more_ores_more_gems/recipe/aquamarine_gemstone_hoe_recipe.json,.json,596,43eb6e401fbd04f638b2d9593c58c0b7fb861dc8ef9d4d7ed776662109496d81
data,more_ores_more_gems,recipe,kubejs/data/more_ores_more_gems/recipe/aquamarine_gemstone_pickaxe_recipe.json,.json,603,698d6d03c43ffb335b0ad2074d6b1a99ecf89b4ff2d83d207acced8a5a7bdb99
data,more_ores_more_gems,recipe,kubejs/data/more_ores_more_gems/recipe/aquamarine_gemstone_shovel_recipe.json,.json,596,269a684bdbc83b416a20e4685231d3cff2f6fef7caeb48cbbaf7fc1cce3c8efc
data,more_ores_more_gems,recipe,kubejs/data/more_ores_more_gems/recipe/aquamarine_gemstone_sword_recipe.json,.json,595,0a951fcad0be14c84390f3cca19eadfe4d815eb12fbf7637b201bc0ca193557f
data,more_ores_more_gems,recipe,kubejs/data/more_ores_more_gems/recipe/black_fluorite_axe_recipe.json,.json,604,74611f60e5b0f2a1d27438567b02cf29ef14ac3d8491c14ecfb40c21ac89982c
data,more_ores_more_gems,recipe,kubejs/data/more_ores_more_gems/recipe/black_fluorite_hoe_recipe.json,.json,604,1b653e7fdeb9442e98f2966a6a0f6f45141246ca30f752210c6a86c789943a26
data,more_ores_more_gems,recipe,kubejs/data/more_ores_more_gems/recipe/black_fluorite_pickaxe_recipe.json,.json,611,f7bc9a8efe3a80e1ca8a3727a902a67532ee3c5ea96e3d36e6eff301c4487c0c
data,more_ores_more_gems,recipe,kubejs/data/more_ores_more_gems/recipe/black_fluorite_shovel_recipe.json,.json,604,dbe39215d50f4970dddf42a42b5957017bb3bed44f844860b55f9fb5339069ac
data,more_ores_more_gems,recipe,kubejs/data/more_ores_more_gems/recipe/black_fluorite_sword_recipe.json,.json,603,8d0696bc2cfbf9bcf7c4ac71b96a173a1caf353a8968fdb60608e9da1bbbd445
data,more_ores_more_gems,recipe,kubejs/data/more_ores_more_gems/recipe/black_opal_gem_armor_boots_recipe.json,.json,476,be5940b1ec98df06e6a714ee851021e513deb3ff779dc86d46205ae0b81cf30d
data,more_ores_more_gems,recipe,kubejs/data/more_ores_more_gems/recipe/black_opal_gem_armor_chestplate_recipe.json,.json,509,dad0a36f5c5d7c85914429c855993142e5da5f118bc1fe02034d72ef4894daf0
data,more_ores_more_gems,recipe,kubejs/data/more_ores_more_gems/recipe/black_opal_gem_armor_helmet_recipe.json,.json,477,12c10964b8c06de8fa3befe88a844a9cbf5e1060412eed1b74d23c6bb0e03d9a
data,more_ores_more_gems,recipe,kubejs/data/more_ores_more_gems/recipe/black_opal_gem_armor_leggings_recipe.json,.json,507,0296f4f3f924d312659401d58ca4698634fbd94707b0634e4e5753f8a4d4d84f
data,more_ores_more_gems,recipe,kubejs/data/more_ores_more_gems/recipe/black_opal_gem_axe_recipe.json,.json,591,7a717df1e797f364fee0a23b732286831e94967f4fc05c0b9d9b03db1b700b86
data,more_ores_more_gems,recipe,kubejs/data/more_ores_more_gems/recipe/black_opal_gem_hoe_recipe.json,.json,591,384b955018e7195c4d996263e9faf358c34ada40ed179581607736e35a8e898a
data,more_ores_more_gems,recipe,kubejs/data/more_ores_more_gems/recipe/black_opal_gem_pickaxe_recipe.json,.json,598,00c7ddb6736f9b8fe21b4e91f19c034e591af950ca29dc1db8f26ea0e085e974
data,more_ores_more_gems,recipe,kubejs/data/more_ores_more_gems/recipe/black_opal_gem_shovel_recipe.json,.json,591,03768fdedaa45535eaa7e5dccb15e9b9dd0a0c0927020dd3cf3bbdbfecea9931
data,more_ores_more_gems,recipe,kubejs/data/more_ores_more_gems/recipe/black_opal_gem_sword_recipe.json,.json,590,b35653703bf07595e869e328e9e3e4e951525f7baae23dfb2c0f05d94b5d8df8
data,more_ores_more_gems,recipe,kubejs/data/more_ores_more_gems/recipe/blue_opal_axe_recipe.json,.json,587,16f72ad575120b29deede0fc59c6c750ea83a0c1ce796e1229e7d3e30beaf45d
data,more_ores_more_gems,recipe,kubejs/data/more_ores_more_gems/recipe/blue_opal_hoe_recipe.json,.json,587,67617f7042a2bbc2cdd5430591efc733329915f51b0118c391729226d9cdd806
data,more_ores_more_gems,recipe,kubejs/data/more_ores_more_gems/recipe/blue_opal_pickaxe_recipe.json,.json,594,7d6f2dc86f57d6495294f4aebad73e3d12ae88a814f370c1e76de29852535fa8
data,more_ores_more_gems,recipe,kubejs/data/more_ores_more_gems/recipe/blue_opal_shovel_recipe.json,.json,587,47c216f74641391e616059cd785a75c1c316595831628c89088ac70a82b5f71c
data,more_ores_more_gems,recipe,kubejs/data/more_ores_more_gems/recipe/blue_opal_sword_recipe.json,.json,586,4f46ded7d5e65241535ffca5c15417cf12dc2bd1ff3cbc9248c908db7cde8a12
data,more_ores_more_gems,recipe,kubejs/data/more_ores_more_gems/recipe/chromium_armor_boots_recipe.json,.json,468,a638dc7b468cc36336635bcd524ce1c9f33b5900f1120e31f5c86b0560dc5384
data,more_ores_more_gems,recipe,kubejs/data/more_ores_more_gems/recipe/chromium_armor_chestplate_recipe.json,.json,501,fb172ec7548c284bb8a7989d1cc45167a7f6996de7e5aa445062e8a0e1b088d7
data,more_ores_more_gems,recipe,kubejs/data/more_ores_more_gems/recipe/chromium_armor_helmet_recipe.json,.json,469,3678a19d8360e880e35054f9f8b380a9c3e0693f2aa8e5aa2175940ee5ae13a0
data,more_ores_more_gems,recipe,kubejs/data/more_ores_more_gems/recipe/chromium_armor_leggings_recipe.json,.json,499,0fd5c1f411ef715319ecd7f077f4083e9f049544ebe4f192d6c8977a7c262a5f
data,more_ores_more_gems,recipe,kubejs/data/more_ores_more_gems/recipe/chromium_axe_recipe.json,.json,589,a4212bd9a279aba40f3eb3906a73988999e2b751bcd6a396145066071b7a06f6
data,more_ores_more_gems,recipe,kubejs/data/more_ores_more_gems/recipe/chromium_hoe_recipe.json,.json,589,44f3eb8fbb649b01107e77f4a7583e3c87f940d8ece6920a33eaea0247a8a8e8
data,more_ores_more_gems,recipe,kubejs/data/more_ores_more_gems/recipe/chromium_pickaxe_recipe.json,.json,596,273979d3562e0b6e58d865ec7c7e56a263648ecf68c727f2dbd3fb70cb88fb16
data,more_ores_more_gems,recipe,kubejs/data/more_ores_more_gems/recipe/chromium_shovel_recipe.json,.json,589,fed1de5ab077cce1fb6878432ebede0b517ff2e740a05839b7189d62459b955b
data,more_ores_more_gems,recipe,kubejs/data/more_ores_more_gems/recipe/chromium_sword_recipe.json,.json,588,e4b7c81e66426019c7155a02c08537ad2e172abf554e9c4db8f8ae40d2f3cd92
data,more_ores_more_gems,recipe,kubejs/data/more_ores_more_gems/recipe/citrine_g_armor_boots_recipe.json,.json,468,699bbcb43ff51b235089f85c917041bbc34ed1baba73e0da5501e0f5705f2583
data,more_ores_more_gems,recipe,kubejs/data/more_ores_more_gems/recipe/citrine_g_armor_chestplate_recipe.json,.json,501,e1de4dd9f1e098c53599eb21b85e5b70759c7775393cf875b9f02900e1b38dcb
data,more_ores_more_gems,recipe,kubejs/data/more_ores_more_gems/recipe/citrine_g_armor_helmet_recipe.json,.json,469,dfdfa844956fb5cf7d2cf13bd3178c066350b3c1c509afe3d3c2a9ac8802748e
data,more_ores_more_gems,recipe,kubejs/data/more_ores_more_gems/recipe/citrine_g_armor_leggings_recipe.json,.json,499,d05b696f0204e4f7828967716642a364097394ba0814e5c18c4d94a9c82e00eb
data,more_ores_more_gems,recipe,kubejs/data/more_ores_more_gems/recipe/citrine_s_axe_recipe.json,.json,586,1f589a6b3b590399e6dcb8c5b8eb91c89c10eb81a60b7b96e388e7a82456e78f
data,more_ores_more_gems,recipe,kubejs/data/more_ores_more_gems/recipe/citrine_s_hoe_recipe.json,.json,586,0098697311b68015b181068fbcb2de4899fcb7c72ce930b5654d347f225c0311
data,more_ores_more_gems,recipe,kubejs/data/more_ores_more_gems/recipe/citrine_s_pickaxe_recipe.json,.json,593,39b8c61aed75b5d6452f1939f4bc34fbd22b2a3ad0d54282a91e94ddecc02c89
data,more_ores_more_gems,recipe,kubejs/data/more_ores_more_gems/recipe/citrine_s_shovel_recipe.json,.json,586,d0fb640e0e830e2763bdd502acae0a2fd52c77ba0affb0b0ba3edfc103246ed7
data,more_ores_more_gems,recipe,kubejs/data/more_ores_more_gems/recipe/citrine_s_sword_recipe.json,.json,585,a462647dd37f969a99bf159d650836f7ef89ede3fcbda74098cbd58e4537d84d
data,more_ores_more_gems,recipe,kubejs/data/more_ores_more_gems/recipe/cobalt_armor_boots_recipe.json,.json,464,f9bac9db59f758a0db61125f6bc0f78a372774defc82823a223b1b7a5eec3949
data,more_ores_more_gems,recipe,kubejs/data/more_ores_more_gems/recipe/cobalt_armor_chestplate_recipe.json,.json,497,230eefbafafb72a395b463d32c7a17778435e51ffd97784aaa5a45531ffdfb96
data,more_ores_more_gems,recipe,kubejs/data/more_ores_more_gems/recipe/cobalt_armor_helmet_recipe.json,.json,465,fd9f64e581951d25dfd1c624e3902fe3b63b23c1bfa7647e80dfd87320d04dfa
data,more_ores_more_gems,recipe,kubejs/data/more_ores_more_gems/recipe/cobalt_armor_leggings_recipe.json,.json,495,bb6889abc029716eabda62db487f9b0eb10235ba095b93455e8036de4a132b05
data,more_ores_more_gems,recipe,kubejs/data/more_ores_more_gems/recipe/cobalt_axe_recipe.json,.json,602,481adbc5a49e7fed2dbbb2c998a4a617108b0e27dd2a5daeee6a73e835379776
data,more_ores_more_gems,recipe,kubejs/data/more_ores_more_gems/recipe/cobalt_hoe_recipe.json,.json,602,e9b1706d0a0fd73f25b2f9319cde336d2a0f9e9f32f6eccb5a575d5bd5535b69
data,more_ores_more_gems,recipe,kubejs/data/more_ores_more_gems/recipe/cobalt_pickaxe_recipe.json,.json,609,d57d96fb34c6f7cd24cc4393345291e4c68a070e66ba64e9b772c67bacc59710
data,more_ores_more_gems,recipe,kubejs/data/more_ores_more_gems/recipe/cobalt_shovel_recipe.json,.json,602,a4ba4ddc68d49ec3cd1b1739ea2055d5112135c4b99d7a4f3e5183624b352aed
data,more_ores_more_gems,recipe,kubejs/data/more_ores_more_gems/recipe/cobalt_sword_recipe.json,.json,601,c5254d595b546d8a1791f994b7be8d361c8a34e47d99926d3b051072d451790f
data,more_ores_more_gems,recipe,kubejs/data/more_ores_more_gems/recipe/crimsonite_d_axe_recipe.json,.json,589,32ce95ed7af45a6861aba2e29dbbec832ed8777f08dac9181228859fc4f78861
data,more_ores_more_gems,recipe,kubejs/data/more_ores_more_gems/recipe/crimsonite_d_hoe_recipe.json,.json,589,b0340519db615cceaa4ba9ba7a654194ff53b9280325d6ce3275d41be8c716fe
data,more_ores_more_gems,recipe,kubejs/data/more_ores_more_gems/recipe/crimsonite_d_pickaxe_recipe.json,.json,596,6e36f89e92252bc007b75c618aefbce284c213f63d0ff3d84b5625d9fb60691f
data,more_ores_more_gems,recipe,kubejs/data/more_ores_more_gems/recipe/crimsonite_d_shovel_recipe.json,.json,589,2f098897e9b592fe6ddc21efa203eb2fa3e99b95cdb03eda1212fb42e56904ef
data,more_ores_more_gems,recipe,kubejs/data/more_ores_more_gems/recipe/crimsonite_d_sword_recipe.json,.json,588,9b54e30aaf7e332ef6ca54b0c18b6dd836f73acd865934c8cd96e994b1ee9bb3
data,more_ores_more_gems,recipe,kubejs/data/more_ores_more_gems/recipe/crimsonitel_armor_boots_recipe.json,.json,473,fd1910caa68c528051b83ae2827276e40ad584d1a810c571c56b7f9d2e60e060
data,more_ores_more_gems,recipe,kubejs/data/more_ores_more_gems/recipe/crimsonitel_armor_chestplate_recipe.json,.json,506,2c3b13668204c9cb88fc6ec2150eae2ac6a96abe1b00018fb59f16045bf14aca
data,more_ores_more_gems,recipe,kubejs/data/more_ores_more_gems/recipe/crimsonitel_armor_helmet_recipe.json,.json,474,16e42427e644560fc46408de321bd70ccb74506a1a7bce43a478fe14acf6a420
data,more_ores_more_gems,recipe,kubejs/data/more_ores_more_gems/recipe/crimsonitel_armor_leggings_recipe.json,.json,504,ae93036b69b9626f8d01880cdead259827d107e2198312cd824aba642378ccd2
data,more_ores_more_gems,recipe,kubejs/data/more_ores_more_gems/recipe/ekanite_gemstone_armor_boots_recipe.json,.json,475,77517b7e44ded0bffd623e4d657141baf937cbf53290f6543f4d881e6fc18a1a
data,more_ores_more_gems,recipe,kubejs/data/more_ores_more_gems/recipe/ekanite_gemstone_armor_chestplate_recipe.json,.json,508,396eb196975cfcf983bda501ac6853709e3098d7601f15366878396ec46e1e18
data,more_ores_more_gems,recipe,kubejs/data/more_ores_more_gems/recipe/ekanite_gemstone_armor_helmet_recipe.json,.json,476,e720cd0d8be1b19e170b56b84b623b267d63bfe68b8f179626b25722cf1b7acd
data,more_ores_more_gems,recipe,kubejs/data/more_ores_more_gems/recipe/ekanite_gemstone_armor_leggings_recipe.json,.json,506,235c2f39c5e2485f64a9242018599527bbf636a59718740526993af3473089a7
data,more_ores_more_gems,recipe,kubejs/data/more_ores_more_gems/recipe/ekanite_gemstone_axe_recipe.json,.json,593,bd8417c68cfa4910545f43f49460c541cce75f4aaca96a94c0576a917118274b
data,more_ores_more_gems,recipe,kubejs/data/more_ores_more_gems/recipe/ekanite_gemstone_hoe_recipe.json,.json,593,65a8eaac57af86db32e1712c6c2848c25557cdb15e1147b9bc340c95b4a6916c
data,more_ores_more_gems,recipe,kubejs/data/more_ores_more_gems/recipe/ekanite_gemstone_pickaxe_recipe.json,.json,600,c06ea31e4dfe425df158330c893a0af05a95b74b8a573b0a6cd3f722391c6c19
data,more_ores_more_gems,recipe,kubejs/data/more_ores_more_gems/recipe/ekanite_gemstone_shovel_recipe.json,.json,593,de5e32e2960ac3523e977bf5644c2ec1533931c35bb777801f758a55471a4288
data,more_ores_more_gems,recipe,kubejs/data/more_ores_more_gems/recipe/ekanite_gemstone_sword_recipe.json,.json,589,a11b3c5af8a393be1f22ac6f3a14ee6056e4bdab1dfceabd9cc9dae48eb6c4e1
data,more_ores_more_gems,recipe,kubejs/data/more_ores_more_gems/recipe/electrum_armor_boots_recipe.json,.json,468,0f5e8b06fe239ef6c3012996e1560e70ef2b264c40df91819c973cbd17b51229
data,more_ores_more_gems,recipe,kubejs/data/more_ores_more_gems/recipe/electrum_armor_chestplate_recipe.json,.json,501,eba556c63a2be3c69e96622d0425a20ab9d53bef31d295af653c96112870e993
data,more_ores_more_gems,recipe,kubejs/data/more_ores_more_gems/recipe/electrum_armor_helmet_recipe.json,.json,469,7a034dc5a1ed3fa7812b39ecd7fc173fb64811d993e535d19989d1e8bf5f403f
data,more_ores_more_gems,recipe,kubejs/data/more_ores_more_gems/recipe/electrum_armor_leggings_recipe.json,.json,499,8bf90326bdc4aea67e91e9454bb0ac8fdbadb577c87832ebf0f7de447d77b5cb
data,more_ores_more_gems,recipe,kubejs/data/more_ores_more_gems/recipe/electrum_axe_recipe.json,.json,606,ecec6cb79ee669d20ec9d5487a92c9a35bac0ff03aa114fab87ff12c48195516
data,more_ores_more_gems,recipe,kubejs/data/more_ores_more_gems/recipe/electrum_hoe_recipe.json,.json,606,45054cb77f02c900a97b9d94e9fcc99a47118523a8db4a7d76d143000a39a437
data,more_ores_more_gems,recipe,kubejs/data/more_ores_more_gems/recipe/electrum_pickaxe_recipe.json,.json,613,66be97a1a32d015ff89649263ba1a9d6324bfe3b12036162cd32c12de49c85f9
data,more_ores_more_gems,recipe,kubejs/data/more_ores_more_gems/recipe/electrum_shovel_recipe.json,.json,606,d1c8653a031336086df23469a6e53bd2adba1e93539be2ea0f83ff99feb5ecff
data,more_ores_more_gems,recipe,kubejs/data/more_ores_more_gems/recipe/electrum_sword_recipe.json,.json,605,02b1a95cb3afa0aae23ae94f7c258410a220c48abe9086a1a4de9dd29af0b454
data,more_ores_more_gems,recipe,kubejs/data/more_ores_more_gems/recipe/fire_opal_axe_recipe.json,.json,594,2d135d274433e6bbf21f6f6b7d3fa5f4797076ce82187866b811f5e83c81167b
data,more_ores_more_gems,recipe,kubejs/data/more_ores_more_gems/recipe/fire_opal_hoe_recipe.json,.json,594,245bc7588207d3830363a6d09f86d3d5d5659394ed1e93a2710e18bbcac248d2
data,more_ores_more_gems,recipe,kubejs/data/more_ores_more_gems/recipe/fire_opal_pickaxe_recipe.json,.json,601,fa33704c7eb8aa1104aaa6a4b9016bd8f2927d61efe116ec0da669e15521ee64
data,more_ores_more_gems,recipe,kubejs/data/more_ores_more_gems/recipe/fire_opal_shovel_recipe.json,.json,594,fe3fff06855726014314113679181071fd6d156b8dcfebb9d205c1f3cfc8e6db
data,more_ores_more_gems,recipe,kubejs/data/more_ores_more_gems/recipe/fire_opal_sword_recipe.json,.json,593,7457ed657125d501ff1cdcd905788ee4fe48db9e0b23390db28cbbbea37162a7
data,more_ores_more_gems,recipe,kubejs/data/more_ores_more_gems/recipe/fluorescent_fluorite_gem_armor_boots_recipe.json,.json,496,e92842ff9144bdd304c68e4f60a29dccf041571f00ffeb10b3a3859d69cf68ac
data,more_ores_more_gems,recipe,kubejs/data/more_ores_more_gems/recipe/fluorescent_fluorite_gem_armor_chestplate_recipe.json,.json,529,934854ddb57ad9c731ce864054390d943330659b8fcdeb9d7396f988a5c371b3
data,more_ores_more_gems,recipe,kubejs/data/more_ores_more_gems/recipe/fluorescent_fluorite_gem_armor_helmet_recipe.json,.json,497,f9d5bda86ecb67085e16c3b47552c4a9217126c6839b298052a8518fca8c5940
data,more_ores_more_gems,recipe,kubejs/data/more_ores_more_gems/recipe/fluorescent_fluorite_gem_armor_leggings_recipe.json,.json,527,24f86b2781648acec32dd6f66d709551c03e03d6a74dea8cf01ceea91eeb4c6f
data,more_ores_more_gems,recipe,kubejs/data/more_ores_more_gems/recipe/fluorescent_fluorite_gem_axe_recipe.json,.json,611,291f34290deac31c397d7e676a8c59bf28b980ede9cfaefdd249fa5302349ef8
data,more_ores_more_gems,recipe,kubejs/data/more_ores_more_gems/recipe/fluorescent_fluorite_gem_hoe_recipe.json,.json,611,980a19a13bcc816ca3d908c97bfb627a9504f1f4d60a93b2e164081ab662b3e2
data,more_ores_more_gems,recipe,kubejs/data/more_ores_more_gems/recipe/fluorescent_fluorite_gem_pickaxe_recipe.json,.json,618,0c91e9f378529b0d4b8be9f49e5cc331507561b789df2427f3d09c0765c6cab4
data,more_ores_more_gems,recipe,kubejs/data/more_ores_more_gems/recipe/fluorescent_fluorite_gem_shovel_recipe.json,.json,611,045d67a430eb2eb0df0ee4a5c880577fd6032bc8a290bb5effd0e7c81c406d04
data,more_ores_more_gems,recipe,kubejs/data/more_ores_more_gems/recipe/fluorescent_fluorite_gem_sword_recipe.json,.json,610,fcaeb6607e46da44a7eca0bae308a87aec46db7b27668ba02b54bfe07ea97f78
data,more_ores_more_gems,recipe,kubejs/data/more_ores_more_gems/recipe/fluorite_blood_armor_boots_recipe.json,.json,480,128e8f473ddffd68023a53296cfc884460171c30c206c374c726e303534033f1
data,more_ores_more_gems,recipe,kubejs/data/more_ores_more_gems/recipe/fluorite_blood_armor_chestplate_recipe.json,.json,513,cb3da32f51ac7ca0045000c2c55ad11037331ac5987f5c2c7916199226eb9c3e
data,more_ores_more_gems,recipe,kubejs/data/more_ores_more_gems/recipe/fluorite_blood_armor_helmet_recipe.json,.json,481,9858dea3c6280d5535bd4e6608dc7335f2116cf2fab6ee0f13f10c1cc100d6a1
data,more_ores_more_gems,recipe,kubejs/data/more_ores_more_gems/recipe/fluorite_blood_armor_leggings_recipe.json,.json,511,64ab2e8f7cd6152f1ec1a3f60877a1797a7ffddf8ab602e7a565e76a3147b51c
data,more_ores_more_gems,recipe,kubejs/data/more_ores_more_gems/recipe/fluorite_blood_axe_recipe.json,.json,612,4606af002f2bc6b7755ef09f687d0a89c0388e8a0d2537d051b97bfc42ff9e15
data,more_ores_more_gems,recipe,kubejs/data/more_ores_more_gems/recipe/fluorite_blood_hoe_recipe.json,.json,612,0df82409df77a70a0a6dc2f9c8428e97c112f3f6434308864e7c74b2d0f03ba6
data,more_ores_more_gems,recipe,kubejs/data/more_ores_more_gems/recipe/fluorite_blood_pickaxe_recipe.json,.json,619,92a60bbd11af67fc934bb2338a57e2ad0c90d93f1214ff4dc6b5af8c6b983b33
data,more_ores_more_gems,recipe,kubejs/data/more_ores_more_gems/recipe/fluorite_blood_shovel_recipe.json,.json,612,96b5296c4219e1c3b50bbe6cc5630cc1ae21b1d18d177f43275768c4f8e7891d
data,more_ores_more_gems,recipe,kubejs/data/more_ores_more_gems/recipe/fluorite_blood_sword_recipe.json,.json,611,ec85b08a9bd922c6294ea4a231279389b11220df4ef9ffa4c3775312ab1bd873
data,more_ores_more_gems,recipe,kubejs/data/more_ores_more_gems/recipe/fluorite_ytt_axe_recipe.json,.json,598,049a28afaa2b197aa3eca0c78c5bee2dd55a7083e2e76cf2a669c5fa6e825c60
data,more_ores_more_gems,recipe,kubejs/data/more_ores_more_gems/recipe/fluorite_ytt_hoe_recipe.json,.json,598,6783983019c0e0211101a2bc3d512baf8307fc236dbfdcb97c3a5d2c4bc52f68
data,more_ores_more_gems,recipe,kubejs/data/more_ores_more_gems/recipe/fluorite_ytt_pickaxe_recipe.json,.json,605,01820455a34a067f4d98c57229c3e0993c125bc948a6ecc507f3bd450b57ee4a
data,more_ores_more_gems,recipe,kubejs/data/more_ores_more_gems/recipe/fluorite_ytt_shovel_recipe.json,.json,598,0b685db7c5a3926bdaea011ee180df0b0a5faef346c350a3afb157f6f6e01a0f
data,more_ores_more_gems,recipe,kubejs/data/more_ores_more_gems/recipe/fluorite_ytt_sword_recipe.json,.json,597,c08c08096fd3bb04cd56fddf2663055de69f5d47662f45619204ad1dfd85b1b7
data,more_ores_more_gems,recipe,kubejs/data/more_ores_more_gems/recipe/gray_opal_gem_armor_boots_recipe.json,.json,474,bd9164dd9734141e24e62f730729542b2a8ee70048cd2883c5bc43ef93dfd4c1
data,more_ores_more_gems,recipe,kubejs/data/more_ores_more_gems/recipe/gray_opal_gem_armor_chestplate_recipe.json,.json,507,c32cdb0625eb72db8473ae35e7c70730eb6eb4b5b2cfd57cf9bf8aa1245deb27
data,more_ores_more_gems,recipe,kubejs/data/more_ores_more_gems/recipe/gray_opal_gem_armor_helmet_recipe.json,.json,475,ff43430a9c9a0f74ce7961aa1066559c480870a95dd56ab69e3e92bf73ab3e15
data,more_ores_more_gems,recipe,kubejs/data/more_ores_more_gems/recipe/gray_opal_gem_armor_leggings_recipe.json,.json,505,b3cd04cb014c5a3cfe3f142e57838b7308bbe41b699eee2efc8fa671ca872b36
data,more_ores_more_gems,recipe,kubejs/data/more_ores_more_gems/recipe/gray_opal_gem_axe_recipe.json,.json,589,8a301aa3397d5e325254014d098d27f1b8e832b19969ec8488968d9bbd41e6e2
data,more_ores_more_gems,recipe,kubejs/data/more_ores_more_gems/recipe/gray_opal_gem_hoe_recipe.json,.json,589,c020914631bc2307f358a4e93be58e55c01f985f1014825ae2af07124386511d
data,more_ores_more_gems,recipe,kubejs/data/more_ores_more_gems/recipe/gray_opal_gem_pickaxe_recipe.json,.json,596,3837c08060a25530eee91e8b20a5da699de21ab41f5be943a5404affca03f739
data,more_ores_more_gems,recipe,kubejs/data/more_ores_more_gems/recipe/gray_opal_gem_shovel_recipe.json,.json,589,e5186148bed1e7293e1e2b6b9d3d03a81d6ff63b5a8abea37e61831d72b32b06
data,more_ores_more_gems,recipe,kubejs/data/more_ores_more_gems/recipe/gray_opal_gem_sword_recipe.json,.json,588,e7d0a25e2b42414964454331008669968ec6d0d094815d08a505b03775369a9c
data,more_ores_more_gems,recipe,kubejs/data/more_ores_more_gems/recipe/green_fluorite_axe_recipe.json,.json,599,6f20806f6ade45a3f578f44e7da0dfaaf3a6afdad26dc20353faf5df37015f8e
data,more_ores_more_gems,recipe,kubejs/data/more_ores_more_gems/recipe/green_fluorite_hoe_recipe.json,.json,599,fcf6e0ee8cc900bf7709ca22e7f0cb11a4f1aa423c0a4d1df5dfd62a9891badf
data,more_ores_more_gems,recipe,kubejs/data/more_ores_more_gems/recipe/green_fluorite_pickaxe_recipe.json,.json,606,01ae3c0810ace3c0ac046b5d5a985c330cbd9ff557f54a16620bc416a5b5628d
data,more_ores_more_gems,recipe,kubejs/data/more_ores_more_gems/recipe/green_fluorite_shovel_recipe.json,.json,599,e51bb7d57433e9717ef761670ffe8ed5775f6cfc737e12bed47a761466609600
data,more_ores_more_gems,recipe,kubejs/data/more_ores_more_gems/recipe/green_fluorite_sword_recipe.json,.json,598,656b031f779c41e93811e62493dceba120afe8e0df10dcafaa4d903d6e81aac8
data,more_ores_more_gems,recipe,kubejs/data/more_ores_more_gems/recipe/heliodor_5_armor_boots_recipe.json,.json,470,1187b306157c7d4d99acd0aad42ec9aa7af361ab595cd387418b4967617d4fc9
data,more_ores_more_gems,recipe,kubejs/data/more_ores_more_gems/recipe/heliodor_5_armor_chestplate_recipe.json,.json,503,d9168d5e7b9ec20a0b7c36d4d2e3eeaeb3748f5b32e6ff429f06c5bc40cc70d6
data,more_ores_more_gems,recipe,kubejs/data/more_ores_more_gems/recipe/heliodor_5_armor_helmet_recipe.json,.json,471,80ddc29ce1e8d0b7457d22165f52c7a3517084ef7ef91c49b8223618a1579ba1
data,more_ores_more_gems,recipe,kubejs/data/more_ores_more_gems/recipe/heliodor_5_armor_leggings_recipe.json,.json,501,f152dc0baa83e895988f95c0dd990f40124d6016419cc589bc51bfa8edac0afc
data,more_ores_more_gems,recipe,kubejs/data/more_ores_more_gems/recipe/heliodor_5_axe_recipe.json,.json,588,aa8434a28c14c0db4341f86d15f06a9c6287635b62f53bd3995a6be4f7a977d1
data,more_ores_more_gems,recipe,kubejs/data/more_ores_more_gems/recipe/heliodor_5_hoe_recipe.json,.json,588,c46051bf058edced1895e7e9002ec585f640c24f5fdd8a70af5830adbbbabe2d
data,more_ores_more_gems,recipe,kubejs/data/more_ores_more_gems/recipe/heliodor_5_pickaxe_recipe.json,.json,595,b8e6a072a9bfe28aa1180764593f102ad8ea6f8f3a92db7a7d7a935a140522ae
data,more_ores_more_gems,recipe,kubejs/data/more_ores_more_gems/recipe/heliodor_5_shovel_recipe.json,.json,588,08a71f23dbf18c8c0d51b8043a51fc92a2e6a24b92c1bf25bbf1bf6de91ae602
data,more_ores_more_gems,recipe,kubejs/data/more_ores_more_gems/recipe/heliodor_5_sword_recipe.json,.json,587,fb38bf675903327d52bc823a0b67427117ad4a74ce4177f9a57895522d888b3f
data,more_ores_more_gems,recipe,kubejs/data/more_ores_more_gems/recipe/indium_armor_boots_recipe.json,.json,464,6e86b0e164ed5b96b81a344f0f5dc00658fbf0754296a03814b863ea88f231a1
data,more_ores_more_gems,recipe,kubejs/data/more_ores_more_gems/recipe/indium_armor_chestplate_recipe.json,.json,497,3e7bde542a235ffc6e41d24a4b98981fdd4086e0f033af1bc735ec381128be4e
data,more_ores_more_gems,recipe,kubejs/data/more_ores_more_gems/recipe/indium_armor_helmet_recipe.json,.json,465,d58b5142783e97a87ac1145f9e19ff61c0f20213a2f34f4ad7fd1983eb654c46
data,more_ores_more_gems,recipe,kubejs/data/more_ores_more_gems/recipe/indium_armor_leggings_recipe.json,.json,495,63e700149641ac42e1d2aaacc83c4de0ce1e8124736a72910f9b6cdf80da1ceb
data,more_ores_more_gems,recipe,kubejs/data/more_ores_more_gems/recipe/indium_axe_recipe.json,.json,585,a9eb9b84fbd5d50c2293c08e9cc911c0d1d79fb84cb40abcb1529f83036e99f4
data,more_ores_more_gems,recipe,kubejs/data/more_ores_more_gems/recipe/indium_hoe_recipe.json,.json,585,329924d0de245d3f10baf83019c22b36f87033ba6aa702b1eb2f0fe048dbd04b
data,more_ores_more_gems,recipe,kubejs/data/more_ores_more_gems/recipe/indium_pickaxe_recipe.json,.json,592,ebed51c71aa2322ce80d13d4c5ffe8efbed02a86f06951ebc8cb41e985fcba88
data,more_ores_more_gems,recipe,kubejs/data/more_ores_more_gems/recipe/indium_shovel_recipe.json,.json,585,3f133d2bd2d8b04c41f2aa7c632485814195794573ee0565237435fac533a7c7
data,more_ores_more_gems,recipe,kubejs/data/more_ores_more_gems/recipe/indium_sword_recipe.json,.json,584,d061797c9f1d944c649c04c575b69ece8c2979f1373a87ffb111a1f07b6d6f96
data,more_ores_more_gems,recipe,kubejs/data/more_ores_more_gems/recipe/jade_5_armor_boots_recipe.json,.json,461,bf46f875f27995863d9aa4de5f68f16279ca3289d4b99a15872385e5ebba1a44
data,more_ores_more_gems,recipe,kubejs/data/more_ores_more_gems/recipe/jade_5_armor_chestplate_recipe.json,.json,494,dcbdf4d5a27f28d9bc2a4d9bcd27f8f9c28ecd4bf6190105e49d2a2650e6d2e1
data,more_ores_more_gems,recipe,kubejs/data/more_ores_more_gems/recipe/jade_5_armor_helmet_recipe.json,.json,462,a16feec7ae7ecde64b3df99c034cd6e9e318b21fdeffae4e8cbd3dfa0c643158
data,more_ores_more_gems,recipe,kubejs/data/more_ores_more_gems/recipe/jade_5_armor_leggings_recipe.json,.json,492,8be756717cd9af7196f3f5fe615703a9a598b70d483702f88248206a5d5bce5c
data,more_ores_more_gems,recipe,kubejs/data/more_ores_more_gems/recipe/jade_5_axe_recipe.json,.json,583,dcec1196403a4da99a9c2e5ffda4299459dd33801c7b4b942020db9d63538021
data,more_ores_more_gems,recipe,kubejs/data/more_ores_more_gems/recipe/jade_5_hoe_recipe.json,.json,581,fcfed842cd2d4033c8977db543b40602690cd0ded008bd965c403cb68331d7af
data,more_ores_more_gems,recipe,kubejs/data/more_ores_more_gems/recipe/jade_5_pickaxe_recipe.json,.json,588,dff884c4ffd97a93ab7aff82e21f326d89fa6564c889b31debec487931e9112b
data,more_ores_more_gems,recipe,kubejs/data/more_ores_more_gems/recipe/jade_5_shovel_recipe.json,.json,581,f2d7f4f67d399dfb71605145630d1529567c727fb75e806883f2cf33cef595fc
data,more_ores_more_gems,recipe,kubejs/data/more_ores_more_gems/recipe/jade_5_sword_recipe.json,.json,582,9d7fcd5a393c91d64294ebefc02e32667802ea921ca5f904331b6d4726715c9b
data,more_ores_more_gems,recipe,kubejs/data/more_ores_more_gems/recipe/lead_armor_boots_recipe.json,.json,460,bd4f12cca5f411869d1a7739581b29419fa00d97f69bb202512b45826efb11f1
data,more_ores_more_gems,recipe,kubejs/data/more_ores_more_gems/recipe/lead_armor_chestplate_recipe.json,.json,493,b9c1beb72959acd55349ba1be8e8ab796aba045f25c9cd0bb9791e14ed6f3b56
data,more_ores_more_gems,recipe,kubejs/data/more_ores_more_gems/recipe/lead_armor_helmet_recipe.json,.json,461,c352adbc83ddac0c4a3ef322d72b656792424a4c3d70f9df422c6cf988c539e4
data,more_ores_more_gems,recipe,kubejs/data/more_ores_more_gems/recipe/lead_armor_leggings_recipe.json,.json,491,4ccfbb54adc3bf5712303c2046458586ae15c313d43e76849a8df2e993be7a64
data,more_ores_more_gems,recipe,kubejs/data/more_ores_more_gems/recipe/lead_axe_recipe.json,.json,584,7d74c3ef437be53fa62b7e7c71d1a71b7c37b6bf66026d70bc5dd9685431a170
data,more_ores_more_gems,recipe,kubejs/data/more_ores_more_gems/recipe/lead_hoe_recipe.json,.json,584,e78ed3980fa4d7ba283bcb176f025a330c8579aa26e5bf77df2a95aa4755a855
data,more_ores_more_gems,recipe,kubejs/data/more_ores_more_gems/recipe/lead_pickaxe_recipe.json,.json,591,db43fcc7b8b59c7ca14f24f397ceb40223397e755f0c4c17f3dd91b8008f05a5
data,more_ores_more_gems,recipe,kubejs/data/more_ores_more_gems/recipe/lead_shovel_recipe.json,.json,584,9f18d6cea5a2b66ef799308ab0f9d964086072a14fdf1df6970a00712def4ea4
data,more_ores_more_gems,recipe,kubejs/data/more_ores_more_gems/recipe/lead_sword_recipe.json,.json,583,71c20c53dba3730800fd58407338370c1886fd8667da1575d1cb4a7edbf8b647
data,more_ores_more_gems,recipe,kubejs/data/more_ores_more_gems/recipe/leucosapphire_axe_recipe.json,.json,619,d41c14e45be2ec5fc989e8dee5ea2411e90257f91fcc07546f2f8ac1bb29e116
data,more_ores_more_gems,recipe,kubejs/data/more_ores_more_gems/recipe/leucosapphire_hoe_recipe.json,.json,619,b8bd4eb2b806fbc38c8d869dfe7c306750d5cb84f6a9668271ae338f137755ba
data,more_ores_more_gems,recipe,kubejs/data/more_ores_more_gems/recipe/leucosapphire_pickaxe_recipe.json,.json,626,6b6b324c79f56b4aa40f4c30c1f9d86845a6297eda1234d84d0805542d41cd8a
data,more_ores_more_gems,recipe,kubejs/data/more_ores_more_gems/recipe/leucosapphire_shovel_recipe.json,.json,619,6af9b401f7b1291bae5df16a3b4393871857f5dff6c6ff9a3c5de21f60ac57e1
data,more_ores_more_gems,recipe,kubejs/data/more_ores_more_gems/recipe/leucosapphire_sword_recipe.json,.json,618,41f09119993381d6d84d913aee2b17b7f63aef075983bc53b2f5a17c5fe68027
data,more_ores_more_gems,recipe,kubejs/data/more_ores_more_gems/recipe/magnesium_armor_boots_recipe.json,.json,470,04f419580c1fc57e69617120b577c2c385277c5091a1a3f4459d132516bea277
data,more_ores_more_gems,recipe,kubejs/data/more_ores_more_gems/recipe/magnesium_armor_chestplate_recipe.json,.json,503,e85e7246562962f6ec2a1004cd7a3eeffb1c2325b33120d571db7e3188a05ab2
data,more_ores_more_gems,recipe,kubejs/data/more_ores_more_gems/recipe/magnesium_armor_helmet_recipe.json,.json,471,c06f4ff42523eb27623958151dd3bd5d6cffb231c7ecbcd0762c173fc1369510
data,more_ores_more_gems,recipe,kubejs/data/more_ores_more_gems/recipe/magnesium_armor_leggings_recipe.json,.json,501,4bf322704a82e88396595756d6254777917feef8ba6ee76635cda112fe05065f
data,more_ores_more_gems,recipe,kubejs/data/more_ores_more_gems/recipe/magnesium_axe_recipe.json,.json,589,8c6857fe134293612e768003dd73f33d39c0d457768ae153a9d6b2fc8c89bc41
data,more_ores_more_gems,recipe,kubejs/data/more_ores_more_gems/recipe/magnesium_hoe_recipe.json,.json,589,e6a05e5adb6dac833752b0401ef7a2ee1849d4c1ecaaa8f6fd93f9fdf8092683
data,more_ores_more_gems,recipe,kubejs/data/more_ores_more_gems/recipe/magnesium_pickaxe_recipe.json,.json,596,8b8d974a9f2ece59f8a3926b008870eae5c9ce8ef099a4af3e010858fb21d7e3
data,more_ores_more_gems,recipe,kubejs/data/more_ores_more_gems/recipe/magnesium_shovel_recipe.json,.json,589,ea35bdeaacd18dd18f39fb78147b7350cc4755fbd01d03a92d73c93055ca5e45
data,more_ores_more_gems,recipe,kubejs/data/more_ores_more_gems/recipe/magnesium_sword_recipe.json,.json,588,713891533b1aa6ed24b1ee7373176b0180517192be6de2f6ab4627470c447285
data,more_ores_more_gems,recipe,kubejs/data/more_ores_more_gems/recipe/make_block_of_raw_electrum_2.json,.json,527,6b920b2ea6538cb5f95fbe12cef755c25c2e049ddfd4a411dcf6911885901f15
data,more_ores_more_gems,recipe,kubejs/data/more_ores_more_gems/recipe/make_castle_funk_disc.json,.json,727,ddf532826c8352eac67cf2a0ea0dcd10a033f3e460e962d28aacc3b2ea40331b
data,more_ores_more_gems,recipe,kubejs/data/more_ores_more_gems/recipe/make_electrum_raw.json,.json,508,52e718672ef8d6ae94d75080e554b3dfc3270862d4b025b16992d7faff8c1990
data,more_ores_more_gems,recipe,kubejs/data/more_ores_more_gems/recipe/make_fire_opal.json,.json,602,97bcec7af65e1148fdef28a1994b4e374dd03bba7db0e57785b6e52d9e4f14c7
data,more_ores_more_gems,recipe,kubejs/data/more_ores_more_gems/recipe/make_fire_opal_1.json,.json,530,c3c0b5b4ffac713dccc7e0d6180d4657c205d1e895ac49b56cabff7068eea2e0
data,more_ores_more_gems,recipe,kubejs/data/more_ores_more_gems/recipe/make_fire_opal_2.json,.json,602,738c908c642781a4121a120a24eeb0cb3150e6463d1c923847d5d05f4e12a57a
data,more_ores_more_gems,recipe,kubejs/data/more_ores_more_gems/recipe/make_fire_opal_3.json,.json,603,4a7aa3cc624caa531b5bb13ac00893e11cf63917290d2c4d2e9b8e56a8bc6ffd
data,more_ores_more_gems,recipe,kubejs/data/more_ores_more_gems/recipe/make_fire_opal_5.json,.json,602,1576ea31ab078a09045eaad2cc7e1e434e0c8e3fd883272f02f7fd3de9d702a7
data,more_ores_more_gems,recipe,kubejs/data/more_ores_more_gems/recipe/make_gt.json,.json,579,307c08811476dc3d99032c55ab22267eac6139ab76c51ab59c2ecdda5d7e12f6
data,more_ores_more_gems,recipe,kubejs/data/more_ores_more_gems/recipe/make_iron_stick.json,.json,496,1888fd2e766ef3af6469e1344e4aa85f5777ecf172277839953487306fca4ec3
data,more_ores_more_gems,recipe,kubejs/data/more_ores_more_gems/recipe/make_iron_stick_2.json,.json,546,75c661c5b37bd73ed563876afb9e0c740d4dceb7d6e42b9f7e197a34d3a4a7b0
data,more_ores_more_gems,recipe,kubejs/data/more_ores_more_gems/recipe/make_iron_stick_3.json,.json,496,b03f6f837e6cfe7cb9f58ed3ed3e4dc3865181d2c550f6186c359f7ad56931f7
data,more_ores_more_gems,recipe,kubejs/data/more_ores_more_gems/recipe/make_iron_stick_4.json,.json,490,1a2154cd9bad8d3401bbbb43c7cabd062ab265d72a583f89b39e9ef84ca12684
data,more_ores_more_gems,recipe,kubejs/data/more_ores_more_gems/recipe/make_iron_stick_5.json,.json,490,1a2154cd9bad8d3401bbbb43c7cabd062ab265d72a583f89b39e9ef84ca12684
data,more_ores_more_gems,recipe,kubejs/data/more_ores_more_gems/recipe/make_iron_stick_6.json,.json,490,1a2154cd9bad8d3401bbbb43c7cabd062ab265d72a583f89b39e9ef84ca12684
data,more_ores_more_gems,recipe,kubejs/data/more_ores_more_gems/recipe/make_iron_stick_more.json,.json,628,6657295af55235c829adaf782f80fc8e579d72a7827973cbbc696b8ee89dfe54
data,more_ores_more_gems,recipe,kubejs/data/more_ores_more_gems/recipe/make_neptunium_shield.json,.json,626,5d205d8327c2137b4de6f1d3b780324dae3a0e4797dcc4fb6eb11b0fec18d97c
data,more_ores_more_gems,recipe,kubejs/data/more_ores_more_gems/recipe/make_safe_gunpowder_block.json,.json,609,c1f1893fced7ec5544ddb1ec67638f1a73c25c1429ea9db56b06c49b7287e530
data,more_ores_more_gems,recipe,kubejs/data/more_ores_more_gems/recipe/make_skysteel_bow.json,.json,589,4dc817bf159a9dd388f062df79f77fb98bfc0f3b678a92a7967105dedbc75237
data,more_ores_more_gems,recipe,kubejs/data/more_ores_more_gems/recipe/make_skysteel_shield.json,.json,610,79980d84bd1b2e5ad2da492efa5f24e5c2dcd19c02cb6b6cdc278f2724f2a2db
data,more_ores_more_gems,recipe,kubejs/data/more_ores_more_gems/recipe/make_steel_shield.json,.json,600,f2d8dd7ad9ef6adb40f0789aedb269e0b0140f45d7ca64637b70cdd3bd1bdc39
data,more_ores_more_gems,recipe,kubejs/data/more_ores_more_gems/recipe/make_thalassium_shield.json,.json,610,cd3d4e89d7e52fa16da4f437b9e1d62ea6115b2628eeed9f6203af0cb370920d
data,more_ores_more_gems,recipe,kubejs/data/more_ores_more_gems/recipe/make_titanium_shield.json,.json,605,91ee7e1850da858484c2df8c296882d2636c8437c13d318c582a523c3e78d0fb
data,more_ores_more_gems,recipe,kubejs/data/more_ores_more_gems/recipe/make_titanium_stick.json,.json,518,565dbf8e15a46541b6237a60ad54e6db61f48eef69f966fa17d3029a958ca37c
data,more_ores_more_gems,recipe,kubejs/data/more_ores_more_gems/recipe/make_titanium_stick_2.json,.json,518,e922b0d070b0336c070d57e8c90a8c608b83b27af9a299e7f190f3dc9a1f7ffa
data,more_ores_more_gems,recipe,kubejs/data/more_ores_more_gems/recipe/make_titanium_stick_3.json,.json,512,751f0a4a5b04ee5d9094277b11d803acd9e09d4222c6b5c6aca6671e3d476d65
data,more_ores_more_gems,recipe,kubejs/data/more_ores_more_gems/recipe/make_titanium_stick_4.json,.json,512,751f0a4a5b04ee5d9094277b11d803acd9e09d4222c6b5c6aca6671e3d476d65
data,more_ores_more_gems,recipe,kubejs/data/more_ores_more_gems/recipe/make_titanium_stick_5.json,.json,512,751f0a4a5b04ee5d9094277b11d803acd9e09d4222c6b5c6aca6671e3d476d65
data,more_ores_more_gems,recipe,kubejs/data/more_ores_more_gems/recipe/make_tungsten_shield.json,.json,612,4b050e035f3133ba7e12221c25f8a87daeac130266bd1ade6ece8fe21bd9f437
data,more_ores_more_gems,recipe,kubejs/data/more_ores_more_gems/recipe/make_weird_frost_opal.json,.json,854,8ea6f17c12cdd34b1d3b20645a97ebd403b019934ec5620fe123ae39ba180b7f
data,more_ores_more_gems,recipe,kubejs/data/more_ores_more_gems/recipe/making_uranium_tnt.json,.json,623,f67b56d2b2f63bbd28a2276714788b5bd9a6a5a07d88cc9369c264fec411fdd6
data,more_ores_more_gems,recipe,kubejs/data/more_ores_more_gems/recipe/monel_armor_boots_recipe.json,.json,462,a6b0a60f62dbcd5e3274b5e41dfa0062a83ea80dba69016422e07c00030a3183
data,more_ores_more_gems,recipe,kubejs/data/more_ores_more_gems/recipe/monel_armor_chestplate_recipe.json,.json,495,94b1c6242025f2c0592d6652327eb9857154a6c4cbf44d401502755ee4c6f6bd
data,more_ores_more_gems,recipe,kubejs/data/more_ores_more_gems/recipe/monel_armor_helmet_recipe.json,.json,463,270480674805afe89a6a4a97c31d0b3a6e336c10b97633bbf693501884ec7168
data,more_ores_more_gems,recipe,kubejs/data/more_ores_more_gems/recipe/monel_armor_leggings_recipe.json,.json,493,be99b98beeb2caea1f64cc75229b150c7cca85d00b189a55b419f1acf3a902e3
data,more_ores_more_gems,recipe,kubejs/data/more_ores_more_gems/recipe/monel_axe_recipe.json,.json,583,f8ce9dda2506145735b5afc0573058b3abd42015bc0e6637b6d8d18d07383643
data,more_ores_more_gems,recipe,kubejs/data/more_ores_more_gems/recipe/monel_hoe_recipe.json,.json,583,98e25e2d6abdfbec408e4dde7b08acce59b6688108862f100bf4e92f1a749dda
data,more_ores_more_gems,recipe,kubejs/data/more_ores_more_gems/recipe/monel_pickaxe_recipe.json,.json,590,f7dfb18e3b14c74caa4dc1f1caa7dcb02c05604dccae6e9fd3975ed993c78293
data,more_ores_more_gems,recipe,kubejs/data/more_ores_more_gems/recipe/monel_shovel_recipe.json,.json,583,4cfbc78dcc49521ef6bc65cac9af4f41078beb07d05266c02c5cbfd2386cb066
data,more_ores_more_gems,recipe,kubejs/data/more_ores_more_gems/recipe/monel_sword_recipe.json,.json,582,c82f50d9e65dc54670f20d48a46d7cb08dc6db4cb3cb2076f48ef410d50afdf7
data,more_ores_more_gems,recipe,kubejs/data/more_ores_more_gems/recipe/mysticrain_axe_recipe.json,.json,611,e264ec32c3e6bbdbc796cacde0a0ae3bc868cf5c1489169a2e4fe16b9e8c5197
data,more_ores_more_gems,recipe,kubejs/data/more_ores_more_gems/recipe/mysticrain_hoe_recipe.json,.json,611,74a1e48182fb7fb1a4007e6991bb21f7893dc59a28e753afe281121f585f17a3
data,more_ores_more_gems,recipe,kubejs/data/more_ores_more_gems/recipe/mysticrain_pickaxe_recipe.json,.json,618,c15c43fa1863f66a198d1848dab193b6ef4d10aeffa51e701878da5db7d17110
data,more_ores_more_gems,recipe,kubejs/data/more_ores_more_gems/recipe/mysticrain_shovel_recipe.json,.json,611,e7941d2f68432c937c5a6f5db0662220e58c90fc75cc69f8b0432ec0c67ed162
data,more_ores_more_gems,recipe,kubejs/data/more_ores_more_gems/recipe/mysticrain_sword_recipe.json,.json,610,517d348d01cbc18819cf18a4122bd0a6ed10dc2d0b56c914d536dcb01517520d
data,more_ores_more_gems,recipe,kubejs/data/more_ores_more_gems/recipe/neptunium_armor_boots_recipe.json,.json,470,b02d5c7c4d5875cf6d1b41816586b106ec8c2330e998d5bf68ed693119f1f3a8
data,more_ores_more_gems,recipe,kubejs/data/more_ores_more_gems/recipe/neptunium_armor_chestplate_recipe.json,.json,503,13028af045f3d9658a123174b88fb8f4b804c32c7e3edab72198cadf6a813547
data,more_ores_more_gems,recipe,kubejs/data/more_ores_more_gems/recipe/neptunium_armor_helmet_recipe.json,.json,471,2ecb397a4ddbcbdfc9b2a660a163293e93c20e369a1970d96c235cf60c061b0f
data,more_ores_more_gems,recipe,kubejs/data/more_ores_more_gems/recipe/neptunium_armor_leggings_recipe.json,.json,501,c5be5737f7fcfc87ceda8b1c82d9ecc9e606d9db7a06a4866b3aab2af7009bfa
data,more_ores_more_gems,recipe,kubejs/data/more_ores_more_gems/recipe/neptunium_axe_recipe.json,.json,602,368fe14034a2e0cf0673fb76b61f0ff2de8f6048a3af8165997bb06908551d84
data,more_ores_more_gems,recipe,kubejs/data/more_ores_more_gems/recipe/neptunium_hoe_recipe.json,.json,602,112978ba7528b9e692ed5c869982c563d7183cacc77bce60c477a9d855a3c28e
data,more_ores_more_gems,recipe,kubejs/data/more_ores_more_gems/recipe/neptunium_pickaxe_recipe.json,.json,609,341e442fff04ea83ed31c7309db22b1caec01f6c9fbc45c71701b2836f146e94
data,more_ores_more_gems,recipe,kubejs/data/more_ores_more_gems/recipe/neptunium_shovel_recipe.json,.json,602,fc5613b9f1ea0e05b45729136d664b4a272750bd6b013db3c27098bce50422b9
data,more_ores_more_gems,recipe,kubejs/data/more_ores_more_gems/recipe/neptunium_sword_recipe.json,.json,601,daba65f1846c90a3f51cf0bd6b84ccdf40b2708ebabb001a73eabf0b218ac26d
data,more_ores_more_gems,recipe,kubejs/data/more_ores_more_gems/recipe/nickel_armor_boots_recipe.json,.json,464,854c2f698eacaecae6a89569776b18541236b88cfc3f5553bb8cf3ef7f68b8da
data,more_ores_more_gems,recipe,kubejs/data/more_ores_more_gems/recipe/nickel_armor_chestplate_recipe.json,.json,497,18b30db2212d3e4efe1196496eb04d1e797bc2c9103719f2e2663335e2d2f2b4
data,more_ores_more_gems,recipe,kubejs/data/more_ores_more_gems/recipe/nickel_armor_helmet_recipe.json,.json,465,99fd428c90c02ff30f70baf04e3bec329aa2a7f7a02fd3323428680055684e6f
data,more_ores_more_gems,recipe,kubejs/data/more_ores_more_gems/recipe/nickel_armor_leggings_recipe.json,.json,495,e642bd34b657727d39f09ab53b66c6fddb45f51316d85398de5abaa7da82eef6
data,more_ores_more_gems,recipe,kubejs/data/more_ores_more_gems/recipe/nickel_axe_recipe.json,.json,585,f193717879188082b66cb213149f5d82d17b3963ef0094d7f3f427fcd504d726
data,more_ores_more_gems,recipe,kubejs/data/more_ores_more_gems/recipe/nickel_hoe_recipe.json,.json,585,5842a6c7c7fbcefcd69b60ce64b45e9df7fe9905f1d7571300fbc42dad1224fa
data,more_ores_more_gems,recipe,kubejs/data/more_ores_more_gems/recipe/nickel_pickaxe_recipe.json,.json,592,f43df9b5d7209f739dcece7c2fcc280e7e31cd7ef3535f8dc732cba48f9928c3
data,more_ores_more_gems,recipe,kubejs/data/more_ores_more_gems/recipe/nickel_shovel_recipe.json,.json,585,40df4b691f8a0f1c2e345a60858bf47a4948652d1ebfada59e6c71c64097997b
data,more_ores_more_gems,recipe,kubejs/data/more_ores_more_gems/recipe/nickel_sword_recipe.json,.json,584,452352e8f549a76a75371ea29a3d47d05b2f16d2bbb4dfc2f6db02dc5d590047
data,more_ores_more_gems,recipe,kubejs/data/more_ores_more_gems/recipe/nitinol_axe_recipe.json,.json,587,85a93136338f52da8ec007e815db4eb064c2d86e4bf0638aff45f1959ca7004a
data,more_ores_more_gems,recipe,kubejs/data/more_ores_more_gems/recipe/nitinol_hoe_recipe.json,.json,587,6079b9b9e7709c4ebdd9e34aa35ec5ededa88cb17489d4e533e70716990a04f5
data,more_ores_more_gems,recipe,kubejs/data/more_ores_more_gems/recipe/nitinol_pickaxe_recipe.json,.json,594,138f6ce0168dfb1c13c12fd9cde0bbee898c49bc6d2e90dd403912abd0c29442
data,more_ores_more_gems,recipe,kubejs/data/more_ores_more_gems/recipe/nitinol_shovel_recipe.json,.json,587,4be4a3cbda0b3f63ffa07590c782bcf07659aa699517a83a2fb033b345d5aa96
data,more_ores_more_gems,recipe,kubejs/data/more_ores_more_gems/recipe/nitinol_sword_recipe.json,.json,586,d402525145d3aad7412f033a969351b15433d346180be75c3c90e45dc19695c0
data,more_ores_more_gems,recipe,kubejs/data/more_ores_more_gems/recipe/opal_quartz_armor_boots_recipe.json,.json,478,efadffc28561d85892fd0abe45390bf8f06dd1281736d1d057900cabc70ffee0
data,more_ores_more_gems,recipe,kubejs/data/more_ores_more_gems/recipe/opal_quartz_armor_chestplate_recipe.json,.json,511,2368ca64afa96bfe2885767acb1a7494069d95bb6a33966272b1314f6533d402
data,more_ores_more_gems,recipe,kubejs/data/more_ores_more_gems/recipe/opal_quartz_armor_helmet_recipe.json,.json,479,4f7062c00297c40d3166fa48fce5ef23864d1e98f592d17a1f47503034042787
data,more_ores_more_gems,recipe,kubejs/data/more_ores_more_gems/recipe/opal_quartz_armor_leggings_recipe.json,.json,509,9e993d1d3e9f79a7ffd6de8c639157ffb6af595cfe3c8f8e7d0dd3a2a9f57e25
data,more_ores_more_gems,recipe,kubejs/data/more_ores_more_gems/recipe/opal_quartz_axe_recipe.json,.json,610,fab8dc1da81de1b5378753c787325cb08ed6caef799d4fe282f14eb24e969a07
data,more_ores_more_gems,recipe,kubejs/data/more_ores_more_gems/recipe/opal_quartz_hoe_recipe.json,.json,610,6315477ebb04600357abc836fcea689e3b95d12c889365e4475db5b255befe42
data,more_ores_more_gems,recipe,kubejs/data/more_ores_more_gems/recipe/opal_quartz_pickaxe_recipe.json,.json,617,a3bd84b310995c3e909b873df63efda3b96011dff4fca17ebe30fea47eb01488
data,more_ores_more_gems,recipe,kubejs/data/more_ores_more_gems/recipe/opal_quartz_shovel_recipe.json,.json,610,d2682ce93723c7cbd694b343651267f0e03871e9ecfc0519f6798c2fccca24d1
data,more_ores_more_gems,recipe,kubejs/data/more_ores_more_gems/recipe/opal_quartz_sword_recipe.json,.json,609,c4a260d9886f282581509a789b8330d52fb66e9a1994ed1f74abe5a3e721d22d
data,more_ores_more_gems,recipe,kubejs/data/more_ores_more_gems/recipe/orange_fluorite_axe_recipe.json,.json,601,16c3b03a30ad3ee59d49da7aaec533edb96a408e97287e501c7f338618c89410
data,more_ores_more_gems,recipe,kubejs/data/more_ores_more_gems/recipe/orange_fluorite_hoe_recipe.json,.json,601,d6e752eabb6141d0e6b5fa2955c4f75ec42ae82d6cfd1a7af844d7893d01cf37
data,more_ores_more_gems,recipe,kubejs/data/more_ores_more_gems/recipe/orange_fluorite_pickaxe_recipe.json,.json,608,fcba0d5f6c4e109efe693de7bf8d7f8a8904031e1566ade36f7b006cc927cde0
data,more_ores_more_gems,recipe,kubejs/data/more_ores_more_gems/recipe/orange_fluorite_shovel_recipe.json,.json,601,bb4699156ad8acc04bf965092730101f5e05d2264f239db50d60ab7af6233a4f
data,more_ores_more_gems,recipe,kubejs/data/more_ores_more_gems/recipe/orange_fluorite_sword_recipe.json,.json,600,fd7d071d68ffaa58c18d53cf1fd479bac7d223677298bc0b21ef852ef96f9dc6
data,more_ores_more_gems,recipe,kubejs/data/more_ores_more_gems/recipe/orange_pink_fluorite_axe_recipe.json,.json,610,c27d0435afd9742264eee725cbadee79db067549c7c539f04990d3c0b1a5f360
data,more_ores_more_gems,recipe,kubejs/data/more_ores_more_gems/recipe/orange_pink_fluorite_hoe_recipe.json,.json,610,0742884cb315d8627e7dda44c4be5b6c9e9dc799f9a1df0afe9b862c8ff24493
data,more_ores_more_gems,recipe,kubejs/data/more_ores_more_gems/recipe/orange_pink_fluorite_pickaxe_recipe.json,.json,617,7b6d9199bc085c00727342532271dba99ce1884763a057e0eddec73cac3d6ea1
data,more_ores_more_gems,recipe,kubejs/data/more_ores_more_gems/recipe/orange_pink_fluorite_shovel_recipe.json,.json,610,7ef8b17d41882de08123d8062a051e56f6a4ed5c3b12ca9d97d45d3cffa9a353
data,more_ores_more_gems,recipe,kubejs/data/more_ores_more_gems/recipe/orange_pink_fluorite_sword_recipe.json,.json,609,359265b31cae1d2a92ccdca2c52d81be50ebe35f5363a6fbf3d292bd1863b4cd
data,more_ores_more_gems,recipe,kubejs/data/more_ores_more_gems/recipe/padparadscha_5_armor_boots_recipe.json,.json,478,d0aca6f8d138cd8ac0434298b43f9ce508a2aafff757942b250608cf2dfba16e
data,more_ores_more_gems,recipe,kubejs/data/more_ores_more_gems/recipe/padparadscha_5_armor_chestplate_recipe.json,.json,511,c57a689c4e047baae6baaff1ec2b000216e812438602faec0ca7350cbab53429
data,more_ores_more_gems,recipe,kubejs/data/more_ores_more_gems/recipe/padparadscha_5_armor_helmet_recipe.json,.json,479,7782933c2bc81eefd8e4138f0376db6643cdc24ff3ab874f7cd6d46348064109
data,more_ores_more_gems,recipe,kubejs/data/more_ores_more_gems/recipe/padparadscha_5_armor_leggings_recipe.json,.json,509,12b28d67824652cd083f64948d8f5526de0ce5aaca3910d3af1f3f7c2b2604c6
data,more_ores_more_gems,recipe,kubejs/data/more_ores_more_gems/recipe/padparadscha_5_axe_recipe.json,.json,596,a9b2f545f18fc75ce831259113f5793eed119bf16e8f95f1259d75ab2dca3aa7
data,more_ores_more_gems,recipe,kubejs/data/more_ores_more_gems/recipe/padparadscha_5_hoe_recipe.json,.json,596,03a2fc56d578b869c756adb8784cf43a7e47b822899145cf6bb467971ed44993
data,more_ores_more_gems,recipe,kubejs/data/more_ores_more_gems/recipe/padparadscha_5_pickaxe_recipe.json,.json,603,69469154335c720d34824183ad0339e84daf7680cae76543a9651955e19d40b8
data,more_ores_more_gems,recipe,kubejs/data/more_ores_more_gems/recipe/padparadscha_5_shovel_recipe.json,.json,596,c7d666de3d89904488fccf2d84f57b4b36bd4cf3db579a890c3c614ce8d2d0b6
data,more_ores_more_gems,recipe,kubejs/data/more_ores_more_gems/recipe/padparadscha_5_sword_recipe.json,.json,595,d143079452b4ea85afeae1fd16af40fe517d009ed12bdfaaa30dad6e85c4d4f9
data,more_ores_more_gems,recipe,kubejs/data/more_ores_more_gems/recipe/peridot_5_armor_boots_recipe.json,.json,468,9ba32e2a664f24601978cf5ad0b4f0d6a07a92529252ebfa54575d9cb59fb605
data,more_ores_more_gems,recipe,kubejs/data/more_ores_more_gems/recipe/peridot_5_armor_chestplate_recipe.json,.json,501,9c93cf606a02d175fc050533da3ea7b906c76d879f34c652854be97b3cb749d5
data,more_ores_more_gems,recipe,kubejs/data/more_ores_more_gems/recipe/peridot_5_armor_helmet_recipe.json,.json,469,9b31f69e1d6d891302af13efbaa6a36a6dcd487c0d31499b162f4241ed4acc39
data,more_ores_more_gems,recipe,kubejs/data/more_ores_more_gems/recipe/peridot_5_armor_leggings_recipe.json,.json,499,f8c65edf2df4fcccef8305d7ee047f5ed1d7b938e6855f7528434ab4aa809754
data,more_ores_more_gems,recipe,kubejs/data/more_ores_more_gems/recipe/peridot_5_axe_recipe.json,.json,586,2479e5420b052488e9f7f8b801c77074c42d6731a247dab7c534067a894374c7
data,more_ores_more_gems,recipe,kubejs/data/more_ores_more_gems/recipe/peridot_5_hoe_recipe.json,.json,586,bab8f213c3bc29ef2723010938db2dbc212d940f7e96611a894e476b362ffd28
data,more_ores_more_gems,recipe,kubejs/data/more_ores_more_gems/recipe/peridot_5_pickaxe_recipe.json,.json,593,5e8852d8e2ac0bfcfbf00f7b1ec1fb94fab4c8fabc41117e2aeb5e05034f6f93
data,more_ores_more_gems,recipe,kubejs/data/more_ores_more_gems/recipe/peridot_5_shovel_recipe.json,.json,586,12a37ab7e70e256da63096e588603160c67976ac93a3c5cd0803844f0e89591c
data,more_ores_more_gems,recipe,kubejs/data/more_ores_more_gems/recipe/peridot_5_sword_recipe.json,.json,585,c3273678d09051ccfd38e8ea9dc789f2dda9d74497d8db533fdd9e121fd85be7
data,more_ores_more_gems,recipe,kubejs/data/more_ores_more_gems/recipe/pink_axe_recipe.json,.json,580,9bf130ad442eae03760cf867a7cb429b81ef06c4e4c0f1f2a3fbe26de05f1a97
data,more_ores_more_gems,recipe,kubejs/data/more_ores_more_gems/recipe/pink_flourite_axe_recipe.json,.json,597,2073678c1d79a580725d7ea62afb1fdd761cf1946f95e11bc757467104a682c7
data,more_ores_more_gems,recipe,kubejs/data/more_ores_more_gems/recipe/pink_flourite_hoe_recipe.json,.json,597,317e445c2813f04d273437f9e820f5bb7188f698a41f7b9ab02a8970dd32338b
data,more_ores_more_gems,recipe,kubejs/data/more_ores_more_gems/recipe/pink_flourite_pickaxe_recipe.json,.json,604,c4af661d57336e9563fb695d7c6cbd9dbf94cf50759cbdae5cd50ad1a06da2f6
data,more_ores_more_gems,recipe,kubejs/data/more_ores_more_gems/recipe/pink_flourite_shovel_recipe.json,.json,597,c64c41dbb43e42946d8a78ade3f09bfa52133af16494725ebd9bf5013351cca5
data,more_ores_more_gems,recipe,kubejs/data/more_ores_more_gems/recipe/pink_flourite_sword_recipe.json,.json,596,25af8f4a664ad1949aa133ccb7ffe58f48aa3311efeef6f06fa05f1c8740e872
data,more_ores_more_gems,recipe,kubejs/data/more_ores_more_gems/recipe/pink_hoe_recipe.json,.json,580,8d935b97844a6be55ae3dcd94d5ecb98e6b5cd15ea907556135ef56858d9fecd
data,more_ores_more_gems,recipe,kubejs/data/more_ores_more_gems/recipe/pink_opal_gem_armor_boots_recipe.json,.json,474,cdc99e9c6bf244f747ca33755e5df291dee5287540991ed74c840078e3b2c8e3
data,more_ores_more_gems,recipe,kubejs/data/more_ores_more_gems/recipe/pink_opal_gem_armor_chestplate_recipe.json,.json,507,b985ce0aeafa06769c26404e4bcad6613524eafdf10fc8b6cca12e8edf926eff
data,more_ores_more_gems,recipe,kubejs/data/more_ores_more_gems/recipe/pink_opal_gem_armor_helmet_recipe.json,.json,475,d133ea8c831feb4bb4baefeb5acef1076dac1d8f1967101e5b78972aa2caa88c
data,more_ores_more_gems,recipe,kubejs/data/more_ores_more_gems/recipe/pink_opal_gem_armor_leggings_recipe.json,.json,505,b9e1524a2e669560bba5904bbb4f1969378d1798efcf18e624b77d4af65d270f
data,more_ores_more_gems,recipe,kubejs/data/more_ores_more_gems/recipe/pink_pickaxe_recipe.json,.json,587,d3ebe338d224cf758c3d3bde96efd3438600df0f5ae04c601a0a7d48b805cee0
data,more_ores_more_gems,recipe,kubejs/data/more_ores_more_gems/recipe/pink_shovel_recipe.json,.json,580,393a2e9c3ffc48df12e03c0891e157f2d1e374c4e58fbcd1d18b868d9c086957
data,more_ores_more_gems,recipe,kubejs/data/more_ores_more_gems/recipe/pink_sword_recipe.json,.json,579,0046c900e7b28983b75735e2622eecdb9ebd6ea09920118026f1482b7c412010
data,more_ores_more_gems,recipe,kubejs/data/more_ores_more_gems/recipe/platinum_armor_boots_recipe.json,.json,468,ebf1568e8d946064a02ccb36965254af6c62807a536a45ed7e175dc4b2bee391
data,more_ores_more_gems,recipe,kubejs/data/more_ores_more_gems/recipe/platinum_armor_chestplate_recipe.json,.json,501,f0538c477514fee1292a188f2b3cca7d73df9a8a74c6d8d7fb688d3a402b8f5f
data,more_ores_more_gems,recipe,kubejs/data/more_ores_more_gems/recipe/platinum_armor_helmet_recipe.json,.json,469,05ef621591b11d2fe5c73486ac56ba7d4e8e7d78bc72bcb71e3bcf02aa2772f0
data,more_ores_more_gems,recipe,kubejs/data/more_ores_more_gems/recipe/platinum_armor_leggings_recipe.json,.json,499,c619e3130fcdd43afbcdfba98d20126d6aaf59c71e4d176060f3e6b867876c62
data,more_ores_more_gems,recipe,kubejs/data/more_ores_more_gems/recipe/platinum_axe_recipe.json,.json,606,dd1c595d4507dadcf66d1b89d7453ad3ac7b644a7a80c99f52d8d0d57d20734c
data,more_ores_more_gems,recipe,kubejs/data/more_ores_more_gems/recipe/platinum_hoe_recipe.json,.json,606,8b54d88553b14b490d11ddf608fb0aa6ae15101347b6ca242044c294ff88982f
data,more_ores_more_gems,recipe,kubejs/data/more_ores_more_gems/recipe/platinum_pickaxe_recipe.json,.json,613,4d35e002727bb7f12f4c2d4176d7f60a11473ea32972527498fc1c332ec4bfd5
data,more_ores_more_gems,recipe,kubejs/data/more_ores_more_gems/recipe/platinum_shovel_recipe.json,.json,606,7738d660e8103fe259ec4c12e03fb9b627bd479c73da527cc4c673cb8b039abf
data,more_ores_more_gems,recipe,kubejs/data/more_ores_more_gems/recipe/platinum_sword_recipe.json,.json,605,2ec1e9efd16a6030fce90c7a9caded8cd2f4866f45117afdd9d3fbdf24955207
data,more_ores_more_gems,recipe,kubejs/data/more_ores_more_gems/recipe/purple_fluorite_axe_recipe.json,.json,601,5cfbfbadee3016839e33ea352ee0eff55039fa37938e927e3d572b80fa7b89cc
data,more_ores_more_gems,recipe,kubejs/data/more_ores_more_gems/recipe/purple_fluorite_hoe_recipe.json,.json,601,0970f7af1bf432b47089c321dc8e7118b38400970e9fef3647d6b3b4216a006e
data,more_ores_more_gems,recipe,kubejs/data/more_ores_more_gems/recipe/purple_fluorite_pickaxe_recipe.json,.json,608,ba5c33ba2986f4c1f43d98a769e86048b7a9be5bfef0eab0106e79d94a6d7b0c
data,more_ores_more_gems,recipe,kubejs/data/more_ores_more_gems/recipe/purple_fluorite_shovel_recipe.json,.json,601,d006e02a2acd6e65297b276d5fd59f82fc805ca6fd5053c4c4422ed1138e4d7a
data,more_ores_more_gems,recipe,kubejs/data/more_ores_more_gems/recipe/purple_fluorite_sword_recipe.json,.json,600,695789ab377666e5ccf4aaf14e0cff1db840df1351f611469476631743c27124
data,more_ores_more_gems,recipe,kubejs/data/more_ores_more_gems/recipe/purple_green_fluorite_axe_recipe.json,.json,612,a1002bdf4dbdd37d0c98f31262706a6bf6ae8f4cc9417ddf2c6ee1446e275ded
data,more_ores_more_gems,recipe,kubejs/data/more_ores_more_gems/recipe/purple_green_fluorite_hoe_recipe.json,.json,612,b8bd83176edbacbcad78346304aecf9e9194a96fa8fb3684ea86251fdfdb2991
data,more_ores_more_gems,recipe,kubejs/data/more_ores_more_gems/recipe/purple_green_fluorite_pickaxe_recipe.json,.json,619,f7d24da4cbf413cbb7587f3d1f7a6f489013bb197d6d5afcd73f67bd7ea08adc
data,more_ores_more_gems,recipe,kubejs/data/more_ores_more_gems/recipe/purple_green_fluorite_shovel_recipe.json,.json,612,10deacc7884bf90223d7034a8971a2f79eae4fe2370924c776dd6023a7f4d7b4
data,more_ores_more_gems,recipe,kubejs/data/more_ores_more_gems/recipe/purple_green_fluorite_sword_recipe.json,.json,611,f0ba2b9d3027f2c239dfa0334f8324053238517c234ed48f4c5eb88760aba10d
data,more_ores_more_gems,recipe,kubejs/data/more_ores_more_gems/recipe/radium_axe_recipe.json,.json,599,fad9e45dd932b4e48374ce932875a5ca13fbf5e228b0cfd89b82fc43b256a173
data,more_ores_more_gems,recipe,kubejs/data/more_ores_more_gems/recipe/radium_hoe_recipe.json,.json,599,0be24a3fb52b6be290e737174b5780bb3d733d522f1a55aa317ab9c92045bf44
data,more_ores_more_gems,recipe,kubejs/data/more_ores_more_gems/recipe/radium_pickaxe_recipe.json,.json,606,3a05983b28845df3bf77a27a0b83942c2f7538fe813bac7ed9953716976ca31b
data,more_ores_more_gems,recipe,kubejs/data/more_ores_more_gems/recipe/radium_shovel_recipe.json,.json,599,b63aa81fa28743557ab11f7ee184d58425c5b6e1f8cbe8b05d71ff49fc6e8f74
data,more_ores_more_gems,recipe,kubejs/data/more_ores_more_gems/recipe/radium_sword_recipe.json,.json,598,867e5b9f6c8454572f759e5cc6e2c5cf009bfc5ff07318fdb2c5cd9260a2b91d
data,more_ores_more_gems,recipe,kubejs/data/more_ores_more_gems/recipe/rainbow_fluorite_axe_recipe.json,.json,605,1bce1f176ef2bb77d5f710272b7348ff8d508dc9a37d392fc719cea35ffba5d6
data,more_ores_more_gems,recipe,kubejs/data/more_ores_more_gems/recipe/rainbow_fluorite_hoe_recipe.json,.json,605,b4681bfe1dd093620dc0d08f8d912745abbcc5d63313b269a0b645c0a138ff5c
data,more_ores_more_gems,recipe,kubejs/data/more_ores_more_gems/recipe/rainbow_fluorite_pickaxe_recipe.json,.json,612,ffa37b3eb7dfc497f09c49611493b451fb65f948e892471d70e195d6a2422814
data,more_ores_more_gems,recipe,kubejs/data/more_ores_more_gems/recipe/rainbow_fluorite_shovel_recipe.json,.json,605,225376064043dfd2157f77124507921b6f16da695ccaa611dd38785b3324e5b8
data,more_ores_more_gems,recipe,kubejs/data/more_ores_more_gems/recipe/rainbow_fluorite_sword_recipe.json,.json,604,03bbca3dadd7a1d116cd5882678eacad9cea09543e5fcf7b5fa25c52f8f02f49
data,more_ores_more_gems,recipe,kubejs/data/more_ores_more_gems/recipe/rare_axe_recipe.json,.json,584,bc0557d7271e39eb904f92b0daed0509f022c6857ee558b1409895b334d7c88c
data,more_ores_more_gems,recipe,kubejs/data/more_ores_more_gems/recipe/rare_hoe_recipe.json,.json,584,937949f468304d5c688c67c02d7a5c748e27d4f78cf46037af3323b8d67888ee
data,more_ores_more_gems,recipe,kubejs/data/more_ores_more_gems/recipe/rare_pickaxe_recipe.json,.json,591,21b51b422cab606dec9a3752fc4da5a67a4f8de096f5a65411bdcfbaf41645ec
data,more_ores_more_gems,recipe,kubejs/data/more_ores_more_gems/recipe/rare_sapphirel_armor_boots_recipe.json,.json,479,ba771b691d297d1b76224e2eb3f3a87d6ee4442fa00fc693b2e018c7ac671b43
data,more_ores_more_gems,recipe,kubejs/data/more_ores_more_gems/recipe/rare_sapphirel_armor_chestplate_recipe.json,.json,512,f7298e86ed81d53966c5b191fb5e3c34db68dfb280867af5193e2fe000886427
data,more_ores_more_gems,recipe,kubejs/data/more_ores_more_gems/recipe/rare_sapphirel_armor_helmet_recipe.json,.json,480,f9081844dd7c15f09715ae29c486b96329404801229a0d17c8d481bfa7d87942
data,more_ores_more_gems,recipe,kubejs/data/more_ores_more_gems/recipe/rare_sapphirel_armor_leggings_recipe.json,.json,510,6431e83940bdb40da266f4545bc1ca666e96165e9adc57c9dc6034fbc9b7a519
data,more_ores_more_gems,recipe,kubejs/data/more_ores_more_gems/recipe/rare_shovel_recipe.json,.json,584,66028ac6f4580e515c9c54bd6020f7d88e5958fe5ecfd26aa6647c5c3e1e403b
data,more_ores_more_gems,recipe,kubejs/data/more_ores_more_gems/recipe/rare_sword_recipe.json,.json,583,60d6efcf56ebb25125b228ea07db14fcf170cb1a814d1eca1d0f8a41eb7353e7
data,more_ores_more_gems,recipe,kubejs/data/more_ores_more_gems/recipe/rhodium_armor_boots_recipe.json,.json,466,03c798611a4eaae752dd51fcd68b54f32fb12524dd9324750585b3c19adee017
data,more_ores_more_gems,recipe,kubejs/data/more_ores_more_gems/recipe/rhodium_armor_chestplate_recipe.json,.json,499,5a1dd965d73fdf94e5f138497d641e5c79b5af80b2d02bd2eb439851ae413075
data,more_ores_more_gems,recipe,kubejs/data/more_ores_more_gems/recipe/rhodium_armor_helmet_recipe.json,.json,467,431a618d9084344bd114a6ad7535c76488fd36ca1047268bd0965040023375f5
data,more_ores_more_gems,recipe,kubejs/data/more_ores_more_gems/recipe/rhodium_armor_leggings_recipe.json,.json,497,ed9350addce3affba3e1a9d4a480dc691bb85f4ce0ea3e593485fed1f0fa254e
data,more_ores_more_gems,recipe,kubejs/data/more_ores_more_gems/recipe/rhodium_axe_recipe.json,.json,587,5e8306bac107de1dbd1bd89804873c5391b40f164e3c1da1e7f5457a00ea0f17
data,more_ores_more_gems,recipe,kubejs/data/more_ores_more_gems/recipe/rhodium_hoe_recipe.json,.json,587,07c455a44342e06857298293e000afcbd6c5a3082d952366fc2346741cd7cde3
data,more_ores_more_gems,recipe,kubejs/data/more_ores_more_gems/recipe/rhodium_pickaxe_recipe.json,.json,594,19b1a8cf5e2365b65063bbba462def1c9a53f2024d0b2df6721257f44ceb7470
data,more_ores_more_gems,recipe,kubejs/data/more_ores_more_gems/recipe/rhodium_shovel_recipe.json,.json,587,294c1ceadc35c8733e1722dfeaec0216c2b7de3aa18fbf485c284dd878531490
data,more_ores_more_gems,recipe,kubejs/data/more_ores_more_gems/recipe/rhodium_sword_recipe.json,.json,586,3e988a9dcc025e45addd1b6393ba60babbf62f04372fa33d7883de830c836f5c
data,more_ores_more_gems,recipe,kubejs/data/more_ores_more_gems/recipe/rose_gold_armor_boots_recipe.json,.json,470,b86bd0602eae2fee1116860737216d8b4b926031f17fa430eff405d21e9c2991
data,more_ores_more_gems,recipe,kubejs/data/more_ores_more_gems/recipe/rose_gold_armor_chestplate_recipe.json,.json,503,468c7155c1b90066427f98e1b311f1aaaf65bd998d092eaa8a80bc8fa82ff0cb
data,more_ores_more_gems,recipe,kubejs/data/more_ores_more_gems/recipe/rose_gold_armor_helmet_recipe.json,.json,471,9ed06074debeef44ccc4e3f87094e84f492e9e6b14b893843ba4fe994089d8a2
data,more_ores_more_gems,recipe,kubejs/data/more_ores_more_gems/recipe/rose_gold_armor_leggings_recipe.json,.json,501,2b6bac2657d81c5b5ebbba6c52eaf8a52abe65ecdf5cb88dce79ed2d54fc17b4
data,more_ores_more_gems,recipe,kubejs/data/more_ores_more_gems/recipe/rose_gold_axe_recipe.json,.json,608,2cdbfd307a329525660c1d08f6b3d0ae5d59549046a2c8cf33f5f1ad75660df6
data,more_ores_more_gems,recipe,kubejs/data/more_ores_more_gems/recipe/rose_gold_hoe_recipe.json,.json,608,e46a17db6d7b13b1477c59b811bd5820735d4f4dfe557eb3b7685e679f0892b9
data,more_ores_more_gems,recipe,kubejs/data/more_ores_more_gems/recipe/rose_gold_pickaxe_recipe.json,.json,615,d05ee15432e617912feff6367fe6234bac3268e82e51e4e68ecf56417cb815a2
data,more_ores_more_gems,recipe,kubejs/data/more_ores_more_gems/recipe/rose_gold_shovel_recipe.json,.json,608,bbc57d97f771388e1a71800b1fd4f0a793a92b66761ca6956b1dbec20982b242
data,more_ores_more_gems,recipe,kubejs/data/more_ores_more_gems/recipe/rose_gold_sword_recipe.json,.json,607,847d3399c6011b56bede54f530b315fba638de27ff5d1ed0f4a5b52c5ff96926
data,more_ores_more_gems,recipe,kubejs/data/more_ores_more_gems/recipe/ruby_armor_boots_recipe.json,.json,462,f86de711fdcd6dcb129d96c6f24c697634ffdbe4db2a0d12f00b3ed0731930af
data,more_ores_more_gems,recipe,kubejs/data/more_ores_more_gems/recipe/ruby_armor_chestplate_recipe.json,.json,495,00a596be123f7d3bcec98fcfb2a46fdd339ae58234182ea19ee2dca90367ae4d
data,more_ores_more_gems,recipe,kubejs/data/more_ores_more_gems/recipe/ruby_armor_helmet_recipe.json,.json,463,4a9d34f0ada31b31f70438cf485c86868ebb551803f6dc74e168e6053e016e9c
data,more_ores_more_gems,recipe,kubejs/data/more_ores_more_gems/recipe/ruby_armor_leggings_recipe.json,.json,493,11aaae91ddaba363b5acbecdbd71c7510d8f87669631ce07e4229c33a7e88632
data,more_ores_more_gems,recipe,kubejs/data/more_ores_more_gems/recipe/ruby_axe_recipe.json,.json,580,c05f61ec1dd164d4f8763b6f7214af9581122addeccba0c6beadcd0bd00309e7
data,more_ores_more_gems,recipe,kubejs/data/more_ores_more_gems/recipe/ruby_hoe_recipe.json,.json,580,1c5525267d9634b2d5763ff294c8bd993e18d89ab20204338e328d19e989084d
data,more_ores_more_gems,recipe,kubejs/data/more_ores_more_gems/recipe/ruby_pickaxe_recipe.json,.json,587,cc4ab7eb4cd5c2d22d06fd3e998979c0c4f24f9355446a15140d1acfa95da253
data,more_ores_more_gems,recipe,kubejs/data/more_ores_more_gems/recipe/ruby_shovel_recipe.json,.json,580,9dd6bd5403c1c371300ab7341189ed2803a3f17a512bb98b76a86f0aefeb5ec1
data,more_ores_more_gems,recipe,kubejs/data/more_ores_more_gems/recipe/ruby_sword_recipe.json,.json,579,500eea22eab3724b5e02473996bc75463c359ff28330962a5480d4f974f5d036
data,more_ores_more_gems,recipe,kubejs/data/more_ores_more_gems/recipe/sapphirel_armor_boots_recipe.json,.json,468,6e56bcc54592173f8550f2d3d177590c39322ec49f0e93f82e9f6f4838a2f6a2
data,more_ores_more_gems,recipe,kubejs/data/more_ores_more_gems/recipe/sapphirel_armor_chestplate_recipe.json,.json,501,944fcdb1fbc3cc424a2e222f349d58d77a602b9dea91fd2afdb332d4e386de8b
data,more_ores_more_gems,recipe,kubejs/data/more_ores_more_gems/recipe/sapphirel_armor_helmet_recipe.json,.json,469,3e171d36ce996ed087129787d177993c1f0aad4f2ebabf17ba3a73c5be3d2496
data,more_ores_more_gems,recipe,kubejs/data/more_ores_more_gems/recipe/sapphirel_armor_leggings_recipe.json,.json,499,86e801ff7684a0f0141b170d41581a77b4c1d22326fc1aba25c10468fc7b0dc2
data,more_ores_more_gems,recipe,kubejs/data/more_ores_more_gems/recipe/sapphirel_axe_recipe.json,.json,601,29894c517b7e9e8815002a3aa34bd7063173a2b3717f3f7d6310e129b7abbba4
data,more_ores_more_gems,recipe,kubejs/data/more_ores_more_gems/recipe/sapphirel_hoe_recipe.json,.json,601,3a5e14551b3c68c3213eeb64fd7def9401e7b4fa1ae44104677d8a64f793b308
data,more_ores_more_gems,recipe,kubejs/data/more_ores_more_gems/recipe/sapphirel_pickaxe_recipe.json,.json,608,6dc3ae817436fc17686993567e055cd79408b432035514b0ada493f8ec570857
data,more_ores_more_gems,recipe,kubejs/data/more_ores_more_gems/recipe/sapphirel_shovel_recipe.json,.json,601,b9ca5012cfd6b056ff26f9828ee6dd0d5a85244ff55c840d6c9d82ab4c0d9971
data,more_ores_more_gems,recipe,kubejs/data/more_ores_more_gems/recipe/sapphirel_sword_recipe.json,.json,600,f6fa150fb44ca2c617325f387cd8471691167d7d464607ec461368a915fc3557
data,more_ores_more_gems,recipe,kubejs/data/more_ores_more_gems/recipe/shadowite_1_axe_recipe.json,.json,590,5525eadd910883625e8809fa8b8215333956bd9ef99e2058791fa72b95220705
data,more_ores_more_gems,recipe,kubejs/data/more_ores_more_gems/recipe/shadowite_1_hoe_recipe.json,.json,590,ec45ecf9fbfa473969d1ebaed869f5bed01dd5c578a2f5d3d9d0b82235e5eb91
data,more_ores_more_gems,recipe,kubejs/data/more_ores_more_gems/recipe/shadowite_1_pickaxe_recipe.json,.json,597,66595f63621aee030af2c0bce8084d7a860dc0bcec49f0aefc7f3f2d424aafd9
data,more_ores_more_gems,recipe,kubejs/data/more_ores_more_gems/recipe/shadowite_1_shovel_recipe.json,.json,590,d46cc44ee34b0a09fe86ff12187bc909093c6f12fc561114f461ff7888824090
data,more_ores_more_gems,recipe,kubejs/data/more_ores_more_gems/recipe/shadowite_1_sword_recipe.json,.json,589,dc3c1f2ffc653d01661af3e2b9692652c5709cc2c112318db42c12908c5d4ef0
data,more_ores_more_gems,recipe,kubejs/data/more_ores_more_gems/recipe/shadowitel_armor_boots_recipe.json,.json,471,bfe04035b39cfc0f10727120012649b2a93e6f6b9483001b1ea00eeb68886d88
data,more_ores_more_gems,recipe,kubejs/data/more_ores_more_gems/recipe/shadowitel_armor_chestplate_recipe.json,.json,504,5a14c5ee82396e7b086b597e02ab462e67de5311eb9b2da066a63b8536aa04db
data,more_ores_more_gems,recipe,kubejs/data/more_ores_more_gems/recipe/shadowitel_armor_helmet_recipe.json,.json,472,d4f27f614a2a2771aef421746a0f7526fa51d391b51930f4d912c89a2becad8e
data,more_ores_more_gems,recipe,kubejs/data/more_ores_more_gems/recipe/shadowitel_armor_leggings_recipe.json,.json,502,bc6981a840ed2f564ee361017e5359cfbead0b4df2f863d6ba9cd3eb6df6ed41
data,more_ores_more_gems,recipe,kubejs/data/more_ores_more_gems/recipe/shadowsteel_armor_boots_recipe.json,.json,474,992432f83fcfa7cf035ae02d399689575fea23d0ef4caddc5fb85fbb982f95c1
data,more_ores_more_gems,recipe,kubejs/data/more_ores_more_gems/recipe/shadowsteel_armor_chestplate_recipe.json,.json,507,8c95f48f7286795f17c9736b51e3e6df4621def9f50e7a815b7d0eee99273b24
data,more_ores_more_gems,recipe,kubejs/data/more_ores_more_gems/recipe/shadowsteel_armor_helmet_recipe.json,.json,475,f055e7077c8c6030a68e8b9ec7f7bbb93c7c6ac766cb0d2f84eca89181dec6a4
data,more_ores_more_gems,recipe,kubejs/data/more_ores_more_gems/recipe/shadowsteel_armor_leggings_recipe.json,.json,505,4df4c4a96c35c308a1fd45b4a6b50716cea82c4abf1491b6793f2dd759712973
data,more_ores_more_gems,recipe,kubejs/data/more_ores_more_gems/recipe/shadowsteel_axe_recipe.json,.json,598,e625e674d6c2bbbc4855ef8fe918bca42be56cd1273c107d37ca363d985cbc8a
data,more_ores_more_gems,recipe,kubejs/data/more_ores_more_gems/recipe/shadowsteel_hoe_recipe.json,.json,598,481c7a446a02e5d1b66891e16b58cdbf0067dd8d03b43d4adf894b01bbbca3c0
data,more_ores_more_gems,recipe,kubejs/data/more_ores_more_gems/recipe/shadowsteel_pickaxe_recipe.json,.json,605,c348e3ce36889cb5b464f721494d7a94fab981eb679b6306cec57e0f22315b6b
data,more_ores_more_gems,recipe,kubejs/data/more_ores_more_gems/recipe/shadowsteel_shovel_recipe.json,.json,598,0d1ffa95b4654e8c02244815ad3a71d7e2b89273c3d5b879d15217765ad3c8a4
data,more_ores_more_gems,recipe,kubejs/data/more_ores_more_gems/recipe/shadowsteel_sword_recipe.json,.json,597,f9156751b64601c1a8cba7e2285b5a18598c86ef47c52f98742f839568c7cadd
data,more_ores_more_gems,recipe,kubejs/data/more_ores_more_gems/recipe/skysteel_5_armor_boots_recipe.json,.json,470,cccb580c012d2ed0c5a687187ad965b9289b6e4f96093dfe05c55db559824bc4
data,more_ores_more_gems,recipe,kubejs/data/more_ores_more_gems/recipe/skysteel_5_armor_chestplate_recipe.json,.json,503,1e5ee882c64370fa70b35cbb1dbe7afa598657d9d55b87cf01fd396d1ddf6ee3
data,more_ores_more_gems,recipe,kubejs/data/more_ores_more_gems/recipe/skysteel_5_armor_helmet_recipe.json,.json,471,0c36c6375df6e9948e5d3779069b0ff8fe6adc3f6b6383de1dff0392d6183c15
data,more_ores_more_gems,recipe,kubejs/data/more_ores_more_gems/recipe/skysteel_5_armor_leggings_recipe.json,.json,501,ced3b655b56993a414e09d9d0fe8abd5e2d6c4fabd05d46404ccfb596eacaddb
data,more_ores_more_gems,recipe,kubejs/data/more_ores_more_gems/recipe/skysteel_p_axe_recipe.json,.json,588,71eb9882d7025d3100b33f26898fc996a2b510760d61af29b3a4ba630f76336f
data,more_ores_more_gems,recipe,kubejs/data/more_ores_more_gems/recipe/skysteel_p_hoe_recipe.json,.json,588,c63c776459aeef0390a822bbe985cc6ec51bf65bb1d00a2eeca4e96627a0af51
data,more_ores_more_gems,recipe,kubejs/data/more_ores_more_gems/recipe/skysteel_p_pickaxe_recipe.json,.json,595,200830965c4778e41eb580f9fd8774432fd7d677c551d04e1f4c3d2ad611baaa
data,more_ores_more_gems,recipe,kubejs/data/more_ores_more_gems/recipe/skysteel_p_shovel_recipe.json,.json,588,d5b58fce9ace0a88b9003fb67d5999eed3abae35b1874a782079177ef3d23b95
data,more_ores_more_gems,recipe,kubejs/data/more_ores_more_gems/recipe/skysteel_p_sword_recipe.json,.json,587,854d46ff9211a0a7eaecdc627c8fdd379861f1c6bdd35f7941cbcee59eb0efc5
data,more_ores_more_gems,recipe,kubejs/data/more_ores_more_gems/recipe/sliver_armor_boots_recipe.json,.json,464,702d0be261921bbe565083b42ec3c21ee381da835bb60e5399f0675a8790be4e
data,more_ores_more_gems,recipe,kubejs/data/more_ores_more_gems/recipe/sliver_armor_chestplate_recipe.json,.json,497,e91fa164b48b681da6d97ad7b626a43c0370d1387207ebaa38ea32597306be19
data,more_ores_more_gems,recipe,kubejs/data/more_ores_more_gems/recipe/sliver_armor_helmet_recipe.json,.json,465,f6fca2750db051ac92023ed885af5799e78de1c9ea46a782892a61ada242237b
data,more_ores_more_gems,recipe,kubejs/data/more_ores_more_gems/recipe/sliver_armor_leggings_recipe.json,.json,495,3e066348b04d9a3465b3acad1a8c1d0b6d47c1bc723d135507e649c1b2147411
data,more_ores_more_gems,recipe,kubejs/data/more_ores_more_gems/recipe/sliver_axe_recipe.json,.json,585,68931f3d83896af2630d80a637148998037492a06bb118204f50daf9c8e98438
data,more_ores_more_gems,recipe,kubejs/data/more_ores_more_gems/recipe/sliver_hoe_recipe.json,.json,585,308ec42398a323751ca038795f2e48c102e2d1506d122565ada0ed058426364c
data,more_ores_more_gems,recipe,kubejs/data/more_ores_more_gems/recipe/sliver_pickaxe_recipe.json,.json,592,43091d61fe4971f30f2f621cd33852c185e97bbf8df8e2f98c4c0e5ebf777bfb
data,more_ores_more_gems,recipe,kubejs/data/more_ores_more_gems/recipe/sliver_shovel_recipe.json,.json,585,20ae8201271818311fcaa37888ea92ba7d1f6f11d76cb2226873e064cf47d3dc
data,more_ores_more_gems,recipe,kubejs/data/more_ores_more_gems/recipe/sliver_sword_recipe.json,.json,584,1fe2499bdbfc44c31496ad2ea41356836512dd48b873ed614f7540ae9ab17e9b
data,more_ores_more_gems,recipe,kubejs/data/more_ores_more_gems/recipe/sm_adamantite_2.json,.json,398,dbba58e47fa64e1c09abf3682df8c54766c5e953654e61fd0f660c936515b946
data,more_ores_more_gems,recipe,kubejs/data/more_ores_more_gems/recipe/sm_adamantite_4.json,.json,398,8820b1e6c328e3ab27e39536875f6f50afcd041e30cd6937f68f3fd737d2971f
data,more_ores_more_gems,recipe,kubejs/data/more_ores_more_gems/recipe/sm_antimony_2.json,.json,392,9111dadf1a7c2b4e7a4f8450b7e7bf2eeabc8f925788cb8fba35e751984994ab
data,more_ores_more_gems,recipe,kubejs/data/more_ores_more_gems/recipe/sm_antimony_3.json,.json,402,5b912597d8c7530574dbe3c6d7120d23515aeda0f76a49a8e39e6e961b26df50
data,more_ores_more_gems,recipe,kubejs/data/more_ores_more_gems/recipe/sm_antimony_5.json,.json,392,bf3dc816a45d57294197aec7f69d140ddecd4a67c31d45874ce54f95302943b1
data,more_ores_more_gems,recipe,kubejs/data/more_ores_more_gems/recipe/sm_antimony_6.json,.json,402,af5bb502d5bee4c60966f2eb29a16d77d20ef60cf896da79744af9d0049b4524
data,more_ores_more_gems,recipe,kubejs/data/more_ores_more_gems/recipe/sm_electrum_2.json,.json,392,e1d5bcff148809d4c59d200365f1fe828e795e72e086a535cafe10234471e612
data,more_ores_more_gems,recipe,kubejs/data/more_ores_more_gems/recipe/sm_electrum_3.json,.json,402,c332cd4eb5f6beae864e34e5919c013567045dee10ffd7227a9f75d42a417110
data,more_ores_more_gems,recipe,kubejs/data/more_ores_more_gems/recipe/sm_electrum_5.json,.json,392,66055696b8e0369f1c1376ac4245b6288ae44c6ee5af5441c11aad508560defb
data,more_ores_more_gems,recipe,kubejs/data/more_ores_more_gems/recipe/sm_electrum_6.json,.json,402,9cf7b67cda04fa2a0e61a42163574f4016315f16d020a3099acbc58664d33846
data,more_ores_more_gems,recipe,kubejs/data/more_ores_more_gems/recipe/sm_neptunium_2.json,.json,364,e9407f60ffef1ec489d4eea0e42c719734b8dfb4a63c0086ba888482b0041433
data,more_ores_more_gems,recipe,kubejs/data/more_ores_more_gems/recipe/sm_neptunium_3.json,.json,374,42e3e24c41049bcbd703a99e395ffa8099776527f86ee63047a9e8640883c2dd
data,more_ores_more_gems,recipe,kubejs/data/more_ores_more_gems/recipe/sm_neptunium_5.json,.json,363,759e078f0335046ee5206deae5506d25bf544623d8e2a54c1beb948af56b7dc2
data,more_ores_more_gems,recipe,kubejs/data/more_ores_more_gems/recipe/sm_neptunium_6.json,.json,373,7dda68946cb9de5a780c184af0018ea56889cf71403a9afe33aa22d60968e03c
data,more_ores_more_gems,recipe,kubejs/data/more_ores_more_gems/recipe/sm_nickel_1.json,.json,358,03c9fab974d740c5065547b27374954582ea64abd799430e203ba73054c0a478
data,more_ores_more_gems,recipe,kubejs/data/more_ores_more_gems/recipe/sm_nickel_2.json,.json,368,bd4682185bfbb25a46162bcca982ed9a52f3027335ccda42481a102f916148de
data,more_ores_more_gems,recipe,kubejs/data/more_ores_more_gems/recipe/sm_nickel_4.json,.json,358,af62cc21b581d97893c3117406b4013c65aab61be5d571a7281a0569b3445ef1
data,more_ores_more_gems,recipe,kubejs/data/more_ores_more_gems/recipe/sm_nickel_5.json,.json,368,2c13589312bcce5394d2c8602d5d3834c250e886c9b07bcbc0173180994d3a09
data,more_ores_more_gems,recipe,kubejs/data/more_ores_more_gems/recipe/sm_platin_1.json,.json,362,a2cbc07610f400e99e57cb30a62f75e34ad920597893ea622c3935a86a615f28
data,more_ores_more_gems,recipe,kubejs/data/more_ores_more_gems/recipe/sm_platin_2.json,.json,372,9c75decd88d2e7eaa90ad81fb7b82a0c439d0f530438a4cbe9e976a462e59e61
data,more_ores_more_gems,recipe,kubejs/data/more_ores_more_gems/recipe/sm_platin_4.json,.json,362,baaad32ac6043f385250dc13487d935dcae0d829b9b7724a2d2e3a9e1b4e6e4f
data,more_ores_more_gems,recipe,kubejs/data/more_ores_more_gems/recipe/sm_platin_5.json,.json,372,5d89b461d30490ee0216426c79e119f3f0c7d6f84c2d6f4277323e3b64ea05b5
data,more_ores_more_gems,recipe,kubejs/data/more_ores_more_gems/recipe/sm_rhodium_2.json,.json,360,c2913655d55bae7bcea208bdcc82f2a79c215fd3375cb12c63b1b56ba7ba38aa
data,more_ores_more_gems,recipe,kubejs/data/more_ores_more_gems/recipe/sm_rhodium_3.json,.json,370,f9257d3ecdd60b0c1de1265d997a493fd2620b1becd244f777b4e779ac65c846
data,more_ores_more_gems,recipe,kubejs/data/more_ores_more_gems/recipe/sm_rhodium_5.json,.json,360,7de0c356862bc427eab758ed930696bc58747ff93f0cf4bdfdff61f86af454dd
data,more_ores_more_gems,recipe,kubejs/data/more_ores_more_gems/recipe/sm_rhodium_6.json,.json,370,767f06de165e88b21f8f6c2626ceafbee0373c58af417c5788a4400d16080758
data,more_ores_more_gems,recipe,kubejs/data/more_ores_more_gems/recipe/sm_thorium_2.json,.json,360,4fb65b08666130c095d01ec3565fe7825ad9e6c34302937ea2c38ee177460145
data,more_ores_more_gems,recipe,kubejs/data/more_ores_more_gems/recipe/sm_thorium_3.json,.json,370,05edee7c079b6a926210838ad971c492718cf66c93a7c1fd474ef03401f9f853
data,more_ores_more_gems,recipe,kubejs/data/more_ores_more_gems/recipe/sm_thorium_5.json,.json,360,2f3abf39326566b60b990a25aa3b4c4c781c748f72867ebabd410b8f3853c506
data,more_ores_more_gems,recipe,kubejs/data/more_ores_more_gems/recipe/sm_thorium_6.json,.json,370,96e26e8a83ddd10e9ad999188b0cf2a38be7dce8d18dcf476cd90b32759332b0
data,more_ores_more_gems,recipe,kubejs/data/more_ores_more_gems/recipe/sm_titan_quartz_1.json,.json,376,b16f2dcf48ee21a0816f53f270f1ce5ac09445d327a20b0743a6f8492092be16
data,more_ores_more_gems,recipe,kubejs/data/more_ores_more_gems/recipe/sm_titan_quartz_3.json,.json,376,5ff404c09b3d7d8f9b3ba68a1394b625fe6146de63d8f4cc082e1b837adac790
data,more_ores_more_gems,recipe,kubejs/data/more_ores_more_gems/recipe/sm_tungsten_2.json,.json,393,9f77bc7ee90ce171196c7f4f622f94ae1e61eb7c3862925e6188edfd219aa96e
data,more_ores_more_gems,recipe,kubejs/data/more_ores_more_gems/recipe/sm_tungsten_3.json,.json,403,3a59e0309f57e7a4c14cc56836fc7d3101eb809692cf5419948b4e6d819baf08
data,more_ores_more_gems,recipe,kubejs/data/more_ores_more_gems/recipe/sm_tungsten_5.json,.json,392,919a061ef5d40bc56bea317572c878eb0bd202f0e3364e3ccdf1749c80ecd2eb
data,more_ores_more_gems,recipe,kubejs/data/more_ores_more_gems/recipe/sm_tungsten_6.json,.json,402,3015ed9ca2e4258096b6bc8376918e14144444876c39288c4f68303284d150cf
data,more_ores_more_gems,recipe,kubejs/data/more_ores_more_gems/recipe/sma_2.json,.json,364,17f5e2166dc8ffabba4f03d3a98dff874770dff2ed7bbeb0496fa8ff2692612c
data,more_ores_more_gems,recipe,kubejs/data/more_ores_more_gems/recipe/sma_3.json,.json,374,ecc60a845f1d64651fa5fe1120593e22bdc7fa1b87a23c8e1240a38030a9ffc1
data,more_ores_more_gems,recipe,kubejs/data/more_ores_more_gems/recipe/sma_4.json,.json,364,182fe86bfc9e6d099000c7ce8b578d22ed1a4348852b625991d745356da8ef1b
data,more_ores_more_gems,recipe,kubejs/data/more_ores_more_gems/recipe/sma_5.json,.json,374,505726f6dd2e5644425611e73b08ee75c92872c419ac7d2bc94bb4fa871a1465
data,more_ores_more_gems,recipe,kubejs/data/more_ores_more_gems/recipe/smcr_5.json,.json,366,560e3356bd7aab681edccc9826f37bff48089b9150be9b9974db4917f6639b87
data,more_ores_more_gems,recipe,kubejs/data/more_ores_more_gems/recipe/smcr_6.json,.json,376,658d986eb80e751eee7bbce89063f8e250287add19dc46b6c6c392c1016d0483
data,more_ores_more_gems,recipe,kubejs/data/more_ores_more_gems/recipe/smcr_7.json,.json,366,73f23085259141d1ee0d7c214f45e924f1ed8e000d54c944a197cdd86abea7ab
data,more_ores_more_gems,recipe,kubejs/data/more_ores_more_gems/recipe/smcr_8.json,.json,376,dd778b4289d7316ccca298d17955a01cf0fce4080c2e70fabe0073519158527e
data,more_ores_more_gems,recipe,kubejs/data/more_ores_more_gems/recipe/smelt_chromium_2.json,.json,362,89334ce3d31f6bfa3596a244fbfe80f9ea762933c2312adf31d2555694df681c
data,more_ores_more_gems,recipe,kubejs/data/more_ores_more_gems/recipe/smelt_chromium_3.json,.json,372,4ebf8c8504dc0284ce8d5eccc9a52be95832085aa267547bced9c0ecb970c648
data,more_ores_more_gems,recipe,kubejs/data/more_ores_more_gems/recipe/smelt_chromium_6.json,.json,362,50c2ca6b4169020448ef6b3754d7a1ffdb2629d2b369dfb70d27969d43c90efc
data,more_ores_more_gems,recipe,kubejs/data/more_ores_more_gems/recipe/smelt_chromium_7.json,.json,372,9622ae2ac5c9bb61b70797b3d08256b52f4e879c56e9bb08bc3a10886ace5f43
data,more_ores_more_gems,recipe,kubejs/data/more_ores_more_gems/recipe/smelt_radium_2.json,.json,361,e73336177baf1529c2c8b2b03d6a350cbb7605b67f4572137a0f484fb9e5896e
data,more_ores_more_gems,recipe,kubejs/data/more_ores_more_gems/recipe/smelt_radium_3.json,.json,371,129465d19456a268a75861d603c5b1d9a7f4da4b762568f4c5d9423a645bc9cb
data,more_ores_more_gems,recipe,kubejs/data/more_ores_more_gems/recipe/smelt_radium_8.json,.json,361,5f68b6041191b05e6f73e5394b995beb308721366cfb3dc90f85cae8115c13d4
data,more_ores_more_gems,recipe,kubejs/data/more_ores_more_gems/recipe/smelt_radium_9.json,.json,371,6dff910314027afe1333a470ed2d95950d1a1959501977d892a194a1f405045c
data,more_ores_more_gems,recipe,kubejs/data/more_ores_more_gems/recipe/smelt_rose_gold_2.json,.json,364,8ea54483c625402fc2a666d8bb20eca634464f7c7bcf579c29b01c7e2ec7b400
data,more_ores_more_gems,recipe,kubejs/data/more_ores_more_gems/recipe/smelt_rose_gold_3.json,.json,374,7796ceca5fa1bfc7405ff938b204f011ce30c9b1519aa31ff04187c8aa18731c
data,more_ores_more_gems,recipe,kubejs/data/more_ores_more_gems/recipe/smelt_rose_gold_7.json,.json,364,5dc6bf5c764e7ec8ac6a0a9224a75f9ac494a0641d79fb14074ac803def45a76
data,more_ores_more_gems,recipe,kubejs/data/more_ores_more_gems/recipe/smelt_rose_gold_8.json,.json,374,c66fafb2198d6781cc07b15fdf1c51083f6d22fade1207c6c854a29564c7cbcb
data,more_ores_more_gems,recipe,kubejs/data/more_ores_more_gems/recipe/smtitanium_1.json,.json,362,3e0de2a056b94992b2bc3521d5723fc500d2ac6ff0378f57291849e2b6cc2a22
data,more_ores_more_gems,recipe,kubejs/data/more_ores_more_gems/recipe/smtitanium_3.json,.json,362,fb5e17231e04ac76313fce9eabf84e3b78484761d53df4bcabe042385e75eceb
data,more_ores_more_gems,recipe,kubejs/data/more_ores_more_gems/recipe/steel_armor_boots_recipe.json,.json,462,4c0c3088aced33b0328261ecdc41c188a883b6524808d71da8050a09b1fe33af
data,more_ores_more_gems,recipe,kubejs/data/more_ores_more_gems/recipe/steel_armor_chestplate_recipe.json,.json,495,780c494a674e6239d262a549915f0977799c1e8b39554c449482c588313d2a93
data,more_ores_more_gems,recipe,kubejs/data/more_ores_more_gems/recipe/steel_armor_helmet_recipe.json,.json,463,5a0a1c9e2b60980a87c4ac6a2e6eb9f135c66553ac36d4fc882a456033256697
data,more_ores_more_gems,recipe,kubejs/data/more_ores_more_gems/recipe/steel_armor_leggings_recipe.json,.json,493,adae0b630dac1338458441d6a469c925d6269baa0ae02de2c740a4b3c25c5c87
data,more_ores_more_gems,recipe,kubejs/data/more_ores_more_gems/recipe/steel_axe_recipe.json,.json,583,61dc0ce1b772c60e91f323ffc5c56987df6b5feb8aea8c13ad377169b0752b19
data,more_ores_more_gems,recipe,kubejs/data/more_ores_more_gems/recipe/steel_hoe_recipe.json,.json,583,0abb8fb4db0b6c2752b8594abbca575c59a17e7d5f74c8096565602bcaad5456
data,more_ores_more_gems,recipe,kubejs/data/more_ores_more_gems/recipe/steel_pickaxe_recipe.json,.json,590,b84facc88df10bfaa5c8fefbde84019894d6cd7c5e9e49a38061aa1eeabfe264
data,more_ores_more_gems,recipe,kubejs/data/more_ores_more_gems/recipe/steel_shovel_recipe.json,.json,583,ca5d457ba32451f658eeec1cc08fc8fa46e62221f2fb03fc326224a3997bf571
data,more_ores_more_gems,recipe,kubejs/data/more_ores_more_gems/recipe/steel_sword_recipe.json,.json,582,a4c38ac5160e1259041305e119b091737e70ee7d132dda53f549cb319861785f
data,more_ores_more_gems,recipe,kubejs/data/more_ores_more_gems/recipe/tanzanite_5_armor_boots_recipe.json,.json,472,9a5cf74e1ced97a5478176b477923bb875302417523153fbc5797160ad67599e
data,more_ores_more_gems,recipe,kubejs/data/more_ores_more_gems/recipe/tanzanite_5_armor_chestplate_recipe.json,.json,505,d92e0e67e0779e4949847a34406cd6c066a3750f9fd0a9779c8030a6e8b72d9d
data,more_ores_more_gems,recipe,kubejs/data/more_ores_more_gems/recipe/tanzanite_5_armor_helmet_recipe.json,.json,473,1c26425a1ea9aa54b29afb881beb897ebf9c1de76d418672195a09f6ae124025
data,more_ores_more_gems,recipe,kubejs/data/more_ores_more_gems/recipe/tanzanite_5_armor_leggings_recipe.json,.json,503,3cae7d825b39cf69d91d90f866e36ac19e102c4b72bebb88785fa69927eea068
data,more_ores_more_gems,recipe,kubejs/data/more_ores_more_gems/recipe/tanzanite_5_axe_recipe.json,.json,590,89c4b33a19f835480a70183876d685b414802825339a7c12ba5eca24cf3f73ff
data,more_ores_more_gems,recipe,kubejs/data/more_ores_more_gems/recipe/tanzanite_5_hoe_recipe.json,.json,590,773eea8a6d429d674d828df92cb6dc2a02849152f8fefc8501604edb0945ff9a
data,more_ores_more_gems,recipe,kubejs/data/more_ores_more_gems/recipe/tanzanite_5_pickaxe_recipe.json,.json,597,a5405c4df6eb561659e0a5a26ef1b0774b8558582335e5a9b539d49f53da97ef
data,more_ores_more_gems,recipe,kubejs/data/more_ores_more_gems/recipe/tanzanite_5_shovel_recipe.json,.json,590,e7c57add6ea9219861c5804874eb310def7cd9e582ecfffbd8dad52e9244a5af
data,more_ores_more_gems,recipe,kubejs/data/more_ores_more_gems/recipe/tanzanite_5_sword_recipe.json,.json,589,57327dde931d0439f246fbbe77487322b54cfa7488a3f506750d82c3b51702a0
data,more_ores_more_gems,recipe,kubejs/data/more_ores_more_gems/recipe/thalassium_armor_boots_recipe.json,.json,472,50c6a71c02851c4bc51f77940296e2fbf45ded5ba0a5170dd3fd5ee39c0f285b
data,more_ores_more_gems,recipe,kubejs/data/more_ores_more_gems/recipe/thalassium_armor_chestplate_recipe.json,.json,505,66d40082e621157a0fef2cf5df145ebf2a4b511b8ec95c6203f47e099a7b1dfd
data,more_ores_more_gems,recipe,kubejs/data/more_ores_more_gems/recipe/thalassium_armor_helmet_recipe.json,.json,473,89e2c5a287ec38915c0ca01dea21c082217402f2c86e03a4debb413c574f31f3
data,more_ores_more_gems,recipe,kubejs/data/more_ores_more_gems/recipe/thalassium_armor_leggings_recipe.json,.json,503,e29972b716ddfe72523cfb2038686f19aab61404687eb32e1ee9322f983dbb2d
data,more_ores_more_gems,recipe,kubejs/data/more_ores_more_gems/recipe/thalassium_axe_recipe.json,.json,610,866786eb4cfc3864b89520b35d665ac30ec414e425167942586367f83fa54b9f
data,more_ores_more_gems,recipe,kubejs/data/more_ores_more_gems/recipe/thalassium_hoe_recipe.json,.json,610,c124f4dbcffe6175e32e720a7345c91fc83c3cc0d489625846cb570f271b44fa
data,more_ores_more_gems,recipe,kubejs/data/more_ores_more_gems/recipe/thalassium_pickaxe_recipe.json,.json,617,d2e65bcbc0a0919f7559687f17b8fc045183b5a86566f92650f23864cfb011b6
data,more_ores_more_gems,recipe,kubejs/data/more_ores_more_gems/recipe/thalassium_shovel_recipe.json,.json,610,4a04c7b980b62698875962f48cd9900948fe0a9bfeb43472a91b8004cfaecc45
data,more_ores_more_gems,recipe,kubejs/data/more_ores_more_gems/recipe/thalassium_sword_recipe.json,.json,603,5ae5375c4ccc2c5d2308c19f215bc742ee0474e72b30a4c088c93d79889f3140
data,more_ores_more_gems,recipe,kubejs/data/more_ores_more_gems/recipe/thorium_armor_boots_recipe.json,.json,466,adb6d737971d9420e311c417f727796fbf3b49950c38801a7d65b601587ab6d2
data,more_ores_more_gems,recipe,kubejs/data/more_ores_more_gems/recipe/thorium_armor_chestplate_recipe.json,.json,499,34abc6e2da2c75ebbf49d5ea4e6b2475d66471d1f9ff16c35254da7fa43e66d0
data,more_ores_more_gems,recipe,kubejs/data/more_ores_more_gems/recipe/thorium_armor_helmet_recipe.json,.json,467,2ebec0bb9ac2b8f67e53bccb307758510fd23e9e9e6993d99b269a72498e0444
data,more_ores_more_gems,recipe,kubejs/data/more_ores_more_gems/recipe/thorium_armor_leggings_recipe.json,.json,497,146c54e57306db0aee6898d8c12c8f7497092037d6ca29347f5227ed7a55afcd
data,more_ores_more_gems,recipe,kubejs/data/more_ores_more_gems/recipe/thorium_axe_recipe.json,.json,598,0b12e44b03dd663f9067e70c5500043dbe4b3cbe785e3b283b0bdec61eb23b10
data,more_ores_more_gems,recipe,kubejs/data/more_ores_more_gems/recipe/thorium_hoe_recipe.json,.json,598,709bbbe05b3dcf61c0893ca47683b893c36065762f516b209291f15c96666354
data,more_ores_more_gems,recipe,kubejs/data/more_ores_more_gems/recipe/thorium_pickaxe_recipe.json,.json,605,456320382465eb8fae621eafea3f56f9fa1d1b5697be035a69821a38dc317015
data,more_ores_more_gems,recipe,kubejs/data/more_ores_more_gems/recipe/thorium_shovel_recipe.json,.json,598,82d73bad4d3b899fb5c22f5adcb3e238da867118d8ee0b951a6c99e19bbe2aac
data,more_ores_more_gems,recipe,kubejs/data/more_ores_more_gems/recipe/thorium_sword_recipe.json,.json,597,35da2c74bd4dc197babd63ceec7e8045671a17727a3de29ff3c51c8058f271a9
data,more_ores_more_gems,recipe,kubejs/data/more_ores_more_gems/recipe/tin_armor_boots_recipe.json,.json,458,49753db2a91309bdb662671412b233ce91a7e07959eb8f85379b81758bc8575e
data,more_ores_more_gems,recipe,kubejs/data/more_ores_more_gems/recipe/tin_armor_chestplate_recipe.json,.json,491,0b521f0f565af74e742e8b60b0def198cec3359e0c5586e16f92c64a70e62afa
data,more_ores_more_gems,recipe,kubejs/data/more_ores_more_gems/recipe/tin_armor_helmet_recipe.json,.json,459,8cdf9404589450748618d6e54f4a24e0ea3e2caaccd8265bb801b84a745ff7c8
data,more_ores_more_gems,recipe,kubejs/data/more_ores_more_gems/recipe/tin_armor_leggings_recipe.json,.json,489,b37ee1e6ffae45e543daf390df18bccef79e724b7e3beaf1ff13bfcb41965cd2
data,more_ores_more_gems,recipe,kubejs/data/more_ores_more_gems/recipe/tin_axe_recipe.json,.json,582,a0051f1c4d401e61ad3f703e8714b4c77b6a6cfa3a6452977b7b29178952bdfc
data,more_ores_more_gems,recipe,kubejs/data/more_ores_more_gems/recipe/tin_hoe_recipe.json,.json,582,439a1c4315d1cb9e64d27fc2270da19f7accaf2183e43cf4265817d51a00cee5
data,more_ores_more_gems,recipe,kubejs/data/more_ores_more_gems/recipe/tin_pickaxe_recipe.json,.json,589,eca127ed447c32a84c957f1f2e6acc6a3d22cf4175fbba7e2cd9d8b63c1f9048
data,more_ores_more_gems,recipe,kubejs/data/more_ores_more_gems/recipe/tin_shovel_recipe.json,.json,582,661ef3a1cea51b16f78498b7275d4244b6aeb57e4451c346ecebd7313a185773
data,more_ores_more_gems,recipe,kubejs/data/more_ores_more_gems/recipe/tin_sword_recipe.json,.json,581,a5242154068c2840bd5db3c2fe006316cc16b04c8d1b55b97c943c4de5b67680
data,more_ores_more_gems,recipe,kubejs/data/more_ores_more_gems/recipe/titanium_armor_boots_recipe.json,.json,467,e622ec186ac5915658386a8737db28914c57b8fa587e67b665ead96c0a30864b
data,more_ores_more_gems,recipe,kubejs/data/more_ores_more_gems/recipe/titanium_armor_chestplate_recipe.json,.json,500,d790d94aebdb778a316f73d0cbad67310363b1b69dbc070fc93bad0fda089116
data,more_ores_more_gems,recipe,kubejs/data/more_ores_more_gems/recipe/titanium_armor_helmet_recipe.json,.json,468,89f899b2ab17f9031bac72a923f1c20ccf14149fad278e44cf219320fdf09e90
data,more_ores_more_gems,recipe,kubejs/data/more_ores_more_gems/recipe/titanium_armor_leggings_recipe.json,.json,498,0dfe6513005bfa1d9a9f9e7c93747e0dd6397fab42c1c34bd8e857552da52cec
data,more_ores_more_gems,recipe,kubejs/data/more_ores_more_gems/recipe/titanium_axe_recipe.json,.json,606,76fc445e3594b3ab64862b65b19676d526a2f8d5a12eddd376615478586999b4
data,more_ores_more_gems,recipe,kubejs/data/more_ores_more_gems/recipe/titanium_hoe_recipe.json,.json,606,6438abc5ce959dfe435acc298eddcf2ba3fe7b8337b2eeaea935a724252091d9
data,more_ores_more_gems,recipe,kubejs/data/more_ores_more_gems/recipe/titanium_pickaxe_recipe.json,.json,613,d47f24633af25d8443110965c7b234adbb863314629a31ece2e6ec5eb8cd41b9
data,more_ores_more_gems,recipe,kubejs/data/more_ores_more_gems/recipe/titanium_quartz_2_armor_boots_recipe.json,.json,484,3dddfc406422b13646f39915832c7a83d64c120808b2f59f9d3c46d0edc0fbdd
data,more_ores_more_gems,recipe,kubejs/data/more_ores_more_gems/recipe/titanium_quartz_2_armor_chestplate_recipe.json,.json,517,b06c3c9ae7cc45b797b84e76d9bfb7115f102e0bf2b4dac66515f0610fcd1b27
data,more_ores_more_gems,recipe,kubejs/data/more_ores_more_gems/recipe/titanium_quartz_2_armor_helmet_recipe.json,.json,485,1544eb63503c74329be07d9e9855851369ed28235291158f9cd8e6e6822c2195
data,more_ores_more_gems,recipe,kubejs/data/more_ores_more_gems/recipe/titanium_quartz_2_armor_leggings_recipe.json,.json,515,31de1ff0868e4296cb8a1e13b69e9ffd4ba81b5cba076784b5fdaced45d785a6
data,more_ores_more_gems,recipe,kubejs/data/more_ores_more_gems/recipe/titanium_quartz_6_axe_recipe.json,.json,616,d995f1a43120b27fd0de1d9ca734d52a38c8206191b97ef7fc47b3ec27bbcc5f
data,more_ores_more_gems,recipe,kubejs/data/more_ores_more_gems/recipe/titanium_quartz_6_hoe_recipe.json,.json,616,b16ab3c37d1e743d22d3bfedb1ddaa3b08ed7dc19081f850dd94b4162c6de570
data,more_ores_more_gems,recipe,kubejs/data/more_ores_more_gems/recipe/titanium_quartz_6_pickaxe_recipe.json,.json,623,1bf4007efec6745a476304feb950f792dec445833fd20b1fb70e90aa4b5d4115
data,more_ores_more_gems,recipe,kubejs/data/more_ores_more_gems/recipe/titanium_quartz_6_shovel_recipe.json,.json,616,cb4cf3e6bb1b2733deda8417d9247e6e1f680319ccd035647447f146ea1a7b1b
data,more_ores_more_gems,recipe,kubejs/data/more_ores_more_gems/recipe/titanium_quartz_6_sword_recipe.json,.json,615,fcc627555b1a6de9fc136984cfe772dfe58c33df321a2a8b53486c50447f55e6
data,more_ores_more_gems,recipe,kubejs/data/more_ores_more_gems/recipe/titanium_shovel_recipe.json,.json,606,5d04713869ff4726b994df2e32258d2fb0e7a9d1b0039f170d5f398b5e76e78c
data,more_ores_more_gems,recipe,kubejs/data/more_ores_more_gems/recipe/titanium_sword_recipe.json,.json,605,04fe1eb17c5708127f496afed785da15cdc49a1a3c511734cf393647ea7e10cb
data,more_ores_more_gems,recipe,kubejs/data/more_ores_more_gems/recipe/topaz_5_armor_boots_recipe.json,.json,464,00e36377201be74b90c32ea64c556751437785f54bbe95d6ae6e06bbccca930b
data,more_ores_more_gems,recipe,kubejs/data/more_ores_more_gems/recipe/topaz_5_armor_chestplate_recipe.json,.json,497,218b0f8211d10b13362da2f5f859a9d6f02c28614046eb4cc563299e30521e12
data,more_ores_more_gems,recipe,kubejs/data/more_ores_more_gems/recipe/topaz_5_armor_helmet_recipe.json,.json,465,c3875ddd64d1e76201330ed1c561b038a0bd67fd0ccca2a3aca1f7cfcc5463c0
data,more_ores_more_gems,recipe,kubejs/data/more_ores_more_gems/recipe/topaz_5_armor_leggings_recipe.json,.json,495,543e92520ded8c3a38ccede2f25a1f2a330567706295a59ad691042192de747d
data,more_ores_more_gems,recipe,kubejs/data/more_ores_more_gems/recipe/topazo_axe_recipe.json,.json,578,4fd6d6e51351398e5ba05f275a6e15fa765633a78a8732cb97284ea0fde06b06
data,more_ores_more_gems,recipe,kubejs/data/more_ores_more_gems/recipe/topazo_hoe_recipe.json,.json,578,e1d6ef103134277c92ff62688bad4ee02f63a76fac757ed09c454edf68f3867a
data,more_ores_more_gems,recipe,kubejs/data/more_ores_more_gems/recipe/topazo_pickaxe_recipe.json,.json,585,68f5d16b7311d741afc14f46de5544c748fbd79baa84a8210cc36852ae075738
data,more_ores_more_gems,recipe,kubejs/data/more_ores_more_gems/recipe/topazo_shovel_recipe.json,.json,578,b3bbf91fc012c2c0e58a2cc4d8a05a29f9697953deb4690452cbd6c9ba53d166
data,more_ores_more_gems,recipe,kubejs/data/more_ores_more_gems/recipe/topazo_sword_recipe.json,.json,577,f1b61b051ad4da4683d855dcd366a1020ddf647b36c242ba4ac4032d7429ad87
data,more_ores_more_gems,recipe,kubejs/data/more_ores_more_gems/recipe/tungsten_metal_armor_boots_recipe.json,.json,474,5560b561fcd3398e7079a7e9578fb8d44ce75ae180deb96073b5edc15ebf59b0
data,more_ores_more_gems,recipe,kubejs/data/more_ores_more_gems/recipe/tungsten_metal_armor_chestplate_recipe.json,.json,507,21d9095830053cd75eb4a8067941df7b7840dd23bff388e2420da146abf9c970
data,more_ores_more_gems,recipe,kubejs/data/more_ores_more_gems/recipe/tungsten_metal_armor_helmet_recipe.json,.json,475,168bf831fe6667e88854eafc387bea6d96be599e3e8f1dfbce1c03639a92f7e2
data,more_ores_more_gems,recipe,kubejs/data/more_ores_more_gems/recipe/tungsten_metal_armor_leggings_recipe.json,.json,505,7e17ff85fe7c232bc9ecf7cb5ba6fb00862f063205eeb7f10715d2041563c29e
data,more_ores_more_gems,recipe,kubejs/data/more_ores_more_gems/recipe/tungsten_metal_axe_recipe.json,.json,606,2d3a5c691e736f274ac30620a2ffadca25c731a488d74a521bc99b45d3971ee1
data,more_ores_more_gems,recipe,kubejs/data/more_ores_more_gems/recipe/tungsten_metal_hoe_recipe.json,.json,606,810885b6ea3207e488bf77639f2428a56c4ebe4eda6ab31cdf283073d2bfb3a3
data,more_ores_more_gems,recipe,kubejs/data/more_ores_more_gems/recipe/tungsten_metal_pickaxe_recipe.json,.json,613,9ee24a407dd122c05e54959d848ac338afbb4ed45dcfd3d57ae72ceb249a8b08
data,more_ores_more_gems,recipe,kubejs/data/more_ores_more_gems/recipe/tungsten_metal_shovel_recipe.json,.json,606,19a2fc841a06c8848a9d14bd54fe930b642bc42de57945cbb571f83fc4de4c6b
data,more_ores_more_gems,recipe,kubejs/data/more_ores_more_gems/recipe/tungsten_metal_sword_recipe.json,.json,605,548d5a826f629cce0c4698d7df124d421e3f76f1149998576863f31950df418c
data,more_ores_more_gems,recipe,kubejs/data/more_ores_more_gems/recipe/uranium_234_armor_boots_recipe.json,.json,474,c18aaf0625165128afaff5ebe64882ab28990058f0d740790ef78e38f33b41e2
data,more_ores_more_gems,recipe,kubejs/data/more_ores_more_gems/recipe/uranium_234_armor_chestplate_recipe.json,.json,507,311ee94115114dbd094f5e1fb52594cc828304269fe8f677f9228b73ab690b62
data,more_ores_more_gems,recipe,kubejs/data/more_ores_more_gems/recipe/uranium_234_armor_helmet_recipe.json,.json,475,42401d1a844a90f210f845f29d9c62c7e2f00c2313722fcbf1e06881196d5c2e
data,more_ores_more_gems,recipe,kubejs/data/more_ores_more_gems/recipe/uranium_234_armor_leggings_recipe.json,.json,505,acff4aff0826be1b981f83aac23b383210b02f07cd6684b74286ce8843ec1b10
data,more_ores_more_gems,recipe,kubejs/data/more_ores_more_gems/recipe/uranium_234_axe_recipe.json,.json,606,6f212cfa2a83f95ba933ccee018292bbd13ae7ed443f4a413ac2ec4abe697224
data,more_ores_more_gems,recipe,kubejs/data/more_ores_more_gems/recipe/uranium_234_hoe_recipe.json,.json,606,f9aa22130a2a35d4e3a11a91750d3bb23ed254142d5c7d3135ea4450ac935dcf
data,more_ores_more_gems,recipe,kubejs/data/more_ores_more_gems/recipe/uranium_234_pickaxe_recipe.json,.json,613,5254869be4203ff897ef4dd533903262b869198b144679c752294d5b6a0ae00d
data,more_ores_more_gems,recipe,kubejs/data/more_ores_more_gems/recipe/uranium_234_shovel_recipe.json,.json,606,ec96b9a45144292bd9ea9767622403ba90729f109e1b0212dd9021442d626498
data,more_ores_more_gems,recipe,kubejs/data/more_ores_more_gems/recipe/uranium_234_sword_recipe.json,.json,605,2418c5dbfea0316dcfeb61beb5227cbe96471ddf52876c8c445565d3fd1ce61b
data,more_ores_more_gems,recipe,kubejs/data/more_ores_more_gems/recipe/uranium_238_armor_boots_recipe.json,.json,474,25ef031b2017e9a6419402ff4eb71da20e2aeee9739c884d636591f4e2f6e0c5
data,more_ores_more_gems,recipe,kubejs/data/more_ores_more_gems/recipe/uranium_238_armor_chestplate_recipe.json,.json,507,f0c4c4c2bf7d2b8c6b325cd4f9d3b1191789815d018191296b0a23a4d9842450
data,more_ores_more_gems,recipe,kubejs/data/more_ores_more_gems/recipe/uranium_238_armor_helmet_recipe.json,.json,475,e808c8ff06be4926b86dd471bd152d61ab276e3c863c736e935b38226ee7967a
data,more_ores_more_gems,recipe,kubejs/data/more_ores_more_gems/recipe/uranium_238_armor_leggings_recipe.json,.json,505,21393f1b8d094b8b7381da9bd394f323e22756eb417396e1fc5a159a9a2d5f41
data,more_ores_more_gems,recipe,kubejs/data/more_ores_more_gems/recipe/uranium_238_axe_recipe.json,.json,606,d195c47805179e8e130398b727b0d11a87f8487096c85d402d6c8cec5f0e7547
data,more_ores_more_gems,recipe,kubejs/data/more_ores_more_gems/recipe/uranium_238_hoe_recipe.json,.json,606,436c195f24c6cdf614d68b656eeca11241e4ad23f1a9d85fc74e47d995603403
data,more_ores_more_gems,recipe,kubejs/data/more_ores_more_gems/recipe/uranium_238_pickaxe_recipe.json,.json,613,501aa25cf20be21694e9f7e134a94dad1ef9304f53e944601ef06eff2003d063
data,more_ores_more_gems,recipe,kubejs/data/more_ores_more_gems/recipe/uranium_238_shovel_recipe.json,.json,606,c3268568e24a77e55ce099d11782ceb02ebb799e08371a34e77b9ddb3d89dcfd
data,more_ores_more_gems,recipe,kubejs/data/more_ores_more_gems/recipe/uranium_238_sword_recipe.json,.json,605,73969349fa2ca737b1839dc6fc7c77b8b70b91f321e6409bc94181ba85971823
data,more_ores_more_gems,recipe,kubejs/data/more_ores_more_gems/recipe/uranium_armor_boots_recipe.json,.json,466,1546187b0ede13283d1d3efcdc0274da4b935892314ec461b9de89d0c4ca5dcb
data,more_ores_more_gems,recipe,kubejs/data/more_ores_more_gems/recipe/uranium_armor_chestplate_recipe.json,.json,499,7a00b2f00b16a1814c9208af807ae5fa86ca2b8ed63483f1061b9a3a842523f9
data,more_ores_more_gems,recipe,kubejs/data/more_ores_more_gems/recipe/uranium_armor_helmet_recipe.json,.json,467,72ec54970e460fc253892f67b5a0d4e9592f0fccb8a4980ccea64c0d6666419c
data,more_ores_more_gems,recipe,kubejs/data/more_ores_more_gems/recipe/uranium_armor_leggings_recipe.json,.json,497,ff0a5c6041d85854e4009f431c75d88edc503097dff5aeca4e3190f29e969631
data,more_ores_more_gems,recipe,kubejs/data/more_ores_more_gems/recipe/uranium_axe_recipe.json,.json,598,6d742cd73d68415912901dd019880af47e5512eae5f008a9920e3a1998960058
data,more_ores_more_gems,recipe,kubejs/data/more_ores_more_gems/recipe/uranium_hoe_recipe.json,.json,598,9d3b31726e2cb745aaae08fab17dd27f38f71e2c3edb745019820170851dc8db
data,more_ores_more_gems,recipe,kubejs/data/more_ores_more_gems/recipe/uranium_pickaxe_recipe.json,.json,605,feeaebb80f01d8342945d6e1de381a73f4baa2138117b1e6d72c43a679f04469
data,more_ores_more_gems,recipe,kubejs/data/more_ores_more_gems/recipe/uranium_shovel_recipe.json,.json,598,f8efefa1cc3d4c5f107d5c6861e7b4fecf16c61130bbd984b0ffa5f231f40a4e
data,more_ores_more_gems,recipe,kubejs/data/more_ores_more_gems/recipe/uranium_sword_recipe.json,.json,597,99cc468691f40fc1aabc96557afb7e9d6ff5fd20f7cdcb93f65fa431f6829356
data,more_ores_more_gems,recipe,kubejs/data/more_ores_more_gems/recipe/urantherium_armor_boots_recipe.json,.json,474,b05f06339518b40b763bc436b32885486ffdfb9f8111846508f13d929d4511c8
data,more_ores_more_gems,recipe,kubejs/data/more_ores_more_gems/recipe/urantherium_armor_chestplate_recipe.json,.json,507,f8a008ab4e1ab77115a76970f0fd8230e24be705ade212e20a75352795f6dc7a
data,more_ores_more_gems,recipe,kubejs/data/more_ores_more_gems/recipe/urantherium_armor_helmet_recipe.json,.json,475,8bff49bf9842082d470286b5f33234fec1d5afc609e5f9c839d0331616fa2109
data,more_ores_more_gems,recipe,kubejs/data/more_ores_more_gems/recipe/urantherium_armor_leggings_recipe.json,.json,505,411f47dab6fbfadb269fd1898286f539d747b9e9f8e5a23012e0a450770121f6
data,more_ores_more_gems,recipe,kubejs/data/more_ores_more_gems/recipe/urantherium_axe_recipe.json,.json,598,25b1402204643ffa06a393c7672446acccf332ce19c1fff730879b658a6ca234
data,more_ores_more_gems,recipe,kubejs/data/more_ores_more_gems/recipe/urantherium_hoe_recipe.json,.json,598,c03124bc0d9d190329731801b895d06abe82675fc76e427dde264fda9a759d38
data,more_ores_more_gems,recipe,kubejs/data/more_ores_more_gems/recipe/urantherium_pickaxe_recipe.json,.json,605,d42a5351d3268efbbcbcec14ecafa9db0db0e1c9d8afef2ed33aa00f0ac5f527
data,more_ores_more_gems,recipe,kubejs/data/more_ores_more_gems/recipe/urantherium_shovel_recipe.json,.json,598,ab578c07b270ebc793e6af61638b5d41496e8cad43c9d21db436f33d29a93dc8
data,more_ores_more_gems,recipe,kubejs/data/more_ores_more_gems/recipe/urantherium_sword_recipe.json,.json,604,98c2eaabf1aa091e4d94b50d4f41435b2a9a666b39ccf95e1eeb3a0c53894f19
data,more_ores_more_gems,recipe,kubejs/data/more_ores_more_gems/recipe/volcagmium_2_armor_boots_recipe.json,.json,474,a4908af51bc41abe0f77ce46b3e05772309c855755c2ee4c2803a4f6763e954c
data,more_ores_more_gems,recipe,kubejs/data/more_ores_more_gems/recipe/volcagmium_2_armor_chestplate_recipe.json,.json,507,4ed4ac6d5f6475c22b6b24f868c7b82b4f1be2bda98f7d09870264ecae84b8a3
data,more_ores_more_gems,recipe,kubejs/data/more_ores_more_gems/recipe/volcagmium_2_armor_helmet_recipe.json,.json,475,54c3fa04d9d52dce7c95f506ddac8bc6940a74bcbe4a76f816a206e2e3888321
data,more_ores_more_gems,recipe,kubejs/data/more_ores_more_gems/recipe/volcagmium_2_armor_leggings_recipe.json,.json,505,bd97e1423f4b829ddc722dc1eee22a5628de966e77d4bb48a340d43ef0fa8e84
data,more_ores_more_gems,recipe,kubejs/data/more_ores_more_gems/recipe/volcagmium_zz_axe_recipe.json,.json,607,19061f4975c9946dd0d8cfbfbdc9e37532b0d75bd336e5969d2e0440be9bd464
data,more_ores_more_gems,recipe,kubejs/data/more_ores_more_gems/recipe/volcagmium_zz_hoe_recipe.json,.json,607,3bca247dc0f556f216c6657d773b2b3a5cfb6e4a068ea8887b4035e3ed0beb74
data,more_ores_more_gems,recipe,kubejs/data/more_ores_more_gems/recipe/volcagmium_zz_pickaxe_recipe.json,.json,614,2a607dfdba9238ab3150002feab8c32bfd476354c5dd94569d4999d01ffb07a7
data,more_ores_more_gems,recipe,kubejs/data/more_ores_more_gems/recipe/volcagmium_zz_shovel_recipe.json,.json,607,8aeaa9236fcd5290c592c441973002567b170a0aa636993e6b79d029700e287e
data,more_ores_more_gems,recipe,kubejs/data/more_ores_more_gems/recipe/volcagmium_zz_sword_recipe.json,.json,606,139997cea3d5872421f47df89eb07108aa2dd3b4740e9607ba3e10bb2ee13f84
data,more_ores_more_gems,recipe,kubejs/data/more_ores_more_gems/recipe/white_armor_boots_recipe.json,.json,470,5a7334d60a50473d598db66c6383986580734c3dd0a975682012f23e8ffd2d59
data,more_ores_more_gems,recipe,kubejs/data/more_ores_more_gems/recipe/white_armor_chestplate_recipe.json,.json,503,9dcab865628a01c5b279cab9588b765b50ccbf124c6c1c60e439ec4de519d426
data,more_ores_more_gems,recipe,kubejs/data/more_ores_more_gems/recipe/white_armor_helmet_recipe.json,.json,471,f1e7d4262c32ece06682adc0f3fb47e0c138dbd3f4456ceea9e9ac6a806c1939
data,more_ores_more_gems,recipe,kubejs/data/more_ores_more_gems/recipe/white_armor_leggings_recipe.json,.json,501,99011df93e5906121cb49098948f10ea037adbf59b2c305b8f5986fafc2c2744
data,more_ores_more_gems,recipe,kubejs/data/more_ores_more_gems/recipe/white_axe_recipe.json,.json,585,e0146a25630cf507bac2d2d61619ea056077a1aaf3c14c5fe658836b678ae576
data,more_ores_more_gems,recipe,kubejs/data/more_ores_more_gems/recipe/white_fluorite_axe_recipe.json,.json,599,a74934c48c9884ea1c17946e0452660e150c9702af28257957e1c44f52e6c2d0
data,more_ores_more_gems,recipe,kubejs/data/more_ores_more_gems/recipe/white_fluorite_hoe_recipe.json,.json,599,80dcf6aa1f1aaf68942388b83c8a382cc5cf681bebc3727f6494f4e85f3d19d6
data,more_ores_more_gems,recipe,kubejs/data/more_ores_more_gems/recipe/white_fluorite_pickaxe_recipe.json,.json,606,5c6221e580a2dbaa6335e14eb60c3a71e3a0fa42ac20a0488561398082ff11dc
data,more_ores_more_gems,recipe,kubejs/data/more_ores_more_gems/recipe/white_fluorite_shovel_recipe.json,.json,599,05ddae19a5de579cee12bc76b6460ccb6c23b3515dc966e898994b782e7a8cb4
data,more_ores_more_gems,recipe,kubejs/data/more_ores_more_gems/recipe/white_fluorite_sword_recipe.json,.json,598,594a720a4b0568024083c9c11a731da1341d6addf846aa3cb353f2b8c8d91d54
data,more_ores_more_gems,recipe,kubejs/data/more_ores_more_gems/recipe/white_hoe_recipe.json,.json,585,689c698247ac7e0b6fdbbb6537ca3065d41b48fc2b4edd6bcd6fdbb024cc614d
data,more_ores_more_gems,recipe,kubejs/data/more_ores_more_gems/recipe/white_opal_gem_armor_boots_recipe.json,.json,475,46afd9557f212dfec1ab66a63efee1123e9b65378d48fea1fc2333455c07faed
data,more_ores_more_gems,recipe,kubejs/data/more_ores_more_gems/recipe/white_opal_gem_armor_chestplate_recipe.json,.json,508,96e26b006a6700d7553cc45b017cf65e8a594d2c344e8866401aa8b6510309ec
data,more_ores_more_gems,recipe,kubejs/data/more_ores_more_gems/recipe/white_opal_gem_armor_helmet_recipe.json,.json,476,36f7e2a81b6c86c298a3408b810a43f60de363e9a599b27cb620eb8fb9730649
data,more_ores_more_gems,recipe,kubejs/data/more_ores_more_gems/recipe/white_opal_gem_armor_leggings_recipe.json,.json,506,18280884b48986e797dc98d9d75bdb550e60302921aca502994857b64c867511
data,more_ores_more_gems,recipe,kubejs/data/more_ores_more_gems/recipe/white_opal_gem_axe_recipe.json,.json,591,76819e01f0ca6391dd05af5a8e5a5845b391594059636a995fda3010a1a8ba1d
data,more_ores_more_gems,recipe,kubejs/data/more_ores_more_gems/recipe/white_opal_gem_hoe_recipe.json,.json,591,993b596429216e186062c623ee01703bc867f64f1b9be65032dcabbd7dfbc2a7
data,more_ores_more_gems,recipe,kubejs/data/more_ores_more_gems/recipe/white_opal_gem_pickaxe_recipe.json,.json,598,82c03b975b7560a46ebd83e588e15762283c694ccb125388b1c4cfac983b41e4
data,more_ores_more_gems,recipe,kubejs/data/more_ores_more_gems/recipe/white_opal_gem_shovel_recipe.json,.json,591,83b4c0ec439212b3787d250a14d2744538ed7d9f04ec4e62ca32ff744c160b9f
data,more_ores_more_gems,recipe,kubejs/data/more_ores_more_gems/recipe/white_opal_gem_sword_recipe.json,.json,590,9d19a6ff2310ebf18d9656710400c696ecfd8f27375db103acaf9e5d8dd475d7
data,more_ores_more_gems,recipe,kubejs/data/more_ores_more_gems/recipe/white_pickaxe_recipe.json,.json,590,e75a515d7715564dc1302941f3119b786a6b213c1534fabcf61d6fd22beef249
data,more_ores_more_gems,recipe,kubejs/data/more_ores_more_gems/recipe/white_shovel_recipe.json,.json,588,32d6245b57ef86d9dd4743e1aec6a716fdb7f35298dd96c29917e6f20ab12f63
data,more_ores_more_gems,recipe,kubejs/data/more_ores_more_gems/recipe/white_sword_recipe.json,.json,587,69735919e8d57d022ab71b50b8613338b3c80c1acbd721990e3a62b0544c2c54
data,mutantmonsters,recipe,kubejs/data/mutantmonsters/recipe/creeper_minion_tracker.json,.json,594,bd3280844b8c77896b4a1f82359026423cf3640a22d2853638eb9caaddd00c63
data,netherdepthsupgrade,recipe,kubejs/data/netherdepthsupgrade/recipe/lava_fishing_rod.json,.json,702,240b08db854e0605236bbd9c67dfd41f3bdb6f6b4a5cd01ea1be8b007334aaff
data,netherdepthsupgrade,recipe,kubejs/data/netherdepthsupgrade/recipe/lava_glass.json,.json,719,5f9a0f0275bec4f03b7a0fd89225de6b35b875cf9f2d6de86bb42a7430249400
data,numismatics,recipe,kubejs/data/numismatics/recipe/crafting/banking_guide.json,.json,587,0378d9d382d38a3d857f337477639561e50e94ff36d19800898c92de3315126d
data,numismatics,recipe,kubejs/data/numismatics/recipe/crafting/black_id_card.json,.json,737,9500a1473cd22cb19dd5836420bc2b7d3f7de13d8e3299b87ad54789b42d738a
data,numismatics,recipe,kubejs/data/numismatics/recipe/crafting/blue_id_card.json,.json,735,febe48fb2ab3637f105a5b4b0149a96f703194e2e4f5dd36f32c4642ea2201ec
data,numismatics,recipe,kubejs/data/numismatics/recipe/crafting/brown_id_card.json,.json,737,dd1a79a2ed25d67f4c4e1b7c2c8ca1d7ac8f9ef2f7d7d952020b4819e0855252
data,numismatics,recipe,kubejs/data/numismatics/recipe/crafting/cyan_id_card.json,.json,735,d66e55c4ee2fdfe09dae969e563732ca42204b0833b455dd591e694c40834830
data,numismatics,recipe,kubejs/data/numismatics/recipe/crafting/gray_id_card.json,.json,735,2ca148631f3cb0a7308e815fe42d62a0b95ca041a21397dd9a40188c0a4c454f
data,numismatics,recipe,kubejs/data/numismatics/recipe/crafting/green_id_card.json,.json,737,d0e9c1043c5761b7d1c8b405e15c630312d6354508464a371a89fca6a6e43ec1
data,numismatics,recipe,kubejs/data/numismatics/recipe/crafting/light_blue_id_card.json,.json,747,d494f123644eeabc85b6bb3e30a762ef938a325001c3ce33587c725e580b09ac
data,numismatics,recipe,kubejs/data/numismatics/recipe/crafting/light_gray_id_card.json,.json,747,a6b235e624930dea29395e51cbec70892e0177a4cf097e318a36877801fa839b
data,numismatics,recipe,kubejs/data/numismatics/recipe/crafting/lime_id_card.json,.json,735,4b63c44e908ebe91936833ab5aa049d23d04440507e0df663fce3486432c9d98
data,numismatics,recipe,kubejs/data/numismatics/recipe/crafting/magenta_id_card.json,.json,741,b87d69a1935c12e0a40cc217ffb2dbda4d51ab43b2b84ca208dad484ab2c517c
data,numismatics,recipe,kubejs/data/numismatics/recipe/crafting/orange_id_card.json,.json,739,0c8bdc998841942768bf304aceadbf1b262522417acbb7a5ec032226279c596a
data,numismatics,recipe,kubejs/data/numismatics/recipe/crafting/pink_id_card.json,.json,735,9e36ed3d13ebc96a1f6d67d2bf9d251325566378a28a6e83e06427a475728081
data,numismatics,recipe,kubejs/data/numismatics/recipe/crafting/purple_id_card.json,.json,739,f644a1e2559530f4d101039be3af6b0bb4c317f43abe372bed61a37c9bacc55a
data,numismatics,recipe,kubejs/data/numismatics/recipe/crafting/red_id_card.json,.json,733,d14c6200e7f0fff09133573ac64bff7ebaddd07d6285b5b579366e3932cde022
data,numismatics,recipe,kubejs/data/numismatics/recipe/crafting/white_id_card.json,.json,737,d51a50c876ba337a1fd0f8ba535f7a66f47ec5403c156b4d709df730323261c4
data,numismatics,recipe,kubejs/data/numismatics/recipe/crafting/yellow_id_card.json,.json,739,b263d66941e43f7ca8fc4a53deafce18e749a4ed29bd18b286d49d86650b604e
data,oritech,recipe,kubejs/data/oritech/recipe/compat/enderio/crafting/fluidpipe.json,.json,825,0d1dae41b1756a2d12d7b215d61efe88bb5777fc05374bb38d6fcc12e65a7b86
data,oritech,recipe,kubejs/data/oritech/recipe/compat/enderio/crafting/pump.json,.json,1032,9e435e97bfb8e94f640217957d9bbf9e57697350994762eb04b02afebacee7c3
data,oritech,recipe,kubejs/data/oritech/recipe/crafting/_netheritepaint.json,.json,685,66cc6146e08154abfc5125abe80bd97e483990b923009bd891e685f1a94f3615
data,oritech,recipe,kubejs/data/oritech/recipe/crafting/_pole.json,.json,821,42979ceac2ec50d3069d18e56f0ca592650e74aa99be6eee1efd4b75772e4ad7
data,oritech,recipe,kubejs/data/oritech/recipe/crafting/_redstonepaint.json,.json,672,3618f3936ba7c47f1f9bb23bdb5feaa485bf1040d1556c8d21d07c055ec89ceb
data,oritech,recipe,kubejs/data/oritech/recipe/crafting/acceleratorring.json,.json,812,b13d5b1d9cfd028e7ff67667537796338093d1772bd8675f4fb56662939ad410
data,oritech,recipe,kubejs/data/oritech/recipe/crafting/addon/acceptor.json,.json,802,f5d569e5c9e4efbbc6491d20dbe115c8ce4f32991f4e6f0e624cb513a9a2fb06
data,oritech,recipe,kubejs/data/oritech/recipe/crafting/addon/burst.json,.json,930,465aa1362e744b74066b28e7d6d4c3ee02e973f4844138ff1a36279f2e1100ec
data,oritech,recipe,kubejs/data/oritech/recipe/crafting/addon/eff.json,.json,795,dc57034411819fcbffce7ac854c478f839211ac8d78a5ceb1fa5b16619f0911c
data,oritech,recipe,kubejs/data/oritech/recipe/crafting/addon/fluid.json,.json,787,4b3b7d13c1804c9dd2fc4a8d0c0a49fc4fece9446da1729b23569c6975ce2b16
data,oritech,recipe,kubejs/data/oritech/recipe/crafting/addon/processing.json,.json,902,e2d66cc1d2dd6d3169aab381ae2e5e45954bb4f1946925b39652e70173f824b2
data,oritech,recipe,kubejs/data/oritech/recipe/crafting/addon/processingalt.json,.json,917,481dafe3bc9d7084fafaaf914091e828f0f8423dc2abb1909553453b247c7a57
data,oritech,recipe,kubejs/data/oritech/recipe/crafting/addon/redstone.json,.json,790,147c102f24e4178864f51888c6d7d5ecf3ff4582d104417dee926dc35b1bfa00
data,oritech,recipe,kubejs/data/oritech/recipe/crafting/addon/speed.json,.json,789,4d13e2238cb6ce45b8fce485f40a31bd95e63850c51211193a1a32c6c063f222
data,oritech,recipe,kubejs/data/oritech/recipe/crafting/addon/steamboiler.json,.json,785,ee9d6b79a0dc5c589f3a16eb27b1fe1758207fbe2145537c0a84828010c1a6ac
data,oritech,recipe,kubejs/data/oritech/recipe/crafting/addon/yield.json,.json,797,d61f1dc78276e06c48666564df4eb8eba39617fe971beea7e924f5cf65d7aec6
data,oritech,recipe,kubejs/data/oritech/recipe/crafting/alloy/adamant.json,.json,536,36e2ae91cc0045c48820b65cde80f4740dd5bfd1eee39612b2e22cec1818f30c
data,oritech,recipe,kubejs/data/oritech/recipe/crafting/alloy/electrum.json,.json,542,a6541f68d7bf48566a2496bc89e4db4d556c8ee0b91208adf3656bb8dd09c00a
data,oritech,recipe,kubejs/data/oritech/recipe/crafting/alloy/steel.json,.json,545,a7980cad63b05601025b8a60f37adb19578193738fe5d09576ba03c1b388ce37
data,oritech,recipe,kubejs/data/oritech/recipe/crafting/assembler.json,.json,459,4ed1e7a13acd270bdb394e01011aac7ffcd426956165b0fceef18e038f46092e
data,oritech,recipe,kubejs/data/oritech/recipe/crafting/assembleralt.json,.json,459,4ed1e7a13acd270bdb394e01011aac7ffcd426956165b0fceef18e038f46092e
data,oritech,recipe,kubejs/data/oritech/recipe/crafting/augment/basic.json,.json,812,de105c6d262736ad401b19d210b7ee07fc6246ceb544d6875fb4904e4ffd78ff
data,oritech,recipe,kubejs/data/oritech/recipe/crafting/basicgen.json,.json,801,46f320e2eb04f9d98465e19d4bb1dd9456e9b185c991ee7f0a7919b95d4e945b
data,oritech,recipe,kubejs/data/oritech/recipe/crafting/basicjetpack.json,.json,795,1ffd11acaf955b92a700736f2799b0e30991e186b04e3e6f645359b9604ed52f
data,oritech,recipe,kubejs/data/oritech/recipe/crafting/basicjetpackalt.json,.json,792,de5e15fe7ec783ca0914c0b9d3585ddc1876232f9cec67b7500e33cfd1c8b34e
data,oritech,recipe,kubejs/data/oritech/recipe/crafting/bigstorage.json,.json,915,e0ee4fd123d3e7388a17ca945c71f1a0acb8dffc9b973571cb4650f4f9db06b9
data,oritech,recipe,kubejs/data/oritech/recipe/crafting/boostedelytra.json,.json,795,1dc75be2c810d49357a52de7073f3004c1393023d52ca1befa51888e8b34ce95
data,oritech,recipe,kubejs/data/oritech/recipe/crafting/carbon.json,.json,710,7908575cee61673a5abed8c298973ba0fd141342afa9a20ea83ad383c22bd010
data,oritech,recipe,kubejs/data/oritech/recipe/crafting/ceilightlight.json,.json,577,90ea7512ed73a01f1d69c7d58530f8fb986f60d25828690eb0b632e5a8ebaf68
data,oritech,recipe,kubejs/data/oritech/recipe/crafting/centrifuge.json,.json,519,7b3520ea0800ff1bed29a21c552096ac0fd8c1a21670446c2ad8ea69ec228926
data,oritech,recipe,kubejs/data/oritech/recipe/crafting/centrifugealt.json,.json,519,7b3520ea0800ff1bed29a21c552096ac0fd8c1a21670446c2ad8ea69ec228926
data,oritech,recipe,kubejs/data/oritech/recipe/crafting/chainsaw.json,.json,786,225e269b1512cfbf788508fadc2901a25be33fedb6140373e94cbf2a84e571c8
data,oritech,recipe,kubejs/data/oritech/recipe/crafting/charger.json,.json,899,3beeadad4bf038fa88dabd1d25cc890d9ffbfc66d7543f004833afde06ddbf70
data,oritech,recipe,kubejs/data/oritech/recipe/crafting/chargeralt.json,.json,898,f1f0103f1128c44f4e62de3af90cfb4f2b83fe4e973ad1ce800e4aa8afbaf748
data,oritech,recipe,kubejs/data/oritech/recipe/crafting/claybeads.json,.json,677,f35227696afd53c42aaf4084e04c3da63ea1c6532582d876330b184e4120e255
data,oritech,recipe,kubejs/data/oritech/recipe/crafting/condenser.json,.json,673,9c91744dcb8e2138021413de2e7b4b312e68cb82d7e9df69b2e7be9b9e1bf603
data,oritech,recipe,kubejs/data/oritech/recipe/crafting/controller.json,.json,477,4df408312137ec1847c8199d68123e7d8e25d372be56ade9a5ef16e206fe3b95
data,oritech,recipe,kubejs/data/oritech/recipe/crafting/cooler.json,.json,778,bd91784ce33d2c01f9dcdb89244e5f5f92753f818ff11555866b858f143976f4
data,oritech,recipe,kubejs/data/oritech/recipe/crafting/core2.json,.json,569,179cf2b14affbd2c957079e52285083aa054d40c9b692e3ed830b9403a79e77d
data,oritech,recipe,kubejs/data/oritech/recipe/crafting/core2alt.json,.json,577,2c8398de974898e52ed495bff3b369fc8b2aeb366e76fb3370dc4f3c2123babb
data,oritech,recipe,kubejs/data/oritech/recipe/crafting/core3.json,.json,563,68a0384b4f77dd1e4562967db1e36dd2af1d9dbc403b44c9870c7e19e56279cd
data,oritech,recipe,kubejs/data/oritech/recipe/crafting/core3alt.json,.json,566,054ff799a91ff36f88ea0b7fa51911b7fbeaea8dc11b93c0aa473365476d4c90
data,oritech,recipe,kubejs/data/oritech/recipe/crafting/designator.json,.json,812,e8912b2d81d4af7442c2bfdb4b1699845acbe5451aba055334b5a09cd4f1d8a5
data,oritech,recipe,kubejs/data/oritech/recipe/crafting/duct_energy.json,.json,682,6aa10f283ff22711981f0deb8639d199cbd9114b0192e605cbf8c9a4eb0cad96
data,oritech,recipe,kubejs/data/oritech/recipe/crafting/duct_fluid.json,.json,680,5a65ecb7934ee26ab23c96953c7ddfa685ae86a5b7f81f3e1f65df4f34d7d8a8
data,oritech,recipe,kubejs/data/oritech/recipe/crafting/duct_item.json,.json,678,a4435cc97c8d458b249a91559e7ca74167ca5290f05f902c595c64ff1cebd005
data,oritech,recipe,kubejs/data/oritech/recipe/crafting/duct_superconductor.json,.json,688,4d7ad2384d00306339c9165e4b346983268e18661461a8be3de95a7569f1aab0
data,oritech,recipe,kubejs/data/oritech/recipe/crafting/electricfurnace.json,.json,920,738bc2705c35e36a31b3430189c9666d9024a71aeaab083fbe43149402912d7c
data,oritech,recipe,kubejs/data/oritech/recipe/crafting/electricfurnacealt.json,.json,943,ba9208aa27f4c733080e82e5aa078039de9c656a7d492557f3da5de324fb0ba3
data,oritech,recipe,kubejs/data/oritech/recipe/crafting/energy.json,.json,442,7959e441be389b78e0efd83873c70520caa7e929fc1a9987aedba1596eb02740
data,oritech,recipe,kubejs/data/oritech/recipe/crafting/energyport.json,.json,817,4a62ef9f0023255a227bbb884c5a67fb09b13918677e8d2046f04e6df64da2c0
data,oritech,recipe,kubejs/data/oritech/recipe/crafting/exoboostedelytra.json,.json,803,d1527f5474bae14ceffb3a6a40291833a11d277d44ef4f8fe0224e63f5502540
data,oritech,recipe,kubejs/data/oritech/recipe/crafting/fertilizer.json,.json,878,f74122a7ca3f356f28e965b1863e83b02f5b4a8c80773d024fd925d908317e3a
data,oritech,recipe,kubejs/data/oritech/recipe/crafting/fluidpipe.json,.json,552,c2b654b9ff28265e4e8dd14d49c763e650295be61850c952fc07f59e7fd2553d
data,oritech,recipe,kubejs/data/oritech/recipe/crafting/foundry.json,.json,795,2050acd51a0f69a3bc39ccf3761ba9013efe04f9d895799329bfca79d00de9a3
data,oritech,recipe,kubejs/data/oritech/recipe/crafting/frame.json,.json,567,602d3c0357357ed5ac6170fcdbf7742ae71701cabbf6d492c1ed995fdd4f5243
data,oritech,recipe,kubejs/data/oritech/recipe/crafting/fuelgen.json,.json,803,4f8f8a444a34bdc5f4eb531e0843ced8527707b9be63ea0b2c64c59bd38d0cdd
data,oritech,recipe,kubejs/data/oritech/recipe/crafting/handdrill.json,.json,788,a6c912f59f0e6e41a58253a5642f8204641b6807f64b41c6efcc6f29383beb75
data,oritech,recipe,kubejs/data/oritech/recipe/crafting/hangardoor.json,.json,568,78261c945760c9f5294e3d6a96584c27a7741d9437cef36fbbdc29de39432cc0
data,oritech,recipe,kubejs/data/oritech/recipe/crafting/industrialglass.json,.json,683,cd832029c1aeabd882700e31e06f4091120148632dbbd1913c3921181f5ad1df
data,oritech,recipe,kubejs/data/oritech/recipe/crafting/iron.json,.json,707,a1ab63d3eb292f2cfd7a5ba1da4dd568b53e22c075af787f902608c3b815af69
data,oritech,recipe,kubejs/data/oritech/recipe/crafting/item.json,.json,552,cd4c8cd4f048bdb70b10472319289effb12307003d543e07d348376403d54705
data,oritech,recipe,kubejs/data/oritech/recipe/crafting/laserarm.json,.json,894,47f8ced0ae3606768f790e632c81bcc1b9a6915f9495f0ac61e48efc91bfefda
data,oritech,recipe,kubejs/data/oritech/recipe/crafting/lavagen.json,.json,813,75ac1d936162972c650ff82127ba2beb2ab62c4b7023335235f276b95843e0d3
data,oritech,recipe,kubejs/data/oritech/recipe/crafting/magnet.json,.json,569,263c753de4f28136d3a60c715e290d9686186ffc7efc8514567ae1588ba916fc
data,oritech,recipe,kubejs/data/oritech/recipe/crafting/metalbeams.json,.json,569,3f822751bf1c60ea222d2aa5393f261b742336ec5eee65aa924abc2c7b18d784
data,oritech,recipe,kubejs/data/oritech/recipe/crafting/metalgirder.json,.json,571,561b6e5f44a20f8a105dec2583cb8ba0f213be0072dd2a7100f8a6e1eec9f855
data,oritech,recipe,kubejs/data/oritech/recipe/crafting/nickel.json,.json,695,0fc8cb60a67b9b2a1306daaf0bf5f4485c91ebe7e96c610fd3cc934e1043bb0d
data,oritech,recipe,kubejs/data/oritech/recipe/crafting/particlecontroller.json,.json,467,dd48f3e729bc01f5e33a16a145321660010bc17dbf513cbd1ce61c139976465c
data,oritech,recipe,kubejs/data/oritech/recipe/crafting/particlemotor.json,.json,810,72165e9d88659edd130e519faff0aae1fc4d480df97fb5ef5b835d41b5f589f7
data,oritech,recipe,kubejs/data/oritech/recipe/crafting/placer.json,.json,893,7ad16915b40da68269aa1a7f83e8771f0b57c10b11f9bc13e22bb2cf1bc90c68
data,oritech,recipe,kubejs/data/oritech/recipe/crafting/plating.json,.json,702,a93957fd579af7b799d64214dbe97665197f98d04053e137bd5b6cb2b87d6462
data,oritech,recipe,kubejs/data/oritech/recipe/crafting/pulverizer.json,.json,789,afb7010aa9291effe9683bc4fb7c730d06a74ba0de47d3e63aa95f938487e07f
data,oritech,recipe,kubejs/data/oritech/recipe/crafting/pulverizeralt.json,.json,781,145b5b6c52fc2695c61b6e78a26b30a2a6a246604642ab880008237ee00ace47
data,oritech,recipe,kubejs/data/oritech/recipe/crafting/pump.json,.json,759,eb8df56ca66670096e300e0e07333655c11109d5eb1ee76d6bd640319596fc68
data,oritech,recipe,kubejs/data/oritech/recipe/crafting/reactorheatpipe.json,.json,586,7f14e94f08b0e99e3577d931041b2b8f8f6de8725efe8bf2a3e5f4522b92816d
data,oritech,recipe,kubejs/data/oritech/recipe/crafting/reactorplatingcrafting.json,.json,676,4e462240effc38502a6b43abf59f20794d1c17ce77e3e1a1094b5549a92ae94b
data,oritech,recipe,kubejs/data/oritech/recipe/crafting/refinery.json,.json,794,6a1580530177d56ff7b65261c9b4d1b028e042594798fd219feceb485ae09dd7
data,oritech,recipe,kubejs/data/oritech/recipe/crafting/refinerymodule.json,.json,803,3bd3e9595a5f05c4ee24269fffeff5b11423ea18e6b75ff608cd6eabbf53bc9f
data,oritech,recipe,kubejs/data/oritech/recipe/crafting/refinerymodulealt.json,.json,791,8a729b4b541f178e6b9daa4bf73af9e731c344866a655c6a52378c7295f9a9cb
data,oritech,recipe,kubejs/data/oritech/recipe/crafting/smallstorage.json,.json,883,65b60a2a6e882cbf870f494fc71a1658064f3e4ec9e81769433533aa5b92a84f
data,oritech,recipe,kubejs/data/oritech/recipe/crafting/stank.json,.json,671,bf0f221d0f8a48a06ffbe3474967dafba60d9c1d2d2fc526b92cbaa8b9831aff
data,oritech,recipe,kubejs/data/oritech/recipe/crafting/steamgen.json,.json,819,4459189e5ff152839d8105e6c2d01f11ad68c16ced007badb55f458715b3ec25
data,oritech,recipe,kubejs/data/oritech/recipe/crafting/techbutton.json,.json,545,2def116928d2f3d6dfe096a9794b1880a5ca7f75bba93519482aced588f22d68
data,oritech,recipe,kubejs/data/oritech/recipe/crafting/techdoor.json,.json,463,3f3851a5cd1186707164d79acb49cbe33608f1c6eaa27cfedc810d1d67e3291e
data,oritech,recipe,kubejs/data/oritech/recipe/crafting/techlever.json,.json,535,847febf1ab805953f1947fdd9f58a63810b1608eec7501f5182a34bf4938c9f6
data,oritech,recipe,kubejs/data/oritech/recipe/crafting/transparentitem.json,.json,667,797f08db33d750013728e0256d81d3619bd35d71b631d7fb04bb58aee9bc276d
data,oritech,recipe,kubejs/data/oritech/recipe/crafting/treefeller.json,.json,790,e70cf7649fa98aeb4eb664511bf669217d41baeb05e1f4ca60bbafaa578478a0
data,oritech,recipe,kubejs/data/oritech/recipe/crafting/wrench.json,.json,562,c04830b9ee6102d0560c10067cf342648092a59f03c7c83aa737626b0d5c814f
data,oritech,recipe,kubejs/data/oritech/recipe/electrum_blockblock.json,.json,473,a4817d18ff3b5afe9c14efed0ca27a6e9515c09f686d373997b7211c941331a8
data,oritech,recipe,kubejs/data/oritech/recipe/motor/advbattery.json,.json,705,fac3de27d1d84bce3571302824c30cd3604d4f38e179b8a2781f830ac8c5de9a
data,oritech,recipe,kubejs/data/oritech/recipe/motor/manualbattery.json,.json,695,2dfb18c9f6280adb63e0643b130bd31a341b7f21301f22889e8cf3749fb0e236
data,oritech,recipe,kubejs/data/oritech/recipe/motor/motorcraft.json,.json,672,895f233945887e4c1d29e67209850b849f1b6a72fc9073fe66694ab146591024
data,oritech,recipe,kubejs/data/oritech/recipe/motor/overchargedcrystal.json,.json,701,8b18e358da6773ffd96814ec3c45bd638ca0b32879dc4f5a500b6c25188799f9
data,oritech,recipe,kubejs/data/oritech/recipe/nickel_blockblock.json,.json,450,f66a7f447389d81b3d7a84831acfdf1515d93f49e9982d90582a025fe0191b2c
data,oritech,recipe,kubejs/data/oritech/recipe/platinum_blockblock.json,.json,467,85725a85f2195160dc68a5d19dbcefa9839e16fd4f10698947056d024280eeb8
data,oritech,recipe,kubejs/data/oritech/recipe/steel_blockblock.json,.json,461,78b00dd34cfec5241c79d18e27abf67bd95d91d49b20b056eed8340eb34aaaac
data,peaks,worldgen,kubejs/data/peaks/worldgen/placed_feature/overworld_peaks.json,.json,317,c2d888b640dcfb0da7782b68fee61bcb5b25d51231d69f93498b476f10056e5b
data,petrochem,recipe,kubejs/data/petrochem/recipe/crafting/null/distillation_controller.json,.json,471,d60891d4b9cec186773efbcf7bedc2d9c81083e6ffd0e876410519b2d4e1b726
data,petrochem,recipe,kubejs/data/petrochem/recipe/crafting/null/electrolyzer.json,.json,891,f318a0215d54d8f04e5d79831cb5c169578e536b5c636a3482959e6ce563e930
data,petrochem,recipe,kubejs/data/petrochem/recipe/crafting/null/pumpjack_well.json,.json,517,f7a55ca7ca7197ffca977446e43a0df58ac164c3f3c65ba74666546444ffec51
data,petrochem,recipe,kubejs/data/petrochem/recipe/crafting/null/steel_fluid_pipe.json,.json,515,628b860a762eb66ede1dcfb042ce1cc97e38a089af82762c58a652dd259dc9d8
data,petrochem,recipe,kubejs/data/petrochem/recipe/crafting/null/steel_fluid_pipe_vertical.json,.json,565,b2ab67365c4f48de533d2f19e7fb0086969bbbc94926e8bad486e3624af65c8b
data,powergrid,recipe,kubejs/data/powergrid/recipe/crafting/alarm_bell.json,.json,787,537998c88b9e44c3f5e62666ebeb55b748d83d97b9f88894edda53e00165cd7a
data,powergrid,recipe,kubejs/data/powergrid/recipe/crafting/capacitor.json,.json,760,f3b954e5fcc83ed6b1538d6b51cc0afc9b10951542ee275b52408e2a274eaabd
data,powergrid,recipe,kubejs/data/powergrid/recipe/crafting/circuit_design_table.json,.json,478,455041660a78ed51d3e56a34e0603c0eb09a3cc7c62016e8da642476070d50e7
data,powergrid,recipe,kubejs/data/powergrid/recipe/crafting/contactor.json,.json,787,f30150e183360f493f85255d2e1de13d6c20fcfb2821398f20d5b1063d9460dd
data,powergrid,recipe,kubejs/data/powergrid/recipe/crafting/copper_coil.json,.json,791,306e5f12b3d0aeee55bb4fc7f7117eff2b8dc44e5d4c725d4e5d90da00522bf9
data,powergrid,recipe,kubejs/data/powergrid/recipe/crafting/cord_junction.json,.json,591,6ba10e3e3a41a0dc5d71cd3ccbf5dccd389eb5389307a24006a5b4079ec68d83
data,powergrid,recipe,kubejs/data/powergrid/recipe/crafting/device_connector.json,.json,645,1136433c7d31267b6079fb7cc5148dbac466fd59cc4bae7b6fc95f70fc91d299
data,powergrid,recipe,kubejs/data/powergrid/recipe/crafting/generator_clutch.json,.json,479,756f435806929383681bef54d976b88ded7df3029f8138bec46c4da02564ca43
data,powergrid,recipe,kubejs/data/powergrid/recipe/crafting/grounding_rod.json,.json,557,c57acf4b42c6c05f27956d290ac256ee922114b4d8a44cfea26a115e44958b48
data,powergrid,recipe,kubejs/data/powergrid/recipe/crafting/heating_coil.json,.json,674,c100ef30ff38dcee796dc3935034ff89170213773ab05f1bbbe3bb453a5ece40
data,powergrid,recipe,kubejs/data/powergrid/recipe/crafting/heavy_wire_connector.json,.json,584,a5b27a307591c1fbddd34a8f782d114bf10341dbb5ff3df7597ae84d4a3b6a91
data,powergrid,recipe,kubejs/data/powergrid/recipe/crafting/hv_breaker.json,.json,801,8f297e354b8db0437f3d8c268b9d4d600186ed6d55f1c69fa37505f4717f6965
data,powergrid,recipe,kubejs/data/powergrid/recipe/crafting/light_fixture.json,.json,635,e2c329b5dcec6ed1e6d484bbcf56221cf49473539e40020fe095ed5ec388a504
data,powergrid,recipe,kubejs/data/powergrid/recipe/crafting/lv_button.json,.json,651,3d502043f8b33fe408a9767eeca119a22561d54309e49858234082664c22245e
data,powergrid,recipe,kubejs/data/powergrid/recipe/crafting/lv_light_bulb.json,.json,669,2ad1d0ff240f5bbbfe84730320bfe9291a5d52e198187b060cac2a465a46c017
data,powergrid,recipe,kubejs/data/powergrid/recipe/crafting/lv_switch.json,.json,644,830aea5c08faff0f65a20bd41f13e70ce131789655d6e4ba484574b265fb9d99
data,powergrid,recipe,kubejs/data/powergrid/recipe/crafting/neon_bulb.json,.json,668,8aa6192fb89b7e2e2e81d274f72807b5b58cc835d5db8cfcad42ce0ec7a18b58
data,powergrid,recipe,kubejs/data/powergrid/recipe/crafting/plotter.json,.json,774,316e7738640c04857a3c81e47825547a850a97aa5c2522954809e4b6b6ec13ac
data,powergrid,recipe,kubejs/data/powergrid/recipe/crafting/potentiometer.json,.json,680,ca2f01777dd3c11e4f21341200bc0ec1790d95d2465d941f0a8784cbe65c9983
data,powergrid,recipe,kubejs/data/powergrid/recipe/crafting/power_resistor.json,.json,661,057c58bda6e32228d590bbf00c55b68e3a7c1add9d1b1d54b94d29ec428624b3
data,powergrid,recipe,kubejs/data/powergrid/recipe/crafting/redstone_relay.json,.json,476,6344ce5560ee4d9d3ff765c6e9b459a852d83b74ddea5c2e6ba2fab34ebff0ee
data,powergrid,recipe,kubejs/data/powergrid/recipe/crafting/relay.json,.json,576,277930fdb0472406ff42ed0f730a25e15228d77d8a8ba5006d18ac10d0156dfd
data,powergrid,recipe,kubejs/data/powergrid/recipe/crafting/relay_dpdt.json,.json,689,96bd3f91b6e7888179662c53601ef0b96fefb32adca6adbf7d28481c31d15f7d
data,powergrid,recipe,kubejs/data/powergrid/recipe/crafting/resistive_coil.json,.json,786,07837bdb365dd639d29589f3a60d90df0fa3f481cecb00c3c47878481c6002e0
data,powergrid,recipe,kubejs/data/powergrid/recipe/crafting/resistor.json,.json,475,d35629bfe6c974dd6e1f724b0f8d1f58d3b80498e4801b3d51a8ffee05f3177e
data,powergrid,recipe,kubejs/data/powergrid/recipe/crafting/rheostat.json,.json,785,5385fce09693966c13f9b9892f80328aac45fd30b4b336c8c986e00d2a3fa95a
data,powergrid,recipe,kubejs/data/powergrid/recipe/crafting/spark_gap.json,.json,669,89f87ea2c13ef8e10955f713bc125eb25879ed6587703d103e6b9c9c6050e866
data,powergrid,recipe,kubejs/data/powergrid/recipe/crafting/variac.json,.json,888,b448f605d02b8afb6905536dc3ccd3d16bcd769c953804f2499c79f6b208628f
data,powergrid,recipe,kubejs/data/powergrid/recipe/crafting/varistor.json,.json,595,8705baf339f049a0d1cd9215e7c3fad9d138779b1622622672272d4760c01999
data,powergrid,recipe,kubejs/data/powergrid/recipe/crafting/wire_connector.json,.json,549,4a9a6ddf39ade8bf51eacdc561d801ad9554d619c8b929da9ce8d3e36b15ac48
data,powergrid_batteries,recipe,kubejs/data/powergrid_batteries/recipe/copper_battery.json,.json,291,fcb7779d6dc1148730d79553b3dc867985325b93ef302807cbd9c1d225230462
data,powergrid_batteries,recipe,kubejs/data/powergrid_batteries/recipe/diamond_battery.json,.json,291,fcb7779d6dc1148730d79553b3dc867985325b93ef302807cbd9c1d225230462
data,powergrid_batteries,recipe,kubejs/data/powergrid_batteries/recipe/gold_battery.json,.json,291,fcb7779d6dc1148730d79553b3dc867985325b93ef302807cbd9c1d225230462
data,powergrid_batteries,recipe,kubejs/data/powergrid_batteries/recipe/high_voltage_battery.json,.json,598,c3a26ac94ea3716025f74dcb5cd487880215ba737031a67648d56ebf919a97f3
data,powergrid_batteries,recipe,kubejs/data/powergrid_batteries/recipe/iron_battery.json,.json,291,fcb7779d6dc1148730d79553b3dc867985325b93ef302807cbd9c1d225230462
data,powergrid_batteries,recipe,kubejs/data/powergrid_batteries/recipe/medium_battery.json,.json,601,117db67bc7772e4101e20b3ae4f96b0f29a1e723ebf240a7f89d8c82deb7cb3d
data,powergrid_batteries,recipe,kubejs/data/powergrid_batteries/recipe/netherite_battery.json,.json,291,fcb7779d6dc1148730d79553b3dc867985325b93ef302807cbd9c1d225230462
data,powergrid_batteries,recipe,kubejs/data/powergrid_batteries/recipe/small_battery.json,.json,576,4eaeada2a33983247a6fef438bd2799eb7512fe2d8a96d1c2a3e6382d63cb1f3
data,powergrid_batteries,recipe,kubejs/data/powergrid_batteries/recipe/substation_battery.json,.json,607,566822ef23f003519b27fd00c7b2932d51a59d3718f2a3854d4be5a27475d44b
data,primitivestart,recipe,kubejs/data/primitivestart/recipe/bone_arrow.json,.json,643,704e59c4119558e8e6f566e7ac9e928e2cc8155b17be598bdf6780aeb168835c
data,primitivestart,recipe,kubejs/data/primitivestart/recipe/bone_axe_left.json,.json,504,1043bb3ab080104239100c188c7b0e06e2d3245162f771e179fe6f7d2d2bf809
data,primitivestart,recipe,kubejs/data/primitivestart/recipe/bone_axe_right.json,.json,504,0412778b94a3ea500b59a5ea2e0f0f11240ffa99109a0abae635e7afa1eaab2f
data,primitivestart,recipe,kubejs/data/primitivestart/recipe/bone_hoe_left.json,.json,504,7a12b9da8ac720dab5aef290cf6deb0e8076cad9cc639dec0581c2565aca7601
data,primitivestart,recipe,kubejs/data/primitivestart/recipe/bone_hoe_right.json,.json,504,0f6b50ac153026dc94d583eb9bcb4f57ab05e96ce10e7ff4ba949c805828ff00
data,primitivestart,recipe,kubejs/data/primitivestart/recipe/bone_pickaxe.json,.json,511,470b0b79e17accbaba23a34d2d37de66745a5401e16632b4b8db5d7344cd7fad
data,primitivestart,recipe,kubejs/data/primitivestart/recipe/bone_shears_left.json,.json,370,54203f8c98dca3165953e175271b309cc7e3b80545da54e0a9a7dd631e9e2a33
data,primitivestart,recipe,kubejs/data/primitivestart/recipe/bone_shears_right.json,.json,370,9b713f1f1c186860c0dea65462e52032d7f0dda282de947479f125f0da94ae30
data,primitivestart,recipe,kubejs/data/primitivestart/recipe/bone_shovel.json,.json,504,4f821f3ee7a93166d5d4c8f8c9932c8c0f2fc1b287bdfc26ec97359e9d7cf22f
data,primitivestart,recipe,kubejs/data/primitivestart/recipe/bone_sword.json,.json,503,dc0760657625ae767211f966e38a56b255b53c1a6feadac9df3c7200905291f1
data,primitivestart,recipe,kubejs/data/primitivestart/recipe/crafting_table.json,.json,381,d6025f8b255abb2b9e5543a5d9f47653eb61b8ab61d2a4bf99e4ce59c8aedc01
data,primitivestart,recipe,kubejs/data/primitivestart/recipe/improvised_planks.json,.json,377,e2f399b128f409fa53c0478f9209857e4b70cf75cfad72b0e46df9721cbaf389
data,primitivestart,recipe,kubejs/data/primitivestart/recipe/plated_bone_arrow.json,.json,465,62505259ebdf90b529ef4b08916c637685dcee78123c5cecc50d8c7ec75a605b
data,primitivestart,recipe,kubejs/data/primitivestart/recipe/plated_bone_axe.json,.json,461,ab00bb8a40ecbbf42a7365efc8cf7d0170396d6a4bc3c9df3d3b61c8598953c0
data,primitivestart,recipe,kubejs/data/primitivestart/recipe/plated_bone_hoe.json,.json,461,19544060f71413ec3f86146eebb3c1796f7898ff8aec8a16fe18c3efda01d651
data,primitivestart,recipe,kubejs/data/primitivestart/recipe/plated_bone_pickaxe.json,.json,469,7f0e6ee5e672968a6f0894efe103fc778aa90fbbd8f5dfb5c02dda50181385fe
data,primitivestart,recipe,kubejs/data/primitivestart/recipe/plated_bone_shears.json,.json,467,dfea39266f197b23ac390c526a020a2504e4df13559e13a8cd7a19d1426ff85d
data,primitivestart,recipe,kubejs/data/primitivestart/recipe/plated_bone_shovel.json,.json,467,007b3223d90b67ca1b83a886623b26cd761ea7653b98e2d385a0578ae234853b
data,primitivestart,recipe,kubejs/data/primitivestart/recipe/plated_bone_sword.json,.json,465,e526bb411aea46134d1c3a8c5b1ef3fa846f6abc663ba552f8d65819dd82a3d5
data,primitivestart,recipe,kubejs/data/primitivestart/recipe/plating_upgrade_smithing_template.json,.json,535,3e608572ece1dfa6ead0bc8b3c277c7cf93ef54d62485705f52b85d23c989f96
data,primitivestart,recipe,kubejs/data/primitivestart/recipe/reinforced_bone_arrow.json,.json,464,a3602eaac96a0bb6ba560295d2d28fda68e036abb36ca8d435f25e60781c311c
data,primitivestart,recipe,kubejs/data/primitivestart/recipe/reinforced_bone_axe.json,.json,460,1195a06fd34357aae6abc0f3301c0903f0d31ba8f7e2e34e1fde6b56898abfac
data,primitivestart,recipe,kubejs/data/primitivestart/recipe/reinforced_bone_hoe.json,.json,460,a57fb7bbd6ff1875f2c699b0e38a748a1ff8b38fd1dd0044a7cef80d942d1547
data,primitivestart,recipe,kubejs/data/primitivestart/recipe/reinforced_bone_pickaxe.json,.json,468,4d87f0ed448b8bc8ff879537dc70ee82d02c73d8789d73be37c578ceef5beb40
data,primitivestart,recipe,kubejs/data/primitivestart/recipe/reinforced_bone_shears.json,.json,466,35ca3a4f3414af5c5cb5bb5ace6329bde928ed664415131ade255191de56f6e5
data,primitivestart,recipe,kubejs/data/primitivestart/recipe/reinforced_bone_shovel.json,.json,466,8acefe21fcb8fe8449e0e3e0384731cb7489ad89b0da694f9c22d060b976ade9
data,primitivestart,recipe,kubejs/data/primitivestart/recipe/reinforced_bone_sword.json,.json,464,ea2fe9c8f4e3bbfb89592f69cd41269b0c2111ffac47aa97b79013ee909602d4
data,primitivestart,recipe,kubejs/data/primitivestart/recipe/reinforcement_upgrade_smithing_template.json,.json,545,2a2c8ed057d90e29e710a3a363f2a35ff016af0f562aff57c8999267443dc14c
data,primitivestart,recipe,kubejs/data/primitivestart/recipe/smithing_table_from_copper.json,.json,508,2ad0f97262ec7084ebd49a74d25f03607edebc7d33599d7f554ac0c81c8c581b
data,quark,recipe,kubejs/data/quark/recipe/automation/crafting/chute.json,.json,797,dca60991f4c9eeca78b676fab2cdb02d218e9f8842542e9d1b65cad6275f4c95
data,quark,recipe,kubejs/data/quark/recipe/automation/crafting/ender_watcher.json,.json,942,c5f6974a5219e945fa4e5702c8545f44c3b1ba3b6783629fe608637ec2fcce1a
data,quark,recipe,kubejs/data/quark/recipe/automation/crafting/gold_button.json,.json,735,1dca5de9bdd44540cc741542d9fea7edd682cf4916a12651a288b06b10c9c225
data,quark,recipe,kubejs/data/quark/recipe/automation/crafting/iron_button.json,.json,735,33a47450d8d89543c7edc6528ec519556d367f516677207239fae65f2cb241db
data,quark,recipe,kubejs/data/quark/recipe/automation/crafting/iron_rod.json,.json,1185,6c4558ca22839ceeb6abbbe669b400a9164f07edc73aa34c58bb8e4f7c5d0051
data,quark,recipe,kubejs/data/quark/recipe/automation/crafting/iron_rod_pre_end.json,.json,890,445811c94979ab1a00e35f1bffb65bec34fe08384c7ba6c6037b8d837a66bc83
data,quark,recipe,kubejs/data/quark/recipe/automation/crafting/redstone_randomizer.json,.json,961,d48ed6d80e157e8751becca58d711109107cc79911c92a8ee4132a187405d575
data,quark,recipe,kubejs/data/quark/recipe/building/crafting/bamboo_mat.json,.json,808,70f8a2e762aac7e68f7b163251e53edf6af17a00a3b57c6f8fdc17fc50c659c1
data,quark,recipe,kubejs/data/quark/recipe/building/crafting/blackstone_bricks.json,.json,813,b5eefa32e07c56ad838092a6b3e9793dadc7b26491ee870fd48b1a1adbd7ff95
data,quark,recipe,kubejs/data/quark/recipe/building/crafting/blaze_lantern.json,.json,835,9a1b672c94dba9b043be60c48f7907ab182442e7d8980a91fb3e5f95e40cdf2b
data,quark,recipe,kubejs/data/quark/recipe/building/crafting/blue_nether_bricks.json,.json,760,171ffeff9a8094d682575bf6a3e2791dbe67be0152d7c251aecd20345e9af42a
data,quark,recipe,kubejs/data/quark/recipe/building/crafting/bookshelves/acacia_bookshelf.json,.json,833,23a5f169ea6205ff83001a876ecc407b0ba35aafbb302055f26ce5f15e2f81c8
data,quark,recipe,kubejs/data/quark/recipe/building/crafting/bookshelves/birch_bookshelf.json,.json,831,0d14fdd4b8bfab431a9895f8dae1fd18e141bbe887ee1b493fb52c0b99e248f0
data,quark,recipe,kubejs/data/quark/recipe/building/crafting/bookshelves/cherry_bookshelf.json,.json,833,51135481d423f640760fbf8446f64a87fff4b49c622e486b80e2ddcde0de2e70
data,quark,recipe,kubejs/data/quark/recipe/building/crafting/bookshelves/dark_oak_bookshelf.json,.json,837,ec84d8e22a7120dc36f8741a3520553a57ac179c86b815accc6a72cd8a41eb7f
data,quark,recipe,kubejs/data/quark/recipe/building/crafting/bookshelves/jungle_bookshelf.json,.json,833,7e28ca05f3d99b591fea24067beea166f02be9b411ff575c9c1654530771ebcf
data,quark,recipe,kubejs/data/quark/recipe/building/crafting/bookshelves/mangrove_bookshelf.json,.json,837,6df084d28d0bad381b495c092dd230b7aed11e6dde1a03439899a602841bca64
data,quark,recipe,kubejs/data/quark/recipe/building/crafting/bookshelves/oak_bookshelf.json,.json,827,e0e0cb71fe44f7a67a750cc50b8d36489230f684f762278893a34a100aa1bf38
data,quark,recipe,kubejs/data/quark/recipe/building/crafting/bookshelves/spruce_bookshelf.json,.json,833,902212501628b4ab9a2e2b7d58ad1d88ed35945b5f8dc128ea2a01433f8ba2e5
data,quark,recipe,kubejs/data/quark/recipe/building/crafting/chests/acacia_chest.json,.json,720,d6121230af5568f1294f816a7688a4fc56de58093130c4c479f1a49231892986
data,quark,recipe,kubejs/data/quark/recipe/building/crafting/chests/birch_chest.json,.json,718,67cd097ad65dc4ee531b4963294f347b6355bb0e6e119fb0767a10c05884101c
data,quark,recipe,kubejs/data/quark/recipe/building/crafting/chests/cherry_chest.json,.json,720,dbc143861d94041a7b03cf26c1c8e9f21abfb4281988f84fc655486c28e20348
data,quark,recipe,kubejs/data/quark/recipe/building/crafting/chests/dark_oak_chest.json,.json,724,1fd35bd1f057d70afbe535613334d0c2a591d8acfc83b4dd79c604e34bb21935
data,quark,recipe,kubejs/data/quark/recipe/building/crafting/chests/jungle_chest.json,.json,720,900e051477ea4f3c876ba34d8b3d252eb7e9eeb11bc42c3a78b8a22b49edcd9c
data,quark,recipe,kubejs/data/quark/recipe/building/crafting/chests/mangrove_chest.json,.json,724,706ca84bbeee91985263ae7dd71b06b74d358a63eb007b61e2e13d8590556a1a
data,quark,recipe,kubejs/data/quark/recipe/building/crafting/chests/oak_chest.json,.json,714,292220d7c1d680a9ba347e04b170a840d87fdbcb9831ab880f2fe0635ee9dd5f
data,quark,recipe,kubejs/data/quark/recipe/building/crafting/chests/spruce_chest.json,.json,720,3ab86b70fbb0d0c284c97a3f7b54a32903f673d531b0788ba73eca4854cf7ab6
data,quark,recipe,kubejs/data/quark/recipe/building/crafting/cobblestone_bricks.json,.json,702,26cc07b9599375b5c86e13a4c1ab0e46a165b26cc2cdfd48fee2f41e92a0a940
data,quark,recipe,kubejs/data/quark/recipe/building/crafting/compressed/gunpowder_sack.json,.json,724,550343fcbb0780eafb50d40617962d41d58f71472d2814f9f1f669738c9de4bb
data,quark,recipe,kubejs/data/quark/recipe/building/crafting/dirt_bricks.json,.json,795,5eb25ff13a7c57ed36f9f00fce12b581b6a69bbd479f8186f65a2e8dff19fe82
data,quark,recipe,kubejs/data/quark/recipe/building/crafting/duskbound_block_without_myalite.json,.json,1658,8da4d8856364993f1f965e3dbb18e3dae669f959873a1c74203dc860f1a4edc0
data,quark,recipe,kubejs/data/quark/recipe/building/crafting/furnaces/blackstone_blast_furnace.json,.json,960,34580c6fed0126a1c8f2678d2039d1a1a0741bb16555be850eb204551e8b39d4
data,quark,recipe,kubejs/data/quark/recipe/building/crafting/furnaces/blackstone_furnace.json,.json,725,742cfdc93593bc1d4a2e581e8dfb82970d8001f0489ab1336ad7f7f2e0432c11
data,quark,recipe,kubejs/data/quark/recipe/building/crafting/furnaces/blackstone_minecarft_tweaked.json,.json,998,b3568905908115a1fbf6affe40f51d95ef0a21fa99fb0044e824de5914ddeb53
data,quark,recipe,kubejs/data/quark/recipe/building/crafting/furnaces/deepslate_blast_furnace.json,.json,959,7874d61f3d459fc72781ae93457eec8f8ab81ee8667ce0e6e467a2a6f475bfe2
data,quark,recipe,kubejs/data/quark/recipe/building/crafting/furnaces/deepslate_furnace.json,.json,731,8422309fca5bdd39d06597a138ef19af60b8fedbb98445f956c366c7c0e59955
data,quark,recipe,kubejs/data/quark/recipe/building/crafting/furnaces/deepslate_minecarft_tweaked.json,.json,997,4f09983f1ffad72c2f7f4b179b4ed15696e36527918354e49ec3f764dcf20792
data,quark,recipe,kubejs/data/quark/recipe/building/crafting/furnaces/mixed_furnace.json,.json,322,61d6ea4f735a5abf7f314006de3b17b3b9ebc47da4b6dbdc5e174737b0ed17fa
data,quark,recipe,kubejs/data/quark/recipe/building/crafting/glass/framed_glass.json,.json,818,523ca541f5e70dc1e5dba3b05189f9376e34393b2dbeea0ccfe7c2565c46a7cd
data,quark,recipe,kubejs/data/quark/recipe/building/crafting/gold_bars.json,.json,676,061671c08beeb697de0c0f6c13c0e5d43f1056629c28069540bcf62147245a30
data,quark,recipe,kubejs/data/quark/recipe/building/crafting/hollowlogs/hollow_acacia_log.json,.json,719,1b9701f433f0d5d7a392d9ab0bac578bcdf12a41652b42bacf414999d1a27427
data,quark,recipe,kubejs/data/quark/recipe/building/crafting/hollowlogs/hollow_birch_log.json,.json,717,1c21d250eb42eaa88a32a747f6253d0e612f6b08c47905165070d3f389c96b1e
data,quark,recipe,kubejs/data/quark/recipe/building/crafting/hollowlogs/hollow_cherry_log.json,.json,719,7db683a4be2ec5a88f9b2eb325541260dcd3f1672735edfdc8dcada09ab4fcea
data,quark,recipe,kubejs/data/quark/recipe/building/crafting/hollowlogs/hollow_dark_oak_log.json,.json,723,0c3e842b76a892ac6c7d31f93e3c62218f6ab6b5a5c96ee2af27356409ee6f94
data,quark,recipe,kubejs/data/quark/recipe/building/crafting/hollowlogs/hollow_jungle_log.json,.json,719,d6dd61b7c8d3dee2bc72c5d23ed16ed893e480bbcaeaee8b041890fb3e7f96a3
data,quark,recipe,kubejs/data/quark/recipe/building/crafting/hollowlogs/hollow_mangrove_log.json,.json,723,e82e69a94d2d0c3608410f66aaae5ea9e765f4593a7c8ed8e97691b33b5add6c
data,quark,recipe,kubejs/data/quark/recipe/building/crafting/hollowlogs/hollow_oak_log.json,.json,713,3e4e75697c2b96a108f66a4615d1e388065b23d9b0e78346e81c98e32e1a2448
data,quark,recipe,kubejs/data/quark/recipe/building/crafting/hollowlogs/hollow_spruce_log.json,.json,719,8531990c849e1f521d02448b858bf21326c1ec962cb4e5c0e7c222110b0e1336
data,quark,recipe,kubejs/data/quark/recipe/building/crafting/iron_ladder.json,.json,817,15a083316feb5ee28bb1e74bd4d96186b462fc071281a52bde171e48f78305fe
data,quark,recipe,kubejs/data/quark/recipe/building/crafting/iron_plate.json,.json,707,7cc7e8b164c9e1da0e25a60d0826f5eadb155cc67154cfcee263f82ba5572785
data,quark,recipe,kubejs/data/quark/recipe/building/crafting/ladders/acacia_ladder.json,.json,829,cc8b6ab0d2e699862efa7b6134ca7d595e5f95560628834799f2495663390824
data,quark,recipe,kubejs/data/quark/recipe/building/crafting/ladders/bamboo_ladder.json,.json,819,2d53b2575a3b2d2b15dcb18e3036c77ac9a888ccdc96230072365737e754afff
data,quark,recipe,kubejs/data/quark/recipe/building/crafting/ladders/birch_ladder.json,.json,827,8e315208d9865653ff161288b1973e487fac8570752deb54adee6f8584d48b32
data,quark,recipe,kubejs/data/quark/recipe/building/crafting/ladders/cherry_ladder.json,.json,829,f4a85ccb8b958b97fd26dc3271ff7c82ea39e4a1af4b532a78cbdfbadce778a6
data,quark,recipe,kubejs/data/quark/recipe/building/crafting/ladders/crimson_ladder.json,.json,821,bd67b5b0ebf9d55c3a1ccb1c3b738e41d4ade4169e4c85abcaa85b4bfb9e9610
data,quark,recipe,kubejs/data/quark/recipe/building/crafting/ladders/dark_oak_ladder.json,.json,833,fe27316605843030e2d723a02e1f64ed4b1c636f0b1081f1dcd550ae61164348
data,quark,recipe,kubejs/data/quark/recipe/building/crafting/ladders/jungle_ladder.json,.json,829,cbe7bb1b96f209454fa0a2bc2850d243a77956a2f43b48dcb668c261de31165b
data,quark,recipe,kubejs/data/quark/recipe/building/crafting/ladders/mangrove_ladder.json,.json,833,1a32e8953fe2db483acd03664797ef238cc2aceadb0cefb41d3cead9e10bfebf
data,quark,recipe,kubejs/data/quark/recipe/building/crafting/ladders/oak_ladder.json,.json,823,47d5c90aaf99d6fc5e0537cd1e0caae0305a507469d831b3ee34c457e4b619c3
data,quark,recipe,kubejs/data/quark/recipe/building/crafting/ladders/spruce_ladder.json,.json,829,b0f8ba54ef4344b2ec643d1a27432e013810e2b8316c087eec9a6a1dc6cb09ee
data,quark,recipe,kubejs/data/quark/recipe/building/crafting/ladders/warped_ladder.json,.json,819,a8605ba3c5dd80a959af61680f1b38b1da7d887f8a6a19a9c317b3eed92919ae
data,quark,recipe,kubejs/data/quark/recipe/building/crafting/lamps/black_corundum_lamp.json,.json,1217,f8ce54d5dcfce23f28aaab513e19b05fbaf16bbc2856089e395497ee893b92cc
data,quark,recipe,kubejs/data/quark/recipe/building/crafting/lamps/black_crsytal_lamp.json,.json,2319,927166725c97a80d6050783b9c572cadafb46d48392de13b245ad301a1c572fe
data,quark,recipe,kubejs/data/quark/recipe/building/crafting/lamps/blue_corundum_lamp.json,.json,1215,73aa4c65f89f85114e7993ae4090c105a98596d1f90dc1c14e26ffc65d831aa5
data,quark,recipe,kubejs/data/quark/recipe/building/crafting/lamps/blue_crsytal_lamp.json,.json,2323,fc7f21fe9b93709eb89bc7ff9f90e17dea74d8f921a7e669555db1490473b52b
data,quark,recipe,kubejs/data/quark/recipe/building/crafting/lamps/green_corundum_lamp.json,.json,1217,5c455cd19ade81e1bbccebff88f3cee4154dfbd27866a166bfb8184cda958975
data,quark,recipe,kubejs/data/quark/recipe/building/crafting/lamps/green_crsytal_lamp.json,.json,2319,b1e5fa05f14c3ebfd643ccb790af44b92ade9b8867e6cd2d72ffdcc9b3d26892
data,quark,recipe,kubejs/data/quark/recipe/building/crafting/lamps/indigo_corundum_lamp.json,.json,1219,7a24a16b739a87889f74906545a374f3578a43fb4964c7a9f407eb2e2e1efe8e
data,quark,recipe,kubejs/data/quark/recipe/building/crafting/lamps/indigo_crsytal_lamp.json,.json,2319,78de955b723bfe1230e8fb396a8c49ed4c170ed53debbd0f90b1abd7ce474a72
data,quark,recipe,kubejs/data/quark/recipe/building/crafting/lamps/orange_corundum_lamp.json,.json,1219,352eb4b01554fd454daaa12426ad38d8cdfe6dc9cd1075ca98cf69205fda4e5a
data,quark,recipe,kubejs/data/quark/recipe/building/crafting/lamps/orange_crsytal_lamp.json,.json,2321,55029742ea893a353b1658692f35a963e7cb3441071920c34f036037922bfeda
data,quark,recipe,kubejs/data/quark/recipe/building/crafting/lamps/red_corundum_lamp.json,.json,1213,b6af3da7b452ef3311b74a23063737f0b97e342fbd9fd9e734fb4d1439832986
data,quark,recipe,kubejs/data/quark/recipe/building/crafting/lamps/red_crsytal_lamp.json,.json,2315,2ff11ebfbbb22f96bdb57f29733e93207bded2214caca9e68be369e6937eb98e
data,quark,recipe,kubejs/data/quark/recipe/building/crafting/lamps/violet_corundum_lamp.json,.json,1219,784b911c29128405517239113f34d959ff1bc7c342f1da748604564831e56b43
data,quark,recipe,kubejs/data/quark/recipe/building/crafting/lamps/violet_crsytal_lamp.json,.json,2319,55622e46ed063e941ef3077646db4e3735103be56d9cab661814e18b8f2909c2
data,quark,recipe,kubejs/data/quark/recipe/building/crafting/lamps/white_corundum_lamp.json,.json,1217,2c0a9ef059ec561f2ab15d7f237a99a2ecee3bb2b9352ad2c9945629cb5078ad
data,quark,recipe,kubejs/data/quark/recipe/building/crafting/lamps/white_crsytal_lamp.json,.json,2319,60203962635c80859758e1ffeb52ffe27314adc13bca72a6036e2be80f2b40c1
data,quark,recipe,kubejs/data/quark/recipe/building/crafting/lamps/yellow_corundum_lamp.json,.json,1219,122251ae8dd279d8186e9c6701523c163a60036fa7dd5926af287f875cfdc191
data,quark,recipe,kubejs/data/quark/recipe/building/crafting/lamps/yellow_crsytal_lamp.json,.json,2321,a119ccdcfbf2c7e11aabb6a5e42a4bf1c306c9f799ce454f8f42576498387503
data,quark,recipe,kubejs/data/quark/recipe/building/crafting/netherrack_bricks.json,.json,813,411198dd51c97d5d8346f4a87b2f196306adf4efca152f48399deb082127f2d6
data,quark,recipe,kubejs/data/quark/recipe/building/crafting/panes/paper_wall.json,.json,811,7c335332d982e43d7baceb9614d15c8e31cd1157f26977b697b5ad75efafb35a
data,quark,recipe,kubejs/data/quark/recipe/building/crafting/paper_lantern.json,.json,920,85ac2c4e4ba01cc12398b07115d3a0e750ab20db72f674618c4b5771edec02aa
data,quark,recipe,kubejs/data/quark/recipe/building/crafting/raw_copper_bricks.json,.json,704,78d54950960fff4435de0d9afb50c7ceb0a00e336071f190562f35f582d87a82
data,quark,recipe,kubejs/data/quark/recipe/building/crafting/raw_gold_bricks.json,.json,700,7ab0262421d49b502bf6f842f7babf15011e19355b3620d77fc1ccd4ab2fa534
data,quark,recipe,kubejs/data/quark/recipe/building/crafting/raw_iron_bricks.json,.json,700,0f6632793ab6383b807e062769188fd79264368946327b0fd2fab15e0689528a
data,quark,recipe,kubejs/data/quark/recipe/building/crafting/rusty_iron_plate.json,.json,817,dfc37fc8b1c4f1b0299965f8c13815e0a96d3924835d4e9df6a81e19cb5929f8
data,quark,recipe,kubejs/data/quark/recipe/building/crafting/shingles/shingles.json,.json,650,21e816ead59b724a8fedd210143a062f737e5ac33558548ac7869b7fbb349331
data,quark,recipe,kubejs/data/quark/recipe/building/crafting/slabs/calcite_slab.json,.json,655,6547239801aa5e8fd2bbec17cc05e75122375a618284fc4c613d98eb0dbc0494
data,quark,recipe,kubejs/data/quark/recipe/building/crafting/slabs/calcite_stairs.json,.json,713,6d5a5ffbe5e154a8b1013ff797f43c85517e1d559bd9a489a2463b62fe728b71
data,quark,recipe,kubejs/data/quark/recipe/building/crafting/slabs/dripstone_block_slab.json,.json,673,73fc3d177c051b45b51ff02cdc57cda7118be361f375b93d54431c0bd05ea4be
data,quark,recipe,kubejs/data/quark/recipe/building/crafting/slabs/dripstone_block_stairs.json,.json,731,d85046d4ea2b7404f511101a318a9591e9a31503f9771d4b2eca2fdc595c400e
data,quark,recipe,kubejs/data/quark/recipe/building/crafting/soul_sandstone.json,.json,692,6bb74dd6a84493706ca470b1d13c5255c872a9860124c97488e168709e1a01c5
data,quark,recipe,kubejs/data/quark/recipe/building/crafting/stone_brick_lamp.json,.json,936,d84ff6c29091d2d689eaacf94f96061ec092cbbc7a6747aa8e50e852686d8b13
data,quark,recipe,kubejs/data/quark/recipe/building/crafting/stone_lamp.json,.json,933,e62a9e46deb00c723254ea865a876f6cdd944034d17e50c25dd7ee220ed5ffd3
data,quark,recipe,kubejs/data/quark/recipe/building/crafting/stonevariants/polished_calcite.json,.json,685,ee47e5a1529338e3803faadc6d9ed6c5ba3fcd503ac067795475964a50214508
data,quark,recipe,kubejs/data/quark/recipe/building/crafting/stonevariants/polished_dripstone.json,.json,697,1dc9d7c32e52028bf4d24a052df939d0e96517d2df3f5ac15a7c12a128419a30
data,quark,recipe,kubejs/data/quark/recipe/building/crafting/sturdy_stone.json,.json,1545,129e0566b9e619559c5b0c98e78a4bfd3faf3c96799271faa8304955c401cf37
data,quark,recipe,kubejs/data/quark/recipe/building/crafting/sturdy_stone_cyclic.json,.json,1415,e0f23b3fcce3fef7a14a49e662fc5ace305b55757e8b8d55558b8b118ee826c8
data,quark,recipe,kubejs/data/quark/recipe/building/crafting/vertplanks/vertical_acacia_planks.json,.json,729,9eb99e8989e6791237d59d4ce7c671c85dd9ca62aa5e93b03c4f04003c7e76b8
data,quark,recipe,kubejs/data/quark/recipe/building/crafting/vertplanks/vertical_birch_planks.json,.json,727,829e94e6642deea4b4332146064837e789913a8d7effe0a628156d00a4009ee2
data,quark,recipe,kubejs/data/quark/recipe/building/crafting/vertplanks/vertical_cherry_planks.json,.json,729,671d15650860b7fb70565aa62cde69f0676c1a45dcd2a272dd7f7700b7770ba2
data,quark,recipe,kubejs/data/quark/recipe/building/crafting/vertplanks/vertical_dark_oak_planks.json,.json,733,3143a8cdb519e7bdc3493559a9a3fca98b701de4a56f3b62dfa86a8d3f8fff89
data,quark,recipe,kubejs/data/quark/recipe/building/crafting/vertplanks/vertical_jungle_planks.json,.json,729,b3c823567db297a47c51e9aba501568963c8fb8010f350b11dcda3e4459e65a7
data,quark,recipe,kubejs/data/quark/recipe/building/crafting/vertplanks/vertical_mangrove_planks.json,.json,733,de8cb64b6885c370de46be5613c9a497fb37965bd21518f6b7a87ff53c6ff09c
data,quark,recipe,kubejs/data/quark/recipe/building/crafting/vertplanks/vertical_oak_planks.json,.json,723,48c20bbd155e8357c40643c89640b52748f231b9c1acbf5ef38ee503bbd6d36a
data,quark,recipe,kubejs/data/quark/recipe/building/crafting/vertplanks/vertical_spruce_planks.json,.json,729,acafaa38238a3fb46cfcb9fa00bccdf2f836755eab1f7e3e637fd7d64210a7c7
data,quark,recipe,kubejs/data/quark/recipe/building/crafting/walls/calcite_wall.json,.json,683,64f029c4bbff8a5b15fb70164e0b2006059a5ec3a0d306211676f14e1c527bbc
data,quark,recipe,kubejs/data/quark/recipe/building/crafting/walls/dripstone_block_wall.json,.json,701,09867588aaa27af10c87680aae491b129a419dfaeea89b03e5ba287eb4a6dc96
data,quark,recipe,kubejs/data/quark/recipe/experimental/crafting/hammer.json,.json,805,e9053a30a62c1c9308a2af0b9b4afead13fe5ca8d5b6f3241c53a8e4a4460bc5
data,quark,recipe,kubejs/data/quark/recipe/oddities/crafting/backpack.json,.json,1583,d33a41f6e1bd185c69432cda7429afc8432905f98ea9a6f98c497d07b962f2d2
data,quark,recipe,kubejs/data/quark/recipe/oddities/crafting/backpack_no_hide.json,.json,1720,d8cd4aa3db5ec5263cae92e51ded711423977b60019199b380f1f61e69f9a190
data,quark,recipe,kubejs/data/quark/recipe/oddities/crafting/crate.json,.json,900,567a1d2655bcfc52bd20bdcc402f93f722850d06e5b3c6f35e0a2eac39f05e8c
data,quark,recipe,kubejs/data/quark/recipe/oddities/crafting/magnet.json,.json,1959,266f21cdc1564a820c72bb9d12744ca97bd762cdb90dc2b736426be7cb88422c
data,quark,recipe,kubejs/data/quark/recipe/oddities/crafting/magnet_pre_end.json,.json,1714,91f978c7b8670d2b79a92f1cbec07d10ad1704c07edcbe80f234d08fabbec729
data,quark,recipe,kubejs/data/quark/recipe/oddities/crafting/pipe.json,.json,793,acaddfe142ce915e931d1df0baadbb83f8a4c68aa8672edf8d8be9840b2d7124
data,quark,recipe,kubejs/data/quark/recipe/oddities/crafting/tiny_potato_no_heart.json,.json,2603,8adb3a81eec8cb0535d16f8eb407cdeb3fd89ec837ecb1d4c5db4a6929849ad2
data,quark,recipe,kubejs/data/quark/recipe/tools/crafting/abacus.json,.json,910,288a8ed5fdbfa74cd99a1802215a0ccdcd4add02f0a8d705089d74d18796459e
data,quark,recipe,kubejs/data/quark/recipe/tools/crafting/pickarang_heart.json,.json,1494,2f9b5a4c7c88ef8643210e32fbe3ae50aa89554f06c6a627a4de6bb2c1749491
data,quark,recipe,kubejs/data/quark/recipe/tools/crafting/pickarang_no_heart.json,.json,2446,0e2ffcbdbf8d27cfdbee344920b4f205d46c60c464a3d2979cfa4f8201a02375
data,quark,recipe,kubejs/data/quark/recipe/tools/crafting/rune_duplication_no_corundum.json,.json,1329,e83552a6c6e521bf16a03c108ddca952ea191d70e1ab34390f95383f96ac700b
data,quark,recipe,kubejs/data/quark/recipe/tools/crafting/trowel.json,.json,777,acfa13f4cb4354f906832ca4754bb2ac547ea6af3c55df412d872930ae1f2790
data,quark,recipe,kubejs/data/quark/recipe/tweaks/crafting/utility/better_stone_tools/axe.json,.json,821,3e2288526c76288c9bb6c0048d5119ed941e01a1f78be051471824d04a0e459f
data,quark,recipe,kubejs/data/quark/recipe/tweaks/crafting/utility/better_stone_tools/hoe.json,.json,821,f6891a1283ee41fd068ea181cc53ad790d88d4126e3798047218f5b227cbd21e
data,quark,recipe,kubejs/data/quark/recipe/tweaks/crafting/utility/better_stone_tools/pickaxe.json,.json,828,0b22669bda91fec160de71d3f9fd08102b44c8cea305ba1b8c515477dc95fa0c
data,quark,recipe,kubejs/data/quark/recipe/tweaks/crafting/utility/better_stone_tools/shovel.json,.json,821,f32f3b85cb3c875068eabe1132632eb5119dacd6a60d6eb3732e05b4aa84439c
data,quark,recipe,kubejs/data/quark/recipe/tweaks/crafting/utility/better_stone_tools/sword.json,.json,820,60241ad5d4dfb1fd28ac6858cbd5778d988a48a7b984543eede867769c52896a
data,quark,recipe,kubejs/data/quark/recipe/tweaks/crafting/utility/chest_boat/direct_acacia_chest_boat.json,.json,844,0ac3e8890883a932b15ce68615710b523a60970883e9fa7e5042c44dfd9e141a
data,quark,recipe,kubejs/data/quark/recipe/tweaks/crafting/utility/chest_boat/direct_birch_chest_boat.json,.json,842,8f78b77baa5fe65e3a2ab29986046c0988eae82cdac6f6673f91f3ef0741d431
data,quark,recipe,kubejs/data/quark/recipe/tweaks/crafting/utility/chest_boat/direct_cherry_chest_boat.json,.json,844,df50d64c79fb351256e04f179efe339102f030edde94fb2f54bed5f8f58c4361
data,quark,recipe,kubejs/data/quark/recipe/tweaks/crafting/utility/chest_boat/direct_dark_oak_chest_boat.json,.json,848,f617b983cb9bc4479c65c84b1be6855e82a40dcc590e974fe93fc5f74ad68590
data,quark,recipe,kubejs/data/quark/recipe/tweaks/crafting/utility/chest_boat/direct_jungle_chest_boat.json,.json,844,89542ba48a8211ed2ef026d05aea55873412f91fc2b24a0747ad85247a27c03a
data,quark,recipe,kubejs/data/quark/recipe/tweaks/crafting/utility/chest_boat/direct_mangrove_chest_boat.json,.json,848,5058ad36379520db6690ed219de1cc21ad62c6fc0b3a802d6d3a1535a2e2f3f4
data,quark,recipe,kubejs/data/quark/recipe/tweaks/crafting/utility/chest_boat/direct_oak_chest_boat.json,.json,838,b30bba543642a7e8065941af2238550e438e5df5d14529c48df70273fd83e01a
data,quark,recipe,kubejs/data/quark/recipe/tweaks/crafting/utility/chest_boat/direct_spruce_chest_boat.json,.json,844,9f06cc3ef44e248e680dafda3ce0362fde13dbea9b5bfdbb2d69c835c8777470
data,quark,recipe,kubejs/data/quark/recipe/tweaks/crafting/utility/misc/chest_minecart.json,.json,801,acbd5376e2c6fafb7f8ad4490da93b956dbe6716913305d564c163c8162f44b2
data,quark,recipe,kubejs/data/quark/recipe/tweaks/crafting/utility/misc/dispenser_no_bow.json,.json,919,4a90cd3e509be43af799eabcca9e85eea299d2d5f21f980b446be6b51b7a8df2
data,quark,recipe,kubejs/data/quark/recipe/tweaks/crafting/utility/misc/easy_hopper.json,.json,815,8a11623e779504015d30cbde0ded1d8326e6f433fe247234c6971897e1a1eb5f
data,quark,recipe,kubejs/data/quark/recipe/tweaks/crafting/utility/misc/furnace_minecart.json,.json,806,5d2faa922331f9bda72e4bb6eb85f8b0d80c8aac49485c343e14a5254152c29a
data,quark,recipe,kubejs/data/quark/recipe/tweaks/crafting/utility/misc/hopper_minecart.json,.json,804,ded282e6532f789b1b6950f54a7d28c9e24acbd8f4573e2b75c2baf593f7c151
data,quark,recipe,kubejs/data/quark/recipe/tweaks/crafting/utility/misc/repeater.json,.json,939,335fe62ee8a3bc24231e56670bcd83d2304fb4adb1a1fde0103456498e2461db
data,quark,recipe,kubejs/data/quark/recipe/tweaks/crafting/utility/misc/tnt_minecart.json,.json,798,fe9158e49d7ecef6b28e5245a182b12a810297504d8b868292c0c50c1de5ff7d
data,quark,recipe,kubejs/data/quark/recipe/world/crafting/woodsets/ancient/ancient_fence.json,.json,785,301c0bf358aea080e2f532c541945ad4a3d942d75306511879fad4cae032803a
data,quark,recipe,kubejs/data/quark/recipe/world/crafting/woodsets/ancient/ancient_fence_gate.json,.json,794,9f2103558e5bc3450528f75fdb420c552c89da785950adf05b13f933d5ec9499
data,quark,recipe,kubejs/data/quark/recipe/world/crafting/woodsets/ancient/ancient_ladder.json,.json,1392,d791f508c2412c16b49c1e9b31c10b8895c6a15b3ea460d488be08697dacb088
data,quark,recipe,kubejs/data/quark/recipe/world/crafting/woodsets/ancient/ancient_sign.json,.json,835,944fd987adf345c0c2205b9ebbd22ab484abd2fba3683c2889d1a412f02e4095
data,quark,recipe,kubejs/data/quark/recipe/world/crafting/woodsets/azalea/azalea_fence.json,.json,782,2aeda55460d24e12d6560b0bac0db84f11adce7304c3d02d8a012b01f5317a20
data,quark,recipe,kubejs/data/quark/recipe/world/crafting/woodsets/azalea/azalea_fence_gate.json,.json,791,b17b9f3ceba5aa2d9b15dc37da51e21a3281e3f835781d423b45901103e5e3d1
data,quark,recipe,kubejs/data/quark/recipe/world/crafting/woodsets/azalea/azalea_ladder.json,.json,1389,50cf0c2908c805724d6ead940f220e54756d88c477dd5a5f0f3573aa2bb8422a
data,quark,recipe,kubejs/data/quark/recipe/world/crafting/woodsets/azalea/azalea_sign.json,.json,832,9089161d68b83440e0b48d69da25b020cafac716b8af35a2d46195442c35ccaa
data,quark,recipe,kubejs/data/quark/recipe/world/crafting/woodsets/blossom/blossom_fence.json,.json,786,56eb237800c03dec478144c6c44478fa18586fc45645e5f7b84fedbb49035227
data,quark,recipe,kubejs/data/quark/recipe/world/crafting/woodsets/blossom/blossom_fence_gate.json,.json,795,30f45c9a6c052adc22cb3ba75283f0ee0710e0b1cf962d59fe1ceabf110f3b27
data,quark,recipe,kubejs/data/quark/recipe/world/crafting/woodsets/blossom/blossom_ladder.json,.json,1393,c1305068728daa295ee3c503e1fab02b1fe411b5d91e62e5f7845bfe097ffff6
data,quark,recipe,kubejs/data/quark/recipe/world/crafting/woodsets/blossom/blossom_sign.json,.json,836,fda25e42ee45e810bd74f24a5805867497eb5d33bff9890fa03705d81c9a82f0
data,rechiseled,recipe,kubejs/data/rechiseled/recipe/chisel.json,.json,469,8aa2e80279c6a97c10e865b695dd9cff756fbb982645249ca24a80ed9c8829ae
data,refuellinghose,loot_table,kubejs/data/refuellinghose/loot_table/blocks/reinforced_hose.json,.json,43,4644b7eb5559dac99ae656a40de46674795723381ac35f13381b1df45a284018
data,refuellinghose,loot_table,kubejs/data/refuellinghose/loot_table/blocks/remote_control_panel.json,.json,43,4644b7eb5559dac99ae656a40de46674795723381ac35f13381b1df45a284018
data,refuellinghose,recipe,kubejs/data/refuellinghose/recipe/pickup_nozzle.json,.json,801,792b2adb7e3b320dfffc4f334c239fbb096f2fb2d335c5c5149b71f9b16fef7f
data,refuellinghose,recipe,kubejs/data/refuellinghose/recipe/pump_control_panel.json,.json,798,71744138bf7a1cc891ddde1e5ebbb49570671aa4772265494e67e3ffe7e69838
data,refuellinghose,recipe,kubejs/data/refuellinghose/recipe/pump_reel.json,.json,899,636529696551ce19cee5621d96828be11301ea242b8c3cd23d823ad5bc5f931b
data,rpg_companions_tiny_dragons,recipe,kubejs/data/rpg_companions_tiny_dragons/recipe/rcp_dragon_trainers_staff.json,.json,714,be5bc5d7e7d71d744f3a05b15d09e75ba57bb6da7433d54587bb614315a74745
data,someassemblyrequired,recipe,kubejs/data/someassemblyrequired/recipe/crafting_shaped/sandwiching_station.json,.json,561,3a3696c9638848946dc133f79db012da05dcb70a632c283a432d93dd8fafde1d
data,sophisticatedstorage,recipe,kubejs/data/sophisticatedstorage/recipe/acacia_barrel.json,.json,1158,0ee448ac839e92ea0318ea51af65b7d9768e79fcbe4eb08cd11344e9a2907eee
data,sophisticatedstorage,recipe,kubejs/data/sophisticatedstorage/recipe/acacia_chest.json,.json,1045,7cdc2886847f827ca3fd44f39f4c44eaefba8d2274d8ff7b1a55f89082e0e928
data,sophisticatedstorage,recipe,kubejs/data/sophisticatedstorage/recipe/acacia_limited_barrel_1.json,.json,1178,c41dd6b0daef63299e75b1cb903ffdea2ba1c5ccb9bbea5cbf0dc8b8147922dc
data,sophisticatedstorage,recipe,kubejs/data/sophisticatedstorage/recipe/acacia_limited_barrel_2.json,.json,1178,11476baabdbf75b859e617b3f077f9bdf9d49875ebd16d3ce1a4889037977e19
data,sophisticatedstorage,recipe,kubejs/data/sophisticatedstorage/recipe/acacia_limited_barrel_3.json,.json,1178,95abf9a8e934a744510715a42d82817ce89c474b74303534366007e844a55244
data,sophisticatedstorage,recipe,kubejs/data/sophisticatedstorage/recipe/acacia_limited_barrel_4.json,.json,1178,b1aeb44e429bee15ac8b9ab5f5e73774cb9c294575d7d2a0f09d6a8b45a579dc
data,sophisticatedstorage,recipe,kubejs/data/sophisticatedstorage/recipe/acacia_storage_connector.json,.json,918,ce17fc0c5048ee2ea5ecce9cc5aaf8fbab3944d0897df07dcf8265bf29c5f201
data,sophisticatedstorage,recipe,kubejs/data/sophisticatedstorage/recipe/alchemy_upgrade.json,.json,1488,6ce3e53cd96e69434edaf29b50a232fdf3fc6cd24da69125f7d9781ae5424098
data,sophisticatedstorage,recipe,kubejs/data/sophisticatedstorage/recipe/auto_blasting_upgrade_from_auto_smelting_upgrade.json,.json,1056,58fc448e838ff966528bad03f55a475be84d744113469aa9238a4abeb7706a1a
data,sophisticatedstorage,recipe,kubejs/data/sophisticatedstorage/recipe/bamboo_storage_connector.json,.json,908,0d436161a8a8d67568c128ccb35eaf22afec854cdc53aaf335a4d7d9b5315b78
data,sophisticatedstorage,recipe,kubejs/data/sophisticatedstorage/recipe/basic_tier_upgrade.json,.json,897,ec44219d57e786a8a37b6f3a2bf359d0de7cc3c15eab1c429a15188e5b9fc5d4
data,sophisticatedstorage,recipe,kubejs/data/sophisticatedstorage/recipe/basic_to_copper_tier_upgrade.json,.json,922,5aa153afaf22c96aec1c33157b22964d13f0a533669c9417ded7bfccdee594a0
data,sophisticatedstorage,recipe,kubejs/data/sophisticatedstorage/recipe/basic_to_diamond_tier_upgrade.json,.json,948,166a099f97d279ccb2ede59851f4b0ee36c4dbbf41cc794fc86973063a59c56c
data,sophisticatedstorage,recipe,kubejs/data/sophisticatedstorage/recipe/basic_to_gold_tier_upgrade.json,.json,939,c0cf4bbdd175226a1136e45599bf803661aef4d8cd1f5d234c39d212e6ce2197
data,sophisticatedstorage,recipe,kubejs/data/sophisticatedstorage/recipe/basic_to_iron_tier_from_basic_to_copper_tier.json,.json,951,f6009a1360ad24fe552be961c2640c5afde9b8dbbad964511d6fee9bcf69de15
data,sophisticatedstorage,recipe,kubejs/data/sophisticatedstorage/recipe/basic_to_iron_tier_upgrade.json,.json,926,10642948e3bbca8ec58a6029d9c7dda72568af63f12c28beaccd5cc9d69a2486
data,sophisticatedstorage,recipe,kubejs/data/sophisticatedstorage/recipe/basic_to_netherite_tier_upgrade.json,.json,866,99ec9085cc19e7fa3a83703482537674d2452226cd121b3006a91bf741f4eea4
data,sophisticatedstorage,recipe,kubejs/data/sophisticatedstorage/recipe/birch_barrel.json,.json,1155,94a4c9aaa6c7222cab6bde461fda2075731e3ac4b8181091f1496eb9efef9551
data,sophisticatedstorage,recipe,kubejs/data/sophisticatedstorage/recipe/birch_chest.json,.json,1043,c69d8c1d7145ce8582ee72d5a56dbcd9200caa7baff99f8cb9b1576106d3d837
data,sophisticatedstorage,recipe,kubejs/data/sophisticatedstorage/recipe/birch_limited_barrel_1.json,.json,1175,b3961e3547ead5066441f7481e668d10c63d120c561f7a83e4ad7a23761c0655
data,sophisticatedstorage,recipe,kubejs/data/sophisticatedstorage/recipe/birch_limited_barrel_2.json,.json,1175,0c1d4858dd3385a815c78beb4ab9d633f21e6458ecc5042ced383c47f8568f3f
data,sophisticatedstorage,recipe,kubejs/data/sophisticatedstorage/recipe/birch_limited_barrel_3.json,.json,1175,98a6b4cbd0fae31cb7f3468c898bdb5a67c35f37440ea8d1a22abace8127fa4e
data,sophisticatedstorage,recipe,kubejs/data/sophisticatedstorage/recipe/birch_limited_barrel_4.json,.json,1175,72d683d160f299a28d80fceaf93b4a449352a5d91f69fc7f20139c450d54e734
data,sophisticatedstorage,recipe,kubejs/data/sophisticatedstorage/recipe/birch_storage_connector.json,.json,915,5622b4cef1c6dd0f8fbdb7e19ce9910c4990c5144676ee94596d659921c34fa0
data,sophisticatedstorage,recipe,kubejs/data/sophisticatedstorage/recipe/blasting_upgrade.json,.json,1142,e615bf0854371fd9b2130de1a7a07febdf31c9d45463314e5dea20befec0f083
data,sophisticatedstorage,recipe,kubejs/data/sophisticatedstorage/recipe/blasting_upgrade_from_smelting_upgrade.json,.json,1041,793eaa6f1814236f3a0bc1499633a3192bb9e1ae0e0034a3f4352e7201334f6c
data,sophisticatedstorage,recipe,kubejs/data/sophisticatedstorage/recipe/cherry_barrel.json,.json,1158,0b9e86983bce9d44cac07cbeec859696a250a1a1340d9e9d5602ce22552be6ec
data,sophisticatedstorage,recipe,kubejs/data/sophisticatedstorage/recipe/cherry_chest.json,.json,1045,210a3e76679c08886a7eb4de63830614bd26047b427a5610ca4961d9a6f4bb52
data,sophisticatedstorage,recipe,kubejs/data/sophisticatedstorage/recipe/cherry_limited_barrel_1.json,.json,1178,dc765c3046871afcfb31ecb5ac079143e19d83160668b84b38652004578ea1a4
data,sophisticatedstorage,recipe,kubejs/data/sophisticatedstorage/recipe/cherry_limited_barrel_2.json,.json,1178,a1a654e511d7c94f154c3cfbca366c766e00807daf987bd626fc56965b6f70d5
data,sophisticatedstorage,recipe,kubejs/data/sophisticatedstorage/recipe/cherry_limited_barrel_3.json,.json,1178,1ebfca6adb2dad990e3e053314d3de50abda8d497f7e363d53509ec39bf08712
data,sophisticatedstorage,recipe,kubejs/data/sophisticatedstorage/recipe/cherry_limited_barrel_4.json,.json,1178,62f1f5e1ab0bd6fcc5fe6e39c35a829ca8aac9614b8abdb0c3da6f2bf98c9efa
data,sophisticatedstorage,recipe,kubejs/data/sophisticatedstorage/recipe/cherry_storage_connector.json,.json,918,99aca358bc6b207c53be9c8449dcc692b2560c87747d036f859a4965cc43016e
data,sophisticatedstorage,recipe,kubejs/data/sophisticatedstorage/recipe/chipped/alchemy_bench_upgrade.json,.json,1363,f9fddd046d86873b9ff355435492a2bba4eb38d41ab32d48842bbd411be07d34
data,sophisticatedstorage,recipe,kubejs/data/sophisticatedstorage/recipe/chipped/botanist_workbench_upgrade.json,.json,1378,ed00273206121a156d73e5be61cc08b0ebc8e2b307e79eddb002f8503659457a
data,sophisticatedstorage,recipe,kubejs/data/sophisticatedstorage/recipe/chipped/carpenters_table_upgrade.json,.json,1372,90b5e4a5c8b0018facbd14c4684207cd9ce3dfdb8628a7a846e4180baa65ffec
data,sophisticatedstorage,recipe,kubejs/data/sophisticatedstorage/recipe/chipped/glassblower_upgrade.json,.json,1357,4f676da7ff8cfb7a768e84fd523a4903ccf15c7fddce332acc42d978906cc3be
data,sophisticatedstorage,recipe,kubejs/data/sophisticatedstorage/recipe/chipped/loom_table_upgrade.json,.json,1354,f66d246b3d9e6f2e4a1805e643ffff2822e646c41a7d23dcda9bed544aa2044b
data,sophisticatedstorage,recipe,kubejs/data/sophisticatedstorage/recipe/chipped/mason_table_upgrade.json,.json,1357,00e7dee5da2010f2be94c46e335e9c60ac1084d5177b7daa5bd4b9b120e94168
data,sophisticatedstorage,recipe,kubejs/data/sophisticatedstorage/recipe/chipped/tinkering_table_upgrade.json,.json,1369,603be0c18be056a591ee3ec05254a426adae150a835161c0ab32b6cecc56c1c3
data,sophisticatedstorage,recipe,kubejs/data/sophisticatedstorage/recipe/compacting_upgrade.json,.json,1139,87a4630846d5728d491c418b451e0c0159a763d29705bc70bf1cb01f9d5a6ca7
data,sophisticatedstorage,recipe,kubejs/data/sophisticatedstorage/recipe/compression_upgrade.json,.json,1141,9d9715c292774fe4437af95cf16b2a24d175a2e439b38ffa0b9b5cc23bd451cd
data,sophisticatedstorage,recipe,kubejs/data/sophisticatedstorage/recipe/copper_to_diamond_tier_upgrade.json,.json,951,018791ae70758f21b9ee5806d678d0653b12a94a5d613fe40101550a9d1dea1d
data,sophisticatedstorage,recipe,kubejs/data/sophisticatedstorage/recipe/copper_to_gold_tier_upgrade.json,.json,942,701c6ceecb1682053cb1558bcfdb3b0a1915ee787167f47ebdece08cac2ea426
data,sophisticatedstorage,recipe,kubejs/data/sophisticatedstorage/recipe/copper_to_iron_tier_upgrade.json,.json,928,c62311227583e2895e4f0c9d0fbdbee52c399af78c5ef58eaf20b71c8d6ba1b5
data,sophisticatedstorage,recipe,kubejs/data/sophisticatedstorage/recipe/copper_to_netherite_tier_upgrade.json,.json,869,d1467dadf99722144718896220ee6e6f39849f691da1628a88140244010c325a
data,sophisticatedstorage,recipe,kubejs/data/sophisticatedstorage/recipe/crafting_upgrade.json,.json,1126,1f3112a1394d440e3a56ccb830bfd38a981187fd4d6a9dbe92c7d499aec516af
data,sophisticatedstorage,recipe,kubejs/data/sophisticatedstorage/recipe/crimson_storage_connector.json,.json,911,30f40a1cb93dd365c2afbd1674f2ef793088f39a859be477c550f514fcb44f29
data,sophisticatedstorage,recipe,kubejs/data/sophisticatedstorage/recipe/dark_oak_barrel.json,.json,1164,9bee457e72c7a3002445bd5afbebd28f95f451b2d630015b50d31f6525caccc0
data,sophisticatedstorage,recipe,kubejs/data/sophisticatedstorage/recipe/dark_oak_chest.json,.json,1049,ae55c0c8451ac118130edd45e11e3f7272c0674a6a88743f8d1c67211f1bebb4
data,sophisticatedstorage,recipe,kubejs/data/sophisticatedstorage/recipe/dark_oak_limited_barrel_1.json,.json,1184,571373da0b5677704f9818d52eb75bd5c749d5aaed64dc7a610fc2ed26281c00
data,sophisticatedstorage,recipe,kubejs/data/sophisticatedstorage/recipe/dark_oak_limited_barrel_2.json,.json,1184,a0a8e97eccf79a5da4d67cf619cfa61fe136c91b0ad75d615d18fa675f731f6c
data,sophisticatedstorage,recipe,kubejs/data/sophisticatedstorage/recipe/dark_oak_limited_barrel_3.json,.json,1184,308bee02d6e1780365db519360124165a6e6ed622c0c7caddd4648aeda4d25f6
data,sophisticatedstorage,recipe,kubejs/data/sophisticatedstorage/recipe/dark_oak_limited_barrel_4.json,.json,1184,91b4c7e6a59f2c346bf21d7f2808e8aeffb8b3ef2dbb23c0e72f7ea1703a1abf
data,sophisticatedstorage,recipe,kubejs/data/sophisticatedstorage/recipe/dark_oak_storage_connector.json,.json,924,f9f11a95dd511c60f1cfcb19fba35ed1329ec5ff888699c3c99ea9d78e4d25aa
data,sophisticatedstorage,recipe,kubejs/data/sophisticatedstorage/recipe/diamond_to_netherite_tier_upgrade.json,.json,844,060d73a3a727e7426c01bfa1ed1e9471033500f88fc12557a7c6a6a8bbd41a64
data,sophisticatedstorage,recipe,kubejs/data/sophisticatedstorage/recipe/filter_upgrade.json,.json,1003,74d7e198553268e1dfb0635f8e6ef843c2fed99b8584f2581c57518989bbaff3
data,sophisticatedstorage,recipe,kubejs/data/sophisticatedstorage/recipe/gold_to_diamond_tier_upgrade.json,.json,923,e0f796f374af0dc462594b2642d79635aabe235a039995b688b476ca0bcfc0b3
data,sophisticatedstorage,recipe,kubejs/data/sophisticatedstorage/recipe/gold_to_netherite_tier_upgrade.json,.json,863,19f1334bf54c806ce59a96a4b161b311c911a0a8799d6d05bc4abe9ca0b5723f
data,sophisticatedstorage,recipe,kubejs/data/sophisticatedstorage/recipe/hopper_upgrade.json,.json,1131,11ad22384c88590ecf3f46e9767970834147d11e9361c6f6c1f79f3e904b831a
data,sophisticatedstorage,recipe,kubejs/data/sophisticatedstorage/recipe/iron_to_diamond_tier_upgrade.json,.json,945,294e3aa071fda962da380a63f0e7f4eeca14706c741540f45b9e0cfd3e6b604d
data,sophisticatedstorage,recipe,kubejs/data/sophisticatedstorage/recipe/iron_to_gold_tier_upgrade.json,.json,914,b3e7498a9057923e98bb1d4b30b6783c19e4949d8ddd95428154afe4cd750737
data,sophisticatedstorage,recipe,kubejs/data/sophisticatedstorage/recipe/iron_to_netherite_tier_upgrade.json,.json,863,9c3a6ed266791dfdf6775a5588bde69dcf66a8a448ec88d90aff11b1c549a426
data,sophisticatedstorage,recipe,kubejs/data/sophisticatedstorage/recipe/jukebox_upgrade.json,.json,1134,b1628b1c812a1d9f5d276e1d15e9112209382f62a68b3ce5a4e4f6bad6a2be8b
data,sophisticatedstorage,recipe,kubejs/data/sophisticatedstorage/recipe/jungle_barrel.json,.json,1158,990a81bbec6a298b4c617f3f46d839336a3010f095888494f64d41d30dd315a0
data,sophisticatedstorage,recipe,kubejs/data/sophisticatedstorage/recipe/jungle_chest.json,.json,1045,0abc2b424a01ce797c4884ff36aad9a8ae8780ff39d53ef5b661cdec57a7a2ad
data,sophisticatedstorage,recipe,kubejs/data/sophisticatedstorage/recipe/jungle_limited_barrel_1.json,.json,1178,651085e1724f0f5f047ff93fe47296334c192d5456e15ed119b661bbd0ea7fb7
data,sophisticatedstorage,recipe,kubejs/data/sophisticatedstorage/recipe/jungle_limited_barrel_2.json,.json,1178,d132f6735c23a44a3411a771b4ac8262795fb65bda85050fd085837119820cfb
data,sophisticatedstorage,recipe,kubejs/data/sophisticatedstorage/recipe/jungle_limited_barrel_3.json,.json,1178,b29fbc484e9d2529d87ae35c77ff804e9e341bb1ed63c285bd077e503da49dd5
data,sophisticatedstorage,recipe,kubejs/data/sophisticatedstorage/recipe/jungle_limited_barrel_4.json,.json,1178,2bf866cc4eb315cd88475595b3776de027ea752c9ed8ad8ee0c5901ecaea07e9
data,sophisticatedstorage,recipe,kubejs/data/sophisticatedstorage/recipe/jungle_storage_connector.json,.json,918,afeda7afac6ad87c962fc80dec7486d6fe0ce02b973b92603e76bef1ffc2fd9d
data,sophisticatedstorage,recipe,kubejs/data/sophisticatedstorage/recipe/mangrove_barrel.json,.json,1164,28cedb1c57c675ce1f40a1548b8dee990a97a1b1b254031aa5e23a8e92457377
data,sophisticatedstorage,recipe,kubejs/data/sophisticatedstorage/recipe/mangrove_chest.json,.json,1049,4ce3746014887b05f3451e5cde9e4aee01283486ce70387a41c092c133357685
data,sophisticatedstorage,recipe,kubejs/data/sophisticatedstorage/recipe/mangrove_limited_barrel_1.json,.json,1184,492cfff618ff65c5ac274ffb17a34abfbba880e7b82e4015b166d16e1ea8fb8b
data,sophisticatedstorage,recipe,kubejs/data/sophisticatedstorage/recipe/mangrove_limited_barrel_2.json,.json,1184,fad634ec3151d58f17c899605d8c14ee78076ad530b71ae83328cbc1b5c5ecd7
data,sophisticatedstorage,recipe,kubejs/data/sophisticatedstorage/recipe/mangrove_limited_barrel_3.json,.json,1184,468572a2bc3da1f4c51a0fee3f2af40717b38d0fc3d352975be985ef37d96e86
data,sophisticatedstorage,recipe,kubejs/data/sophisticatedstorage/recipe/mangrove_limited_barrel_4.json,.json,1184,589899e13efcc8e76fbffc6229e14175e6891fd8419bdfd177b97859da8e95e6
data,sophisticatedstorage,recipe,kubejs/data/sophisticatedstorage/recipe/mangrove_storage_connector.json,.json,924,3c7b30be1af00c8e308280eeb1e23266de5dc50e16cd0d8b9ec4a453449ed03b
data,sophisticatedstorage,recipe,kubejs/data/sophisticatedstorage/recipe/oak_barrel.json,.json,1149,a4cebb7478a89671ae9a94ee86eed15dd31b0137d9e2c84e268f17c964fdcd33
data,sophisticatedstorage,recipe,kubejs/data/sophisticatedstorage/recipe/oak_chest.json,.json,1039,147d3594c8a0c5ddef7f7a4c100b9b1fa8e56314656b1abab14b3bd4819e5de6
data,sophisticatedstorage,recipe,kubejs/data/sophisticatedstorage/recipe/oak_limited_barrel_1.json,.json,1169,5c6e6e8b031adf9555ff7764dcd40dd4ba4beef39ed44a5fda313fd49fe0dc92
data,sophisticatedstorage,recipe,kubejs/data/sophisticatedstorage/recipe/oak_limited_barrel_2.json,.json,1169,9de12cd63415e34549d07bb43db0ded26112c3d789d0d3b09de56e3ef6b444d5
data,sophisticatedstorage,recipe,kubejs/data/sophisticatedstorage/recipe/oak_limited_barrel_3.json,.json,1169,b5b03487f645b8079de484a891dc4991f56d20cfdac5da5b46d872d8e7501207
data,sophisticatedstorage,recipe,kubejs/data/sophisticatedstorage/recipe/oak_limited_barrel_4.json,.json,1169,6f6b5fc03e8a9f4df06ed2ac6c173fe96aeeb4734b13580f1a33936b750b603b
data,sophisticatedstorage,recipe,kubejs/data/sophisticatedstorage/recipe/oak_storage_connector.json,.json,909,f7db572fbbb703557f133aa990323b2ebbc5773a47a82e3d73aa9c6ef9d67b8a
data,sophisticatedstorage,recipe,kubejs/data/sophisticatedstorage/recipe/packing_tape.json,.json,700,95c022a0b8f5c3b7f0efce96caf220e9a81cd4e15cde404276cf712d0c721ad8
data,sophisticatedstorage,recipe,kubejs/data/sophisticatedstorage/recipe/paintbrush.json,.json,565,350a43774666e8f594409ed5f3a810bdb0065350020f3b3d08436ee335e7f78a
data,sophisticatedstorage,recipe,kubejs/data/sophisticatedstorage/recipe/pickup_upgrade.json,.json,1123,7997346e648c5abab4e6537ee818f1d551f9f13c5df9007c927276164f02cb68
data,sophisticatedstorage,recipe,kubejs/data/sophisticatedstorage/recipe/sawmill/sawmill_upgrade.json,.json,1345,8d2aab724cb81fcf5a2afff6fb26d7d3a40c3d44903658c856c0808c15c5facf
data,sophisticatedstorage,recipe,kubejs/data/sophisticatedstorage/recipe/smelting_upgrade.json,.json,1136,a1b418605a6a9af3bb9a6fa2100efe8402e7ce0484fdbb0f55369707c34a152b
data,sophisticatedstorage,recipe,kubejs/data/sophisticatedstorage/recipe/smoking_upgrade.json,.json,1133,eb0f7b74199206b4e1a0580a63ab03c73d4aeaa5a3bdfb4e4129bed515b1097d
data,sophisticatedstorage,recipe,kubejs/data/sophisticatedstorage/recipe/spruce_barrel.json,.json,1158,075927ae52b6809cb3386c040c399dce5c58f94f2c0e2371ec22ae25362e6a06
data,sophisticatedstorage,recipe,kubejs/data/sophisticatedstorage/recipe/spruce_chest.json,.json,1045,b470c985adb759f9ffa1fce14be1eae48dc65bb9e3caecfb4fa0cd1d4f9bcd2e
data,sophisticatedstorage,recipe,kubejs/data/sophisticatedstorage/recipe/spruce_limited_barrel_1.json,.json,1178,19249e727e940592e1197dc3954e6c5ca63a03c069280f92358878401b3c6343
data,sophisticatedstorage,recipe,kubejs/data/sophisticatedstorage/recipe/spruce_limited_barrel_2.json,.json,1178,96944ee0299506ad2ab9fd0473096520640fa52aeab2bce0f7a269e3933dc086
data,sophisticatedstorage,recipe,kubejs/data/sophisticatedstorage/recipe/spruce_limited_barrel_3.json,.json,1178,1aada8c96173d1b692507114f184bcb55a218c4307d841cd68475607afaf1610
data,sophisticatedstorage,recipe,kubejs/data/sophisticatedstorage/recipe/spruce_limited_barrel_4.json,.json,1178,c05a364b8abd019039f839be94ca9a5f734c5b7acdf13e9e0741b2b7d596c0b6
data,sophisticatedstorage,recipe,kubejs/data/sophisticatedstorage/recipe/spruce_storage_connector.json,.json,918,f0418761ba3bb94bf10379577ea461fcce9873b1e8349411c16102897c3f5ae6
data,sophisticatedstorage,recipe,kubejs/data/sophisticatedstorage/recipe/stack_downgrade_tier_1.json,.json,1032,6c6134196826b2fdfbc9dd3970d7675327b524812eb90d6a89046b42d136e779
data,sophisticatedstorage,recipe,kubejs/data/sophisticatedstorage/recipe/stack_downgrade_tier_2.json,.json,1032,717728fe9ab5ea73ec3439a47f3b80657478e9ff03f192cb97c99451e5d940a9
data,sophisticatedstorage,recipe,kubejs/data/sophisticatedstorage/recipe/stack_downgrade_tier_3.json,.json,1032,47353c5f6d975caeeefb57e6f4ecc1d070a2fda2aa41220ef58dcf6a96d166cb
data,sophisticatedstorage,recipe,kubejs/data/sophisticatedstorage/recipe/stack_upgrade_tier_1_plus.json,.json,1045,c8584f97810488bc208c7abd2813d2441d84c20d9893c7cd29cea468561cb4d8
data,sophisticatedstorage,recipe,kubejs/data/sophisticatedstorage/recipe/stack_upgrade_tier_2.json,.json,1041,cff1dade73503a6e89fa20e515043e39f25861c92fdd4d4d46a4fd7828e321f9
data,sophisticatedstorage,recipe,kubejs/data/sophisticatedstorage/recipe/stack_upgrade_tier_2_from_tier_1_plus.json,.json,1046,af10e9bf752bfe5f6dc2a37ee35ec489750710c17162a0fce64a843d67696c01
data,sophisticatedstorage,recipe,kubejs/data/sophisticatedstorage/recipe/stack_upgrade_tier_3.json,.json,1031,ee48dcf1dca0a7042687ce46c266d2567736e1c64bd94baf9e5cd796579cf89f
data,sophisticatedstorage,recipe,kubejs/data/sophisticatedstorage/recipe/stack_upgrade_tier_4.json,.json,1037,59fed2786614a0e0f6c0a8efdf60132b3812ad370d6af10a86b5dc97420b8e50
data,sophisticatedstorage,recipe,kubejs/data/sophisticatedstorage/recipe/stack_upgrade_tier_5.json,.json,1041,2ef6b7f618c85afadb021b1ae28cf5091f779b90ac635e272b1d2e7a7c976cf4
data,sophisticatedstorage,recipe,kubejs/data/sophisticatedstorage/recipe/stonecutter_upgrade.json,.json,1146,da2d039834ced26e5d5feed48708a9b0b3978f89a35f53fa6fdc39c9d4734abc
data,sophisticatedstorage,recipe,kubejs/data/sophisticatedstorage/recipe/storage_input.json,.json,1221,7c9506cb9558de0c4f8fba1f6ed83e7e3a50ed49f3a52e1d4c1df61ee74613cb
data,sophisticatedstorage,recipe,kubejs/data/sophisticatedstorage/recipe/storage_io.json,.json,1215,74a6f3fdd47f283f409c95f2e7a7133601e8c74af8666592921c631927158eec
data,sophisticatedstorage,recipe,kubejs/data/sophisticatedstorage/recipe/storage_output.json,.json,1223,78fa7817d7deb7729c34e28ed7eea06e9f799ff1cac2ca612aae964763af56de
data,sophisticatedstorage,recipe,kubejs/data/sophisticatedstorage/recipe/storage_tool.json,.json,1108,f9057174d1bf9a80adf88d311f9d83403cc060d2603dae369bc2dc9aed7b05e0
data,sophisticatedstorage,recipe,kubejs/data/sophisticatedstorage/recipe/upgrade_base.json,.json,889,2039c4dd74afa306f3acbdc325881830799bb6482336c0df3ac60d26287eb9b0
data,sophisticatedstorage,recipe,kubejs/data/sophisticatedstorage/recipe/void_upgrade.json,.json,1104,f80879bb2eef2f1d0b6d70a92554117ba706921dd267b0395a76e4bf41d892dd
data,sophisticatedstorage,recipe,kubejs/data/sophisticatedstorage/recipe/warped_storage_connector.json,.json,908,efd3976dc0708a45099b6eb21d562e261ce63b4b91641562d1cbedb62109e866
data,spells_and_spellcrafting,recipe,kubejs/data/spells_and_spellcrafting/recipe/guidebook.json,.json,734,1d6efe0df532a5d6f33b1a35bf63bb73a376055d26196f62e5e56c03c598c3b3
data,spells_and_spellcrafting,recipe,kubejs/data/spells_and_spellcrafting/recipe/phylactery.json,.json,695,e6753aa13e8b2ca6c19174dccfcb1362080a5ea65c8f6dfefde6e532b0b9d26b
data,spells_and_spellcrafting,recipe,kubejs/data/spells_and_spellcrafting/recipe/soul_gem.json,.json,556,0f8251de7883e435b903f379c878c3ec04b629bfbd99cfed6bfc8174978f0c81
data,spells_and_spellcrafting,recipe,kubejs/data/spells_and_spellcrafting/recipe/wooden_wand.json,.json,544,ce6dbb8189905adf6c32c04f5005c0df642e547d32984b4d131ac4b84d48f42b
data,spore,loot_table,kubejs/data/spore/loot_table/chests/document_chest.json,.json,1479,932dc072481883882ca237893c5d0b6d924dc9c87a62a2b41f23201db98016f5
data,spore,loot_table,kubejs/data/spore/loot_table/chests/equipment_chest.json,.json,3780,7d2410898099e2ffbec2fc7cdf1efe492f0e988e3c37b10a1d5ef58d9d35133a
data,spore,loot_table,kubejs/data/spore/loot_table/chests/food_chest.json,.json,3212,6b5bf584b186c8ec882d6384c7c8fa12a530b18f56dd0d757ac63c39108d469c
data,spore,loot_table,kubejs/data/spore/loot_table/chests/ice_chest.json,.json,2392,ee2cbdd57181b40edfa6f117c0e06d90c514ba1e8fd0c67e28aeee928396326c
data,spore,loot_table,kubejs/data/spore/loot_table/chests/organ_chest.json,.json,3277,866357d03f18785de0c042c3d94b281fd076aabae1fe5e3a5d588c821eed86c2
data,spore,recipe,kubejs/data/spore/recipe/cdu.json,.json,749,cedcb7f0f5c709582225e6a89eb4d3c3929c0a77622ff3cb20b6a5ca4246cce0
data,spore,recipe,kubejs/data/spore/recipe/circuit_board.json,.json,726,bc804f20c2c941396abedb696887de995d0f7d00716e8947ce436e5e5992a62c
data,spore,recipe,kubejs/data/spore/recipe/container.json,.json,650,acea86a06122b0aaa8e78807ba497abf648206eae686236120760ab163b5788e
data,spore,recipe,kubejs/data/spore/recipe/gas_mask.json,.json,615,9c1b1393f7032fed9a1466b75623247f233ee499804d314b536d292a7ec138a4
data,spore,recipe,kubejs/data/spore/recipe/halogen_light.json,.json,620,d327f541e4bc927e2183fe39067932eddadc8220160de0116264468e596fa619
data,spore,recipe,kubejs/data/spore/recipe/heart_kebab.json,.json,531,0ad24f7410b66e79f83ab27536edb6497e2fd343f2dad034a479d0a11c9dcdb4
data,spore,recipe,kubejs/data/spore/recipe/ice_canister.json,.json,511,3ff3ea05d088f244299289f99e4059c861233dc0bbe4de800ca4d1acc6e1b9ea
data,spore,recipe,kubejs/data/spore/recipe/incubator.json,.json,718,fe9f749d842c3b691c26946754165d9c3de6a411c75f05a5ce51628109d29ed1
data,spore,recipe,kubejs/data/spore/recipe/laboratory_bed.json,.json,531,a355fa8c1c6494aa3c22eb3c7b6b41181d4a20613be071c198e80e99d16a0f5e
data,spore,recipe,kubejs/data/spore/recipe/sharpening_agent.json,.json,651,33d031c35913745435538e0a02d7bf4b9977639fddbd6d7bfca08a93a89b70f2
data,spore,recipe,kubejs/data/spore/recipe/syringe.json,.json,533,124c0a2ef0055627d2e86090effa05212e1bb7a451c31e754a89d86e1b9c8e50
data,spore,recipe,kubejs/data/spore/recipe/vent_plate.json,.json,535,ea124449fbed2758a57483b53e4260c6a62d2fc901b830639e08af2d7eaf91e9
data,spore,recipe,kubejs/data/spore/recipe/zoaholic.json,.json,713,a2e9619692ff06d20108f0e7d41966a31f7f7050ba6eb81868bd5aa34be412fe
data,spore,tags,kubejs/data/spore/tags/worldgen/biome/infinite_domain_surface_structure_biomes.json,.json,543,b98cbd29920936b9a618b728704585df4c9264c02bf2e3c937abf9a3b323ea06
data,spore,tags,kubejs/data/spore/tags/worldgen/biome/infinite_domain_wasteland_landmark_biomes.json,.json,314,22bb72e078e16d7d7061ea47b857c87a12808d7e407ed6bcc06640aed2b9d2c1
data,spore,worldgen,kubejs/data/spore/worldgen/structure/biomass_tower.json,.json,1363,4b8dc6c75ff36f6c04d8f9fc0d8155466887a91d02c6dfe879cfcaab1ad72161
data,spore,worldgen,kubejs/data/spore/worldgen/structure/cathedral.json,.json,1825,958ab0fe1a89a701ae66c0aaaeb2e226d49ab64ea446d521aee349f15892dead
data,spore,worldgen,kubejs/data/spore/worldgen/structure/cell.json,.json,1819,9fb97aaa47d838fa6ac9f8cb2f5ae60f5ae912376959606834c2d3a8d5c9f40c
data,spore,worldgen,kubejs/data/spore/worldgen/structure/celltower.json,.json,1824,91ab885023bac5be66e1af3bd173b01585cdd21b0121ed974d93aba8771f6fdf
data,spore,worldgen,kubejs/data/spore/worldgen/structure/church.json,.json,1821,d6009b65277089d9291f05d555855684cb71e3cd91d6d01905fabf2077371343
data,spore,worldgen,kubejs/data/spore/worldgen/structure/hospital.json,.json,1823,5afcba8936c6a1c4564315b3d607d50b557f2430e0d9d01b677b4f8897d968be
data,spore,worldgen,kubejs/data/spore/worldgen/structure/iceberg_mines.json,.json,1343,3c68c239f769f20e831da7d82c3465e55846bbfa6208cec9aeb766d078f60997
data,spore,worldgen,kubejs/data/spore/worldgen/structure/lab.json,.json,1350,ad269bc4f94f3a81ad2ee76a8e4a7310b7c8bf13e0a4a03853e72f77666f27ef
data,spore,worldgen,kubejs/data/spore/worldgen/structure/lodge.json,.json,1820,93cb1ed609c410135877adb4d11a20e77440fa458e5a2630eb3a8966ef1281f8
data,spore,worldgen,kubejs/data/spore/worldgen/structure/mass_grave.json,.json,1354,f6b809694832d761e360155f89c0d844229733d6a3a7ce9876ba06f446bd2e52
data,spore,worldgen,kubejs/data/spore/worldgen/structure/military_camp.json,.json,1829,8d49306808501023b3e2f0661864e3aa2b4ac32eda72565df60fd33afeefa283
data,spore,worldgen,kubejs/data/spore/worldgen/structure/mines.json,.json,1320,778cd7885fbced24ebcc0e7907bab11cd319bbd7a444a1d1046bf63f5404642f
data,spore,worldgen,kubejs/data/spore/worldgen/structure/prison.json,.json,1816,dae03a458cd0c9eb3edb2a926a192d226c6ae3a93373da82aaa2ce1d5015408b
data,spore,worldgen,kubejs/data/spore/worldgen/structure_set/biomass_tower.json,.json,312,8f10aa9a2f575c054ee7f667d82c377b96c2e29512efc1dc4347117bc0aa71f1
data,spore,worldgen,kubejs/data/spore/worldgen/structure_set/cathedral.json,.json,308,46b7832e5801a322cf60ad5f9dba23722700c22d2ff830cddb775ab368ec7c1e
data,spore,worldgen,kubejs/data/spore/worldgen/structure_set/cell.json,.json,302,56e9084d59e83262dcd2ec0b2ef59eb37625c2e19bea975af55b1ee440673f5f
data,spore,worldgen,kubejs/data/spore/worldgen/structure_set/celltower.json,.json,308,640d954bf2d87fcf69304e6c981580d9e0c13586a3af17f6cedf1840ed66ceb4
data,spore,worldgen,kubejs/data/spore/worldgen/structure_set/church.json,.json,304,9a38c1caad64146ad196f23acc72ed4110916d5980edb4819f4cb8299ecb388a
data,spore,worldgen,kubejs/data/spore/worldgen/structure_set/hospital.json,.json,307,3317b88c0b22beae43fa01fc560ba0ac9d1232b5a193d1d8849cd8c3a5130728
data,spore,worldgen,kubejs/data/spore/worldgen/structure_set/iceberg_mines.json,.json,535,18a99396acf98144592def57c1b2d59bd231310fdf0e21a96e76a39c6a5e29ae
data,spore,worldgen,kubejs/data/spore/worldgen/structure_set/lab.json,.json,302,2ad52b289d3b5a4cac76abaeb6ec45e94882cc0755fa27416a338c7558cfd5e2
data,spore,worldgen,kubejs/data/spore/worldgen/structure_set/lodge.json,.json,303,5c1c1f8ee2499b83bdc429279734d8d9d5faf749c1a29f493273b4bd10ed2b5a
data,spore,worldgen,kubejs/data/spore/worldgen/structure_set/mass_grave.json,.json,308,cd562835f0daf93bf934c3dc871a735222673916cb4fc27656edb641ec96c7e7
data,spore,worldgen,kubejs/data/spore/worldgen/structure_set/military_camp.json,.json,312,4be3ce7f99f73b7c9725ad135b090383f9776a7b448c21e59acc7d7a6358f616
data,spore,worldgen,kubejs/data/spore/worldgen/structure_set/mines.json,.json,522,a299ca06c1a45def786d49db2459a03fc221b2d7aedc7ee9414b0d1d58127f37
data,spore,worldgen,kubejs/data/spore/worldgen/structure_set/prison.json,.json,305,8917b742891230986742040d661428096b963b6295a10664303041b48f6e518e
data,stellaris,recipe,kubejs/data/stellaris/recipe/armor/jet_suit_boots.json,.json,622,58c790f14036e7c177b4dd5796ace7c7d07f2f05374434278a9f1ebdf80146d8
data,stellaris,recipe,kubejs/data/stellaris/recipe/armor/jet_suit_chestplate.json,.json,743,b9a02812e809dabd25beb51e952ef1dd51c674597dc5e54d2b7072cd00218112
data,stellaris,recipe,kubejs/data/stellaris/recipe/armor/jet_suit_helmet.json,.json,744,3e2ea949f0d94ed871858a439c65a4aa55df36e2406270537da7685ff057f699
data,stellaris,recipe,kubejs/data/stellaris/recipe/armor/jet_suit_leggings.json,.json,626,f42ad60213096c80ebc13020fe9b9efbbe6e6e78eeffb105a6abbe28e25c973a
data,stellaris,recipe,kubejs/data/stellaris/recipe/misc/antenna.json,.json,660,6894c32d8da5fa789619351acb33f94699574ce21f3a7ef681b9d9075d3922d7
data,stellaris,recipe,kubejs/data/stellaris/recipe/misc/battery.json,.json,652,bc705dfb5971eca121417fa6c3416eb6644f44d35dd806ff43075d80d1ce1476
data,stellaris,recipe,kubejs/data/stellaris/recipe/misc/big_oxygen_tank.json,.json,446,037e3db49a41913f19b951efa3bd6f097132c8c57561e1e98ded22681015e57a
data,stellaris,recipe,kubejs/data/stellaris/recipe/misc/cable.json,.json,638,d08f0a210017347a4cf3d7b172c53d8d1cd954fb6307b0ddc562f4065191654b
data,stellaris,recipe,kubejs/data/stellaris/recipe/misc/coal_generator.json,.json,631,76fa9c51e8cc1e232212e8dee079a442c013853b2776b00cf5fa554bd40ced2e
data,stellaris,recipe,kubejs/data/stellaris/recipe/misc/diesel_generator.json,.json,771,0f0dea2d35343537f9489dda9323e48ef5b6e083b7a7a1f22a29b8c4da9a761d
data,stellaris,recipe,kubejs/data/stellaris/recipe/misc/engine_fan.json,.json,507,f3e0b71c2f78a1b7442a279def63923fe4acfd86e0a698da83c2d4a0c0c3eecd
data,stellaris,recipe,kubejs/data/stellaris/recipe/misc/flag.json,.json,503,15c36d21ced1386eded2ace273f8d26d47f93cc15d9d76495d6009951929b636
data,stellaris,recipe,kubejs/data/stellaris/recipe/misc/fluid_cell.json,.json,656,5bc60bbd45ac36d56a0adffe3f26db66309b082d9697bd64e16905cf1d23be86
data,stellaris,recipe,kubejs/data/stellaris/recipe/misc/fuel_refinery.json,.json,564,e880627ddc011216e9e37857a407cc9a4c02f621320a547dca671b8fe533fc29
data,stellaris,recipe,kubejs/data/stellaris/recipe/misc/green_can.json,.json,370,5df3b4ebb92f063d02425118844e85e9469ca9d8baaafd8778c56cc3f19c584c
data,stellaris,recipe,kubejs/data/stellaris/recipe/misc/hydrogen_motor.json,.json,553,e90cf0ca4d9efbd81358ba4ac5d27f61a4b3967bc73bd390d3ed6b4dac6cad66
data,stellaris,recipe,kubejs/data/stellaris/recipe/misc/iron_plating_block.json,.json,418,3bfe8ebc9ab43bfa64f1a9f8004dcfa891b5d1aabf13a89bf052d294a6caecc7
data,stellaris,recipe,kubejs/data/stellaris/recipe/misc/modules/base_module_tier_1.json,.json,554,d7e85bce8191553285bccf96b8e3212c216dae85074281f3a73dffd9c6cb22b4
data,stellaris,recipe,kubejs/data/stellaris/recipe/misc/modules/base_module_tier_2.json,.json,548,1a62e1c04b793b515f5e1a9c349ae754f4e16b51c445b2e383f0238e87bba06e
data,stellaris,recipe,kubejs/data/stellaris/recipe/misc/oxygen_distributor.json,.json,568,fead91718928ad6eb930a6534c724348a6e45a9a092ab2280148988b7229c39d
data,stellaris,recipe,kubejs/data/stellaris/recipe/misc/oxygen_tank.json,.json,375,b4ab950257cb938bed84327087757814d9e4cb451873f9117e324b16e3f2e84f
data,stellaris,recipe,kubejs/data/stellaris/recipe/misc/pipe_t3.json,.json,540,d922782d7ce5e57cfb0a5a3fe847ce1af09a71f4604c9db2780d26cb2fb1bbf3
data,stellaris,recipe,kubejs/data/stellaris/recipe/misc/pumpjack.json,.json,527,ea82f1e7d6346e647bb80d562dd77b282869fd3b9fcb55ca7af70bb43106e852
data,stellaris,recipe,kubejs/data/stellaris/recipe/misc/pumpjack_drill.json,.json,615,f0776386e5953dc50f6343b3070b4a50062cd69ef6ccb8d30e10c555ed42c002
data,stellaris,recipe,kubejs/data/stellaris/recipe/misc/radioactive_generator.json,.json,632,82f2b4703a9c876670c4199764dddfcb8bacfd4fd6f53e5584a1e03425c49010
data,stellaris,recipe,kubejs/data/stellaris/recipe/misc/radioactive_motor.json,.json,651,0d70d33f0db0aa6787a1f92ee3c820f2045d2666b4df11633bb0807dec267e1f
data,stellaris,recipe,kubejs/data/stellaris/recipe/misc/rocket_engine.json,.json,492,b740f730f1b509fca352261df42abb6a7e3f6247903d00938eb573aea43b4304
data,stellaris,recipe,kubejs/data/stellaris/recipe/misc/rocket_fin.json,.json,327,a7c95a6548fc79e8c61a8745814e2fbe872b2dd5ce59990b99613bb8368f6b0b
data,stellaris,recipe,kubejs/data/stellaris/recipe/misc/rocket_launch_pad.json,.json,436,d14eb2f2b95d30560831012e5b4624649578549da2fc30a2ae39f832f2b2df17
data,stellaris,recipe,kubejs/data/stellaris/recipe/misc/rocket_nose_cone.json,.json,442,ba948797bd8f70f82544b674c7fd2c76fbf3eb9c7f787694d88b47e792f31d19
data,stellaris,recipe,kubejs/data/stellaris/recipe/misc/rocket_station_block.json,.json,559,5789edb3467c92b894416bf4ac7ce1ed4d190148ce31adcc346edab21fdef5f9
data,stellaris,recipe,kubejs/data/stellaris/recipe/misc/rover.json,.json,834,644374956e9970b83deb323665c6bc2c2e6bacf62548f99e78c8661b8d1a864b
data,stellaris,recipe,kubejs/data/stellaris/recipe/misc/small_green_can.json,.json,372,c38d95e655406a95ba27fcdf55511462c166814588ff60074bd606245c4dbd87
data,stellaris,recipe,kubejs/data/stellaris/recipe/misc/solar_panel.json,.json,502,1ba266c73a7c5add543571cb3480bc7078fdfee774193917b858c81bed342a46
data,stellaris,recipe,kubejs/data/stellaris/recipe/misc/spacesuit_boots.json,.json,377,2dacb9670db40e79b8048d796419c4d979f22ce131275ec90a86e6df3afc6c8a
data,stellaris,recipe,kubejs/data/stellaris/recipe/misc/spacesuit_chestplate.json,.json,573,a8e0652c91e5dc840cd4fd1cf43a41c8ca9a20114a9362ba71952a6ac3957943
data,stellaris,recipe,kubejs/data/stellaris/recipe/misc/spacesuit_helmet.json,.json,499,c64261fd8ec738cb9e48211eb1be43bde31b687b23c8917d86793126e559d019
data,stellaris,recipe,kubejs/data/stellaris/recipe/misc/spacesuit_leggings.json,.json,386,53c0a8296deec2d51dacc3ef39ff4db8d90a1249bbb93bb12d3ec7a2e40fa925
data,stellaris,recipe,kubejs/data/stellaris/recipe/misc/steel_axe.json,.json,506,bb4c1379a07da1664bb659d301288ac6ccf98cfdbe421cb550821ff44a1cc82c
data,stellaris,recipe,kubejs/data/stellaris/recipe/misc/steel_block.json,.json,404,e0455931d098de5bd05262141b7049d7360996f91bf7d47a086851614eef98cd
data,stellaris,recipe,kubejs/data/stellaris/recipe/misc/steel_hoe.json,.json,506,5f5e7becb29b62aaf39ba4ae3e7465b413b2d168604774393949c82ce798135c
data,stellaris,recipe,kubejs/data/stellaris/recipe/misc/steel_ingot_from_blasting_deepslate_steel_ore.json,.json,372,32f7758c92782373a5e3d1dafcb71c22bcb63790139b3b94517538a213aa14d4
data,stellaris,recipe,kubejs/data/stellaris/recipe/misc/steel_ingot_from_blasting_steel_ore.json,.json,362,94bbea80c68e1a788d32729e2a6fb7ce5809bc7bbddbc46d06369e2aa08e12dd
data,stellaris,recipe,kubejs/data/stellaris/recipe/misc/steel_ingot_from_smelting_deepslate_steel_ore.json,.json,372,4a3c1983fa8752b48537b7ef9e9810107b81c92894a143ff36592dabd3001a07
data,stellaris,recipe,kubejs/data/stellaris/recipe/misc/steel_ingot_from_smelting_steel_ore.json,.json,362,23bf5f17ebd78540871f9999eac941639cc905d0509f2c3f59cfde6fafde5bd4
data,stellaris,recipe,kubejs/data/stellaris/recipe/misc/steel_pickaxe.json,.json,513,38ef4ccab9356099633986beff64712c69c93841662f8623639869a29cba9c6a
data,stellaris,recipe,kubejs/data/stellaris/recipe/misc/steel_shovel.json,.json,506,80176835a70487db1e51ac670e17fe682aed8fbb3303363717be63bcec2df08d
data,stellaris,recipe,kubejs/data/stellaris/recipe/misc/steel_sword.json,.json,505,474f2b7c2073ae5b13e65ba2dcea712e0b785b266209bc3ac6ebb0c0f4a2402d
data,stellaris,recipe,kubejs/data/stellaris/recipe/misc/t1_bank.json,.json,649,38dae70e23d538c6c1c9ccd64fd53cb82a1c5295e28ac74c02c7a861ac5596d8
data,stellaris,recipe,kubejs/data/stellaris/recipe/misc/t1_tank.json,.json,657,f305dec62c29e7f54460818492fbab603821f47198b2dca29dc73cbca85faed2
data,stellaris,recipe,kubejs/data/stellaris/recipe/misc/t2_bank.json,.json,648,14123f8b81e173edf30b5399a76b56b2e212de9577520ee972e729994485b24c
data,stellaris,recipe,kubejs/data/stellaris/recipe/misc/t2_tank.json,.json,654,a826e2fc37bf55a928f2876f458934df2ddb36e02678333ccd496f83f2a1c19e
data,stellaris,recipe,kubejs/data/stellaris/recipe/misc/t3_bank.json,.json,648,24d7412b5d2998ecb1243ca665e7095f9b3f28c9331a90056918b97d5e20b70c
data,stellaris,recipe,kubejs/data/stellaris/recipe/misc/t3_tank.json,.json,654,7d17b2fb4701289ce834ef73ec35778fbf7faba56d8155d9faca160b5d722e01
data,stellaris,recipe,kubejs/data/stellaris/recipe/misc/t4_bank.json,.json,648,7258dfc3028f64cc89ab02e212f6e9066681a0ab954f9162c3acddb96d673bfc
data,stellaris,recipe,kubejs/data/stellaris/recipe/misc/t4_tank.json,.json,654,41f095f87174630406108c716b2f188356d01f12ab76ac919c9597f8a4b7c9bb
data,stellaris,recipe,kubejs/data/stellaris/recipe/misc/tablet.json,.json,644,b57201a3991c0d339e2234a1ae3773193f63b939732db00d37dd58b8d165fdd1
data,stellaris,recipe,kubejs/data/stellaris/recipe/misc/upgrade_station_block.json,.json,746,02c9593c8425fe3a04eee2237543f1e9accd11a88bbbf3e7a78b47ff649b9de2
data,stellaris,recipe,kubejs/data/stellaris/recipe/misc/uranium_block.json,.json,395,805805bfe702664b82dca699a1046eee5d46b7636bd008a066b63daa34d102eb
data,stellaris,recipe,kubejs/data/stellaris/recipe/misc/vacuumator.json,.json,620,f7b96fec02abe614432ba9e4e96da29845eeda98560d89178665d297a5f4690f
data,stellaris,recipe,kubejs/data/stellaris/recipe/misc/water_separator.json,.json,577,135c1b9adab9573fd0eefdbde5e1ffdab237d0d73c8c60c7dba780de4bd8abae
data,stellaris,recipe,kubejs/data/stellaris/recipe/rocket.json,.json,938,f47ef39a24674fa45f2a955cad2b0d8ccf2d4ff13ddf0de2eb02cf92af6641ed
data,stellaris,tags,kubejs/data/stellaris/tags/item/space_suit.json,.json,1730,14a795674b49d516602c0a242e9ec37cbde773faf5896aea0f43a748d1ca343c
data,supplementaries,recipe,kubejs/data/supplementaries/recipe/altimeter.json,.json,1094,a8c03c5c8324b6d596e1f6f298eea9941c282d430cbbbf7360c3b3e082b68f63
data,supplementaries,recipe,kubejs/data/supplementaries/recipe/awnings/awning.json,.json,1955,61858a3dacf19598fdb4a41eb0750c0f14136f348a59a9a9ca2a4a80db3a45d9
data,supplementaries,recipe,kubejs/data/supplementaries/recipe/awnings/awning_black_2.json,.json,1849,3556053ea949fe9c722792ac21715aeaf84a250f079b1f16c02f8c509014ca68
data,supplementaries,recipe,kubejs/data/supplementaries/recipe/awnings/awning_blue_2.json,.json,1847,cf157526b09a3ce022ebccdeaa2aaea65e089af4372506dcbdc55ef4d95ffcaa
data,supplementaries,recipe,kubejs/data/supplementaries/recipe/awnings/awning_brown_2.json,.json,1849,825aaa88e4ccfe11043bf44397d144892f5d94d33c90dca448e2b98d8e5abef3
data,supplementaries,recipe,kubejs/data/supplementaries/recipe/awnings/awning_cyan_2.json,.json,1847,60dd9c2dc54e0e761f9aefb1295aac9d6ef5f38114b6d3a4963a4f59726e8e1b
data,supplementaries,recipe,kubejs/data/supplementaries/recipe/awnings/awning_gray_2.json,.json,1847,12045bb443d062ee679871c1eb0dbfa353db1aafeaad94771672d80d61c6133a
data,supplementaries,recipe,kubejs/data/supplementaries/recipe/awnings/awning_green_2.json,.json,1849,7fcea3889adaf3f3b180b0b7a68e641c699896577ad9a7226a8f7388ba683f6e
data,supplementaries,recipe,kubejs/data/supplementaries/recipe/awnings/awning_light_blue_2.json,.json,1859,2a23398e4dc1199051124dafd2463fb2598b4d1b1ca71e273334ef8e37bfa4db
data,supplementaries,recipe,kubejs/data/supplementaries/recipe/awnings/awning_light_gray_2.json,.json,1859,6b3bf42e04d6fe62a05d05525afee615fe57216164f703fb6996eccd578d7898
data,supplementaries,recipe,kubejs/data/supplementaries/recipe/awnings/awning_lime_2.json,.json,1847,74cbb82c2f13b1d21475c5999dec4c24a5597325c8a1100b9b171bf591243aee
data,supplementaries,recipe,kubejs/data/supplementaries/recipe/awnings/awning_magenta_2.json,.json,1853,c75c05886f35240a58d91cca824a6dfff75b834eaf4167ed12f6b0fcd85b762a
data,supplementaries,recipe,kubejs/data/supplementaries/recipe/awnings/awning_orange_2.json,.json,1851,2d94d9b80092c3a4fa36bdc34e77e147878bf3038f68bc1b2ab9c85a58c9cec0
data,supplementaries,recipe,kubejs/data/supplementaries/recipe/awnings/awning_pink_2.json,.json,1847,94214b2feb64b22c8b2729d938d6a0644a664522330a210a43e56e3a4f3eb101
data,supplementaries,recipe,kubejs/data/supplementaries/recipe/awnings/awning_purple_2.json,.json,1851,972a50de7e14aa17a442dc4bf581d46a1bb24b63e78c75a8dd92f91cd3ebef05
data,supplementaries,recipe,kubejs/data/supplementaries/recipe/awnings/awning_red_2.json,.json,1845,5b5bce0ecd8cca4eb1ff20078ca3e2f320dd9548bad7e66dfc9293b71f6bc5d8
data,supplementaries,recipe,kubejs/data/supplementaries/recipe/awnings/awning_white_2.json,.json,1849,3d7e4b8d4a87e39a28197908aeb3f049b9ec63b9dc3f8acd02af8990ec542b79
data,supplementaries,recipe,kubejs/data/supplementaries/recipe/awnings/awning_yellow_2.json,.json,1851,2e9fa3d68abdb89ff961b217d3a984e0feddd8da490bf472540e86dd8e5bce68
data,supplementaries,recipe,kubejs/data/supplementaries/recipe/blackboard.json,.json,1223,6f888840e644dad0411cfec77d32f25c50dccfc0a9692cf18a4b70f85560d427
data,supplementaries,recipe,kubejs/data/supplementaries/recipe/blackstone_lamp.json,.json,1116,2962ce45bb56428f39a60b69baf20aab2b69b66e6f06e7aea039c59b4da9cede
data,supplementaries,recipe,kubejs/data/supplementaries/recipe/blast_armor_trim_smithing_template.json,.json,748,5021e9bcdecccdb3b61f667c2f34eec418cffae3a03e44f9d0852a685bff8426
data,supplementaries,recipe,kubejs/data/supplementaries/recipe/bomb.json,.json,1187,9ca51355280739fd15ba76cd807017e643974bbf73e9fe56c0888cb64c3cff14
data,supplementaries,recipe,kubejs/data/supplementaries/recipe/bubble_blower.json,.json,1100,40608474a27fca0c2cb6d07abd349a0fe478cbb9db5da2cbb32b0a7c502cb6b3
data,supplementaries,recipe,kubejs/data/supplementaries/recipe/cage.json,.json,1183,311b44df60d33488600747b73c46b510b5b6196251cadb68015196ea92f2100d
data,supplementaries,recipe,kubejs/data/supplementaries/recipe/candle_holders/candle_holder.json,.json,1098,9b41fd68a8d060daa5a4bd77df3c25d57b10ae3d6dfca54d6440d25a84782e9a
data,supplementaries,recipe,kubejs/data/supplementaries/recipe/candle_holders/candle_holder_black.json,.json,1142,30545d2f3ab8a5ba200fed6c79b412a84f1df50ac734427e251f4b42af0e9127
data,supplementaries,recipe,kubejs/data/supplementaries/recipe/candle_holders/candle_holder_blue.json,.json,1140,be7dbc12fedc6733d07bb6cbf5fc1e52ec12fb126b1318e81164e3f268cb6454
data,supplementaries,recipe,kubejs/data/supplementaries/recipe/candle_holders/candle_holder_brown.json,.json,1142,4a3d410e48632d3bd0323a367b8c5fda8b2aa75acbe68db531d53ea47d08249c
data,supplementaries,recipe,kubejs/data/supplementaries/recipe/candle_holders/candle_holder_cupric.json,.json,1931,bd30e2af09b2b95a9535e7cb2d4a5bc06e818a9b7ee404b4a0de4d814e814d1a
data,supplementaries,recipe,kubejs/data/supplementaries/recipe/candle_holders/candle_holder_cyan.json,.json,1140,38afb726e753ea09c8830d81e8a75736b8e9c0a45ec782ef8b6b3a2bedd538ff
data,supplementaries,recipe,kubejs/data/supplementaries/recipe/candle_holders/candle_holder_ender.json,.json,1913,89ad0e9a34928952558c409f908017811a4db0daf8799f283c3c0d0ad5e6c380
data,supplementaries,recipe,kubejs/data/supplementaries/recipe/candle_holders/candle_holder_gray.json,.json,1140,fe5c5f0d6c66167f0bd7b74a4d494682bc103259b3c30b21a05d252ba4d18dbb
data,supplementaries,recipe,kubejs/data/supplementaries/recipe/candle_holders/candle_holder_green.json,.json,1142,5c0aaf37cf1685ee36cbd6128620535a01f601d0c9d1960aae5cd14710d08027
data,supplementaries,recipe,kubejs/data/supplementaries/recipe/candle_holders/candle_holder_light_blue.json,.json,1152,43b9f531f0a7104277ed58cb37e10ba088472c2c581b5fb1b1efddcd6c63b60a
data,supplementaries,recipe,kubejs/data/supplementaries/recipe/candle_holders/candle_holder_light_gray.json,.json,1152,d6707bc6c510668229733313d1195715702ae41f4e859e47ae8c18cea7ed305a
data,supplementaries,recipe,kubejs/data/supplementaries/recipe/candle_holders/candle_holder_lime.json,.json,1140,384f1a3ff2ceae3973e428f97aa1b41d8939cc84e46aa17ebe4917891bb067b4
data,supplementaries,recipe,kubejs/data/supplementaries/recipe/candle_holders/candle_holder_magenta.json,.json,1146,3511dd25f12ae2f0fc5e39eac0611d48f0120954f91fd47371652369ea803ff8
data,supplementaries,recipe,kubejs/data/supplementaries/recipe/candle_holders/candle_holder_orange.json,.json,1144,2a358798d12599dc9e176ab800c343336be8c69ed5f54b7daa842e1da5fe120a
data,supplementaries,recipe,kubejs/data/supplementaries/recipe/candle_holders/candle_holder_pink.json,.json,1140,e7ffcfb783110dd4663fac1fda0ac7e33934bbdfb2bf8d0f861d26d5e04677b4
data,supplementaries,recipe,kubejs/data/supplementaries/recipe/candle_holders/candle_holder_purple.json,.json,1144,8c83b4159dd4c166c744d1fdbe46966afb267b9c771964823b0bdc7bbf6e3c61
data,supplementaries,recipe,kubejs/data/supplementaries/recipe/candle_holders/candle_holder_red.json,.json,1138,bdbf9fbca7ab98defd9a108046fef24884c54a94cf29ae33efd613bfda2945eb
data,supplementaries,recipe,kubejs/data/supplementaries/recipe/candle_holders/candle_holder_soul.json,.json,1496,ba64760862db8e343be56e393eb23ea9958dc37624f93489b7b51bbd3a780a13
data,supplementaries,recipe,kubejs/data/supplementaries/recipe/candle_holders/candle_holder_spectacle.json,.json,1521,2d0e4b5a512727ef4360efef3620a03f810b9475787b09617ea3c4d27e63b795
data,supplementaries,recipe,kubejs/data/supplementaries/recipe/candle_holders/candle_holder_white.json,.json,1142,5f20e7f7b3cb240b1f103a87cbd9bb247df5481d427fc0926d8b4f72ccfc234c
data,supplementaries,recipe,kubejs/data/supplementaries/recipe/candle_holders/candle_holder_yellow.json,.json,1144,d1198beb5409e698589e2c9a5c3fb5a5a061ed71c69631b7b0b1ab63cf1968c2
data,supplementaries,recipe,kubejs/data/supplementaries/recipe/candy.json,.json,1097,970dd9ef5f7438390a15a3f5ba0e165995c050631654836037ff430c890140ab
data,supplementaries,recipe,kubejs/data/supplementaries/recipe/cannon.json,.json,1193,b330d6f5f0cf5e4e547dd4981b2fe8f89502137db0643024942de67559ed2305
data,supplementaries,recipe,kubejs/data/supplementaries/recipe/cannon_2.json,.json,1313,09575bf4787a5742794066825d1c46f41e49211cbb5ccc4ea5d70aaba526cbe6
data,supplementaries,recipe,kubejs/data/supplementaries/recipe/cannonball.json,.json,1422,c0eff9086401fe61286f984b793b871aae4a5aa31623dba3e4fb851d6cf39398
data,supplementaries,recipe,kubejs/data/supplementaries/recipe/checker.json,.json,1121,a918b3041c3d5361c75f290c0d6c17e9cc931ee23adbb5d08c2771f5d0c17d34
data,supplementaries,recipe,kubejs/data/supplementaries/recipe/cog_block.json,.json,1104,5d152391a2e1d34b3902b7ab7d7d0b5a9ad2f40ad50f04b7c9ba315aba087c4b
data,supplementaries,recipe,kubejs/data/supplementaries/recipe/confetti_popper.json,.json,1215,b7ee0d0245556e98d91c9f610bc4fa378c9b216be87141ca5c1e0c2b9bd77cd3
data,supplementaries,recipe,kubejs/data/supplementaries/recipe/crank.json,.json,1050,b18cc188ab8e4d5b953806866d77633823b0987d18ddf275b65bac6f5ac68498
data,supplementaries,recipe,kubejs/data/supplementaries/recipe/crystal_display.json,.json,1116,941f8b2c95adc7c568c6edfbf9ce83482a77c8e3198bc4ace4bca566d2ae56bd
data,supplementaries,recipe,kubejs/data/supplementaries/recipe/daub_brace.json,.json,1098,81724fdd3add910bdea84f0f1b4aa64686739011f0ee868c7bfa2fb3ef407e67
data,supplementaries,recipe,kubejs/data/supplementaries/recipe/daub_cross_brace.json,.json,1104,fe74263b311d47aa718c526556f81b4d6f5bd590f9a27c2b5d96bd6fa22e99aa
data,supplementaries,recipe,kubejs/data/supplementaries/recipe/daub_frame.json,.json,1098,c6d8e061639747a7c11981cf0a97f87ed455ccb9715d7f281506721cd3fcd089
data,supplementaries,recipe,kubejs/data/supplementaries/recipe/deepslate_lamp.json,.json,1107,19c20f089c8e9b071447b46c03b30198cb24d7db93e87ab686ac874b4d4f19b8
data,supplementaries,recipe,kubejs/data/supplementaries/recipe/dispenser_minecart_quark.json,.json,1468,5675e769e3de285d68adb370bef18628606c97812d31bd9089fa22a5fcb7aaa1
data,supplementaries,recipe,kubejs/data/supplementaries/recipe/dragon_banner_pattern.json,.json,1059,086fc44288a88a98f3997db5e6f47291c32fed8fce1220209fb99e4b554ee05e
data,supplementaries,recipe,kubejs/data/supplementaries/recipe/end_stone_lamp.json,.json,1109,032dc42e628a4356a70290c592cd64d1396c792b15fcaa00ffd84b2284cde7c2
data,supplementaries,recipe,kubejs/data/supplementaries/recipe/faucet.json,.json,1076,dfc4510b6e60e057b64e197589d52ac2200b90e143704212fb38120a80fe27c7
data,supplementaries,recipe,kubejs/data/supplementaries/recipe/fire_pit.json,.json,1483,cbf3a67b827b72a6572b6623d888d28cb036a7f7433d197a6f3ebdae9d985dbc
data,supplementaries,recipe,kubejs/data/supplementaries/recipe/fire_pit_2.json,.json,1860,be2664cfa8f07f333b1df00b69976078576c9643bba04544f232b709783e71ac
data,supplementaries,recipe,kubejs/data/supplementaries/recipe/flags/flag_black.json,.json,1099,5ee228b78a6102a191f34c59e5279f6aec2c6d40fe02a9411357ff7ccac8bb08
data,supplementaries,recipe,kubejs/data/supplementaries/recipe/flags/flag_blue.json,.json,1097,9a4319690f69e4dbd4aeaf6cb15311e444c4f137a18d9fe704a3977de935ddd5
data,supplementaries,recipe,kubejs/data/supplementaries/recipe/flags/flag_brown.json,.json,1099,d89d1721c6afc4e5901cf53d489677ac7fc45037f0bbd860f6b4b957d4bb0039
data,supplementaries,recipe,kubejs/data/supplementaries/recipe/flags/flag_cyan.json,.json,1097,b09dfa581a0d93543903748a1f097a629b777375a8c8924cf43aa8e187d9c78f
data,supplementaries,recipe,kubejs/data/supplementaries/recipe/flags/flag_gray.json,.json,1097,53239a1d3c3f243425aefc23d36dc4544993dd1456ac7cd6ca117b899d443a7c
data,supplementaries,recipe,kubejs/data/supplementaries/recipe/flags/flag_green.json,.json,1099,d631ccbc8a8e4be955b8d039edba69502cff69430e076c0be012e4ce745704d1
data,supplementaries,recipe,kubejs/data/supplementaries/recipe/flags/flag_light_blue.json,.json,1109,26fb8126c4d19c7c73e50dbef63b0b450ecd9a37c5b5fabe65e2e88cfd1feb86
data,supplementaries,recipe,kubejs/data/supplementaries/recipe/flags/flag_light_gray.json,.json,1109,73765827862a6b20d8d2512a1b6ebf3ceff0dfb80c9f49488cd00b553e74d64e
data,supplementaries,recipe,kubejs/data/supplementaries/recipe/flags/flag_lime.json,.json,1097,b0607abf86395c1cca2aa89a34559ec163870c355eb608c25f71d199db9084a7
data,supplementaries,recipe,kubejs/data/supplementaries/recipe/flags/flag_magenta.json,.json,1103,49774ed8c67bb500644c3585e2835ec5d96366095745339ed13f26169b79be7e
data,supplementaries,recipe,kubejs/data/supplementaries/recipe/flags/flag_orange.json,.json,1101,323b652e3b26dc81ce45532cbc60e4f95a273651d24312114ae907943832c4af
data,supplementaries,recipe,kubejs/data/supplementaries/recipe/flags/flag_pink.json,.json,1097,a44267edb48e22ef09ab33f4e5e5054233234f1f726d5c1b0ed8af9e3b1f42bb
data,supplementaries,recipe,kubejs/data/supplementaries/recipe/flags/flag_purple.json,.json,1101,6cea893ac8a11b4128c6fc539f8d870329e6564fd1e0cc6efd04c8edaef08efd
data,supplementaries,recipe,kubejs/data/supplementaries/recipe/flags/flag_red.json,.json,1095,43c53a9fc188416c00c9095e5987bcfb0e3364c3a60add5886f8c6a2ee992a19
data,supplementaries,recipe,kubejs/data/supplementaries/recipe/flags/flag_white.json,.json,1099,8775791483e8efde2146a61081367e0cc565eedf46f1f8f2a08f56ee5be83bd3
data,supplementaries,recipe,kubejs/data/supplementaries/recipe/flags/flag_yellow.json,.json,1101,02948a43a1889e206b6fcf4818d341920881487c329c4702093e9210e21a0330
data,supplementaries,recipe,kubejs/data/supplementaries/recipe/flint_block.json,.json,992,e38c00ff854d8c1b99ed5b15192fc423a5d8ff16d6f95ad31c8925a3060bcb3c
data,supplementaries,recipe,kubejs/data/supplementaries/recipe/flower_box.json,.json,1096,4f3292ccbd041667a9b34089f831bb3c7a888c7c7aa89bb617a340a5a5e71188
data,supplementaries,recipe,kubejs/data/supplementaries/recipe/fodder.json,.json,1003,75dc9dec8fbe070e5e5bdf71ace6ba8252b4b7cf7c1c42c93b85069a83cf91f3
data,supplementaries,recipe,kubejs/data/supplementaries/recipe/goblet.json,.json,1079,2c6ad07f7e153c34f028b07e9e551663f9662a9c4ce991bee6d4ed6203bc850d
data,supplementaries,recipe,kubejs/data/supplementaries/recipe/gold_bars.json,.json,979,119efa8707217d808a9e1b59abf3ecac4c662d5bea6606d5b3eae5ef08d00a93
data,supplementaries,recipe,kubejs/data/supplementaries/recipe/gold_door.json,.json,1006,a917c4413f3eb340382829905a9528483e05a01dc426cdfa8e8363d1339fe605
data,supplementaries,recipe,kubejs/data/supplementaries/recipe/gold_gate.json,.json,2692,c38fdc79c2ea75b03511c067517bad5a4e22d1b70ff612f1fa2d2c2cf80c605e
data,supplementaries,recipe,kubejs/data/supplementaries/recipe/gold_trapdoor.json,.json,1022,138f2c5b1c028119a40628e4edcf94048bd323e1f9d080257dd79931efcc06bf
data,supplementaries,recipe,kubejs/data/supplementaries/recipe/gravel_bricks.json,.json,966,f118fce5f9e16d1e1b8b6cc3551e5249a4b577f86d0a0c1cb83d53626b3336db
data,supplementaries,recipe,kubejs/data/supplementaries/recipe/hourglass.json,.json,1093,7d144f62b9ab6534ba14a268381549fcc8cec633a462b31dd45da7409d56661a
data,supplementaries,recipe,kubejs/data/supplementaries/recipe/iron_gate.json,.json,1088,36153dcb5ef2183ae5c1a40c61d65bdb712adbd3b9da8344e252ee6c5c760a52
data,supplementaries,recipe,kubejs/data/supplementaries/recipe/jar.json,.json,1098,8b8638fd92a31bf8df4aea5fe37c52dca959dc7f5994eb49ff21fddac94f020c
data,supplementaries,recipe,kubejs/data/supplementaries/recipe/key.json,.json,1070,d8abbd7d735fa604e17f783d05d3f3bc277160971c2bbbe4299bab6d8032bb1c
data,supplementaries,recipe,kubejs/data/supplementaries/recipe/lapis_bricks.json,.json,925,3fbaa6c2559355a9efe1cdf787dd17a6c195e2a4229587a1a676b74a2af7e838
data,supplementaries,recipe,kubejs/data/supplementaries/recipe/lock_block.json,.json,1200,a52dfbab363b8f8ff7aeb1fad1e2a2cc118f97700edb00ab1e15882556bf16ac
data,supplementaries,recipe,kubejs/data/supplementaries/recipe/notice_board.json,.json,1091,82942b0ed26f5819b761c72dde3fe8c233340c0a2f907eb89672ec244577f59e
data,supplementaries,recipe,kubejs/data/supplementaries/recipe/planter.json,.json,3832,c2054308edf1aa1de9a0a7bcf89c5ae05031994526dfa9ff3186dec2340f1614
data,supplementaries,recipe,kubejs/data/supplementaries/recipe/present.json,.json,971,c5fe8881473a5601c2a2de1ec93794f0f81bcd54d1284bd89e009e29c1f5fcea
data,supplementaries,recipe,kubejs/data/supplementaries/recipe/pulley.json,.json,1213,f41404b49dc62ebe68eb96d36ceddf1395f700c14ccc2b6551471888cb2882bc
data,supplementaries,recipe,kubejs/data/supplementaries/recipe/redstone_illuminator.json,.json,1468,7cac76ebe9b176533dd3af022a5e8c27c72520e117fbbce63f4c3c270c1412f4
data,supplementaries,recipe,kubejs/data/supplementaries/recipe/relayer.json,.json,1184,57a8664f63808ccd85f9483ce056503c2dc68c8fcacc4cf76426e01384e6c52c
data,supplementaries,recipe,kubejs/data/supplementaries/recipe/sconce.json,.json,1074,3565203f154cd8c4d97b47a1fd49db2404956bb3aedabfc64a1d583de31a2138
data,supplementaries,recipe,kubejs/data/supplementaries/recipe/sconce_ender.json,.json,1502,263110d30ffb6db83c4ee8de02ddfbf47ade442a916010d70bf40756738f8a08
data,supplementaries,recipe,kubejs/data/supplementaries/recipe/sconce_glow.json,.json,1508,ec8152a212e781f8ab8adde50723f7e428efb14f93307ede5e9a8af9e46922f6
data,supplementaries,recipe,kubejs/data/supplementaries/recipe/sconce_green.json,.json,1527,9d8ac6ecb7d29692ac9a91750c9c75254eb3070ab8fa810bd2b338146db9195b
data,supplementaries,recipe,kubejs/data/supplementaries/recipe/sconce_lever.json,.json,1103,5466259b878269ce5c86efd3354246a889e3a395543bc506e497e5e919d210b4
data,supplementaries,recipe,kubejs/data/supplementaries/recipe/sconce_soul.json,.json,1084,1493a0a13336071bf9fe38f231e9608818f51e1519806ede8cba18d134b59867
data,supplementaries,recipe,kubejs/data/supplementaries/recipe/slidy_block.json,.json,1098,d4297d15e654dbac6c28238a5a6b45c8ffc3376e6a7a3de2b4ed107cf7ecea7c
data,supplementaries,recipe,kubejs/data/supplementaries/recipe/slingshot.json,.json,1286,5a3c0b241848ae8c49b1e0db578c7ce62f735bd583b821978d3274a6e095915c
data,supplementaries,recipe,kubejs/data/supplementaries/recipe/speaker_block.json,.json,1098,ad0d8763ca91c386a8b137d244079225e5c3cefd59524498c3134953c97bdf40
data,supplementaries,recipe,kubejs/data/supplementaries/recipe/spiky_bomb.json,.json,1619,89f73dbf12b033588988b6bb610788f09046b18da9c5f60d45b56b2ceb0d1f5d
data,supplementaries,recipe,kubejs/data/supplementaries/recipe/spiky_bomb_2.json,.json,2793,f5894e9cbbc5c49f68a50b20b830674f2f65bec6785e070d9e7914ff4e5c5f10
data,supplementaries,recipe,kubejs/data/supplementaries/recipe/spring_launcher.json,.json,1355,07aee9ffaa63f955c997f4ac76447358872988dd9f1abbaf483b5bbc32b5d64e
data,supplementaries,recipe,kubejs/data/supplementaries/recipe/statue.json,.json,1090,b53c625ff13fecdec5aa6ae2e8d2d5586bffb986da678a716583d316e52abb03
data,supplementaries,recipe,kubejs/data/supplementaries/recipe/stone_lamp.json,.json,1091,5a114515e398c8e104a1072c2c853a9e2a89aacba6379f514095a4ea4456a7d8
data,supplementaries,recipe,kubejs/data/supplementaries/recipe/timber_brace.json,.json,984,baad3dd480ad839b47d975310606e8149818a420c716267ec4552c6eb7316e90
data,supplementaries,recipe,kubejs/data/supplementaries/recipe/timber_cross_brace.json,.json,990,df11151f762a8e29ecbd0da133bc6006b625632eb9005aa0115bfe8dcb59a0c9
data,supplementaries,recipe,kubejs/data/supplementaries/recipe/timber_frame.json,.json,984,6e50b979fcea63d405f76490dbf8f8d75fe58f452aa56d8ba5bfe81d32bdfce7
data,supplementaries,recipe,kubejs/data/supplementaries/recipe/trapped_present_2.json,.json,1108,676962f6ff2efe0289138b52f7195a8ccc07c04fe5a7758caeace435e87fd3cc
data,supplementaries,recipe,kubejs/data/supplementaries/recipe/turn_table.json,.json,1323,021806c032c2b36cccea246639dc58b0338b6568372119081201436050b20609
data,supplementaries,recipe,kubejs/data/supplementaries/recipe/wicker_fence.json,.json,1068,1dd5cc924071717ba07f2b931d530e3873a39463aa46566f61a565f2715e5048
data,supplementaries,recipe,kubejs/data/supplementaries/recipe/wind_vane.json,.json,1201,46ef4ec4e94eebc303cfe71b5108cbf1aa0d127b60093a0c0b922c7e058b75d9
data,supplementaries,recipe,kubejs/data/supplementaries/recipe/wrench.json,.json,971,aabb4038ab37c50e5af4ec508907f25dbc7fe5edae697f0f1b1866061b1c1857
data,tfmg,recipe,kubejs/data/tfmg/recipe/crafting/materials/aluminum_axe.json,.json,556,e8f2e7e62a9708f656128a459e8f5b5be9df9b0d348889e8a317c34f7f62434b
data,tfmg,recipe,kubejs/data/tfmg/recipe/crafting/materials/aluminum_block_from_compacting.json,.json,451,3f73c81c179a0ec23c934e614644280380f78c3996cb1fa2abcbb1a154492edb
data,tfmg,recipe,kubejs/data/tfmg/recipe/crafting/materials/aluminum_cable_hub.json,.json,558,26d0d88f7b3a47f80bbe663b30cc6e541b3d3c1d654485fa717f2f5a50fc8e5d
data,tfmg,recipe,kubejs/data/tfmg/recipe/crafting/materials/aluminum_cogwheel.json,.json,465,6f2e3ac038ec7527e777216b5fd970a0ac100b53c6d716ea73f6da39689aee92
data,tfmg,recipe,kubejs/data/tfmg/recipe/crafting/materials/aluminum_door.json,.json,450,a452807e4bf088bbbdab22947ff673171215d9cb00ac8a6e90011fbed711260a
data,tfmg,recipe,kubejs/data/tfmg/recipe/crafting/materials/aluminum_flywheel.json,.json,556,640f7b7bd5fdfe995c1120ef488229cb52031e43bb4b235846765375b1b5b46d
data,tfmg,recipe,kubejs/data/tfmg/recipe/crafting/materials/aluminum_frame.json,.json,451,a3ac2b7ccb314a176a410242bc045579287023b5f3edc6ac347b0e443d9e5a4d
data,tfmg,recipe,kubejs/data/tfmg/recipe/crafting/materials/aluminum_hoe.json,.json,556,5c1f6c5e2f338431177a398068c74a26766e6c2efa5191d0ee11387f691b255f
data,tfmg,recipe,kubejs/data/tfmg/recipe/crafting/materials/aluminum_ingot_from_compacting.json,.json,451,ead7e84d7c9827dbe3fe09a497e0de4aa9c7a40ae702ca7df24cf1524ed7f6db
data,tfmg,recipe,kubejs/data/tfmg/recipe/crafting/materials/aluminum_pickaxe.json,.json,560,fda27969bcae91cea5b3e9f91eef74a6898b9e647560b048015bb1448351a664
data,tfmg,recipe,kubejs/data/tfmg/recipe/crafting/materials/aluminum_pipe.json,.json,556,db09627162ed7295efee47088179b4fe2f859e47655a6f189d5d0e63942c8137
data,tfmg,recipe,kubejs/data/tfmg/recipe/crafting/materials/aluminum_pipe_vertical.json,.json,550,07f1038961dc25b6659774cdddef19891127dc048a4f5db0dab92fc64863bd52
data,tfmg,recipe,kubejs/data/tfmg/recipe/crafting/materials/aluminum_shovel.json,.json,559,1f8161df4222b825ce09397fa6057ef4bc0aac0dc751a4bc390dfbd96339c99f
data,tfmg,recipe,kubejs/data/tfmg/recipe/crafting/materials/aluminum_sword.json,.json,558,4753b822542004a560dc314d7720d7057dc00ac6052c9d2713a7a2295065bf04
data,tfmg,recipe,kubejs/data/tfmg/recipe/crafting/materials/aluminum_truss.json,.json,451,aa820e245c94cc9b7ed5a01d0de6d04084e9d99bc076f0c460748154846162a1
data,tfmg,recipe,kubejs/data/tfmg/recipe/crafting/materials/blast_furnace_reinforcement.json,.json,691,a33f6827388ac9ddf967ce2aa8a8e96b5fd0e3b022b091a8749c5b6434abb46f
data,tfmg,recipe,kubejs/data/tfmg/recipe/crafting/materials/blast_stove.json,.json,460,a7d1cae39ac1f837ff79953a064a2b531d82963e41913b3e4a2d43fbe78dd915
data,tfmg,recipe,kubejs/data/tfmg/recipe/crafting/materials/brick_smokestack.json,.json,571,e7765903a940e12e17f48ec94d93c0b589d7bd4e9f5f2c223f84e2face62b807
data,tfmg,recipe,kubejs/data/tfmg/recipe/crafting/materials/cable_connector.json,.json,675,245eddf1e8cbfb0268bfca5ae5096c99e4ec0211238f743e14c530ce1afc0f59
data,tfmg,recipe,kubejs/data/tfmg/recipe/crafting/materials/cast_iron_block_from_compacting.json,.json,466,577e04637735a15f8a39f4a552c70f4bc66161cd03e2256b3d38ec2be1ddfb67
data,tfmg,recipe,kubejs/data/tfmg/recipe/crafting/materials/cast_iron_flywheel.json,.json,571,01381f459e9d06a2baee65472368f8694f63869c5377197bfaf5f61c0291976b
data,tfmg,recipe,kubejs/data/tfmg/recipe/crafting/materials/cast_iron_frame.json,.json,466,197ec1ea634b75de740c46e6afd6036a147cae22ac0026d3bda62a8ac0202f7a
data,tfmg,recipe,kubejs/data/tfmg/recipe/crafting/materials/cast_iron_ingot_from_compacting.json,.json,466,a70dfb26965e84f38bf3b80baf4671e3cd70ae983ed32e301735f2a65159b7e8
data,tfmg,recipe,kubejs/data/tfmg/recipe/crafting/materials/cast_iron_pipe.json,.json,572,36ee8aedb6dc15563b7866a8e4d6783c6eea909b2f09fa079662e4d7ccc4c606
data,tfmg,recipe,kubejs/data/tfmg/recipe/crafting/materials/cast_iron_pipe_vertical.json,.json,566,44aa7363e70d9aae1b54941ffe5a281822fa51297311c389f76bdd2688d429be
data,tfmg,recipe,kubejs/data/tfmg/recipe/crafting/materials/cast_iron_truss.json,.json,466,88c22a70decc929e95e2764e357b6a5131439d73ee2799fe356f72603bd4fd56
data,tfmg,recipe,kubejs/data/tfmg/recipe/crafting/materials/casting_basin.json,.json,683,887c986e201755ca007e515b93c26824a696d24d8a3fd2cbc73b9afb2973c4f5
data,tfmg,recipe,kubejs/data/tfmg/recipe/crafting/materials/centrifuge.json,.json,555,5417b9b8b887aff8e2862318e0dda0d9056afbc9a40ca900e997ea07186c00ed
data,tfmg,recipe,kubejs/data/tfmg/recipe/crafting/materials/cinderflour_block.json,.json,684,df66609efeffe06c473a0f67f56d41da861e13ec1c0fcdb2abbdd061ce99082a
data,tfmg,recipe,kubejs/data/tfmg/recipe/crafting/materials/coke_oven.json,.json,578,396b15fbe0caa610e9b65e0647085c56545c0878bfd3cbd027260c2e34f900b5
data,tfmg,recipe,kubejs/data/tfmg/recipe/crafting/materials/concrete_hose.json,.json,896,ae03398d3cbb855b529465a202abbc6f933b49850be7e3d9ad1c6f33631ead66
data,tfmg,recipe,kubejs/data/tfmg/recipe/crafting/materials/converter.json,.json,763,7c8f28deb35ee547c0e501a8e742a6483400ca9ddb3ccf9569a18de9efd94d5f
data,tfmg,recipe,kubejs/data/tfmg/recipe/crafting/materials/copper_cable_hub.json,.json,560,e0acc8314633d1a3b5c59a1f41c0030fc5cf1ab46247071d5ac0d0f66d246156
data,tfmg,recipe,kubejs/data/tfmg/recipe/crafting/materials/copper_frame.json,.json,453,1f8df6e35a2fe7f0ed6cd01c128ce3e87a09757e2391232657b1f536d94b5d23
data,tfmg,recipe,kubejs/data/tfmg/recipe/crafting/materials/copper_grenade.json,.json,566,17029cb2345a20ec5d0aeabe26138ee27835172e6187d78b8e35c08caa82cc44
data,tfmg,recipe,kubejs/data/tfmg/recipe/crafting/materials/copper_truss.json,.json,453,e4bb44038cdff7ac62a2d2bba4036ccbd85e81d6712511d21862b56451214144
data,tfmg,recipe,kubejs/data/tfmg/recipe/crafting/materials/electric_post.json,.json,667,6960716f50af0f2251b222070dfe1d6faadf25962f002c56efae03d423d994a4
data,tfmg,recipe,kubejs/data/tfmg/recipe/crafting/materials/electrical_switch.json,.json,787,9ea3be6fedf719e17cbb81bb0a51413353cb87308ce3d0ac797c626d3945804b
data,tfmg,recipe,kubejs/data/tfmg/recipe/crafting/materials/electrode_holder.json,.json,785,34f58aebb91b366a582ae8d0025a4cb4052d2b05895f23512e15441f74f28ecc
data,tfmg,recipe,kubejs/data/tfmg/recipe/crafting/materials/exhaust.json,.json,676,426e676a7e44737113cb282a8aaf9b57736ab4239ad0702fd2c9dc424e455edc
data,tfmg,recipe,kubejs/data/tfmg/recipe/crafting/materials/fire_extinguisher.json,.json,897,89c73df0fa4eb9726237551d9cabb37c3ed8be9d872b3f695aaca542062bf5c5
data,tfmg,recipe,kubejs/data/tfmg/recipe/crafting/materials/flarestack.json,.json,790,863e2298cbf8871eb0d5bd40b531a7de3cdb29e700a259edbb409dd01b0f31d9
data,tfmg,recipe,kubejs/data/tfmg/recipe/crafting/materials/glass_cable_insulator.json,.json,684,fac77b291f08a77680087b9d90d3e74bce1a2eb867a849125a0018d4dcf277a0
data,tfmg,recipe,kubejs/data/tfmg/recipe/crafting/materials/glass_insulator_segment.json,.json,692,5825cb3cfc87c3855af7ddf189cbc690cb2e3e446f6ad978862a3e8286baa342
data,tfmg,recipe,kubejs/data/tfmg/recipe/crafting/materials/heavy_plated_door.json,.json,464,f4479d41ded0f4ccdbb4fbc6efe124a1be9883b7f96a42d270d9251f8d36c899
data,tfmg,recipe,kubejs/data/tfmg/recipe/crafting/materials/large_aluminum_cogwheel.json,.json,585,605183185fa02b533a8f3adf463d29dc5ee1b2bd57a805ed5df4d3e657343abc
data,tfmg,recipe,kubejs/data/tfmg/recipe/crafting/materials/lead_axe.json,.json,548,d8b10e9c5078f511d3671efa450094a66f40e49ab28fa789494af92eac19631c
data,tfmg,recipe,kubejs/data/tfmg/recipe/crafting/materials/lead_block_from_compacting.json,.json,443,065a5081623165efa57d110575bddeae4a24ce9216b7652039d6e3d3a9813d30
data,tfmg,recipe,kubejs/data/tfmg/recipe/crafting/materials/lead_flywheel.json,.json,548,27de4750a27cadca9af2c4112aa5fc29f0b5f8a012cd74a4309d14e3a5408525
data,tfmg,recipe,kubejs/data/tfmg/recipe/crafting/materials/lead_frame.json,.json,443,34575cdce66ff151a8bd3413cded2d8c76904c1cad4c143de25c2e2e4ff182ae
data,tfmg,recipe,kubejs/data/tfmg/recipe/crafting/materials/lead_hoe.json,.json,548,6df5232607203de2f1b9152fa5c4978cbd3602d1a2449c2453fe9fddb9c7d4b9
data,tfmg,recipe,kubejs/data/tfmg/recipe/crafting/materials/lead_ingot_from_compacting.json,.json,443,cb45de1fc7e659222c9347869f8e6cc440a5f7a8f104e5c0e12c72ba0a69d0fd
data,tfmg,recipe,kubejs/data/tfmg/recipe/crafting/materials/lead_pickaxe.json,.json,552,a3b103bd2383a23a3e4c329a6e3c914192913d8b5341a864b9f2810337b58566
data,tfmg,recipe,kubejs/data/tfmg/recipe/crafting/materials/lead_shovel.json,.json,551,cca93dd0e8cba30605d406b166434ff72d1bc99afc6180cf7a1c110dda977478
data,tfmg,recipe,kubejs/data/tfmg/recipe/crafting/materials/lead_sword.json,.json,550,b6e98639940be47ca1d11442e4cf2a1b70537d5dba371a6b9e7b6bd233ec4f38
data,tfmg,recipe,kubejs/data/tfmg/recipe/crafting/materials/lead_truss.json,.json,443,abd7c6396d94d9844727dd1ab7926f910bc81c16743c3c5f14afb8be43d8105e
data,tfmg,recipe,kubejs/data/tfmg/recipe/crafting/materials/light_bulb.json,.json,774,5a5c696f12aca353d885e98c40ba64c0fb802f6981ffd4b7b499f6fa025edc40
data,tfmg,recipe,kubejs/data/tfmg/recipe/crafting/materials/lithium_torch.json,.json,555,8cef3bdf649d9eb4feb7717dd9db7abd46713992c20d5e5af3eb72a25e83bddf
data,tfmg,recipe,kubejs/data/tfmg/recipe/crafting/materials/neon_tube.json,.json,769,0aad02d16a3b7d6c8f3a3006087d0b119073bdd8320aa6c6e10f4d767a392c44
data,tfmg,recipe,kubejs/data/tfmg/recipe/crafting/materials/nickel_block_from_compacting.json,.json,447,e304781604ce90fbc93d3bfdcd7e402a588c6264f2b6db60d489307987c4a9e1
data,tfmg,recipe,kubejs/data/tfmg/recipe/crafting/materials/nickel_flywheel.json,.json,552,2c0acdef995ad6ee869dd2d887582d93b9731d9843dfb5741484cb5f3bc12330
data,tfmg,recipe,kubejs/data/tfmg/recipe/crafting/materials/nickel_frame.json,.json,447,ac9be26d2bb9667cfdbadfaa232805a5dd0350d7d53d8c308a744beb54fc7955
data,tfmg,recipe,kubejs/data/tfmg/recipe/crafting/materials/nickel_ingot_from_compacting.json,.json,447,4ff6ee6ea87246d20685cda37f1dd21f207c872c74e3418ffdec0e770effe10e
data,tfmg,recipe,kubejs/data/tfmg/recipe/crafting/materials/nickel_truss.json,.json,447,6b41a79a3e96fb96353f733dcd22c218588f699ccb8d0971dba79531a92ddca5
data,tfmg,recipe,kubejs/data/tfmg/recipe/crafting/materials/oil_hammer.json,.json,663,dc52715cbc1c70675e4f76fa283f2d166b574b9b08bb70c27ef5b7c6f52a5a55
data,tfmg,recipe,kubejs/data/tfmg/recipe/crafting/materials/pumpjack_hammer.json,.json,668,eb79baf3b43f2152e7da7fc5e083e11241fcf1c26f269f92e4df0a0d3509d072
data,tfmg,recipe,kubejs/data/tfmg/recipe/crafting/materials/radial_engine.json,.json,783,729119d763dda2517633502e43b2c0d20893ec28ccd2a3d1f61ef8598db4ff3b
data,tfmg,recipe,kubejs/data/tfmg/recipe/crafting/materials/regular_engine.json,.json,684,830f72e076fe38aa3fdfc197d972c449268e0397d4f96b4e9566ac8d7a56c04f
data,tfmg,recipe,kubejs/data/tfmg/recipe/crafting/materials/screwdriver.json,.json,548,cacfc20a5fec2c9887b9e532a5cf58a85f76a3fda1b82b126ada58a9469dd16e
data,tfmg,recipe,kubejs/data/tfmg/recipe/crafting/materials/steel_axe.json,.json,563,4c7e2e876c64d0448fbae10db7ca543c960a5f20469ba2e03bb30a8882c61ae7
data,tfmg,recipe,kubejs/data/tfmg/recipe/crafting/materials/steel_block_from_compacting.json,.json,458,68e2471dfb1478fbd4999aafca9ea1c712a113b916083a72f87d97310b9ef722
data,tfmg,recipe,kubejs/data/tfmg/recipe/crafting/materials/steel_chemical_vat.json,.json,454,17f57770cc4f69da4510efd65ae79081a19f31c90f9ef3506b4611915b729890
data,tfmg,recipe,kubejs/data/tfmg/recipe/crafting/materials/steel_hoe.json,.json,563,d97ae3f05dcf89ade1b85ff1c83f3bf6faaa432a27ab59cef8e3ede020af04a4
data,tfmg,recipe,kubejs/data/tfmg/recipe/crafting/materials/steel_pickaxe.json,.json,567,2fcb7813773b0d9cae9dabe609c94138661481913d726a552f51619578827d5d
data,tfmg,recipe,kubejs/data/tfmg/recipe/crafting/materials/steel_pipe.json,.json,560,7467bc76b90c8f66b65809ef89f28da03361806d622ebad716bd78a93072c989
data,tfmg,recipe,kubejs/data/tfmg/recipe/crafting/materials/steel_pipe_vertical.json,.json,554,8dbf96f5702385beddceceb0f4deab3e4fecf441336b5be63814bd37229c8034
data,tfmg,recipe,kubejs/data/tfmg/recipe/crafting/materials/steel_shovel.json,.json,566,ae6ec8e56fd94ca95fbfd797aaece4d337bd7e2e36f1ebdb1c0a2840759fd358
data,tfmg,recipe,kubejs/data/tfmg/recipe/crafting/materials/steel_sword.json,.json,565,da7ce83dcc5bbb2e8fbcc0e38b696863ed6e95c22343b768c2916b650a831eff
data,tfmg,recipe,kubejs/data/tfmg/recipe/crafting/materials/steel_trapdoor.json,.json,461,220a73b7f50064c411146230a3af43224bd075986df0958b408e062af48b57a2
data,tfmg,recipe,kubejs/data/tfmg/recipe/crafting/materials/thermite_grenade.json,.json,563,d9e34cd2d6b2808922e87df58abf154ac503e90b47a630d5281977bb2f85cede
data,tfmg,recipe,kubejs/data/tfmg/recipe/crafting/materials/voltage_observer.json,.json,902,ef5e85a06a42fc8e43a511b10b2d9e72a7edf408847212cbfe90845b35bfee07
data,tfmg,recipe,kubejs/data/tfmg/recipe/crafting/materials/voltmeter.json,.json,768,0c7f81ccf7d5edfc58c5348527dd06213ccd16ea9cf21f0ba6dd3a65dbf2761c
data,tfmg,recipe,kubejs/data/tfmg/recipe/crafting/materials/winding_machine.json,.json,897,0dffbba8e6d996e6002a6c49933444102e40e8be865b276858cc9cdb4c3a44fa
data,tfmg,recipe,kubejs/data/tfmg/recipe/crafting/materials/zinc_frame.json,.json,443,506ec57e49317920ca2759d311c77043ae13feef2db2a8ba507c8981a6aae9ad
data,tfmg,recipe,kubejs/data/tfmg/recipe/crafting/materials/zinc_grenade.json,.json,556,8a96b8cd97dc972cc959ea894fc1902c6a61ffee33a34ffcd19ef8cbc582269b
data,tfmg,recipe,kubejs/data/tfmg/recipe/crafting/materials/zinc_truss.json,.json,443,4da9f054dbd6ac645fb6ddcff25bf3e0ba0701330019727b359fb1052ee3b535
data,tfmg,worldgen,kubejs/data/tfmg/worldgen/placed_feature/oil_well.json,.json,469,dbc39ac0300c81dfc577fa00a32b51a22ad04de718140bbc6e7bde1364068364
data,the_wasteland_reworked,loot_table,kubejs/data/the_wasteland_reworked/loot_table/chests/bureau.json,.json,40734,c2c3cb6d1a1b24c08ba46e77e85574ce910f2c16d908cb47f3ab9e7efec07fa0
data,the_wasteland_reworked,loot_table,kubejs/data/the_wasteland_reworked/loot_table/chests/factory_loot.json,.json,40767,253c383e12be7552a10de17a94d2b3698469800378080153f68bd8eb7ad877af
data,the_wasteland_reworked,loot_table,kubejs/data/the_wasteland_reworked/loot_table/chests/laboratory.json,.json,40008,152b3dc1911b6dac17788d24b4e31eb526bcac0977e13baa7312e03ec3653b30
data,the_wasteland_reworked,loot_table,kubejs/data/the_wasteland_reworked/loot_table/chests/market_loot.json,.json,40766,bb968ae7dd750488d47391d7853335b8b6f7befb52c578dcbb449d01bac552fe
data,the_wasteland_reworked,loot_table,kubejs/data/the_wasteland_reworked/loot_table/chests/military.json,.json,40735,4e10000646bb856f6ef8088b439722ac9802176b2f0475b4465dc07301b3880d
data,the_wasteland_reworked,neoforge,kubejs/data/the_wasteland_reworked/neoforge/biome_modifier/sulfur_geyser_feature_biome_modifier.json,.json,174,f703febc2dadb3f638765a432aca06ab4145bd206ee3b3b1ee2f05266ce34fa2
data,the_wasteland_reworked,recipe,kubejs/data/the_wasteland_reworked/recipe/barricade_recipe.json,.json,589,f7939d0fa91fc24d228d35503826fa0c593e069aae125ddeb350c532fe00d80e
data,the_wasteland_reworked,recipe,kubejs/data/the_wasteland_reworked/recipe/baseball_bat_recipe.json,.json,571,b57a8a83bad8f595ac8ef31f0aeefffbf3f042209bd6b108f91e5ca9bec6f279
data,the_wasteland_reworked,recipe,kubejs/data/the_wasteland_reworked/recipe/cartridge_craft.json,.json,882,a7464b8d3cdc7239031ac1c56b44c779d979a46f64fab79b54ea8d5db0374f31
data,the_wasteland_reworked,recipe,kubejs/data/the_wasteland_reworked/recipe/decayed_fence_craft.json,.json,566,6f079158c41ff4e0dc64bb5c3649d0aef504f6ed8c5ce9718c40010b3ceb1174
data,the_wasteland_reworked,recipe,kubejs/data/the_wasteland_reworked/recipe/decayed_fence_gate_craft.json,.json,571,4260e9e844346ba921637fd8a11454a656654a7c02d46e1a47c3771becf31766
data,the_wasteland_reworked,recipe,kubejs/data/the_wasteland_reworked/recipe/empty_test_tube_craft.json,.json,576,69a7d8ac9bb70e4d20482e6189d780a81b03a3a44628f592805c970be606887f
data,the_wasteland_reworked,recipe,kubejs/data/the_wasteland_reworked/recipe/fan_recipe.json,.json,606,306667e7017f7251d9852183107041e0dcff7d17feb591f755ee1ba48aa4b1e9
data,the_wasteland_reworked,recipe,kubejs/data/the_wasteland_reworked/recipe/fire_axe_recipe.json,.json,717,2c3129a150c8e1d52773c8b798eff9943ba69157b8a06f41b6f84a7b62a051f2
data,the_wasteland_reworked,recipe,kubejs/data/the_wasteland_reworked/recipe/fissile_grenade_craft.json,.json,736,a7b7e168c0a48675be4e81243f2ac751b4492365235df0d8bc6334b660be9903
data,the_wasteland_reworked,recipe,kubejs/data/the_wasteland_reworked/recipe/gas_mask_craft.json,.json,822,c0fb5193453b557044c48e1bd91d9b62540a94922dcbc88cd059524113fd71c7
data,the_wasteland_reworked,recipe,kubejs/data/the_wasteland_reworked/recipe/gas_mask_filter_craft.json,.json,834,0d2be118faf7e93137dba954cb9d4b6abf47cd81d2f26d7427a7e79bd8d3e921
data,the_wasteland_reworked,recipe,kubejs/data/the_wasteland_reworked/recipe/hazard_concrete_craft.json,.json,581,6aa8373f3352627304989f2ed90d81d08f9bde7ee040081f699cb9851c81e95d
data,the_wasteland_reworked,recipe,kubejs/data/the_wasteland_reworked/recipe/light_ammo_craft.json,.json,634,511670440cbaf62ede1d1f82c67c99281faa9b90f86142309a84fd19ba5617e5
data,the_wasteland_reworked,recipe,kubejs/data/the_wasteland_reworked/recipe/nailed_baseball_bat_recipe.json,.json,1064,790daead203fe1ced6eef4496b5aa3dcb712c472d24df69dc1234417bb0d35a7
data,the_wasteland_reworked,recipe,kubejs/data/the_wasteland_reworked/recipe/neon_block_craft.json,.json,714,6e43e9d1e5ffba4179a50136c2579e634a7002bb2713529b5f8fc0997aee0742
data,the_wasteland_reworked,recipe,kubejs/data/the_wasteland_reworked/recipe/portal_core_craft.json,.json,710,6fba9dec75131831f346f48b327a58f2b2ab9e577ccc6a5176719a000dfb80e9
data,the_wasteland_reworked,recipe,kubejs/data/the_wasteland_reworked/recipe/revolver_craft.json,.json,799,dc0244e7d70a5a7dbaf05a4a62bc577ffe72770be3328129251ab46e36d63367
data,the_wasteland_reworked,recipe,kubejs/data/the_wasteland_reworked/recipe/submachine_gun_craft.json,.json,818,4bfe55ef59855a18dbb97b477c431cd9c6c87d2ea919bdbadce21c7938080ae7
data,the_wasteland_reworked,worldgen,kubejs/data/the_wasteland_reworked/worldgen/structure/bunker.json,.json,404,e858408e082356f17ba9c72ccfbfffc17b2c96e71aa9fefcfccd8edc0cd38c21
data,the_wasteland_reworked,worldgen,kubejs/data/the_wasteland_reworked/worldgen/structure/roads.json,.json,403,6327a435307f4f4a8bb4196c26fb25184f49e7fbd4e5fcc8b0ed7a1147e27eb7
data,the_wasteland_reworked,worldgen,kubejs/data/the_wasteland_reworked/worldgen/structure_set/sulfuric_ruins.json,.json,240,741ae57e7aa5a8ade9e3add2dda550bcf41ff6eb6efcc4e49d8e0b6b698a896b
data,tracks,loot_table,kubejs/data/tracks/loot_table/blocks/suspension_track.json,.json,149,c7e49034a631769a7ee48d5790b4c08d84ba13c31a9dc34ae1958d8581a5e368
data,tracks,loot_table,kubejs/data/tracks/loot_table/blocks/track_drive_wheel.json,.json,150,2d3ae27b06b0a5b47301c0f5fed42e5cca8f02ed271ac4a84cb17682b2e47f0d
data,tracks,loot_table,kubejs/data/tracks/loot_table/blocks/track_mount.json,.json,144,8fd63ce495679206d97ed201b657dcefa0c4705321ddf5379551057472268cb4
data,wandofvariance,recipe,kubejs/data/wandofvariance/recipe/wand_of_variance.json,.json,291,fcb7779d6dc1148730d79553b3dc867985325b93ef302807cbd9c1d225230462
data,wastelands,loot_table,kubejs/data/wastelands/loot_table/chests/farm_colony.json,.json,41820,685affab4f3ee383965e57fff33e28272ebeb197f0fd5ac0e961699933c8d1b9
data,wastelands,loot_table,kubejs/data/wastelands/loot_table/chests/industrial_yard.json,.json,40758,efd22dfab331e889bad19f9097313340179950d62941881dd52638ed0af67c8c
data,wastelands,loot_table,kubejs/data/wastelands/loot_table/chests/logistics_centre.json,.json,40733,419fea6d48b908d737a65c8fd5b1b69465869655632197e587f41ed6c1d337cd
data,wastelands,loot_table,kubejs/data/wastelands/loot_table/chests/megacity.json,.json,40730,d109db4e82fd9d05e0f813480336fce0499accdf80abf1de51676a9f402e1e8a
data,wastelands,loot_table,kubejs/data/wastelands/loot_table/chests/military_checkpoint.json,.json,40734,852d92d5e4cfbf22c0854bf1857258d1a3a1eef30a40c249bb480fb5d4a62486
data,wastelands,loot_table,kubejs/data/wastelands/loot_table/chests/ruin_common.json,.json,40745,83aa218df463b2602f71b675ab79eeadaaf8fa340e45e3da014239c732466634
data,wastelands,loot_table,kubejs/data/wastelands/loot_table/chests/settlement.json,.json,39938,becea045d411ad43334946474bcffb1d74ca69db24e82b7e913f9202aed9629d
data,wastelands,loot_table,kubejs/data/wastelands/loot_table/chests/starter_bunker.json,.json,40744,2c3498945f0ae55aac8910b1715adc01f832f4d6c556ae4d42abb5101f47dff9
data,wastelands,loot_table,kubejs/data/wastelands/loot_table/chests/zombie_village.json,.json,40748,2e13ebefcf526de1dc0085802b4953282fe2fcef3308011424b25d87c64dcefb
data,wastelands,recipe,kubejs/data/wastelands/recipe/canned_food.json,.json,592,f6d2459f0aec7ada0af84ff7f8533f20cbf051776dc6b2c80c13812acc531332
data,wastelands,recipe,kubejs/data/wastelands/recipe/filter_canister.json,.json,679,0360ca236698ddcbe381901cd64939a1182d6ff38a8a3eb5b8b7f99b7b29fa68
data,wastelands,recipe,kubejs/data/wastelands/recipe/geiger_counter.json,.json,799,7e024bdc2ba697cdae63567340e7cf1d63bf90ad6d7565e183f7c16b8d3ce0b5
data,wastelands,recipe,kubejs/data/wastelands/recipe/purified_water.json,.json,938,da2f931bc25cbb4500734c7873090dfc12291dcff46544ffd02c436e6a38d788
data,wastelands,recipe,kubejs/data/wastelands/recipe/purified_water_from_snow.json,.json,265,d9f2b778a191a5a3ebb58c295016a6266ef8af0d4cc15da6eb74209bdc9d5e69
data,wastelands,recipe,kubejs/data/wastelands/recipe/rad_away.json,.json,718,ce85c665e7a29f281430f1fdac84b4620c1e1c3b90d9820dde89179fb8d632b1
data,wastelands,worldgen,kubejs/data/wastelands/worldgen/noise_settings/wasteland.json,.json,505916,1771c36f1acc362f84653a60fe26c5808c80c35ded5fbc006f5465188a8c670e
data,wastelands,worldgen,kubejs/data/wastelands/worldgen/world_preset/wasteland.json,.json,7504,d6c943a579327a2166506b2895533b684ff1aa206ed3f27dbe0873976b0d36ec
data,yagm,recipe,kubejs/data/yagm/recipe/restore_key.json,.json,675,38038557c9e8e0bbc565920be6f5a1bc4eae060a21ccacb680bd247fa8c62985
data,zombievillage,recipe,kubejs/data/zombievillage/recipe/soul_gate.json,.json,413,27c99b3214331aa4749a75fc92048652e2589302780f0e3869e7d302099b559e
data,zombievillage,recipe,kubejs/data/zombievillage/recipe/soul_interface.json,.json,766,3e4aa0c5d6ab8bd31fb685e9044ce9db517c7e45de5e3fcf709d46247938dfd2
data,zombievillage,recipe,kubejs/data/zombievillage/recipe/soul_well.json,.json,548,060ffb4495e57a898746d2ad3cc6e64797fc3b365b83f59c0143bbfcf4f8c490
data,zombievillage,recipe,kubejs/data/zombievillage/recipe/village_stone.json,.json,551,adfd9062d7fa857fad669545e8b7e52c392849d7d34987ae7b3ac0b84b89ecda
data,zvhouses,recipe,kubejs/data/zvhouses/recipe/acacia_arm_chair.json,.json,595,0f39179fc8c3707fb0c53a8db67f981cdf92c8e571dd8ab9134ed8a5fa1521d5
data,zvhouses,recipe,kubejs/data/zvhouses/recipe/acacia_counter.json,.json,527,ee34bf044e5b6104c91268b372e0c780329c2a6644f1f56c9369b7ed92fdc174
data,zvhouses,recipe,kubejs/data/zvhouses/recipe/acacia_countertop.json,.json,447,d53d50ad29c4cabf786421c509a1ad2ef3f8981111784701f7f63f7906f51737
data,zvhouses,recipe,kubejs/data/zvhouses/recipe/acacia_countertop_drawer.json,.json,590,48e44acd7a5351332fd2578b32d8099e981cb18459d57b33164dbd58f5d5e567
data,zvhouses,recipe,kubejs/data/zvhouses/recipe/acacia_shelf.json,.json,714,679fc6241aaacf1b2f70e6a47e5cdcde8240a49fbe3a216c04d0cd203cda1f2c
data,zvhouses,recipe,kubejs/data/zvhouses/recipe/birch_arm_chair.json,.json,591,2fe9883a35b306db613397265f052f836fb7e753d8ba92e01f0788e9a2ba5c1d
data,zvhouses,recipe,kubejs/data/zvhouses/recipe/birch_counter.json,.json,524,d24b2fe8729a9520182f6013fe972939dde80064f379a3e0bbbff1e4cf7696a9
data,zvhouses,recipe,kubejs/data/zvhouses/recipe/birch_countertop.json,.json,445,80d919207c8e64fefd61220db9640630bf02f669d8d829e29e0b62afbfdd040d
data,zvhouses,recipe,kubejs/data/zvhouses/recipe/birch_countertop_drawer.json,.json,587,46098dec9904426edca637c20d084ad2ef558fdd9c47e7cecbd04df00b6445dd
data,zvhouses,recipe,kubejs/data/zvhouses/recipe/birch_shelf.json,.json,710,3682b5708cddc29f7deaf036738aeac1b6794e3c1812335043a7ef68b5d28322
data,zvhouses,recipe,kubejs/data/zvhouses/recipe/blueprint.json,.json,744,2aa0d7418cd0d60b376fee789bcc90d7347d6fbc2c450136a1079ac200a4b5e6
data,zvhouses,recipe,kubejs/data/zvhouses/recipe/cherry_arm_chair.json,.json,595,7dc200243505f59bfff0d6ed1c392f12bb90ebb3de51e6ca7aa616442163db94
data,zvhouses,recipe,kubejs/data/zvhouses/recipe/cherry_counter.json,.json,527,79c94708411398cda3c1b4ebf245413df7b8cdcc25f3701e332d5b6f34c9a49a
data,zvhouses,recipe,kubejs/data/zvhouses/recipe/cherry_countertop.json,.json,447,82a76103c4ec7369d2c114b71e6ce6756b087838c2b1aa135137bad6bcf7ceee
data,zvhouses,recipe,kubejs/data/zvhouses/recipe/cherry_countertop_drawer.json,.json,590,b5c308acdd1a2e5342898c1477b3a72efb90cd1ea76d3741b7d3dc8248b287e7
data,zvhouses,recipe,kubejs/data/zvhouses/recipe/cherry_shelf.json,.json,714,49806cc43381020f59cae8a86876905a7f7088811cf57cbe563208d8b562dd95
data,zvhouses,recipe,kubejs/data/zvhouses/recipe/copper_arm_chair.json,.json,407,26a4c7a0b4f85b7ad17eea665cd999f52ad958359bb16ea7321e4d4f5d7137c9
data,zvhouses,recipe,kubejs/data/zvhouses/recipe/copper_countertop.json,.json,436,df5821808b8f3c499415c3268623424d627406aacc40faab0e7bca2c253e86ad
data,zvhouses,recipe,kubejs/data/zvhouses/recipe/copper_countertop_drawer.json,.json,579,3e746a6ba002c91499fee852c4c4a75effd494102fccd03a8d1d6f9781f9e448
data,zvhouses,recipe,kubejs/data/zvhouses/recipe/dark_oak_arm_chair.json,.json,603,087fd708161887a9d4e250fffb6eb017286bc445d1d1276b4a03744ce0e0fcaa
data,zvhouses,recipe,kubejs/data/zvhouses/recipe/dark_oak_counter.json,.json,533,09bc9020d4cb537eca0ec5dfb10f2f2164ae42121652be0d4c6d47080e57bd90
data,zvhouses,recipe,kubejs/data/zvhouses/recipe/dark_oak_countertop.json,.json,451,3a0fedaae2695b8f6965c882b3f83cf9f556efa091291ca7247a1ff3453ca2d1
data,zvhouses,recipe,kubejs/data/zvhouses/recipe/dark_oak_countertop_drawer.json,.json,596,ccc38225be09b9bbc7ce687ec649c8b755381ea8185f6b28d0a8ade5a41f4377
data,zvhouses,recipe,kubejs/data/zvhouses/recipe/dark_oak_shelf.json,.json,722,b8d074842fed7bc1b998439e57f9efd9cee9776ed8cbb5ac174b1ca90c5ec141
data,zvhouses,recipe,kubejs/data/zvhouses/recipe/iron_arm_chair.json,.json,403,804971d9ece9417089c0ab1ac9c15e8a383d92e5ad75f07f2196ca33b3ca0488
data,zvhouses,recipe,kubejs/data/zvhouses/recipe/iron_countertop.json,.json,432,45ae27712f2f70cd17c913dfaa5dd255f33b540bb57620a7aecd3b67c855c55c
data,zvhouses,recipe,kubejs/data/zvhouses/recipe/iron_countertop_drawer.json,.json,573,aa215ab5ba6470252c16dc9a1fcccb1df7782423eef409a2d56af9cc7bb19702
data,zvhouses,recipe,kubejs/data/zvhouses/recipe/jungle_arm_chair.json,.json,595,76589966a1827a5691450b6e97cfd60df54b89f35f62c5a5643020e3a64ec7f9
data,zvhouses,recipe,kubejs/data/zvhouses/recipe/jungle_counter.json,.json,527,89b7aa5b0e84a1152f8f80d1de04cef8ac194d3fefe6b11e341a43811a4ac078
data,zvhouses,recipe,kubejs/data/zvhouses/recipe/jungle_countertop.json,.json,447,32335e80fc3dc5b1f4fd24f1ae8f91ef6b3eb5058b64d1f84a8eadfa5e77b4dc
data,zvhouses,recipe,kubejs/data/zvhouses/recipe/jungle_countertop_drawer.json,.json,590,d1a2db378b1fa8c8ae3c81e5f48687d2f6567a70f87b7c3d9593b436f8a59890
data,zvhouses,recipe,kubejs/data/zvhouses/recipe/jungle_shelf.json,.json,714,32b6427e6ed10c7448b4c709ee54eb9791a20485171e50fb251288a6c4012d40
data,zvhouses,recipe,kubejs/data/zvhouses/recipe/mangrove_arm_chair.json,.json,603,1d9188db0780a378923e9cea812fd37d4cda701ec1162c789a82209d68b729f8
data,zvhouses,recipe,kubejs/data/zvhouses/recipe/mangrove_counter.json,.json,533,6430080f01f737b498c92d887e021205de5c8252fae3e92dcd71d4337c37de6c
data,zvhouses,recipe,kubejs/data/zvhouses/recipe/mangrove_countertop.json,.json,451,33b120aa7013e320619dadb2b7b82a68655194a9e7b0ddd019b943ab6c160c3d
data,zvhouses,recipe,kubejs/data/zvhouses/recipe/mangrove_countertop_drawer.json,.json,596,0548b5640432d93f33e72231ccaed82c633545e0f133c3ab2119dd35b0078af5
data,zvhouses,recipe,kubejs/data/zvhouses/recipe/mangrove_shelf.json,.json,722,6850eb7cc956dfc6861a43b2a15866b5a5b71b02f923ce1171555aff822c838b
data,zvhouses,recipe,kubejs/data/zvhouses/recipe/oak_arm_chair.json,.json,583,f84d28468b6badc6a085432c7f7c9cd8172c146ee6b4c3d20152595e2a60f85f
data,zvhouses,recipe,kubejs/data/zvhouses/recipe/oak_counter.json,.json,518,a144b67155312503c10ff1e861495eb1054f42acab36ca5c5bf8aab5f10d3978
data,zvhouses,recipe,kubejs/data/zvhouses/recipe/oak_countertop.json,.json,441,96341bed16429f1503349583b5c36270933f1cca8bc848757c585c0654020eec
data,zvhouses,recipe,kubejs/data/zvhouses/recipe/oak_countertop_drawer.json,.json,581,41668e4908c1a4e171ec133c24cdbc10288ca164a6165e0472a11cadb9d2e859
data,zvhouses,recipe,kubejs/data/zvhouses/recipe/oak_shelf.json,.json,702,5e0c81d3cf4548e7cbca5a802b176a51d311a4abd47099c340b4f95376fb297e
data,zvhouses,recipe,kubejs/data/zvhouses/recipe/spruce_arm_chair.json,.json,595,d3fd62c818b40aebb5e165cd6320ccb839461dd268c870be9d88340591fbfc1e
data,zvhouses,recipe,kubejs/data/zvhouses/recipe/spruce_counter.json,.json,527,2f83481e08f8fd1ba51bcb367242e0f2531d0ead8cab49e91ce2dffc701ad720
data,zvhouses,recipe,kubejs/data/zvhouses/recipe/spruce_countertop.json,.json,447,a16736dca2b8f319efc0bdbd334253b1dd756c8337e30f48009474fc0811cc33
data,zvhouses,recipe,kubejs/data/zvhouses/recipe/spruce_countertop_drawer.json,.json,590,c06339628ee5f17ec8221fa50a691480657aa1b96768a8919cb251783ca92f27
data,zvhouses,recipe,kubejs/data/zvhouses/recipe/spruce_shelf.json,.json,714,0050308b3d2658837c565620a823079fcf3fca146332533aeb32b187cb52c09d
data,zvhouses,recipe,kubejs/data/zvhouses/recipe/stone_arm_chair.json,.json,409,fa69e10eb80d1d46614adf5d9a5acd386a2fe0c3efd559f4e56391b9bca096c7
data,zvhouses,recipe,kubejs/data/zvhouses/recipe/stone_countertop.json,.json,438,b223ed8b7e15579e0e2e046066eaa446779869d96196a68cb7df3722cba3e11a
data,zvhouses,recipe,kubejs/data/zvhouses/recipe/stone_countertop_drawer.json,.json,580,918f65916126474ba99de9a5780500c64cc0df0f43f045b571ae64e56cf45612
assets,ae2,lang,kubejs/assets/ae2/lang/en_us.json,.json,51,82e37c07dd41fc3b47700120fca26976d8635706d4478211594311a65dc0b9fa
assets,ae2,textures,kubejs/assets/ae2/textures/block/spatial_anchor_front.png,.png,313,40415db3fec596d9b1a393df3bcf0f923773ea20b314d12e16a465caf9b9aae2
assets,ae2,textures,kubejs/assets/ae2/textures/block/spatial_anchor_front_on.png,.png,415,e7f233a5810edb38402ef621e360e34bfed4a5913afaa75fd948d7744f1f3bae
assets,ae2,textures,kubejs/assets/ae2/textures/block/spatial_anchor_front_on.png.mcmeta,.mcmeta,138,560b7ac05de6a35bb9ff7967ca8383bb6944ae83d4a68326a5155db37ef763c0
assets,ae2,textures,kubejs/assets/ae2/textures/block/spatial_anchor_side.png,.png,352,9d184e40e9239b9fef0ff7f65becf9553b8e01bacedbb23263302a7c3ebb2c21
assets,ae2,textures,kubejs/assets/ae2/textures/block/spatial_anchor_side_on.png,.png,420,d00e76821d224f9f2323cdbfacca0f7f1de0c008ca13b55184835541015367d4
assets,ae2,textures,kubejs/assets/ae2/textures/block/spatial_anchor_side_on.png.mcmeta,.mcmeta,138,560b7ac05de6a35bb9ff7967ca8383bb6944ae83d4a68326a5155db37ef763c0
assets,ae2,textures,kubejs/assets/ae2/textures/block/spatial_anchor_top.png,.png,317,c2e710addefd7baac6b9c2d5fcc30a4186eea4100db16597b90d691f5ed896ab
assets,ae2,textures,kubejs/assets/ae2/textures/block/spatial_anchor_top_on.png,.png,464,20b4a7717ad081290d45d29deba127e0de45922cbe8219ee8680c41bc0311f86
assets,ae2,textures,kubejs/assets/ae2/textures/block/spatial_anchor_top_on.png.mcmeta,.mcmeta,138,560b7ac05de6a35bb9ff7967ca8383bb6944ae83d4a68326a5155db37ef763c0
assets,ftbquests,(root),kubejs/assets/ftbquests/ftb_quests_theme.txt,.txt,4237,46c671cfc613ac587f89bf532397ad10e27ff793ba81f22c6ae6b941f607b797
assets,ftbquests,lang,kubejs/assets/ftbquests/lang/en_us.json,.json,244,4ef0d0a03b95372d39b7199be82e37f7e352b080ef4eaf2dc2b39909d48dd29f
assets,ftbquests,models,kubejs/assets/ftbquests/models/item/book.json,.json,108,4e74c77d93a2bc236fc68eccd8610a29cedf05572fac1fe2ccb7b7942326b3da
assets,infinite_domain,lang,kubejs/assets/infinite_domain/lang/en_us.json,.json,77,d7e05bcacd1cab0376ab29c0d75032dd998a73b14f52b2ba2d8cc15c4c90ce66
assets,infinite_domain,textures,kubejs/assets/infinite_domain/textures/gui/quests/terminal_background.png,.png,1160354,335b30e71f92504078f9fbcb917cc58a19a356beb3b22b383bab8a3a013d9fe8
assets,kubejs,lang,kubejs/assets/kubejs/lang/en_us.json,.json,6476,6975387ff2186477357f57dae756503ee422d56496dea1edf5eb14dd90dd4e7b
assets,kubejs,models,kubejs/assets/kubejs/models/block/darknet_blackroot_shrub.json,.json,144,24feb843ec38f7652f9471095a235976f6e3011df1b16a5a19b73cfa56fc9107
assets,kubejs,models,kubejs/assets/kubejs/models/block/darknet_cipher_bloom.json,.json,141,98a9ae30be5d76d6fa4a9b2fad4700efe50163915a60f3ce07ae29aff9ae38f2
assets,kubejs,models,kubejs/assets/kubejs/models/block/darknet_packet_fern.json,.json,140,301c6b33444a04194fb8ab694a3871453ce0e35ff8d12415814bac176cacd22d
assets,kubejs,models,kubejs/assets/kubejs/models/block/darknet_signal_grass.json,.json,141,419f9f451f9a3919580ef561cc47d012e458e56b3859b27a697be338225db8d4
assets,kubejs,models,kubejs/assets/kubejs/models/item/apple_fruit_pulp.json,.json,115,c59231f0bfed877434586fd1fe953e18c06869ad90067077b951fb0463c22345
assets,kubejs,models,kubejs/assets/kubejs/models/item/apple_juice_concentrate.json,.json,122,c6bf848c9ec868cf15305449ef093f67a6ef884a761ed53ab50f15ac2afddce2
assets,kubejs,models,kubejs/assets/kubejs/models/item/apple_soda_can.json,.json,113,a9a21332cb1962a0e6ec6d2bb5e0c9cf7f132a342774e024b582e254be9b0145
assets,kubejs,models,kubejs/assets/kubejs/models/item/apple_soda_case.json,.json,114,a0f29849638b566f0d1365608ad7763c6d4fd56f03af9c7a6972392dceec5359
assets,kubejs,models,kubejs/assets/kubejs/models/item/apple_soda_six_pack.json,.json,118,9d1f7ebfb6639e7919019675e2ddb69cf76fac3bd8b6ac0a7d1017dd51320ba8
assets,kubejs,models,kubejs/assets/kubejs/models/item/berry_fruit_pulp.json,.json,115,1a0db296409f050c0a78006ab79eff5d82660131073623c433013082ffa25607
assets,kubejs,models,kubejs/assets/kubejs/models/item/berry_juice_concentrate.json,.json,122,88b3e8ef453081fa7f957dfcefdf45c2f604b7d812f7f14e262fbad858cb72c7
assets,kubejs,models,kubejs/assets/kubejs/models/item/berry_soda_can.json,.json,113,0c6c520eb2633f50f7bda5eb60220fe3076e1bd38c62cae1328aaad0c8d7dcdc
assets,kubejs,models,kubejs/assets/kubejs/models/item/berry_soda_case.json,.json,114,60fc9141ffcc5b25ca8ea6bd4c75899982891241c68cd737574ea01af9750ce9
assets,kubejs,models,kubejs/assets/kubejs/models/item/berry_soda_six_pack.json,.json,118,09d9fd1e6b5019ccb79ecaf74f41c50e098fca9df002db117835ed5c2c518f80
assets,kubejs,models,kubejs/assets/kubejs/models/item/beverage_crate.json,.json,113,1fd5a4077a6caa575d9a5cc93c08b736aa0a67ae70569ac1225853ac83955b5e
assets,kubejs,models,kubejs/assets/kubejs/models/item/beverage_pallet.json,.json,114,d8eb0831cfa867a7e8dae0133991632bd8fd774502b18e5c621a30d75c72dec2
assets,kubejs,models,kubejs/assets/kubejs/models/item/beverage_powder_packet.json,.json,121,6f9da6c2e17bf3a2a6c2bc73096d69b7db86f4ba09196db712f536368df787b3
assets,kubejs,models,kubejs/assets/kubejs/models/item/black_coffee_mug.json,.json,115,227d3bd0aaca0d0c8958b2ecbe488514562726ebe88ff81cd9bbf3bde0029db4
assets,kubejs,models,kubejs/assets/kubejs/models/item/black_tea_cup.json,.json,112,6d959c8e4845fa34ee85faa1c89d0af48ec8f99099c2fcfcfdc4b322dda89f7b
assets,kubejs,models,kubejs/assets/kubejs/models/item/black_tea_leaves.json,.json,115,c6a9f309d9b370a75f76d67147d0bec5ab45e57c609fa27d9f0601cc40b64708
assets,kubejs,models,kubejs/assets/kubejs/models/item/bottled_apple_juice.json,.json,118,56330e25d265fd4fb1170aefc375d151518077d944f3b642dd274db165b4bf5b
assets,kubejs,models,kubejs/assets/kubejs/models/item/bottled_berry_juice.json,.json,118,9807c77d3f48ab5518cdd0a2b493b6971c3810946af71ee562b60306bfde21bf
assets,kubejs,models,kubejs/assets/kubejs/models/item/bottled_iced_tea.json,.json,115,b912dcc9d959c7265c17651ed6b0c7307081474e8a6b83ba7c976d93e9e1eb84
assets,kubejs,models,kubejs/assets/kubejs/models/item/bottled_orange_juice.json,.json,119,6293e5c3f053e87c9e7050d1160593829f62c3758bc5722aa14dca64f561b55a
assets,kubejs,models,kubejs/assets/kubejs/models/item/canned_coffee.json,.json,112,e92954404fcd83236a281ba5b0226cf8e979896d7a6f47d47bb2e5b69dadc78c
assets,kubejs,models,kubejs/assets/kubejs/models/item/canned_iced_tea.json,.json,114,fe5dd6b0070e4f6753c664d02ae293637f6b51d0d49838c50653077868720167
assets,kubejs,models,kubejs/assets/kubejs/models/item/canned_stew.json,.json,110,716a23d7f3a129564d3d2577cc3b488b99f386efc5731b7680b5f4ca0b39ef5d
assets,kubejs,models,kubejs/assets/kubejs/models/item/chopped_vegetables.json,.json,117,bf31f4a754dd33277e7c285d56f439a5bf4ebd402370f47259da77ca00ce83b9
assets,kubejs,models,kubejs/assets/kubejs/models/item/coffee_case.json,.json,110,f1121c9feafa2b8ef4573a691ceac272477934900b7762c2ee319df5868e0e5d
assets,kubejs,models,kubejs/assets/kubejs/models/item/coffee_cherries.json,.json,114,2ac55067f5291de70b71f0c3af5687388309d0740cbebd2a3bfa4db1ade08e6d
assets,kubejs,models,kubejs/assets/kubejs/models/item/coffee_crate.json,.json,111,05e3e9426340c328c83b2c2005bc183e9ca116eb94f2d125e2d4c5000d653ed6
assets,kubejs,models,kubejs/assets/kubejs/models/item/coffee_grounds.json,.json,113,b3cdcaaf3b4b6973e1f20d39d0358a311dfb6b9d7fcb8a499c1724fb54e5557c
assets,kubejs,models,kubejs/assets/kubejs/models/item/coffee_pallet.json,.json,112,a13780c2eaefd22b89b219491d32bb378ef988ef90ac77280a86b944efb7da62
assets,kubejs,models,kubejs/assets/kubejs/models/item/coffee_six_pack.json,.json,114,42e84eed8904f914951ee6fead70cfa04a237112d7c0abc487fed54eca42679c
assets,kubejs,models,kubejs/assets/kubejs/models/item/cold_brew_bottle.json,.json,115,a075291d6b4b9cb19c5b7c32668b8c0cdeeadfd4818c87f6bc9ffbd57fa582a0
assets,kubejs,models,kubejs/assets/kubejs/models/item/concentrated_soup_base.json,.json,121,c7b1c9a4d51c0fdd712ee4db25246c2c0ccd00e0fd5bd58d36efccb0a5b06930
assets,kubejs,models,kubejs/assets/kubejs/models/item/condiment_packet.json,.json,115,41ed2ea21547d001e71ba2e0dfbab487b6290d4518214addf2cd2850a59a3b3e
assets,kubejs,models,kubejs/assets/kubejs/models/item/crushed_oilseed.json,.json,114,8ca4b88cc8e241ddc14d9aa5f1addb4df3798776b12b474e1b6db419e5e7fe3e
assets,kubejs,models,kubejs/assets/kubejs/models/item/crushed_sugar_biomass.json,.json,120,0f3145a176323429582b5a4d8b144028b83c6cd4cb7d8a5bed970cbff7e49324
assets,kubejs,models,kubejs/assets/kubejs/models/item/dark_roast_coffee_beans.json,.json,122,3826113f1c75d321b061b21acabf4b283b338ca2f2bfd26a11ab229ea0b1f958
assets,kubejs,models,kubejs/assets/kubejs/models/item/darknet_blackroot_shrub.json,.json,53,c923528102ab5afd01d834cd64f9f255fe901601b184f49a50ac0f23f3403b8e
assets,kubejs,models,kubejs/assets/kubejs/models/item/darknet_cipher_bloom.json,.json,50,eb52dc1748c3479ec32ebcdf3a2ddf49de84a0b2bd791ceec37c115bfea2505c
assets,kubejs,models,kubejs/assets/kubejs/models/item/darknet_packet_fern.json,.json,49,54304ad0b588357b38f068ae2927f3ae247362241005352b211439e124e7d85e
assets,kubejs,models,kubejs/assets/kubejs/models/item/darknet_signal_grass.json,.json,50,9e7ca460d72564e039047654da1e0a84c5b790c77fe2e33767cb0977b29b3d59
assets,kubejs,models,kubejs/assets/kubejs/models/item/dried_fruit_packet.json,.json,117,0860cae2bd47ff8405dad60b81d1e9bff7e3274ed9f6cb61422431e566a8ad41
assets,kubejs,models,kubejs/assets/kubejs/models/item/dried_herbs.json,.json,110,b5903a2f6e865516efc113d47ab2fb62da02437550f92c59852f8507e5c05d3f
assets,kubejs,models,kubejs/assets/kubejs/models/item/electrolyte_blend.json,.json,116,8037cb3d03d3da323f2266c84abcff5a859119635d9f5ed0607ecdae1667cb29
assets,kubejs,models,kubejs/assets/kubejs/models/item/empty_beverage_can.json,.json,117,c0c76178253394a756edca48732751f7ad17be65d43f714fb48bc6b50d6dc6c5
assets,kubejs,models,kubejs/assets/kubejs/models/item/empty_food_can.json,.json,113,8886d91ec089ad9354ac2255018b3a83b2a0916f9d67b1e4c92987c1fb13ca42
assets,kubejs,models,kubejs/assets/kubejs/models/item/empty_ration_pouch.json,.json,117,52cdfacb8e3bd7b2aa6535d33aca33a3d9f35bffe4650c7758c8b2f22fe545fd
assets,kubejs,models,kubejs/assets/kubejs/models/item/energy_case.json,.json,110,f55db5a271791d3998c7b5075938016adac966e0f7e2ac3171ab2467906678b9
assets,kubejs,models,kubejs/assets/kubejs/models/item/energy_drink_can.json,.json,115,2ff33962dde9a464857e6d64bac15b6ce8f9fc2b4f68ce3679da1d86345f7b00
assets,kubejs,models,kubejs/assets/kubejs/models/item/energy_six_pack.json,.json,114,83ddeb6bdcd9a53bcd7a2e58dcd0f6b41e3e71dc28a5bc47dc0e2253ed3d577e
assets,kubejs,models,kubejs/assets/kubejs/models/item/espresso_mug.json,.json,111,e760b95e8c5abb3f29a34bdde8954a4fad22093ee3a99cd4ad6f3cc9dc48a28c
assets,kubejs,models,kubejs/assets/kubejs/models/item/fermentation_culture.json,.json,119,5b9d5ae48ed3f516fac035c8809e53054b7d70efc8e3b87ff7c4e04245bac063
assets,kubejs,models,kubejs/assets/kubejs/models/item/field_ration.json,.json,111,6304196fac0b98191a54b6e30077899d2a7f244f91fd261df55fc49e3fe27746
assets,kubejs,models,kubejs/assets/kubejs/models/item/filled_food_can.json,.json,114,61819aafa1335e8f934ad6788be46aac47eae3c40d9358c7e6eb55a7a57a4d1d
assets,kubejs,models,kubejs/assets/kubejs/models/item/fresh_tea_leaves.json,.json,115,a1cc5dad821cefc4e3b96ce12ad0ba829c33d245d74b34e41037688670c98c7e
assets,kubejs,models,kubejs/assets/kubejs/models/item/fruit_pomace.json,.json,111,849732d9bfc22b17a33e80f1a7b53aafa1c61fd6fe332350d6551614790da26e
assets,kubejs,models,kubejs/assets/kubejs/models/item/grain_cracker_pack.json,.json,117,d6c3fb4aa4f423539f8ed576e173bce35161898ba5af8e35c4b0e3ac764e3a2c
assets,kubejs,models,kubejs/assets/kubejs/models/item/green_coffee_beans.json,.json,117,ebd3554b403461c6fdc6798331fb113ec21dd6d2b52a341496521a79a9a2f548
assets,kubejs,models,kubejs/assets/kubejs/models/item/green_tea_cup.json,.json,112,240f75129581f18bc7a63adf4628f27f76914425c9ebccf76cb91bd7571419e9
assets,kubejs,models,kubejs/assets/kubejs/models/item/green_tea_leaves.json,.json,115,ad51cedc4ff3cb0449ba0fd0daf770b860936e4e53bc828002d59f4da3be13e4
assets,kubejs,models,kubejs/assets/kubejs/models/item/ground_spice.json,.json,111,71ccf220603e3eedd64e157b069b209f7f3f2ed8c7a27df2b8476c4a5d2eaf9c
assets,kubejs,models,kubejs/assets/kubejs/models/item/latte_mug.json,.json,108,ed7a06ab9b97302cc6ef8afd3bf34ca77407a8dd7212ac5ed681a346dacc96e5
assets,kubejs,models,kubejs/assets/kubejs/models/item/light_roast_coffee_beans.json,.json,123,fea19065590484840fb2f42b9e84fae74e787417a7e782f375b42bd79ede2e1c
assets,kubejs,models,kubejs/assets/kubejs/models/item/medium_roast_coffee_beans.json,.json,124,88dd75ad44d4af83a06ac6864a115d0814dcae6b6f181359d22c6601acabb531
assets,kubejs,models,kubejs/assets/kubejs/models/item/oolong_tea_cup.json,.json,113,d26484a2e4a2e31f38e90b736066c9238af7ad447c21f2b5a8f36b263cde5afb
assets,kubejs,models,kubejs/assets/kubejs/models/item/oolong_tea_leaves.json,.json,116,48e702d847dc2cbd8d8f91dba867893ca936b781cbb0354fcbc93126ec79f0f1
assets,kubejs,models,kubejs/assets/kubejs/models/item/orange_fruit_pulp.json,.json,116,79d37d5e35c5fd52533b0fbb1fb4e77f038e4d6c7b3cb25e60ec0531276ca568
assets,kubejs,models,kubejs/assets/kubejs/models/item/orange_juice_concentrate.json,.json,123,3aee9258998363d8d5730e30c0a51fb331cfa0de1199f28b65dfb1bc23d113b8
assets,kubejs,models,kubejs/assets/kubejs/models/item/orange_soda_can.json,.json,114,c2dfe0c9f70c6bfbfce69e893ad38668f585ce0d4d87d5f8c458d0c5d8d6bb5b
assets,kubejs,models,kubejs/assets/kubejs/models/item/orange_soda_case.json,.json,115,7118234a9f8cf5dd447e4147f188470bc86bfd7d10dbf93c67d40cb9c6652945
assets,kubejs,models,kubejs/assets/kubejs/models/item/orange_soda_six_pack.json,.json,119,2856193917fe8badb2a5282c2dac512bd4c08a8c39e0a7c3a50b12d4e4b42036
assets,kubejs,models,kubejs/assets/kubejs/models/item/prepared_meal.json,.json,112,866f7dc866c4e2c86af471605227310822fc0e3b614a3d10f211563ce17ec882
assets,kubejs,models,kubejs/assets/kubejs/models/item/prepared_seasoning.json,.json,117,dc9d58b92fcc0d8d19db905d5b4e3fc20b7cd3830d7a7c7b2c73f4600e3cf29b
assets,kubejs,models,kubejs/assets/kubejs/models/item/pulped_coffee_cherries.json,.json,121,727df42a66574028b451838db3c09e95d54fcf833e89fe7084b48e411213d418
assets,kubejs,models,kubejs/assets/kubejs/models/item/ration_case.json,.json,110,741911610b6d882386ca7e5ea132352cf0a436e97d775ccfbcb840b5a6d632ed
assets,kubejs,models,kubejs/assets/kubejs/models/item/ration_crate.json,.json,111,d06894aefd4f91408eba9742efcf899a100fbbe7d5ae11ddc605da283c6320cd
assets,kubejs,models,kubejs/assets/kubejs/models/item/ration_entree.json,.json,112,18ac94e8b93d19a508fa238997ef4693e184ee79ff489bf9f5116f74b5930a1a
assets,kubejs,models,kubejs/assets/kubejs/models/item/ration_pallet.json,.json,112,7a7df021445a27095d39bd50b1cfd7ddeb320f3ee6246dc1291efda3b06d24c1
assets,kubejs,models,kubejs/assets/kubejs/models/item/seed_meal.json,.json,108,886f4e4075065f48ac2ecda0fb328dd1ead1dbb49754ff502e5111d3c13a5d17
assets,kubejs,models,kubejs/assets/kubejs/models/item/stimulant_extract.json,.json,116,1ba747d14b42fba52bdd3bd1d4b467979bb603260f7784f3422e9977541ed1e8
assets,kubejs,models,kubejs/assets/kubejs/models/item/tea_case.json,.json,107,5bea445c2ed7fd112d44a00c09c397c1dd4258e289867b77cd2c25677af4a24c
assets,kubejs,models,kubejs/assets/kubejs/models/item/tea_crate.json,.json,108,27443afb39f269b659ae95caf83bedc0f0abed44803c54a1cfd7afa59c29947e
assets,kubejs,models,kubejs/assets/kubejs/models/item/tea_pallet.json,.json,109,128a0c82372664d9f9b37ceffd0d6b7300a0d464bad8e0c43b7711dc7074c865
assets,kubejs,models,kubejs/assets/kubejs/models/item/tea_six_pack.json,.json,111,49f35bdcf67a21d9685a112b5ac9f1275f07706cb0e08c20d0ea9ad6e85e65c9
assets,kubejs,textures,kubejs/assets/kubejs/textures/block/beverage_pallet_front.png,.png,35926,f6d37d68ff0eaf8e9df674d8e3aaa3f43094ab0e603c68c8fa3ad81d9c6f5903
assets,kubejs,textures,kubejs/assets/kubejs/textures/block/beverage_pallet_side.png,.png,35261,b0da9076cb450f7761210c53e20d786c42cf591317a286715e994ca5257ebdf4
assets,kubejs,textures,kubejs/assets/kubejs/textures/block/beverage_pallet_top.png,.png,39450,688fc775d1899824f8dd88d2af77011aa78058921dc31ec07d5bbea6f7bdcc0c
assets,kubejs,textures,kubejs/assets/kubejs/textures/block/coffee_pallet_front.png,.png,41735,c31207c908f7ee08cae9be29ac219108de97be4b50fc4407b73e6bcfca686e9e
assets,kubejs,textures,kubejs/assets/kubejs/textures/block/coffee_pallet_side.png,.png,41034,5da849a695825c4b229ad3fa2cfdd187953220da8f4525cf0b5f38b6b215f90c
assets,kubejs,textures,kubejs/assets/kubejs/textures/block/coffee_pallet_top.png,.png,37204,67cee5e8080ba504f39e4dd93dca0d172a92f74ad678fc6883238bb539ba48a6
assets,kubejs,textures,kubejs/assets/kubejs/textures/block/corrupted_data_node.png,.png,2606,39a5a4b08b233a518f1125f739f7c5e6e72dab1795576a1ce9464b6893f813eb
assets,kubejs,textures,kubejs/assets/kubejs/textures/block/darknet_bedrock.png,.png,2343,9b48d98b7b81d066d5a0c995930f321abc0d57d170973a72318643ccd1d8d041
assets,kubejs,textures,kubejs/assets/kubejs/textures/block/darknet_blackroot_shrub.png,.png,233,0aa8044374ce41c0742689b8923783e7de02de0f6c9d3c50b8eff38092137463
assets,kubejs,textures,kubejs/assets/kubejs/textures/block/darknet_cipher_bloom.png,.png,211,c732da6e4125a004c2f8413eb0365108678e1586ef6a8356442a6be21321035a
assets,kubejs,textures,kubejs/assets/kubejs/textures/block/darknet_packet_fern.png,.png,247,77b22733a183d142f29ab3006cc78ae96a7c95ed7f26286ea0c1eb045dac6aec
assets,kubejs,textures,kubejs/assets/kubejs/textures/block/darknet_signal_grass.png,.png,216,00af27cf8c11ea9384a5ea63f7f049252daad1b43d7bac3c372496e4f1e4d60c
assets,kubejs,textures,kubejs/assets/kubejs/textures/block/encrypted_data_node.png,.png,2710,bcb5e3b2bcdac4df33ea540c0bf1e2a43f74a1ffc583b2462d516fb259e7f9e0
assets,kubejs,textures,kubejs/assets/kubejs/textures/block/fragmented_data_node.png,.png,2479,0baf43ea2c3e15de6157950f56bee7df62e026d59ce7e757b34e08826a2c47b3
assets,kubejs,textures,kubejs/assets/kubejs/textures/block/ration_pallet_front.png,.png,35649,07295000a528eb583272f43bb776a0bfc1e53553060c791ca1f80861aebd3a92
assets,kubejs,textures,kubejs/assets/kubejs/textures/block/ration_pallet_side.png,.png,36263,8270893ff68752e096239442515cf5efbb6b3ba7407c42f6dd83baf1c5e9e679
assets,kubejs,textures,kubejs/assets/kubejs/textures/block/ration_pallet_top.png,.png,38816,c13b261a7fce32edacc65f7f3b2af7817f85278dff728051e853e51dc28ebab4
assets,kubejs,textures,kubejs/assets/kubejs/textures/block/root_access_node.png,.png,2728,384ecc1a446ae1e6cecc68136ec05a1deff2d6e518070dec16d094bef50222b7
assets,kubejs,textures,kubejs/assets/kubejs/textures/block/space_industry/mars_brine_ore.png,.png,481,af67c6077d4d3458ad2ed17859f15310e3d375d999ea986e46aaf2cc3df754a4
assets,kubejs,textures,kubejs/assets/kubejs/textures/block/space_industry/mars_hematite_ore.png,.png,460,d3fdaea0753bf3c09eb20a0f6e35de630f9f54122e61daf7ac6459b45f84792e
assets,kubejs,textures,kubejs/assets/kubejs/textures/block/space_industry/mars_nickel_cobalt_ore.png,.png,488,4e191c7f46aeb82403fab7c2e91236c4922b561972aa92807bb3fe036d4882af
assets,kubejs,textures,kubejs/assets/kubejs/textures/block/space_industry/mars_perchlorate_ore.png,.png,476,3949cc5f074e69458323ea7d04de8c6c023dabeaf6f9e06ee6555c73964e14ee
assets,kubejs,textures,kubejs/assets/kubejs/textures/block/space_industry/mars_silicate_ore.png,.png,448,51af15248984756fdc97b985ead0d41618e255a5a22ff4be11ea1b191bc530ae
assets,kubejs,textures,kubejs/assets/kubejs/textures/block/space_industry/mars_sulfate_ore.png,.png,472,64f053addadf6c8203522f76720c768edd4ee04696577bccf9a6da48cf948424
assets,kubejs,textures,kubejs/assets/kubejs/textures/block/space_industry/moon_anorthosite_ore.png,.png,455,8081534881342e5be0a7210041f7e85f1ab8acf52f5f63d15fa39b7cea85babc
assets,kubejs,textures,kubejs/assets/kubejs/textures/block/space_industry/moon_helium_regolith.png,.png,461,34bb031d21a685bb8548eba08e1a311bc11ac708652e52d5d2ef0e09f39e2549
assets,kubejs,textures,kubejs/assets/kubejs/textures/block/space_industry/moon_ilmenite_ore.png,.png,440,084d7438c2f43d8a0e6cd5f093cd775f13dfaabae93a3a8d2e09a63bcf9ce7b7
assets,kubejs,textures,kubejs/assets/kubejs/textures/block/space_industry/moon_kreep_ore.png,.png,463,07aaed73d3b54909d11027d4867c5f0b118ce117c9ac366b4141e016a76c992d
assets,kubejs,textures,kubejs/assets/kubejs/textures/block/space_industry/moon_silicate_ore.png,.png,459,670ff3705d82a1188e4391e40758100e5a13babbb47e9400e8e1f8e8e01fad2a
assets,kubejs,textures,kubejs/assets/kubejs/textures/block/space_industry/venus_refractory_ore.png,.png,442,abefdfa74f723bfa8825908505f512c747b2813ba5cc1377455f39efe7b1e9cc
assets,kubejs,textures,kubejs/assets/kubejs/textures/block/space_industry/venus_sulfur_ore.png,.png,442,b380ce038b4adf5eb2ca937ac889364b5232c333d6968584fd95ccebead0676e
assets,kubejs,textures,kubejs/assets/kubejs/textures/block/space_industry/venus_tungsten_ore.png,.png,462,e945e3f0ec657181c4139b09b17b3dbd373d4b52f5642803f033ac8f30f49637
assets,kubejs,textures,kubejs/assets/kubejs/textures/block/space_industry/venus_vanadium_ore.png,.png,461,4118e5ac37b0a3e1fd07967cc0c2f999af9a8380f22b874e905f03f93e472a08
assets,kubejs,textures,kubejs/assets/kubejs/textures/block/tea_pallet_front.png,.png,39384,47d64d33df820357f664581a9491502cb6a34570bc3c586db214597bc3da2f00
assets,kubejs,textures,kubejs/assets/kubejs/textures/block/tea_pallet_side.png,.png,37150,95b96b8e1038417f890f0d4290319d6dc4c45cb3321ac0b5c05b3a454a7f00e2
assets,kubejs,textures,kubejs/assets/kubejs/textures/block/tea_pallet_top.png,.png,37921,5501062d76480b1c085c428f444ce38bc3d7294b14f3ff49b9e666d0a2757317
assets,kubejs,textures,kubejs/assets/kubejs/textures/fluid/apple_soda_base_flow.png,.png,202,c9152356abe6c112aa0027fcef90a9d5dadad47efffbbbd11cae01831f56795f
assets,kubejs,textures,kubejs/assets/kubejs/textures/fluid/apple_soda_base_still.png,.png,164,5962a5eebac5c0f2aac929e439c2d646c4bdf7c87c55c6ab0d0015951ef10185
assets,kubejs,textures,kubejs/assets/kubejs/textures/fluid/berry_soda_base_flow.png,.png,202,b43a7ebc7d915e2ca33ca1dda0aaa52a0a6ab72a525b70839fde10544ddb143e
assets,kubejs,textures,kubejs/assets/kubejs/textures/fluid/berry_soda_base_still.png,.png,164,237fc81a38130d16edf3625835f59471680b708e78a881df2d1e014c576c252d
assets,kubejs,textures,kubejs/assets/kubejs/textures/fluid/black_tea_flow.png,.png,202,f384fcc41499f46af9f6ffd4c5339ac9afca191daee2bb1237babb23dbb8ffe4
assets,kubejs,textures,kubejs/assets/kubejs/textures/fluid/black_tea_still.png,.png,164,392820208b167a949ecf4b05ec822bd34963db665d3ec6715b96a0bc7cb4806d
assets,kubejs,textures,kubejs/assets/kubejs/textures/fluid/brewed_coffee_flow.png,.png,199,317b8ac6f17fa31992752d07415a1fbd64dd823e8df201f1e5ed050ecc8d296c
assets,kubejs,textures,kubejs/assets/kubejs/textures/fluid/brewed_coffee_still.png,.png,166,e86304ded1b7adcf9f62b36f236f2c22cc932c9287a8e7cccf59f7ce47c24985
assets,kubejs,textures,kubejs/assets/kubejs/textures/fluid/carbonated_apple_soda_flow.png,.png,202,b6f2e0acc918737bc4a50bc35a1ed4f333a3f66f63d3fdb4506b844bae5c7e5c
assets,kubejs,textures,kubejs/assets/kubejs/textures/fluid/carbonated_apple_soda_still.png,.png,164,a25d0ab6c6efa4ec32451e5db73896afd83c0302e6c18ceedc6a265c1dea6945
assets,kubejs,textures,kubejs/assets/kubejs/textures/fluid/carbonated_berry_soda_flow.png,.png,201,e1425b4f2313e8ec822a48e0d5b9d5e69088a7ad5188b87213cd6b04dd373682
assets,kubejs,textures,kubejs/assets/kubejs/textures/fluid/carbonated_berry_soda_still.png,.png,164,d065098cd084817d13debbc1c24776126e82ff7516e5e2cbe42bef398d5be12c
assets,kubejs,textures,kubejs/assets/kubejs/textures/fluid/carbonated_energy_beverage_flow.png,.png,200,bf56e8fb69c7b4bf0b44244011d9ad6807dd1b09e4b9d27ec8d7885c5adf7b1a
assets,kubejs,textures,kubejs/assets/kubejs/textures/fluid/carbonated_energy_beverage_still.png,.png,164,44afe47a180e4c200ddb70c32b868a694523e7f336bdc64586440d468b274d82
assets,kubejs,textures,kubejs/assets/kubejs/textures/fluid/carbonated_orange_soda_flow.png,.png,198,e025f9b3df10581ba5edc0ec403b434850e815e54ffdd80a82b64ea419db1ccf
assets,kubejs,textures,kubejs/assets/kubejs/textures/fluid/carbonated_orange_soda_still.png,.png,161,af745644367066cc48857d5e89c054aae7447a5e0087f358c6cc9703e7eb2c1b
assets,kubejs,textures,kubejs/assets/kubejs/textures/fluid/coffee_concentrate_flow.png,.png,202,d573b3f9bdff395558ad3046aab9b74e977f1b9993e1f503333235142d92bd03
assets,kubejs,textures,kubejs/assets/kubejs/textures/fluid/coffee_concentrate_still.png,.png,166,4a7d68e32fca06f32f710966091c079a0ce67284ce455e7150ab33c099092f04
assets,kubejs,textures,kubejs/assets/kubejs/textures/fluid/cold_brew_flow.png,.png,200,05d79539044ecb1f98767d0789099f6ebf2553eeba7d58f8d2ab1639b357c3de
assets,kubejs,textures,kubejs/assets/kubejs/textures/fluid/cold_brew_still.png,.png,166,445b42ba4269efe70ee1985073049b1d75732edfb4d6f1894f64085e3e2bc40e
assets,kubejs,textures,kubejs/assets/kubejs/textures/fluid/cooking_oil_flow.png,.png,201,f186d561aa05d05d550b7d3b9d62529e2e847dd7bf9067adf06dfc2eebcc3de6
assets,kubejs,textures,kubejs/assets/kubejs/textures/fluid/cooking_oil_still.png,.png,164,cd2a7c77c371b24bf456ee7b241be171b6eafaf0695b60b21ea9d1dad68b4aa7
assets,kubejs,textures,kubejs/assets/kubejs/textures/fluid/crude_vegetable_oil_flow.png,.png,202,190abae4a460d6d554806093ec1eac1cbc637f6367885972bcab1efcd85a0363
assets,kubejs,textures,kubejs/assets/kubejs/textures/fluid/crude_vegetable_oil_still.png,.png,164,18f62d97f40319724f51d1f39492d5fd0e10ec54c34640f3c40106e46a7ce8a7
assets,kubejs,textures,kubejs/assets/kubejs/textures/fluid/energy_beverage_base_flow.png,.png,202,8aa6dacfc6242e0337ed18fa18403f1f36dff792b478776cf048e4b7bce352c8
assets,kubejs,textures,kubejs/assets/kubejs/textures/fluid/energy_beverage_base_still.png,.png,164,6ecb88f577a8d70756a245bea15c25b9fc872bd5d8335130ad5ae7feccb63660
assets,kubejs,textures,kubejs/assets/kubejs/textures/fluid/green_tea_flow.png,.png,202,a739217c69772f0f4703dbd194cf778f469be2bd1bdc531ede268ede6f6bc67d
assets,kubejs,textures,kubejs/assets/kubejs/textures/fluid/green_tea_still.png,.png,178,db46b353be269d59175619a4de00887cd9d05d70a7e4652c05e2caf9d9a559ce
assets,kubejs,textures,kubejs/assets/kubejs/textures/fluid/iced_tea_flow.png,.png,202,667c43d7ff7b9f0d767d5fd0ff11d43094839f0cadfbe8d27545cf0b71348959
assets,kubejs,textures,kubejs/assets/kubejs/textures/fluid/iced_tea_still.png,.png,164,93aeffe004edd3f4cb699abfdd0b61dbe220ed7a82a59d01acdd66d7bdfb2bd0
assets,kubejs,textures,kubejs/assets/kubejs/textures/fluid/milk_coffee_flow.png,.png,202,2e240665b9d45dc0efe8d6aae46b7dbf41a0ae4786aabaeb2d209e6a5e37d51b
assets,kubejs,textures,kubejs/assets/kubejs/textures/fluid/milk_coffee_still.png,.png,178,afd4ca073f8bdd1f25053b5138779fab7b95a4691193feaa4460cf90600d101c
assets,kubejs,textures,kubejs/assets/kubejs/textures/fluid/oolong_tea_flow.png,.png,202,4f580cdb2af3abab0535c8563a6b5fa4e637a91e7862e02d9a2ebdf75c461bed
assets,kubejs,textures,kubejs/assets/kubejs/textures/fluid/oolong_tea_still.png,.png,164,c87f6ada33ed366d9644f7a7b6412367fa2b530bfd6b19a0ed3d5dd54b929787
assets,kubejs,textures,kubejs/assets/kubejs/textures/fluid/orange_soda_base_flow.png,.png,200,416d45e4d3d434870773454ad3d0bea7288b45d2a80fea4188764f5fdd93229d
assets,kubejs,textures,kubejs/assets/kubejs/textures/fluid/orange_soda_base_still.png,.png,164,368440935277a48c787ca508840d7afca8bb07ef3c0fb82c4570ffe22ecbb62c
assets,kubejs,textures,kubejs/assets/kubejs/textures/fluid/prepared_apple_beverage_flow.png,.png,202,b6f2e0acc918737bc4a50bc35a1ed4f333a3f66f63d3fdb4506b844bae5c7e5c
assets,kubejs,textures,kubejs/assets/kubejs/textures/fluid/prepared_apple_beverage_still.png,.png,164,a25d0ab6c6efa4ec32451e5db73896afd83c0302e6c18ceedc6a265c1dea6945
assets,kubejs,textures,kubejs/assets/kubejs/textures/fluid/prepared_berry_beverage_flow.png,.png,201,e1425b4f2313e8ec822a48e0d5b9d5e69088a7ad5188b87213cd6b04dd373682
assets,kubejs,textures,kubejs/assets/kubejs/textures/fluid/prepared_berry_beverage_still.png,.png,164,d065098cd084817d13debbc1c24776126e82ff7516e5e2cbe42bef398d5be12c
assets,kubejs,textures,kubejs/assets/kubejs/textures/fluid/prepared_orange_beverage_flow.png,.png,198,e025f9b3df10581ba5edc0ec403b434850e815e54ffdd80a82b64ea419db1ccf
assets,kubejs,textures,kubejs/assets/kubejs/textures/fluid/prepared_orange_beverage_still.png,.png,161,af745644367066cc48857d5e89c054aae7447a5e0087f358c6cc9703e7eb2c1b
assets,kubejs,textures,kubejs/assets/kubejs/textures/fluid/pressed_apple_juice_flow.png,.png,202,c9152356abe6c112aa0027fcef90a9d5dadad47efffbbbd11cae01831f56795f
assets,kubejs,textures,kubejs/assets/kubejs/textures/fluid/pressed_apple_juice_still.png,.png,164,5962a5eebac5c0f2aac929e439c2d646c4bdf7c87c55c6ab0d0015951ef10185
assets,kubejs,textures,kubejs/assets/kubejs/textures/fluid/pressed_berry_juice_flow.png,.png,202,b43a7ebc7d915e2ca33ca1dda0aaa52a0a6ab72a525b70839fde10544ddb143e
assets,kubejs,textures,kubejs/assets/kubejs/textures/fluid/pressed_berry_juice_still.png,.png,164,237fc81a38130d16edf3625835f59471680b708e78a881df2d1e014c576c252d
assets,kubejs,textures,kubejs/assets/kubejs/textures/fluid/pressed_orange_juice_flow.png,.png,200,416d45e4d3d434870773454ad3d0bea7288b45d2a80fea4188764f5fdd93229d
assets,kubejs,textures,kubejs/assets/kubejs/textures/fluid/pressed_orange_juice_still.png,.png,164,368440935277a48c787ca508840d7afca8bb07ef3c0fb82c4570ffe22ecbb62c
assets,kubejs,textures,kubejs/assets/kubejs/textures/fluid/process_co2_flow.png,.png,196,23529a165dfa6d58b49a0516ae53df9931bccc10aee2a9160b75e145ec3a1e26
assets,kubejs,textures,kubejs/assets/kubejs/textures/fluid/process_co2_still.png,.png,164,1b20f3b5704cb17e34dbad23e310e9f0c997216bfbd675723207f7fa10821941
assets,kubejs,textures,kubejs/assets/kubejs/textures/fluid/raw_sugar_solution_flow.png,.png,202,3051f8a9fe0acfbd28250c5aa3515deee5968e7153edd9ed8e48e7b293e2751e
assets,kubejs,textures,kubejs/assets/kubejs/textures/fluid/raw_sugar_solution_still.png,.png,164,967fe8a9e06282e64e8e0a6d164695197cb665444fb34c07d29a514c56b9fb75
assets,kubejs,textures,kubejs/assets/kubejs/textures/fluid/refined_beverage_syrup_flow.png,.png,202,ee020018838c8c554040bdccdc137635bb88472393b8ed0e60e4e427ab4e7f51
assets,kubejs,textures,kubejs/assets/kubejs/textures/fluid/refined_beverage_syrup_still.png,.png,164,e6fa80c81952f02dab46686dc5af7fa8e45a17ff0155441528d459bedbee2855
assets,kubejs,textures,kubejs/assets/kubejs/textures/fluid/vegetable_broth_flow.png,.png,202,4df284001d06ec129e4c9873ad67b40ff240c5b133571550053c11395ea677e0
assets,kubejs,textures,kubejs/assets/kubejs/textures/fluid/vegetable_broth_still.png,.png,164,790315c07b37598239942bbcb87c84a7f37dbaa421c3ef3a9fb931004e4e4980
assets,kubejs,textures,kubejs/assets/kubejs/textures/gui/quests/cyberspace_virtual_machine_multiblock.png,.png,503169,d65ef4910078f195f58da34dad971d9bf0c7a21d981e2e785ccfd7674a90ad5a
assets,kubejs,textures,kubejs/assets/kubejs/textures/item/apple_fruit_pulp.png,.png,26140,f71600181fc70fef4846dcc1cbc73aab7b03e70b64de897e84590c513e8e8708
assets,kubejs,textures,kubejs/assets/kubejs/textures/item/apple_juice_concentrate.png,.png,20938,097223e92c3c4bf29e44bea06ffb29596bbdb65dc4d5aa1d004ef8111aab7d2f
assets,kubejs,textures,kubejs/assets/kubejs/textures/item/apple_soda_can.png,.png,14248,8238f7e8e71ed7412923defc14e4647008cc5fae6519cd78362ac18a7bef024e
assets,kubejs,textures,kubejs/assets/kubejs/textures/item/apple_soda_case.png,.png,20606,be1a7f2412008a4942fff63ae21c206c9ed4f8f6ef41d4e0f91fda2fc40ca859
assets,kubejs,textures,kubejs/assets/kubejs/textures/item/apple_soda_six_pack.png,.png,24145,0f3c060b8741ab4da8c9fbd5903fbd8afcb3ab8ff4cbaa45a08516afea441a62
assets,kubejs,textures,kubejs/assets/kubejs/textures/item/atomic_foundation_core.png,.png,28506,20c79f59d4efae99d86681f63e8121273b8e865cda5183c2445a3681c2a6f012
assets,kubejs,textures,kubejs/assets/kubejs/textures/item/automation_foundation_core.png,.png,24512,144e25bd847c1d7637896365efd34aa90388de0bc93c02081e6f7ace3f393b10
assets,kubejs,textures,kubejs/assets/kubejs/textures/item/berry_fruit_pulp.png,.png,26343,49a2d1033b6c4ae431481f6d65f5c6b79b573f684c54e40b7ad75eddb93ee54b
assets,kubejs,textures,kubejs/assets/kubejs/textures/item/berry_juice_concentrate.png,.png,22518,be46f9600f20bda2a90a91c2397cf93e4dbc985841c4bacd14b667a4237fbe53
assets,kubejs,textures,kubejs/assets/kubejs/textures/item/berry_soda_can.png,.png,15250,7444b363890be293720c9312309b3c63907690f769be28f3b27bab89348c58b9
assets,kubejs,textures,kubejs/assets/kubejs/textures/item/berry_soda_case.png,.png,19321,2b225203e42922a9b9f231dbfb533bef31f66791c1321a0e360f50a17445de64
assets,kubejs,textures,kubejs/assets/kubejs/textures/item/berry_soda_six_pack.png,.png,22472,c4d4454873c56f88ab6a4a60504f821f4c895187941857e3fbb348e4b9fd7538
assets,kubejs,textures,kubejs/assets/kubejs/textures/item/beverage_crate.png,.png,19565,dd3e4bfc5c782797725a090318fcd5a37ff887f14855ecc27bc244c7ae0c40fd
assets,kubejs,textures,kubejs/assets/kubejs/textures/item/beverage_pallet.png,.png,29261,8e699666f3fb4b42e07e6fae8c0df9f83fdb7af47a20fb7250f1ea59f8dad651
assets,kubejs,textures,kubejs/assets/kubejs/textures/item/beverage_powder_packet.png,.png,13025,e1fe566fbadc46d63d341dd5f91268a6c5fac6a1a53f1a70bf4216400e58c924
assets,kubejs,textures,kubejs/assets/kubejs/textures/item/black_coffee_mug.png,.png,23659,978f49e36ba76325d46a68c794fb9610598f61b628ed8ef8adf21af4afd258fd
assets,kubejs,textures,kubejs/assets/kubejs/textures/item/black_ice_kernel.png,.png,1571,2c7c42c93e37ce9250cad808c5861f10c6fd194938ebd94defd2d770d7041817
assets,kubejs,textures,kubejs/assets/kubejs/textures/item/black_ledger_writ.png,.png,1676,0eb84b56bda4a36ecb900fd4a2b5d92e0003d16987a353e0e40972074a1064dd
assets,kubejs,textures,kubejs/assets/kubejs/textures/item/black_tea_cup.png,.png,539,b8f4b9c5a69baf6065f64a9d79de2e205dffa603cf80e9f4713f787237dabd1b
assets,kubejs,textures,kubejs/assets/kubejs/textures/item/black_tea_leaves.png,.png,741,f372ff1cfd2d6a7c93b21c6d2461510bf8e185e97e4b28b32201840a19d3085e
assets,kubejs,textures,kubejs/assets/kubejs/textures/item/bottled_apple_juice.png,.png,12316,49882f621bdfb351e0c94858516d9a99cdc9923812e2b2f305ca8c1e740ab70d
assets,kubejs,textures,kubejs/assets/kubejs/textures/item/bottled_berry_juice.png,.png,12163,27d52d4c6473bb432a90c4d69c7aeefb4a287e74291fec5d45788324665ddaa7
assets,kubejs,textures,kubejs/assets/kubejs/textures/item/bottled_iced_tea.png,.png,591,0a8480743b64686c8adb784f3f36f24721398fe89bcb2f01624b0464b82c5553
assets,kubejs,textures,kubejs/assets/kubejs/textures/item/bottled_orange_juice.png,.png,11860,fcc7bd62a39e96d9866ef1cf4aed08cafdf72fc3a7d4134dd586c14ede0d0caf
assets,kubejs,textures,kubejs/assets/kubejs/textures/item/canned_coffee.png,.png,638,b1bc5650b86bad386c9c67302f4daf1fde61e577f498d08f0c3725ba26321e08
assets,kubejs,textures,kubejs/assets/kubejs/textures/item/canned_iced_tea.png,.png,637,f9520b83c026f74a27c121536238fb09f1a6081c2ddb2aa92716a630adbb4dd2
assets,kubejs,textures,kubejs/assets/kubejs/textures/item/canned_stew.png,.png,27351,c87110d48ff5b23b3a6f3c269c1bd526f0afa339bde90de0bbcad347a01f606e
assets,kubejs,textures,kubejs/assets/kubejs/textures/item/chemical_foundation_core.png,.png,24788,0e0a411b1534762672066c5e130d25840c04664a843b1da3d5525c5f1d064b50
assets,kubejs,textures,kubejs/assets/kubejs/textures/item/chopped_vegetables.png,.png,25558,b42f86a9c6f4d8dd57052c236fef1616f80b9ce9bb51be51bef7d04b0cb26770
assets,kubejs,textures,kubejs/assets/kubejs/textures/item/coffee_case.png,.png,701,e1ef5e6839b999622bd407882d5dc67c988db8b90cb5856ae98c1e6ab82c98c0
assets,kubejs,textures,kubejs/assets/kubejs/textures/item/coffee_cherries.png,.png,537,848a94bd6c081222f101e7f292fb733eebe3726fb4bd8a5b2744d58bf96caee7
assets,kubejs,textures,kubejs/assets/kubejs/textures/item/coffee_crate.png,.png,714,7c60ad6a9ce5b0e64bfc3d0f05344d2bf9bc4b4a0b4eb91804c4e381cba7bc33
assets,kubejs,textures,kubejs/assets/kubejs/textures/item/coffee_grounds.png,.png,509,6712bcbc78154a9106e7a2c4d538452957f8b7578d9f54d5225cbc1f3a2544b6
assets,kubejs,textures,kubejs/assets/kubejs/textures/item/coffee_pallet.png,.png,747,1955336f1e893a329425be2b76e7f44890d83c5ef8beac67a9bf26774fce5677
assets,kubejs,textures,kubejs/assets/kubejs/textures/item/coffee_six_pack.png,.png,653,9a2b7639014b9c7f6b8ce2c43f40f72851f5178478d6affae70b08fd50a1e6ca
assets,kubejs,textures,kubejs/assets/kubejs/textures/item/cold_brew_bottle.png,.png,577,1bf7e16ac54b50d217c32c0b6a9d1ae2ebc4d3afa73c1eb76c57a9fea8095610
assets,kubejs,textures,kubejs/assets/kubejs/textures/item/concentrated_soup_base.png,.png,24382,c8468354441da8ff4d8301cba1fac6fef17a301526d81ce5d1704115d75d58f6
assets,kubejs,textures,kubejs/assets/kubejs/textures/item/condiment_packet.png,.png,14679,b9e22a48cbdb9a809fb62af74533924266bcd83bbc446700cc372522786ba08b
assets,kubejs,textures,kubejs/assets/kubejs/textures/item/crushed_oilseed.png,.png,29465,c9d6ed1a84f9c4e38ac8e1ec83949894e37f1ee2049658fc196e713e5f6f8874
assets,kubejs,textures,kubejs/assets/kubejs/textures/item/crushed_sugar_biomass.png,.png,16691,2c5faa78b30d6a14a98175e7c084e981dd1cb42dc83caf28d3b520e487e415d7
assets,kubejs,textures,kubejs/assets/kubejs/textures/item/dark_roast_coffee_beans.png,.png,507,7622317011a1b92fe2f0c91439540e71e606580a30523d10afa257dfc3b445fc
assets,kubejs,textures,kubejs/assets/kubejs/textures/item/darknet_data_cache.png,.png,1759,a151be6ec8137fd032e87fd685b41ede42ad4f371097fca4c9c98c5bb8207c9c
assets,kubejs,textures,kubejs/assets/kubejs/textures/item/darknet_scrip.png,.png,1529,8056abfdc9216df176235311ac50acc45d4da14854737ad3ca15fb16bad02c74
assets,kubejs,textures,kubejs/assets/kubejs/textures/item/darknet_session_injector_tier_1.png,.png,18449,14a0fe450c426181a322dfb11c123f6f65a313242f7daeb3bd4b67582b924133
assets,kubejs,textures,kubejs/assets/kubejs/textures/item/darknet_session_injector_tier_2.png,.png,18363,1bd4775254331582b135c8c06b127cf57245203c73b9f783ca140e9bfec3e8b1
assets,kubejs,textures,kubejs/assets/kubejs/textures/item/darknet_session_injector_tier_3.png,.png,18547,1b1d5d5c9e3b64ed20098804b8128cce95e1efb82c2a7ec421aa561cd904ec50
assets,kubejs,textures,kubejs/assets/kubejs/textures/item/darknet_session_injector_tier_4.png,.png,18457,804a4db7b3e6427f9b608d203188f7bd7155c5a62ab905a837a4eedb01346f46
assets,kubejs,textures,kubejs/assets/kubejs/textures/item/darknet_session_injector_tier_5.png,.png,18564,aa4c6bfd71f3757d973782a9ac5e580b6f080a31b481691c18029914f632faea
assets,kubejs,textures,kubejs/assets/kubejs/textures/item/darknet_session_injector_tier_6.png,.png,18456,d463c4ee1814b9c9e22bb907dda6c60c8bea2bbf1660e3c6a54399794c72bfcd
assets,kubejs,textures,kubejs/assets/kubejs/textures/item/darknet_session_injector_tier_7.png,.png,18401,4477c005965ceab0d8bf288640cdca19acdfae2290c469e6a5ecc8b06fc7dee5
assets,kubejs,textures,kubejs/assets/kubejs/textures/item/darknet_session_injector_tier_8.png,.png,18507,e323e1a817bbf9a3f0949fca28c8f17cedb1fa9201fd88cfaab90ff0ef01645c
assets,kubejs,textures,kubejs/assets/kubejs/textures/item/darknet_temporal_core.png,.png,23479,0acaaaf34a379355722b1680078f42f13abc12daef6d2aabe0cc9b6961ca5bb3
assets,kubejs,textures,kubejs/assets/kubejs/textures/item/dried_fruit_packet.png,.png,23305,082ddf3ca9bcd4a2e065241fb4089c82860f6bb15dd77a6d6e1e733c916b2e65
assets,kubejs,textures,kubejs/assets/kubejs/textures/item/dried_herbs.png,.png,23243,f6664b47afd976e61c6e92b60283ad03e795facaac3d70c2fc1531712bc55bc9
assets,kubejs,textures,kubejs/assets/kubejs/textures/item/electrical_foundation_core.png,.png,23694,a7555af01d356f7edc6ec48ebf5d7e00d6bbd1ef1c7369ebd11bcc4736d0486b
assets,kubejs,textures,kubejs/assets/kubejs/textures/item/electrolyte_blend.png,.png,27958,a56d779b3d26c44e620dd8b90550d0ec35c6d9c47f3fb93d00fdbb279701fc23
assets,kubejs,textures,kubejs/assets/kubejs/textures/item/empty_beverage_can.png,.png,10387,4dc7fa907695046cc456a851e435a595c13e9d364a59bb1e6f77df577078e360
assets,kubejs,textures,kubejs/assets/kubejs/textures/item/empty_food_can.png,.png,25615,5cb65951afe83b53742bd7622cface96c6bc4059c5f939e40b39c90171a3076e
assets,kubejs,textures,kubejs/assets/kubejs/textures/item/empty_ration_pouch.png,.png,26628,fe0ba9e84f71ff1e66ee31d5f8f6c9f4381ce9c434546a69f066af287db2c455
assets,kubejs,textures,kubejs/assets/kubejs/textures/item/encrypted_credential_bundle.png,.png,1810,a2580b15718c65c52a1b55b4fe5e009b6a5681a172b60e6156782dbf0ce11106
assets,kubejs,textures,kubejs/assets/kubejs/textures/item/energy_case.png,.png,16893,d2b1e1bfff04aa87b8c1c4cf10f2ce13c738ea452a0c39cfc90538fffa89a17d
assets,kubejs,textures,kubejs/assets/kubejs/textures/item/energy_drink_can.png,.png,14359,6e6d10b7e70bbcc8c37e89989490645b398249501b9ba22ab7841e8d38fa8d65
assets,kubejs,textures,kubejs/assets/kubejs/textures/item/energy_drink_case.png,.png,16893,d2b1e1bfff04aa87b8c1c4cf10f2ce13c738ea452a0c39cfc90538fffa89a17d
assets,kubejs,textures,kubejs/assets/kubejs/textures/item/energy_six_pack.png,.png,19937,1d0950c91f8d256d17fd70a6fb65a148e9430fc5bd49f3ecf506b589ff967d73
assets,kubejs,textures,kubejs/assets/kubejs/textures/item/era0_mastery_emblem.png,.png,25428,ac20bc82c1814bdb0ff574328087caabcb20620fe1ab650c22884bf54c464f27
assets,kubejs,textures,kubejs/assets/kubejs/textures/item/era0_priority_cache.png,.png,23908,169b74f75382d9b09a72aa764e965adb4749aee1b58d76b2a42ee946d3702d7d
assets,kubejs,textures,kubejs/assets/kubejs/textures/item/era1_exploration_contribution.png,.png,24833,692af86fa31d3a45bd6b3f578c15ea13ee3bb027158943bc4f36ed3f9d319efe
assets,kubejs,textures,kubejs/assets/kubejs/textures/item/era1_farming_contribution.png,.png,23395,626c62108650d56c609a95482efb7771156c68e4a74dacabeaef91ecbaa66809
assets,kubejs,textures,kubejs/assets/kubejs/textures/item/era1_mastery_emblem.png,.png,25413,0951df01899ca4f61f7022d49387e9f453f3c6fed64216456b50bdaa21905dd7
assets,kubejs,textures,kubejs/assets/kubejs/textures/item/era1_mining_contribution.png,.png,22065,13c50360990ffc7bc59ef7b5dceba58e06a174efc2ddf644bc2fe49070ce8536
assets,kubejs,textures,kubejs/assets/kubejs/textures/item/era1_priority_cache.png,.png,23886,51c451e634c2c455e41877f413eb67158d718f1cab1453a06179a4b2baade170
assets,kubejs,textures,kubejs/assets/kubejs/textures/item/era1_supply_bag.png,.png,21597,858e37f6305034ad2635e0cf361681f397ee00c857bca5ddb5db9cc1abe4bde5
assets,kubejs,textures,kubejs/assets/kubejs/textures/item/era2_exploration_contribution.png,.png,24240,51de996b7cacc5e6c99462a9c5c48194bd4a386876eb757641a204885b252b67
assets,kubejs,textures,kubejs/assets/kubejs/textures/item/era2_farming_contribution.png,.png,25376,e9aeba2a0fd70ef24cb03f1a72bf7f3ed524e5f792dabb5eb2e25bc6e2aa08c4
assets,kubejs,textures,kubejs/assets/kubejs/textures/item/era2_mastery_emblem.png,.png,25334,c6b0d12cb52d51ccd967855433f2bdf85514903a56791e561d0431517e4b24b5
assets,kubejs,textures,kubejs/assets/kubejs/textures/item/era2_mining_contribution.png,.png,22455,c21c556d4bb5126b2e715059a1002b002b9cc9681384652de02c8e65d50401b9
assets,kubejs,textures,kubejs/assets/kubejs/textures/item/era2_priority_cache.png,.png,23829,be6a017d03b4cc03f3a8323daa92643077fd553524d17b2f43d4a2b2d6a24d61
assets,kubejs,textures,kubejs/assets/kubejs/textures/item/era2_supply_bag.png,.png,21541,b05d7f4a029d517cd9eb575d497d021fd7cacabfcf911fdd5d95aacc3d2ce005
assets,kubejs,textures,kubejs/assets/kubejs/textures/item/era3_exploration_contribution.png,.png,22968,432cdf1668c470a3342c8e8dc229d6ca848822835b3d078bbb238ea7ed66f0fb
assets,kubejs,textures,kubejs/assets/kubejs/textures/item/era3_farming_contribution.png,.png,24884,07c61c4d5620408752a5574513bf8caae7cd6eda8302fc5d4a0545f2e14aa277
assets,kubejs,textures,kubejs/assets/kubejs/textures/item/era3_mastery_emblem.png,.png,25453,f0a16bbb7a35b10be8546cbe2592cbf197d3bb78fb54bca3ce7ff0ba38cc176e
assets,kubejs,textures,kubejs/assets/kubejs/textures/item/era3_mining_contribution.png,.png,24495,867f9619ea79894fdb83b11270ec7eb5c2e85956f81734980190280994c0a108
assets,kubejs,textures,kubejs/assets/kubejs/textures/item/era3_priority_cache.png,.png,23957,231f1fe33829e2af7f67e740164bda369551fe7101175c063348702c323b9dc6
assets,kubejs,textures,kubejs/assets/kubejs/textures/item/era3_supply_bag.png,.png,21715,a542559f31b71a184f49d64a54fa0ceadfedefd5f8b1cbe1d4be3faef4857d76
assets,kubejs,textures,kubejs/assets/kubejs/textures/item/era4_exploration_contribution.png,.png,26290,921828a48f4ca18b39b1c9a075c76bea0199de7d7ec423d057b0178f7eb89c9a
assets,kubejs,textures,kubejs/assets/kubejs/textures/item/era4_farming_contribution.png,.png,23558,a1d527986c7f20856f5ce4d1ba3cee2f0deb318801277dc492aff670036d05a2
assets,kubejs,textures,kubejs/assets/kubejs/textures/item/era4_mastery_emblem.png,.png,25425,42888148ebf426410ee85b366be5338d6866021c511b68a16a2ffd8e9f2af53f
assets,kubejs,textures,kubejs/assets/kubejs/textures/item/era4_mining_contribution.png,.png,25495,241c550df1e7059b8ca57b7b141852eab5944c7f80451c12b1080fd30953003b
assets,kubejs,textures,kubejs/assets/kubejs/textures/item/era4_priority_cache.png,.png,23943,15f3777d314d41cd35cb2c320465aca82a89be4f3bcf2dfa67cb241da1188039
assets,kubejs,textures,kubejs/assets/kubejs/textures/item/era4_supply_bag.png,.png,21693,bff67f84648010e48c062946ecd7de338e2fee23c0875237d990da2d9230f2ce
assets,kubejs,textures,kubejs/assets/kubejs/textures/item/era5_exploration_contribution.png,.png,23360,ad68eb8a36acd40e2943bafeeac720ca3ccc52a8964c355a07f671cb555a454b
assets,kubejs,textures,kubejs/assets/kubejs/textures/item/era5_farming_contribution.png,.png,25830,7e759eeea483d4998ddeb0ac388aef0ddb3fd5544ab1fc3467a7c75fc7ae58d0
assets,kubejs,textures,kubejs/assets/kubejs/textures/item/era5_mastery_emblem.png,.png,25508,b19d7d9bb077f0e98a0a06a4174e60f04e2481abf02165854ccfe30033c10f4f
assets,kubejs,textures,kubejs/assets/kubejs/textures/item/era5_mining_contribution.png,.png,21569,171ac175afd8660f065f1e3da17b576a341b1aaff74cc506dee330bcd0c138e8
assets,kubejs,textures,kubejs/assets/kubejs/textures/item/era5_priority_cache.png,.png,23938,2457648fbab4f1528303fb36267cabf6fffc70683c3d00f555c1bee110129785
assets,kubejs,textures,kubejs/assets/kubejs/textures/item/era5_supply_bag.png,.png,21702,1a5cb384eea74893c86b8cc10ef9103bde61b6bce948fd5ff35bad38281dbc03
assets,kubejs,textures,kubejs/assets/kubejs/textures/item/era6_exploration_contribution.png,.png,25923,4c7bff43532a00fa4268994c8b0d33432cb55d0ef60fb384836ab77e8f08b5e6
assets,kubejs,textures,kubejs/assets/kubejs/textures/item/era6_farming_contribution.png,.png,24944,5e73c3803042389c79abdea810478570f04a5b12188be11a95e1735c5a5e48e6
assets,kubejs,textures,kubejs/assets/kubejs/textures/item/era6_mastery_emblem.png,.png,25366,9da8cf3446a8cd2e6abe062ae5db8bd6a7dddb6cce0000f81bf1dbdc8db760bc
assets,kubejs,textures,kubejs/assets/kubejs/textures/item/era6_mining_contribution.png,.png,25841,275bb54f08f42d49bd12ddde252b2f460d776cc8b6cf4373c9575f4f6ad02176
assets,kubejs,textures,kubejs/assets/kubejs/textures/item/era6_priority_cache.png,.png,23879,978cde56657dcabfea319c9c7f809ea35618a25d91494dc79a54572f01938c0b
assets,kubejs,textures,kubejs/assets/kubejs/textures/item/era6_supply_bag.png,.png,21517,c81cf06a281d7b018a98941ecc568b1383750bfbc7e1cfbee975772135e12572
assets,kubejs,textures,kubejs/assets/kubejs/textures/item/era7_exploration_contribution.png,.png,24917,3dafc092242f98311fcc1efe98d68f0b6a4a84a8064e8005abee8524f2b52e1b
assets,kubejs,textures,kubejs/assets/kubejs/textures/item/era7_farming_contribution.png,.png,26016,87a6883cbc568e760399a3650853a6893f7c932876b5fa89af435e0cebd19bd1
assets,kubejs,textures,kubejs/assets/kubejs/textures/item/era7_mastery_emblem.png,.png,25419,ab4f1e103d0fbc6c143d15f7a860e8abd5ae4b70ddd1a5e45275bdc3ea2c8084
assets,kubejs,textures,kubejs/assets/kubejs/textures/item/era7_mining_contribution.png,.png,25407,c4c0d9c0a12d6adcc15e81d660166876da4098d3e77044c01f1907d083b1ef82
assets,kubejs,textures,kubejs/assets/kubejs/textures/item/era7_priority_cache.png,.png,23868,007c3a1399953c092a15bc59217d5776eebc92362001020dc57d60954668f17f
assets,kubejs,textures,kubejs/assets/kubejs/textures/item/era7_supply_bag.png,.png,21606,0b25ff6385695f5299bdc88475690b1ff129ee0928607e6a5924aede7deefd0a
assets,kubejs,textures,kubejs/assets/kubejs/textures/item/era8_exploration_contribution.png,.png,24235,6939b6f71310daa991e08de985a8fe607f87fc3158183a0e4fe09e360e942e78
assets,kubejs,textures,kubejs/assets/kubejs/textures/item/era8_farming_contribution.png,.png,25816,ce8067e4a2742f87e6575febd8968080ef155cb40221b3b198b79d7e6904183a
assets,kubejs,textures,kubejs/assets/kubejs/textures/item/era8_mastery_emblem.png,.png,25463,0af03a9250d20512052accf6797e1920ce9e8cd8a055481e50ef4423c9a01e1e
assets,kubejs,textures,kubejs/assets/kubejs/textures/item/era8_mining_contribution.png,.png,25308,9eae7c638c3b3b9e2df646b920acd5ff3af211cee4e2188386e0cc8e766216e4
assets,kubejs,textures,kubejs/assets/kubejs/textures/item/era8_priority_cache.png,.png,23903,d6845a1e0e6fd4cb3eb2e9879e7cbde81c595a69449eb3967156d331b0d2cf03
assets,kubejs,textures,kubejs/assets/kubejs/textures/item/era8_supply_bag.png,.png,21621,4b5e8c0776e93d6428c01b2543eea8b49f4fdb0a7e77eacd5e10e89685eac316
assets,kubejs,textures,kubejs/assets/kubejs/textures/item/espresso_mug.png,.png,15837,9cd6a3df5c703fc32d7853ace2bb7fe3affa3d50cdf4778a400458c772dd519a
assets,kubejs,textures,kubejs/assets/kubejs/textures/item/fermentation_culture.png,.png,15928,f2e99f28117538f27aea3658d518022a163e8afbb53457a12c28428328606c3e
assets,kubejs,textures,kubejs/assets/kubejs/textures/item/field_ration.png,.png,26585,257fdf3a2e9fe3159b39f08ccc7ec07a19c23f9b45e71fd6f5b22a5b739407f1
assets,kubejs,textures,kubejs/assets/kubejs/textures/item/filled_food_can.png,.png,26890,47230e2fe748978a70821ca132040f78d46527ac107881adae0f6eb032a803f0
assets,kubejs,textures,kubejs/assets/kubejs/textures/item/fresh_tea_leaves.png,.png,747,62020e34f4ad01f0d99c5ad217e3a91c5fcb34db8313213a8fc27ecc7c0ec7e2
assets,kubejs,textures,kubejs/assets/kubejs/textures/item/fruit_pomace.png,.png,17047,83674d1bc2a8c49d71ee7be5f373d31de376db998fe0ca264c6b5c5f6850994d
assets,kubejs,textures,kubejs/assets/kubejs/textures/item/ghost_market_cipher.png,.png,1259,dc6abf88483bd18db3ed305cab43096793281108c9cae65c27c5df345d1a3acb
assets,kubejs,textures,kubejs/assets/kubejs/textures/item/grain_cracker_pack.png,.png,26212,2de11f0d4ebfec4cb094d8a984a94783c51cc031021903d616f16d6167024dc4
assets,kubejs,textures,kubejs/assets/kubejs/textures/item/green_coffee_beans.png,.png,520,9942c5dd33b66a43040a754c03f536ba9fb0987b83f328396bacb2591ee01114
assets,kubejs,textures,kubejs/assets/kubejs/textures/item/green_tea_cup.png,.png,538,bc026da724307e46ff29323752eb8b45a2b994551a1882a19d814f65b3b06ef6
assets,kubejs,textures,kubejs/assets/kubejs/textures/item/green_tea_leaves.png,.png,747,e9ece8ee03b37a77a9b805655820e4274727d1b1b8317455acfc53a87f093c92
assets,kubejs,textures,kubejs/assets/kubejs/textures/item/ground_spice.png,.png,21216,d7f3c56f1358533359ff1deb4c4c4e64a405a7b11fdaf12b7e89d3284e707f46
assets,kubejs,textures,kubejs/assets/kubejs/textures/item/habitation_contribution.png,.png,23707,9fb203abd6fbb72db95a674b50a851bca5f57efdb0cfb8d3c93216ec485d20df
assets,kubejs,textures,kubejs/assets/kubejs/textures/item/incomplete_industrial_engineering_core.png,.png,26378,6645070653a4eca577a55bbf6d0adef939b3b7832112b6ffd52987c713134060
assets,kubejs,textures,kubejs/assets/kubejs/textures/item/industrial_engineering_core.png,.png,417,c6358b62db1573ee7a1dd67ad83f932e58c33cc55b7a68a9c655b9f6962c4747
assets,kubejs,textures,kubejs/assets/kubejs/textures/item/industrial_foundation_core.png,.png,23100,d43fb66287b57cd2e14d3503493dc024013d141ae98e9b78bec8463992504847
assets,kubejs,textures,kubejs/assets/kubejs/textures/item/infinite_domain_core.png,.png,25617,84f9c6832ba4b6588f2696e470bb578e99f8b4c9f7ab8bfeea0e25d0acdb90af
assets,kubejs,textures,kubejs/assets/kubejs/textures/item/latte_mug.png,.png,542,5f6915c6a38462e8ddcad389adba7e206566dd8e7c02583fbe4303eced7197ba
assets,kubejs,textures,kubejs/assets/kubejs/textures/item/light_roast_coffee_beans.png,.png,527,77150a49cab8c5157a89387b74e929796d117301eed751e9d06c60c9854c14b1
assets,kubejs,textures,kubejs/assets/kubejs/textures/item/mason_contribution.png,.png,27333,78a5dc67fb86314f2d55ec815c2538bfad0034219dad6fa62eee56f1010694a4
assets,kubejs,textures,kubejs/assets/kubejs/textures/item/mechanical_foundation_core.png,.png,23694,dfcd0071d1b0658af1352300d86e892a9cf9fcd36d351e7177999b2c86ac4eda
assets,kubejs,textures,kubejs/assets/kubejs/textures/item/medium_roast_coffee_beans.png,.png,523,d4136475b62ec71258972c4561296e2407d99436bf027076efc05d7c559e2881
assets,kubejs,textures,kubejs/assets/kubejs/textures/item/oolong_tea_cup.png,.png,536,ed8857690a4e87e82eddf986078523b4b8c55e626a63d0cdb20089697c438227
assets,kubejs,textures,kubejs/assets/kubejs/textures/item/oolong_tea_leaves.png,.png,747,8408ae9979928089af0e29caf210c5ee67a898b63f6de552e074f8687c9c436c
assets,kubejs,textures,kubejs/assets/kubejs/textures/item/orange_fruit_pulp.png,.png,23458,251dc335438d76e2675fc1481a9659075e7d13c3ac62dfabf38ffbd10b1831dc
assets,kubejs,textures,kubejs/assets/kubejs/textures/item/orange_juice_concentrate.png,.png,20769,395f38bb88b9602f17acbf9732d5d1368d44607263c83f7679e3a8ebd9b2c57d
assets,kubejs,textures,kubejs/assets/kubejs/textures/item/orange_soda_can.png,.png,14370,db71d0d8ba3efe0293e3d20faa46fadf788e3a2a38fd7b65893a4920eb34d006
assets,kubejs,textures,kubejs/assets/kubejs/textures/item/orange_soda_case.png,.png,18653,d269bbaef6ec1c87e14d67a9ed29ded47b9d05a0d64193a7c6e73ab6815a19e5
assets,kubejs,textures,kubejs/assets/kubejs/textures/item/orange_soda_six_pack.png,.png,17430,d4de796cfcb419a8f09be531681c2f028500dafcb49e4be38c6a678d20cdc08a
assets,kubejs,textures,kubejs/assets/kubejs/textures/item/orbital_foundation_core.png,.png,22751,7eedf520784d4328f5215691118ea0a8211eb88765a67361d45ec80672299abb
assets,kubejs,textures,kubejs/assets/kubejs/textures/item/prepared_meal.png,.png,17760,3a441e4edb9df7100768b6753a5bc08c2b1a571cc8b2897c30ae0d6c760ab125
assets,kubejs,textures,kubejs/assets/kubejs/textures/item/prepared_seasoning.png,.png,25944,4928098afaa978545c36b0d6ef546110598880feafb1a2c4ff7bbd407f5258e7
assets,kubejs,textures,kubejs/assets/kubejs/textures/item/pulped_coffee_cherries.png,.png,620,4fa230c9f2256b2290e44fda119c5d901b3630013a9a690fecdd99432ff9857f
assets,kubejs,textures,kubejs/assets/kubejs/textures/item/ration_case.png,.png,17338,0efc5b0934ec986d326c0f3220a9beb8717488cbd202e6e6410776ba60b08560
assets,kubejs,textures,kubejs/assets/kubejs/textures/item/ration_crate.png,.png,22251,b3b80283ed53f0b73f1c01c04c3dc13e9b77a94ebe974fd1c91a914150ce266e
assets,kubejs,textures,kubejs/assets/kubejs/textures/item/ration_entree.png,.png,23144,f9b94b23497f6b0f91d8ad83240a5cdeb6efaab9c9f51b5c4022cda418b6a9f2
assets,kubejs,textures,kubejs/assets/kubejs/textures/item/ration_pallet.png,.png,26677,0db986fda006dcf0deec7409811d0e2de3866dc33fbc57e96d4e8e6fc46112b8
assets,kubejs,textures,kubejs/assets/kubejs/textures/item/root_authority_key.png,.png,965,58081bca153b547c0014fcbf50cc5773a4487d537c87ea73078d0c03e00ab268
assets,kubejs,textures,kubejs/assets/kubejs/textures/item/scavenger_contribution.png,.png,27070,a3d4eb38b1bd847ce44159537ac1008c467c826933058443faaaab14c4af8c8a
assets,kubejs,textures,kubejs/assets/kubejs/textures/item/scraped_access_token.png,.png,1336,8f402d8a543499c0a6a90b761841ec8a35b929027929a610fee12942c4a0fb0c
assets,kubejs,textures,kubejs/assets/kubejs/textures/item/seed_meal.png,.png,17448,457c297f8d7318be49113424a48540eafcdd0ac4773c15422918499adc9cf1ef
assets,kubejs,textures,kubejs/assets/kubejs/textures/item/space_industry/ablative_panel.png,.png,191,9975439b00c11675be5fb3618c338ee4535cf57fec49c342a22db6d3bd6699f9
assets,kubejs,textures,kubejs/assets/kubejs/textures/item/space_industry/aerospace_aluminum_sheet.png,.png,197,677b583509ab5167b46ad6d360167e92ba5b4ae91f0eddb7c42dd14b92082753
assets,kubejs,textures,kubejs/assets/kubejs/textures/item/space_industry/aerospace_composite.png,.png,206,e54a2b8bad2796b4afde78fdf2c66cee136ad9c02083579a5a57bb9b0e892c96
assets,kubejs,textures,kubejs/assets/kubejs/textures/item/space_industry/aerospace_pressure_vessel.png,.png,153,7e898b4c95fd340732d3a001e39eb42e7494122765212fbffa2a6e58a9aae34d
assets,kubejs,textures,kubejs/assets/kubejs/textures/item/space_industry/aerospace_pump.png,.png,153,7e898b4c95fd340732d3a001e39eb42e7494122765212fbffa2a6e58a9aae34d
assets,kubejs,textures,kubejs/assets/kubejs/textures/item/space_industry/avionics_bay.png,.png,145,6cc196e773f72d1460a9cb770dbb12de7d400a34530adaa96c510df6e082aeff
assets,kubejs,textures,kubejs/assets/kubejs/textures/item/space_industry/avionics_controller.png,.png,145,6cc196e773f72d1460a9cb770dbb12de7d400a34530adaa96c510df6e082aeff
assets,kubejs,textures,kubejs/assets/kubejs/textures/item/space_industry/avionics_crate.png,.png,182,a6b5cad3719e170102da373052642755e068cd6cc95b640bca79c14766a19759
assets,kubejs,textures,kubejs/assets/kubejs/textures/item/space_industry/brine_salts.png,.png,197,51bce931c0e513ddf0c8d6d84a446fb1e5a58d41f458768b4ccf1517a160a91d
assets,kubejs,textures,kubejs/assets/kubejs/textures/item/space_industry/burrower_carapace.png,.png,192,aa24a2b78f195926e7424a625e119c1c54582e008c274dfd6b3e3fdca325f0ee
assets,kubejs,textures,kubejs/assets/kubejs/textures/item/space_industry/carbon_scrubber.png,.png,160,e929fe7b181bb84f48a2f8ed292265c40e2c28bbada3c267d767bd4ba9242e30
assets,kubejs,textures,kubejs/assets/kubejs/textures/item/space_industry/ceramic_fiber.png,.png,206,e54a2b8bad2796b4afde78fdf2c66cee136ad9c02083579a5a57bb9b0e892c96
assets,kubejs,textures,kubejs/assets/kubejs/textures/item/space_industry/closed_loop_life_support.png,.png,160,e929fe7b181bb84f48a2f8ed292265c40e2c28bbada3c267d767bd4ba9242e30
assets,kubejs,textures,kubejs/assets/kubejs/textures/item/space_industry/combustion_chamber.png,.png,166,54e30417319e60a015b88c287e5e8fca91d4a3dd6c8943d2053030b02dc45847
assets,kubejs,textures,kubejs/assets/kubejs/textures/item/space_industry/crushed_hematite.png,.png,184,2ce85f78c50ae0ae16e3fad142af20088eee0fabb3dc2d8fa4313aadd27e65dc
assets,kubejs,textures,kubejs/assets/kubejs/textures/item/space_industry/crushed_ilmenite.png,.png,197,51bce931c0e513ddf0c8d6d84a446fb1e5a58d41f458768b4ccf1517a160a91d
assets,kubejs,textures,kubejs/assets/kubejs/textures/item/space_industry/cryogenic_valve.png,.png,153,7e898b4c95fd340732d3a001e39eb42e7494122765212fbffa2a6e58a9aae34d
assets,kubejs,textures,kubejs/assets/kubejs/textures/item/space_industry/desh_titanium_laminate.png,.png,184,833030aa4c7d0da0d6fbc59a1c150c5e6ca4ec0bb16f49d47e5626ee03b9a812
assets,kubejs,textures,kubejs/assets/kubejs/textures/item/space_industry/earth_launch_package.png,.png,159,7e810a68b19a02b88dd6f7f2b345c59bf14f9c807634076f2be695685d29f4a1
assets,kubejs,textures,kubejs/assets/kubejs/textures/item/space_industry/electrolysis_membrane.png,.png,170,62d0c2e2fce91f5d6e28a0b4a97f5efada1a8ff7203b2441a764956b359e090e
assets,kubejs,textures,kubejs/assets/kubejs/textures/item/space_industry/emergency_return_package.png,.png,145,e4778e25402f76d9ea59c05443d8f2a1e9c5758cb95a020b6cc99a66438f8c58
assets,kubejs,textures,kubejs/assets/kubejs/textures/item/space_industry/empty_gas_cylinder.png,.png,166,a71c78ddaa5d5f55cbb1c8c7d33874f2d4a1c5f74033e82ea22bba86ed7b1f99
assets,kubejs,textures,kubejs/assets/kubejs/textures/item/space_industry/engine_nozzle.png,.png,166,54e30417319e60a015b88c287e5e8fca91d4a3dd6c8943d2053030b02dc45847
assets,kubejs,textures,kubejs/assets/kubejs/textures/item/space_industry/extreme_environment_composite.png,.png,191,9975439b00c11675be5fb3618c338ee4535cf57fec49c342a22db6d3bd6699f9
assets,kubejs,textures,kubejs/assets/kubejs/textures/item/space_industry/flight_control_computer.png,.png,145,6cc196e773f72d1460a9cb770dbb12de7d400a34530adaa96c510df6e082aeff
assets,kubejs,textures,kubejs/assets/kubejs/textures/item/space_industry/fuselage_section.png,.png,184,833030aa4c7d0da0d6fbc59a1c150c5e6ca4ec0bb16f49d47e5626ee03b9a812
assets,kubejs,textures,kubejs/assets/kubejs/textures/item/space_industry/gimbal_actuator.png,.png,179,8fbf9ba2dee380f4b504e1dccf7711a872d74f93bb5bc0213ff53ed6fa000dcd
assets,kubejs,textures,kubejs/assets/kubejs/textures/item/space_industry/guidance_computer.png,.png,145,6cc196e773f72d1460a9cb770dbb12de7d400a34530adaa96c510df6e082aeff
assets,kubejs,textures,kubejs/assets/kubejs/textures/item/space_industry/helium3_adsorbate.png,.png,184,2ce85f78c50ae0ae16e3fad142af20088eee0fabb3dc2d8fa4313aadd27e65dc
assets,kubejs,textures,kubejs/assets/kubejs/textures/item/space_industry/high_pressure_valve.png,.png,166,a71c78ddaa5d5f55cbb1c8c7d33874f2d4a1c5f74033e82ea22bba86ed7b1f99
assets,kubejs,textures,kubejs/assets/kubejs/textures/item/space_industry/humidity_reclaimer.png,.png,160,e929fe7b181bb84f48a2f8ed292265c40e2c28bbada3c267d767bd4ba9242e30
assets,kubejs,textures,kubejs/assets/kubejs/textures/item/space_industry/hydrogen_cylinder.png,.png,153,7e898b4c95fd340732d3a001e39eb42e7494122765212fbffa2a6e58a9aae34d
assets,kubejs,textures,kubejs/assets/kubejs/textures/item/space_industry/hydrogen_engine_assembly.png,.png,166,54e30417319e60a015b88c287e5e8fca91d4a3dd6c8943d2053030b02dc45847
assets,kubejs,textures,kubejs/assets/kubejs/textures/item/space_industry/ignition_controller.png,.png,166,54e30417319e60a015b88c287e5e8fca91d4a3dd6c8943d2053030b02dc45847
assets,kubejs,textures,kubejs/assets/kubejs/textures/item/space_industry/incomplete_avionics_controller.png,.png,159,9871ff4da085690a13c986434805f55f940ddc4527b8b925644d2c4d027e8d64
assets,kubejs,textures,kubejs/assets/kubejs/textures/item/space_industry/incomplete_fuselage_section.png,.png,197,677b583509ab5167b46ad6d360167e92ba5b4ae91f0eddb7c42dd14b92082753
assets,kubejs,textures,kubejs/assets/kubejs/textures/item/space_industry/incomplete_life_support_assembly.png,.png,160,e929fe7b181bb84f48a2f8ed292265c40e2c28bbada3c267d767bd4ba9242e30
assets,kubejs,textures,kubejs/assets/kubejs/textures/item/space_industry/incomplete_turbopump.png,.png,166,54e30417319e60a015b88c287e5e8fca91d4a3dd6c8943d2053030b02dc45847
assets,kubejs,textures,kubejs/assets/kubejs/textures/item/space_industry/injector_plate.png,.png,179,8fbf9ba2dee380f4b504e1dccf7711a872d74f93bb5bc0213ff53ed6fa000dcd
assets,kubejs,textures,kubejs/assets/kubejs/textures/item/space_industry/landing_gear_assembly.png,.png,184,833030aa4c7d0da0d6fbc59a1c150c5e6ca4ec0bb16f49d47e5626ee03b9a812
assets,kubejs,textures,kubejs/assets/kubejs/textures/item/space_industry/life_support_controller.png,.png,170,62d0c2e2fce91f5d6e28a0b4a97f5efada1a8ff7203b2441a764956b359e090e
assets,kubejs,textures,kubejs/assets/kubejs/textures/item/space_industry/life_support_crate.png,.png,182,a6b5cad3719e170102da373052642755e068cd6cc95b640bca79c14766a19759
assets,kubejs,textures,kubejs/assets/kubejs/textures/item/space_industry/life_support_module.png,.png,160,e929fe7b181bb84f48a2f8ed292265c40e2c28bbada3c267d767bd4ba9242e30
assets,kubejs,textures,kubejs/assets/kubejs/textures/item/space_industry/lunar_cargo_package.png,.png,145,e4778e25402f76d9ea59c05443d8f2a1e9c5758cb95a020b6cc99a66438f8c58
assets,kubejs,textures,kubejs/assets/kubejs/textures/item/space_industry/lunar_ceramic.png,.png,197,51bce931c0e513ddf0c8d6d84a446fb1e5a58d41f458768b4ccf1517a160a91d
assets,kubejs,textures,kubejs/assets/kubejs/textures/item/space_industry/lunar_material_pallet.png,.png,182,a6b5cad3719e170102da373052642755e068cd6cc95b640bca79c14766a19759
assets,kubejs,textures,kubejs/assets/kubejs/textures/item/space_industry/lunar_oxygen_feed.png,.png,184,2ce85f78c50ae0ae16e3fad142af20088eee0fabb3dc2d8fa4313aadd27e65dc
assets,kubejs,textures,kubejs/assets/kubejs/textures/item/space_industry/mars_transfer_package.png,.png,145,e4778e25402f76d9ea59c05443d8f2a1e9c5758cb95a020b6cc99a66438f8c58
assets,kubejs,textures,kubejs/assets/kubejs/textures/item/space_industry/martian_catalyst.png,.png,184,2ce85f78c50ae0ae16e3fad142af20088eee0fabb3dc2d8fa4313aadd27e65dc
assets,kubejs,textures,kubejs/assets/kubejs/textures/item/space_industry/martian_chemical_pallet.png,.png,197,da32329e449f85dcc494a62c480abacc8f1461d7fbb1142a3796bf2ca93078f5
assets,kubejs,textures,kubejs/assets/kubejs/textures/item/space_industry/martian_geopolymer.png,.png,184,2ce85f78c50ae0ae16e3fad142af20088eee0fabb3dc2d8fa4313aadd27e65dc
assets,kubejs,textures,kubejs/assets/kubejs/textures/item/space_industry/martian_signal_prism.png,.png,192,aa24a2b78f195926e7424a625e119c1c54582e008c274dfd6b3e3fdca325f0ee
assets,kubejs,textures,kubejs/assets/kubejs/textures/item/space_industry/meridian_core.png,.png,206,918b4f9554525356925f40d7075559e7d64b57d6bc381cee03752e245a5c953a
assets,kubejs,textures,kubejs/assets/kubejs/textures/item/space_industry/methalox_engine_assembly.png,.png,166,54e30417319e60a015b88c287e5e8fca91d4a3dd6c8943d2053030b02dc45847
assets,kubejs,textures,kubejs/assets/kubejs/textures/item/space_industry/methane_cylinder.png,.png,153,7e898b4c95fd340732d3a001e39eb42e7494122765212fbffa2a6e58a9aae34d
assets,kubejs,textures,kubejs/assets/kubejs/textures/item/space_industry/navigation_unit.png,.png,145,6cc196e773f72d1460a9cb770dbb12de7d400a34530adaa96c510df6e082aeff
assets,kubejs,textures,kubejs/assets/kubejs/textures/item/space_industry/nickel_cobalt_concentrate.png,.png,184,2ce85f78c50ae0ae16e3fad142af20088eee0fabb3dc2d8fa4313aadd27e65dc
assets,kubejs,textures,kubejs/assets/kubejs/textures/item/space_industry/oxygen_cylinder.png,.png,153,7e898b4c95fd340732d3a001e39eb42e7494122765212fbffa2a6e58a9aae34d
assets,kubejs,textures,kubejs/assets/kubejs/textures/item/space_industry/oxygen_manifold.png,.png,153,7e898b4c95fd340732d3a001e39eb42e7494122765212fbffa2a6e58a9aae34d
assets,kubejs,textures,kubejs/assets/kubejs/textures/item/space_industry/oxygen_regulator.png,.png,160,e929fe7b181bb84f48a2f8ed292265c40e2c28bbada3c267d767bd4ba9242e30
assets,kubejs,textures,kubejs/assets/kubejs/textures/item/space_industry/payload_adapter.png,.png,184,833030aa4c7d0da0d6fbc59a1c150c5e6ca4ec0bb16f49d47e5626ee03b9a812
assets,kubejs,textures,kubejs/assets/kubejs/textures/item/space_industry/perchlorate_salts.png,.png,184,2ce85f78c50ae0ae16e3fad142af20088eee0fabb3dc2d8fa4313aadd27e65dc
assets,kubejs,textures,kubejs/assets/kubejs/textures/item/space_industry/petroleum_engine_assembly.png,.png,166,54e30417319e60a015b88c287e5e8fca91d4a3dd6c8943d2053030b02dc45847
assets,kubejs,textures,kubejs/assets/kubejs/textures/item/space_industry/power_distribution_unit.png,.png,145,6cc196e773f72d1460a9cb770dbb12de7d400a34530adaa96c510df6e082aeff
assets,kubejs,textures,kubejs/assets/kubejs/textures/item/space_industry/precision_valve.png,.png,153,7e898b4c95fd340732d3a001e39eb42e7494122765212fbffa2a6e58a9aae34d
assets,kubejs,textures,kubejs/assets/kubejs/textures/item/space_industry/pressure_bulkhead.png,.png,184,833030aa4c7d0da0d6fbc59a1c150c5e6ca4ec0bb16f49d47e5626ee03b9a812
assets,kubejs,textures,kubejs/assets/kubejs/textures/item/space_industry/pressure_vessel.png,.png,166,a71c78ddaa5d5f55cbb1c8c7d33874f2d4a1c5f74033e82ea22bba86ed7b1f99
assets,kubejs,textures,kubejs/assets/kubejs/textures/item/space_industry/propellant_equipment_crate.png,.png,182,a6b5cad3719e170102da373052642755e068cd6cc95b640bca79c14766a19759
assets,kubejs,textures,kubejs/assets/kubejs/textures/item/space_industry/propellant_manifold.png,.png,153,7e898b4c95fd340732d3a001e39eb42e7494122765212fbffa2a6e58a9aae34d
assets,kubejs,textures,kubejs/assets/kubejs/textures/item/space_industry/propellant_tank_section.png,.png,179,8fbf9ba2dee380f4b504e1dccf7711a872d74f93bb5bc0213ff53ed6fa000dcd
assets,kubejs,textures,kubejs/assets/kubejs/textures/item/space_industry/radiation_hardened_controller.png,.png,145,6cc196e773f72d1460a9cb770dbb12de7d400a34530adaa96c510df6e082aeff
assets,kubejs,textures,kubejs/assets/kubejs/textures/item/space_industry/radiation_laminate.png,.png,191,9975439b00c11675be5fb3618c338ee4535cf57fec49c342a22db6d3bd6699f9
assets,kubejs,textures,kubejs/assets/kubejs/textures/item/space_industry/rare_earth_concentrate.png,.png,184,2ce85f78c50ae0ae16e3fad142af20088eee0fabb3dc2d8fa4313aadd27e65dc
assets,kubejs,textures,kubejs/assets/kubejs/textures/item/space_industry/refractory_concentrate.png,.png,184,2ce85f78c50ae0ae16e3fad142af20088eee0fabb3dc2d8fa4313aadd27e65dc
assets,kubejs,textures,kubejs/assets/kubejs/textures/item/space_industry/reinforced_frame.png,.png,184,833030aa4c7d0da0d6fbc59a1c150c5e6ca4ec0bb16f49d47e5626ee03b9a812
assets,kubejs,textures,kubejs/assets/kubejs/textures/item/space_industry/reinforced_pressure_vessel.png,.png,153,7e898b4c95fd340732d3a001e39eb42e7494122765212fbffa2a6e58a9aae34d
assets,kubejs,textures,kubejs/assets/kubejs/textures/item/space_industry/sensor_package.png,.png,159,9871ff4da085690a13c986434805f55f940ddc4527b8b925644d2c4d027e8d64
assets,kubejs,textures,kubejs/assets/kubejs/textures/item/space_industry/service_module.png,.png,166,54e30417319e60a015b88c287e5e8fca91d4a3dd6c8943d2053030b02dc45847
assets,kubejs,textures,kubejs/assets/kubejs/textures/item/space_industry/spent_scrubber.png,.png,160,e929fe7b181bb84f48a2f8ed292265c40e2c28bbada3c267d767bd4ba9242e30
assets,kubejs,textures,kubejs/assets/kubejs/textures/item/space_industry/structural_composite.png,.png,191,9975439b00c11675be5fb3618c338ee4535cf57fec49c342a22db6d3bd6699f9
assets,kubejs,textures,kubejs/assets/kubejs/textures/item/space_industry/structural_parts_crate.png,.png,197,da32329e449f85dcc494a62c480abacc8f1461d7fbb1142a3796bf2ca93078f5
assets,kubejs,textures,kubejs/assets/kubejs/textures/item/space_industry/structural_truss.png,.png,184,833030aa4c7d0da0d6fbc59a1c150c5e6ca4ec0bb16f49d47e5626ee03b9a812
assets,kubejs,textures,kubejs/assets/kubejs/textures/item/space_industry/sulfate_salts.png,.png,184,2ce85f78c50ae0ae16e3fad142af20088eee0fabb3dc2d8fa4313aadd27e65dc
assets,kubejs,textures,kubejs/assets/kubejs/textures/item/space_industry/sulfur_concentrate.png,.png,184,2ce85f78c50ae0ae16e3fad142af20088eee0fabb3dc2d8fa4313aadd27e65dc
assets,kubejs,textures,kubejs/assets/kubejs/textures/item/space_industry/telemetry_array.png,.png,145,6cc196e773f72d1460a9cb770dbb12de7d400a34530adaa96c510df6e082aeff
assets,kubejs,textures,kubejs/assets/kubejs/textures/item/space_industry/thermal_protection_package.png,.png,191,9975439b00c11675be5fb3618c338ee4535cf57fec49c342a22db6d3bd6699f9
assets,kubejs,textures,kubejs/assets/kubejs/textures/item/space_industry/thermal_shield_tile.png,.png,191,9975439b00c11675be5fb3618c338ee4535cf57fec49c342a22db6d3bd6699f9
assets,kubejs,textures,kubejs/assets/kubejs/textures/item/space_industry/titanium_concentrate.png,.png,184,2ce85f78c50ae0ae16e3fad142af20088eee0fabb3dc2d8fa4313aadd27e65dc
assets,kubejs,textures,kubejs/assets/kubejs/textures/item/space_industry/tungsten_concentrate.png,.png,197,51bce931c0e513ddf0c8d6d84a446fb1e5a58d41f458768b4ccf1517a160a91d
assets,kubejs,textures,kubejs/assets/kubejs/textures/item/space_industry/turbopump.png,.png,166,54e30417319e60a015b88c287e5e8fca91d4a3dd6c8943d2053030b02dc45847
assets,kubejs,textures,kubejs/assets/kubejs/textures/item/space_industry/vanadium_concentrate.png,.png,184,2ce85f78c50ae0ae16e3fad142af20088eee0fabb3dc2d8fa4313aadd27e65dc
assets,kubejs,textures,kubejs/assets/kubejs/textures/item/space_industry/venus_atmospheric_sorbent.png,.png,184,2ce85f78c50ae0ae16e3fad142af20088eee0fabb3dc2d8fa4313aadd27e65dc
assets,kubejs,textures,kubejs/assets/kubejs/textures/item/space_industry/venus_material_pallet.png,.png,182,a6b5cad3719e170102da373052642755e068cd6cc95b640bca79c14766a19759
assets,kubejs,textures,kubejs/assets/kubejs/textures/item/space_industry/venus_pressure_vessel.png,.png,153,7e898b4c95fd340732d3a001e39eb42e7494122765212fbffa2a6e58a9aae34d
assets,kubejs,textures,kubejs/assets/kubejs/textures/item/space_industry/venus_return_package.png,.png,145,e4778e25402f76d9ea59c05443d8f2a1e9c5758cb95a020b6cc99a66438f8c58
assets,kubejs,textures,kubejs/assets/kubejs/textures/item/space_industry/venus_superalloy.png,.png,184,2ce85f78c50ae0ae16e3fad142af20088eee0fabb3dc2d8fa4313aadd27e65dc
assets,kubejs,textures,kubejs/assets/kubejs/textures/item/space_industry/venusian_pressure_seal.png,.png,192,aa24a2b78f195926e7424a625e119c1c54582e008c274dfd6b3e3fdca325f0ee
assets,kubejs,textures,kubejs/assets/kubejs/textures/item/stimulant_extract.png,.png,15605,8ac74f2945a128e1dbd1f39036c64e883810811067a0e9e4a3ed0d6dfb033605
assets,kubejs,textures,kubejs/assets/kubejs/textures/item/tea_case.png,.png,713,a7e6fafbf5da52380da48e03d673edf4b3044d3abe2ef197b4e9b6b0fcc8fcc9
assets,kubejs,textures,kubejs/assets/kubejs/textures/item/tea_crate.png,.png,727,458442ffd0a306580fcfc7c159c32c2ddfd845a93ffeacf819797eb76d90cbee
assets,kubejs,textures,kubejs/assets/kubejs/textures/item/tea_pallet.png,.png,761,d58af869e69a07e77664a7a9b3a536f683cb12bf43abd34080d220e8acc1e77e
assets,kubejs,textures,kubejs/assets/kubejs/textures/item/tea_six_pack.png,.png,645,6f7fd86499e875b26826eb3150b51c3995e41fffe29a4b96997cac66942b5c44
assets,kubejs,textures,kubejs/assets/kubejs/textures/item/ultima_collection_emblem.png,.png,26265,fcb5895872ffd20daaaa4847e3630bd14ee55e67c262be650f09c5ee8cb94af2
assets,kubejs,textures,kubejs/assets/kubejs/textures/item/zero_day_archive.png,.png,1800,f20959a36483a65ab63602ba34cb4cb08a3a85a9349560ea5a6cd894bd44ce98
assets,kubejs,textures,kubejs/assets/kubejs/textures/readme-darknet-license.md,.md,774,a304932b03c0198004837237a3c6f5dd9d654aff602393cc3f200f78893e67e7
