"material","compression_tier","ordinary_material_equivalent","ingredient_id","compressed_id","recipe_id"
"acacia_log","1","9","minecraft:acacia_log","allthecompressed:acacia_log_1x","allthecompressed:compress/acacia_log_1x"
"acacia_log","2","81","allthecompressed:acacia_log_1x","allthecompressed:acacia_log_2x","allthecompressed:compress/acacia_log_2x"
"acacia_log","3","729","allthecompressed:acacia_log_2x","allthecompressed:acacia_log_3x","allthecompressed:compress/acacia_log_3x"
"acacia_log","4","6561","allthecompressed:acacia_log_3x","allthecompressed:acacia_log_4x","allthecompressed:compress/acacia_log_4x"
"acacia_log","5","59049","allthecompressed:acacia_log_4x","allthecompressed:acacia_log_5x","allthecompressed:compress/acacia_log_5x"
"acacia_log","6","531441","allthecompressed:acacia_log_5x","allthecompressed:acacia_log_6x","allthecompressed:compress/acacia_log_6x"
"acacia_log","7","4782969","allthecompressed:acacia_log_6x","allthecompressed:acacia_log_7x","allthecompressed:compress/acacia_log_7x"
"acacia_log","8","43046721","allthecompressed:acacia_log_7x","allthecompressed:acacia_log_8x","allthecompressed:compress/acacia_log_8x"
"acacia_log","9","387420489","allthecompressed:acacia_log_8x","allthecompressed:acacia_log_9x","allthecompressed:compress/acacia_log_9x"
"acacia_planks","1","9","minecraft:acacia_planks","allthecompressed:acacia_planks_1x","allthecompressed:compress/acacia_planks_1x"
"acacia_planks","2","81","allthecompressed:acacia_planks_1x","allthecompressed:acacia_planks_2x","allthecompressed:compress/acacia_planks_2x"
"acacia_planks","3","729","allthecompressed:acacia_planks_2x","allthecompressed:acacia_planks_3x","allthecompressed:compress/acacia_planks_3x"
"acacia_planks","4","6561","allthecompressed:acacia_planks_3x","allthecompressed:acacia_planks_4x","allthecompressed:compress/acacia_planks_4x"
"acacia_planks","5","59049","allthecompressed:acacia_planks_4x","allthecompressed:acacia_planks_5x","allthecompressed:compress/acacia_planks_5x"
"acacia_planks","6","531441","allthecompressed:acacia_planks_5x","allthecompressed:acacia_planks_6x","allthecompressed:compress/acacia_planks_6x"
"acacia_planks","7","4782969","allthecompressed:acacia_planks_6x","allthecompressed:acacia_planks_7x","allthecompressed:compress/acacia_planks_7x"
"acacia_planks","8","43046721","allthecompressed:acacia_planks_7x","allthecompressed:acacia_planks_8x","allthecompressed:compress/acacia_planks_8x"
"acacia_planks","9","387420489","allthecompressed:acacia_planks_8x","allthecompressed:acacia_planks_9x","allthecompressed:compress/acacia_planks_9x"
"allthemodium_block","1","9","allthemodium:allthemodium_block","allthecompressed:allthemodium_block_1x","allthecompressed:compress/allthemodium_block_1x"
"allthemodium_block","2","81","allthecompressed:allthemodium_block_1x","allthecompressed:allthemodium_block_2x","allthecompressed:compress/allthemodium_block_2x"
"allthemodium_block","3","729","allthecompressed:allthemodium_block_2x","allthecompressed:allthemodium_block_3x","allthecompressed:compress/allthemodium_block_3x"
"allthemodium_block","4","6561","allthecompressed:allthemodium_block_3x","allthecompressed:allthemodium_block_4x","allthecompressed:compress/allthemodium_block_4x"
"allthemodium_block","5","59049","allthecompressed:allthemodium_block_4x","allthecompressed:allthemodium_block_5x","allthecompressed:compress/allthemodium_block_5x"
"allthemodium_block","6","531441","allthecompressed:allthemodium_block_5x","allthecompressed:allthemodium_block_6x","allthecompressed:compress/allthemodium_block_6x"
"allthemodium_block","7","4782969","allthecompressed:allthemodium_block_6x","allthecompressed:allthemodium_block_7x","allthecompressed:compress/allthemodium_block_7x"
"allthemodium_block","8","43046721","allthecompressed:allthemodium_block_7x","allthecompressed:allthemodium_block_8x","allthecompressed:compress/allthemodium_block_8x"
"allthemodium_block","9","387420489","allthecompressed:allthemodium_block_8x","allthecompressed:allthemodium_block_9x","allthecompressed:compress/allthemodium_block_9x"
"aluminum_block","1","9","alltheores:aluminum_block","allthecompressed:aluminum_block_1x","allthecompressed:compress/aluminum_block_1x"
"aluminum_block","2","81","allthecompressed:aluminum_block_1x","allthecompressed:aluminum_block_2x","allthecompressed:compress/aluminum_block_2x"
"aluminum_block","3","729","allthecompressed:aluminum_block_2x","allthecompressed:aluminum_block_3x","allthecompressed:compress/aluminum_block_3x"
"aluminum_block","4","6561","allthecompressed:aluminum_block_3x","allthecompressed:aluminum_block_4x","allthecompressed:compress/aluminum_block_4x"
"aluminum_block","5","59049","allthecompressed:aluminum_block_4x","allthecompressed:aluminum_block_5x","allthecompressed:compress/aluminum_block_5x"
"aluminum_block","6","531441","allthecompressed:aluminum_block_5x","allthecompressed:aluminum_block_6x","allthecompressed:compress/aluminum_block_6x"
"aluminum_block","7","4782969","allthecompressed:aluminum_block_6x","allthecompressed:aluminum_block_7x","allthecompressed:compress/aluminum_block_7x"
"aluminum_block","8","43046721","allthecompressed:aluminum_block_7x","allthecompressed:aluminum_block_8x","allthecompressed:compress/aluminum_block_8x"
"aluminum_block","9","387420489","allthecompressed:aluminum_block_8x","allthecompressed:aluminum_block_9x","allthecompressed:compress/aluminum_block_9x"
"amethyst_block","1","9","minecraft:amethyst_block","allthecompressed:amethyst_block_1x","allthecompressed:compress/amethyst_block_1x"
"amethyst_block","2","81","allthecompressed:amethyst_block_1x","allthecompressed:amethyst_block_2x","allthecompressed:compress/amethyst_block_2x"
"amethyst_block","3","729","allthecompressed:amethyst_block_2x","allthecompressed:amethyst_block_3x","allthecompressed:compress/amethyst_block_3x"
"amethyst_block","4","6561","allthecompressed:amethyst_block_3x","allthecompressed:amethyst_block_4x","allthecompressed:compress/amethyst_block_4x"
"amethyst_block","5","59049","allthecompressed:amethyst_block_4x","allthecompressed:amethyst_block_5x","allthecompressed:compress/amethyst_block_5x"
"amethyst_block","6","531441","allthecompressed:amethyst_block_5x","allthecompressed:amethyst_block_6x","allthecompressed:compress/amethyst_block_6x"
"amethyst_block","7","4782969","allthecompressed:amethyst_block_6x","allthecompressed:amethyst_block_7x","allthecompressed:compress/amethyst_block_7x"
"amethyst_block","8","43046721","allthecompressed:amethyst_block_7x","allthecompressed:amethyst_block_8x","allthecompressed:compress/amethyst_block_8x"
"amethyst_block","9","387420489","allthecompressed:amethyst_block_8x","allthecompressed:amethyst_block_9x","allthecompressed:compress/amethyst_block_9x"
"ancient_log_0","1","9","allthemodium:ancient_log_0","allthecompressed:ancient_log_0_1x","allthecompressed:compress/ancient_log_0_1x"
"ancient_log_0","2","81","allthecompressed:ancient_log_0_1x","allthecompressed:ancient_log_0_2x","allthecompressed:compress/ancient_log_0_2x"
"ancient_log_0","3","729","allthecompressed:ancient_log_0_2x","allthecompressed:ancient_log_0_3x","allthecompressed:compress/ancient_log_0_3x"
"ancient_log_0","4","6561","allthecompressed:ancient_log_0_3x","allthecompressed:ancient_log_0_4x","allthecompressed:compress/ancient_log_0_4x"
"ancient_log_0","5","59049","allthecompressed:ancient_log_0_4x","allthecompressed:ancient_log_0_5x","allthecompressed:compress/ancient_log_0_5x"
"ancient_log_0","6","531441","allthecompressed:ancient_log_0_5x","allthecompressed:ancient_log_0_6x","allthecompressed:compress/ancient_log_0_6x"
"ancient_log_0","7","4782969","allthecompressed:ancient_log_0_6x","allthecompressed:ancient_log_0_7x","allthecompressed:compress/ancient_log_0_7x"
"ancient_log_0","8","43046721","allthecompressed:ancient_log_0_7x","allthecompressed:ancient_log_0_8x","allthecompressed:compress/ancient_log_0_8x"
"ancient_log_0","9","387420489","allthecompressed:ancient_log_0_8x","allthecompressed:ancient_log_0_9x","allthecompressed:compress/ancient_log_0_9x"
"ancient_rock","1","9","aoa3:ancient_rock","allthecompressed:ancient_rock_1x","allthecompressed:compress/ancient_rock_1x"
"ancient_rock","2","81","allthecompressed:ancient_rock_1x","allthecompressed:ancient_rock_2x","allthecompressed:compress/ancient_rock_2x"
"ancient_rock","3","729","allthecompressed:ancient_rock_2x","allthecompressed:ancient_rock_3x","allthecompressed:compress/ancient_rock_3x"
"ancient_rock","4","6561","allthecompressed:ancient_rock_3x","allthecompressed:ancient_rock_4x","allthecompressed:compress/ancient_rock_4x"
"ancient_rock","5","59049","allthecompressed:ancient_rock_4x","allthecompressed:ancient_rock_5x","allthecompressed:compress/ancient_rock_5x"
"ancient_rock","6","531441","allthecompressed:ancient_rock_5x","allthecompressed:ancient_rock_6x","allthecompressed:compress/ancient_rock_6x"
"ancient_rock","7","4782969","allthecompressed:ancient_rock_6x","allthecompressed:ancient_rock_7x","allthecompressed:compress/ancient_rock_7x"
"ancient_rock","8","43046721","allthecompressed:ancient_rock_7x","allthecompressed:ancient_rock_8x","allthecompressed:compress/ancient_rock_8x"
"ancient_rock","9","387420489","allthecompressed:ancient_rock_8x","allthecompressed:ancient_rock_9x","allthecompressed:compress/ancient_rock_9x"
"ancient_stone","1","9","allthemodium:ancient_stone","allthecompressed:ancient_stone_1x","allthecompressed:compress/ancient_stone_1x"
"ancient_stone","2","81","allthecompressed:ancient_stone_1x","allthecompressed:ancient_stone_2x","allthecompressed:compress/ancient_stone_2x"
"ancient_stone","3","729","allthecompressed:ancient_stone_2x","allthecompressed:ancient_stone_3x","allthecompressed:compress/ancient_stone_3x"
"ancient_stone","4","6561","allthecompressed:ancient_stone_3x","allthecompressed:ancient_stone_4x","allthecompressed:compress/ancient_stone_4x"
"ancient_stone","5","59049","allthecompressed:ancient_stone_4x","allthecompressed:ancient_stone_5x","allthecompressed:compress/ancient_stone_5x"
"ancient_stone","6","531441","allthecompressed:ancient_stone_5x","allthecompressed:ancient_stone_6x","allthecompressed:compress/ancient_stone_6x"
"ancient_stone","7","4782969","allthecompressed:ancient_stone_6x","allthecompressed:ancient_stone_7x","allthecompressed:compress/ancient_stone_7x"
"ancient_stone","8","43046721","allthecompressed:ancient_stone_7x","allthecompressed:ancient_stone_8x","allthecompressed:compress/ancient_stone_8x"
"ancient_stone","9","387420489","allthecompressed:ancient_stone_8x","allthecompressed:ancient_stone_9x","allthecompressed:compress/ancient_stone_9x"
"andesite","1","9","minecraft:andesite","allthecompressed:andesite_1x","allthecompressed:compress/andesite_1x"
"andesite","2","81","allthecompressed:andesite_1x","allthecompressed:andesite_2x","allthecompressed:compress/andesite_2x"
"andesite","3","729","allthecompressed:andesite_2x","allthecompressed:andesite_3x","allthecompressed:compress/andesite_3x"
"andesite","4","6561","allthecompressed:andesite_3x","allthecompressed:andesite_4x","allthecompressed:compress/andesite_4x"
"andesite","5","59049","allthecompressed:andesite_4x","allthecompressed:andesite_5x","allthecompressed:compress/andesite_5x"
"andesite","6","531441","allthecompressed:andesite_5x","allthecompressed:andesite_6x","allthecompressed:compress/andesite_6x"
"andesite","7","4782969","allthecompressed:andesite_6x","allthecompressed:andesite_7x","allthecompressed:compress/andesite_7x"
"andesite","8","43046721","allthecompressed:andesite_7x","allthecompressed:andesite_8x","allthecompressed:compress/andesite_8x"
"andesite","9","387420489","allthecompressed:andesite_8x","allthecompressed:andesite_9x","allthecompressed:compress/andesite_9x"
"antimatter_block","1","9","allthecompressed:antimatter_block","allthecompressed:antimatter_block_1x","allthecompressed:compress/antimatter_block_1x"
"antimatter_block","2","81","allthecompressed:antimatter_block_1x","allthecompressed:antimatter_block_2x","allthecompressed:compress/antimatter_block_2x"
"antimatter_block","3","729","allthecompressed:antimatter_block_2x","allthecompressed:antimatter_block_3x","allthecompressed:compress/antimatter_block_3x"
"antimatter_block","4","6561","allthecompressed:antimatter_block_3x","allthecompressed:antimatter_block_4x","allthecompressed:compress/antimatter_block_4x"
"antimatter_block","5","59049","allthecompressed:antimatter_block_4x","allthecompressed:antimatter_block_5x","allthecompressed:compress/antimatter_block_5x"
"antimatter_block","6","531441","allthecompressed:antimatter_block_5x","allthecompressed:antimatter_block_6x","allthecompressed:compress/antimatter_block_6x"
"antimatter_block","7","4782969","allthecompressed:antimatter_block_6x","allthecompressed:antimatter_block_7x","allthecompressed:compress/antimatter_block_7x"
"antimatter_block","8","43046721","allthecompressed:antimatter_block_7x","allthecompressed:antimatter_block_8x","allthecompressed:compress/antimatter_block_8x"
"antimatter_block","9","387420489","allthecompressed:antimatter_block_8x","allthecompressed:antimatter_block_9x","allthecompressed:compress/antimatter_block_9x"
"atm_star_block","1","9","allthetweaks:atm_star_block","allthecompressed:atm_star_block_1x","allthecompressed:compress/atm_star_block_1x"
"atm_star_block","2","81","allthecompressed:atm_star_block_1x","allthecompressed:atm_star_block_2x","allthecompressed:compress/atm_star_block_2x"
"atm_star_block","3","729","allthecompressed:atm_star_block_2x","allthecompressed:atm_star_block_3x","allthecompressed:compress/atm_star_block_3x"
"atm_star_block","4","6561","allthecompressed:atm_star_block_3x","allthecompressed:atm_star_block_4x","allthecompressed:compress/atm_star_block_4x"
"atm_star_block","5","59049","allthecompressed:atm_star_block_4x","allthecompressed:atm_star_block_5x","allthecompressed:compress/atm_star_block_5x"
"atm_star_block","6","531441","allthecompressed:atm_star_block_5x","allthecompressed:atm_star_block_6x","allthecompressed:compress/atm_star_block_6x"
"atm_star_block","7","4782969","allthecompressed:atm_star_block_6x","allthecompressed:atm_star_block_7x","allthecompressed:compress/atm_star_block_7x"
"atm_star_block","8","43046721","allthecompressed:atm_star_block_7x","allthecompressed:atm_star_block_8x","allthecompressed:compress/atm_star_block_8x"
"atm_star_block","9","387420489","allthecompressed:atm_star_block_8x","allthecompressed:atm_star_block_9x","allthecompressed:compress/atm_star_block_9x"
"baobab_log","1","9","aoa3:baobab_log","allthecompressed:baobab_log_1x","allthecompressed:compress/baobab_log_1x"
"baobab_log","2","81","allthecompressed:baobab_log_1x","allthecompressed:baobab_log_2x","allthecompressed:compress/baobab_log_2x"
"baobab_log","3","729","allthecompressed:baobab_log_2x","allthecompressed:baobab_log_3x","allthecompressed:compress/baobab_log_3x"
"baobab_log","4","6561","allthecompressed:baobab_log_3x","allthecompressed:baobab_log_4x","allthecompressed:compress/baobab_log_4x"
"baobab_log","5","59049","allthecompressed:baobab_log_4x","allthecompressed:baobab_log_5x","allthecompressed:compress/baobab_log_5x"
"baobab_log","6","531441","allthecompressed:baobab_log_5x","allthecompressed:baobab_log_6x","allthecompressed:compress/baobab_log_6x"
"baobab_log","7","4782969","allthecompressed:baobab_log_6x","allthecompressed:baobab_log_7x","allthecompressed:compress/baobab_log_7x"
"baobab_log","8","43046721","allthecompressed:baobab_log_7x","allthecompressed:baobab_log_8x","allthecompressed:compress/baobab_log_8x"
"baobab_log","9","387420489","allthecompressed:baobab_log_8x","allthecompressed:baobab_log_9x","allthecompressed:compress/baobab_log_9x"
"baobab_planks","1","9","aoa3:baobab_planks","allthecompressed:baobab_planks_1x","allthecompressed:compress/baobab_planks_1x"
"baobab_planks","2","81","allthecompressed:baobab_planks_1x","allthecompressed:baobab_planks_2x","allthecompressed:compress/baobab_planks_2x"
"baobab_planks","3","729","allthecompressed:baobab_planks_2x","allthecompressed:baobab_planks_3x","allthecompressed:compress/baobab_planks_3x"
"baobab_planks","4","6561","allthecompressed:baobab_planks_3x","allthecompressed:baobab_planks_4x","allthecompressed:compress/baobab_planks_4x"
"baobab_planks","5","59049","allthecompressed:baobab_planks_4x","allthecompressed:baobab_planks_5x","allthecompressed:compress/baobab_planks_5x"
"baobab_planks","6","531441","allthecompressed:baobab_planks_5x","allthecompressed:baobab_planks_6x","allthecompressed:compress/baobab_planks_6x"
"baobab_planks","7","4782969","allthecompressed:baobab_planks_6x","allthecompressed:baobab_planks_7x","allthecompressed:compress/baobab_planks_7x"
"baobab_planks","8","43046721","allthecompressed:baobab_planks_7x","allthecompressed:baobab_planks_8x","allthecompressed:compress/baobab_planks_8x"
"baobab_planks","9","387420489","allthecompressed:baobab_planks_8x","allthecompressed:baobab_planks_9x","allthecompressed:compress/baobab_planks_9x"
"basalt","1","9","minecraft:basalt","allthecompressed:basalt_1x","allthecompressed:compress/basalt_1x"
"basalt","2","81","allthecompressed:basalt_1x","allthecompressed:basalt_2x","allthecompressed:compress/basalt_2x"
"basalt","3","729","allthecompressed:basalt_2x","allthecompressed:basalt_3x","allthecompressed:compress/basalt_3x"
"basalt","4","6561","allthecompressed:basalt_3x","allthecompressed:basalt_4x","allthecompressed:compress/basalt_4x"
"basalt","5","59049","allthecompressed:basalt_4x","allthecompressed:basalt_5x","allthecompressed:compress/basalt_5x"
"basalt","6","531441","allthecompressed:basalt_5x","allthecompressed:basalt_6x","allthecompressed:compress/basalt_6x"
"basalt","7","4782969","allthecompressed:basalt_6x","allthecompressed:basalt_7x","allthecompressed:compress/basalt_7x"
"basalt","8","43046721","allthecompressed:basalt_7x","allthecompressed:basalt_8x","allthecompressed:compress/basalt_8x"
"basalt","9","387420489","allthecompressed:basalt_8x","allthecompressed:basalt_9x","allthecompressed:compress/basalt_9x"
"birch_log","1","9","minecraft:birch_log","allthecompressed:birch_log_1x","allthecompressed:compress/birch_log_1x"
"birch_log","2","81","allthecompressed:birch_log_1x","allthecompressed:birch_log_2x","allthecompressed:compress/birch_log_2x"
"birch_log","3","729","allthecompressed:birch_log_2x","allthecompressed:birch_log_3x","allthecompressed:compress/birch_log_3x"
"birch_log","4","6561","allthecompressed:birch_log_3x","allthecompressed:birch_log_4x","allthecompressed:compress/birch_log_4x"
"birch_log","5","59049","allthecompressed:birch_log_4x","allthecompressed:birch_log_5x","allthecompressed:compress/birch_log_5x"
"birch_log","6","531441","allthecompressed:birch_log_5x","allthecompressed:birch_log_6x","allthecompressed:compress/birch_log_6x"
"birch_log","7","4782969","allthecompressed:birch_log_6x","allthecompressed:birch_log_7x","allthecompressed:compress/birch_log_7x"
"birch_log","8","43046721","allthecompressed:birch_log_7x","allthecompressed:birch_log_8x","allthecompressed:compress/birch_log_8x"
"birch_log","9","387420489","allthecompressed:birch_log_8x","allthecompressed:birch_log_9x","allthecompressed:compress/birch_log_9x"
"birch_planks","1","9","minecraft:birch_planks","allthecompressed:birch_planks_1x","allthecompressed:compress/birch_planks_1x"
"birch_planks","2","81","allthecompressed:birch_planks_1x","allthecompressed:birch_planks_2x","allthecompressed:compress/birch_planks_2x"
"birch_planks","3","729","allthecompressed:birch_planks_2x","allthecompressed:birch_planks_3x","allthecompressed:compress/birch_planks_3x"
"birch_planks","4","6561","allthecompressed:birch_planks_3x","allthecompressed:birch_planks_4x","allthecompressed:compress/birch_planks_4x"
"birch_planks","5","59049","allthecompressed:birch_planks_4x","allthecompressed:birch_planks_5x","allthecompressed:compress/birch_planks_5x"
"birch_planks","6","531441","allthecompressed:birch_planks_5x","allthecompressed:birch_planks_6x","allthecompressed:compress/birch_planks_6x"
"birch_planks","7","4782969","allthecompressed:birch_planks_6x","allthecompressed:birch_planks_7x","allthecompressed:compress/birch_planks_7x"
"birch_planks","8","43046721","allthecompressed:birch_planks_7x","allthecompressed:birch_planks_8x","allthecompressed:compress/birch_planks_8x"
"birch_planks","9","387420489","allthecompressed:birch_planks_8x","allthecompressed:birch_planks_9x","allthecompressed:compress/birch_planks_9x"
"black_concrete","1","9","minecraft:black_concrete","allthecompressed:black_concrete_1x","allthecompressed:compress/black_concrete_1x"
"black_concrete","2","81","allthecompressed:black_concrete_1x","allthecompressed:black_concrete_2x","allthecompressed:compress/black_concrete_2x"
"black_concrete","3","729","allthecompressed:black_concrete_2x","allthecompressed:black_concrete_3x","allthecompressed:compress/black_concrete_3x"
"black_concrete","4","6561","allthecompressed:black_concrete_3x","allthecompressed:black_concrete_4x","allthecompressed:compress/black_concrete_4x"
"black_concrete","5","59049","allthecompressed:black_concrete_4x","allthecompressed:black_concrete_5x","allthecompressed:compress/black_concrete_5x"
"black_concrete","6","531441","allthecompressed:black_concrete_5x","allthecompressed:black_concrete_6x","allthecompressed:compress/black_concrete_6x"
"black_concrete","7","4782969","allthecompressed:black_concrete_6x","allthecompressed:black_concrete_7x","allthecompressed:compress/black_concrete_7x"
"black_concrete","8","43046721","allthecompressed:black_concrete_7x","allthecompressed:black_concrete_8x","allthecompressed:compress/black_concrete_8x"
"black_concrete","9","387420489","allthecompressed:black_concrete_8x","allthecompressed:black_concrete_9x","allthecompressed:compress/black_concrete_9x"
"blackstone","1","9","minecraft:blackstone","allthecompressed:blackstone_1x","allthecompressed:compress/blackstone_1x"
"blackstone","2","81","allthecompressed:blackstone_1x","allthecompressed:blackstone_2x","allthecompressed:compress/blackstone_2x"
"blackstone","3","729","allthecompressed:blackstone_2x","allthecompressed:blackstone_3x","allthecompressed:compress/blackstone_3x"
"blackstone","4","6561","allthecompressed:blackstone_3x","allthecompressed:blackstone_4x","allthecompressed:compress/blackstone_4x"
"blackstone","5","59049","allthecompressed:blackstone_4x","allthecompressed:blackstone_5x","allthecompressed:compress/blackstone_5x"
"blackstone","6","531441","allthecompressed:blackstone_5x","allthecompressed:blackstone_6x","allthecompressed:compress/blackstone_6x"
"blackstone","7","4782969","allthecompressed:blackstone_6x","allthecompressed:blackstone_7x","allthecompressed:compress/blackstone_7x"
"blackstone","8","43046721","allthecompressed:blackstone_7x","allthecompressed:blackstone_8x","allthecompressed:compress/blackstone_8x"
"blackstone","9","387420489","allthecompressed:blackstone_8x","allthecompressed:blackstone_9x","allthecompressed:compress/blackstone_9x"
"blaze_rod_block","1","9","allthecompressed:blaze_rod_block","allthecompressed:blaze_rod_block_1x","allthecompressed:compress/blaze_rod_block_1x"
"blaze_rod_block","2","81","allthecompressed:blaze_rod_block_1x","allthecompressed:blaze_rod_block_2x","allthecompressed:compress/blaze_rod_block_2x"
"blaze_rod_block","3","729","allthecompressed:blaze_rod_block_2x","allthecompressed:blaze_rod_block_3x","allthecompressed:compress/blaze_rod_block_3x"
"blaze_rod_block","4","6561","allthecompressed:blaze_rod_block_3x","allthecompressed:blaze_rod_block_4x","allthecompressed:compress/blaze_rod_block_4x"
"blaze_rod_block","5","59049","allthecompressed:blaze_rod_block_4x","allthecompressed:blaze_rod_block_5x","allthecompressed:compress/blaze_rod_block_5x"
"blaze_rod_block","6","531441","allthecompressed:blaze_rod_block_5x","allthecompressed:blaze_rod_block_6x","allthecompressed:compress/blaze_rod_block_6x"
"blaze_rod_block","7","4782969","allthecompressed:blaze_rod_block_6x","allthecompressed:blaze_rod_block_7x","allthecompressed:compress/blaze_rod_block_7x"
"blaze_rod_block","8","43046721","allthecompressed:blaze_rod_block_7x","allthecompressed:blaze_rod_block_8x","allthecompressed:compress/blaze_rod_block_8x"
"blaze_rod_block","9","387420489","allthecompressed:blaze_rod_block_8x","allthecompressed:blaze_rod_block_9x","allthecompressed:compress/blaze_rod_block_9x"
"blazing_crystal_block","1","9","powah:blazing_crystal_block","allthecompressed:blazing_crystal_block_1x","allthecompressed:compress/blazing_crystal_block_1x"
"blazing_crystal_block","2","81","allthecompressed:blazing_crystal_block_1x","allthecompressed:blazing_crystal_block_2x","allthecompressed:compress/blazing_crystal_block_2x"
"blazing_crystal_block","3","729","allthecompressed:blazing_crystal_block_2x","allthecompressed:blazing_crystal_block_3x","allthecompressed:compress/blazing_crystal_block_3x"
"blazing_crystal_block","4","6561","allthecompressed:blazing_crystal_block_3x","allthecompressed:blazing_crystal_block_4x","allthecompressed:compress/blazing_crystal_block_4x"
"blazing_crystal_block","5","59049","allthecompressed:blazing_crystal_block_4x","allthecompressed:blazing_crystal_block_5x","allthecompressed:compress/blazing_crystal_block_5x"
"blazing_crystal_block","6","531441","allthecompressed:blazing_crystal_block_5x","allthecompressed:blazing_crystal_block_6x","allthecompressed:compress/blazing_crystal_block_6x"
"blazing_crystal_block","7","4782969","allthecompressed:blazing_crystal_block_6x","allthecompressed:blazing_crystal_block_7x","allthecompressed:compress/blazing_crystal_block_7x"
"blazing_crystal_block","8","43046721","allthecompressed:blazing_crystal_block_7x","allthecompressed:blazing_crystal_block_8x","allthecompressed:compress/blazing_crystal_block_8x"
"blazing_crystal_block","9","387420489","allthecompressed:blazing_crystal_block_8x","allthecompressed:blazing_crystal_block_9x","allthecompressed:compress/blazing_crystal_block_9x"
"blue_concrete","1","9","minecraft:blue_concrete","allthecompressed:blue_concrete_1x","allthecompressed:compress/blue_concrete_1x"
"blue_concrete","2","81","allthecompressed:blue_concrete_1x","allthecompressed:blue_concrete_2x","allthecompressed:compress/blue_concrete_2x"
"blue_concrete","3","729","allthecompressed:blue_concrete_2x","allthecompressed:blue_concrete_3x","allthecompressed:compress/blue_concrete_3x"
"blue_concrete","4","6561","allthecompressed:blue_concrete_3x","allthecompressed:blue_concrete_4x","allthecompressed:compress/blue_concrete_4x"
"blue_concrete","5","59049","allthecompressed:blue_concrete_4x","allthecompressed:blue_concrete_5x","allthecompressed:compress/blue_concrete_5x"
"blue_concrete","6","531441","allthecompressed:blue_concrete_5x","allthecompressed:blue_concrete_6x","allthecompressed:compress/blue_concrete_6x"
"blue_concrete","7","4782969","allthecompressed:blue_concrete_6x","allthecompressed:blue_concrete_7x","allthecompressed:compress/blue_concrete_7x"
"blue_concrete","8","43046721","allthecompressed:blue_concrete_7x","allthecompressed:blue_concrete_8x","allthecompressed:compress/blue_concrete_8x"
"blue_concrete","9","387420489","allthecompressed:blue_concrete_8x","allthecompressed:blue_concrete_9x","allthecompressed:compress/blue_concrete_9x"
"blue_ice","1","9","minecraft:blue_ice","allthecompressed:blue_ice_1x","allthecompressed:compress/blue_ice_1x"
"blue_ice","2","81","allthecompressed:blue_ice_1x","allthecompressed:blue_ice_2x","allthecompressed:compress/blue_ice_2x"
"blue_ice","3","729","allthecompressed:blue_ice_2x","allthecompressed:blue_ice_3x","allthecompressed:compress/blue_ice_3x"
"blue_ice","4","6561","allthecompressed:blue_ice_3x","allthecompressed:blue_ice_4x","allthecompressed:compress/blue_ice_4x"
"blue_ice","5","59049","allthecompressed:blue_ice_4x","allthecompressed:blue_ice_5x","allthecompressed:compress/blue_ice_5x"
"blue_ice","6","531441","allthecompressed:blue_ice_5x","allthecompressed:blue_ice_6x","allthecompressed:compress/blue_ice_6x"
"blue_ice","7","4782969","allthecompressed:blue_ice_6x","allthecompressed:blue_ice_7x","allthecompressed:compress/blue_ice_7x"
"blue_ice","8","43046721","allthecompressed:blue_ice_7x","allthecompressed:blue_ice_8x","allthecompressed:compress/blue_ice_8x"
"blue_ice","9","387420489","allthecompressed:blue_ice_8x","allthecompressed:blue_ice_9x","allthecompressed:compress/blue_ice_9x"
"bone_block","1","9","minecraft:bone_block","allthecompressed:bone_block_1x","allthecompressed:compress/bone_block_1x"
"bone_block","2","81","allthecompressed:bone_block_1x","allthecompressed:bone_block_2x","allthecompressed:compress/bone_block_2x"
"bone_block","3","729","allthecompressed:bone_block_2x","allthecompressed:bone_block_3x","allthecompressed:compress/bone_block_3x"
"bone_block","4","6561","allthecompressed:bone_block_3x","allthecompressed:bone_block_4x","allthecompressed:compress/bone_block_4x"
"bone_block","5","59049","allthecompressed:bone_block_4x","allthecompressed:bone_block_5x","allthecompressed:compress/bone_block_5x"
"bone_block","6","531441","allthecompressed:bone_block_5x","allthecompressed:bone_block_6x","allthecompressed:compress/bone_block_6x"
"bone_block","7","4782969","allthecompressed:bone_block_6x","allthecompressed:bone_block_7x","allthecompressed:compress/bone_block_7x"
"bone_block","8","43046721","allthecompressed:bone_block_7x","allthecompressed:bone_block_8x","allthecompressed:compress/bone_block_8x"
"bone_block","9","387420489","allthecompressed:bone_block_8x","allthecompressed:bone_block_9x","allthecompressed:compress/bone_block_9x"
"brass_block","1","9","alltheores:brass_block","allthecompressed:brass_block_1x","allthecompressed:compress/brass_block_1x"
"brass_block","2","81","allthecompressed:brass_block_1x","allthecompressed:brass_block_2x","allthecompressed:compress/brass_block_2x"
"brass_block","3","729","allthecompressed:brass_block_2x","allthecompressed:brass_block_3x","allthecompressed:compress/brass_block_3x"
"brass_block","4","6561","allthecompressed:brass_block_3x","allthecompressed:brass_block_4x","allthecompressed:compress/brass_block_4x"
"brass_block","5","59049","allthecompressed:brass_block_4x","allthecompressed:brass_block_5x","allthecompressed:compress/brass_block_5x"
"brass_block","6","531441","allthecompressed:brass_block_5x","allthecompressed:brass_block_6x","allthecompressed:compress/brass_block_6x"
"brass_block","7","4782969","allthecompressed:brass_block_6x","allthecompressed:brass_block_7x","allthecompressed:compress/brass_block_7x"
"brass_block","8","43046721","allthecompressed:brass_block_7x","allthecompressed:brass_block_8x","allthecompressed:compress/brass_block_8x"
"brass_block","9","387420489","allthecompressed:brass_block_8x","allthecompressed:brass_block_9x","allthecompressed:compress/brass_block_9x"
"bricks","1","9","minecraft:bricks","allthecompressed:bricks_1x","allthecompressed:compress/bricks_1x"
"bricks","2","81","allthecompressed:bricks_1x","allthecompressed:bricks_2x","allthecompressed:compress/bricks_2x"
"bricks","3","729","allthecompressed:bricks_2x","allthecompressed:bricks_3x","allthecompressed:compress/bricks_3x"
"bricks","4","6561","allthecompressed:bricks_3x","allthecompressed:bricks_4x","allthecompressed:compress/bricks_4x"
"bricks","5","59049","allthecompressed:bricks_4x","allthecompressed:bricks_5x","allthecompressed:compress/bricks_5x"
"bricks","6","531441","allthecompressed:bricks_5x","allthecompressed:bricks_6x","allthecompressed:compress/bricks_6x"
"bricks","7","4782969","allthecompressed:bricks_6x","allthecompressed:bricks_7x","allthecompressed:compress/bricks_7x"
"bricks","8","43046721","allthecompressed:bricks_7x","allthecompressed:bricks_8x","allthecompressed:compress/bricks_8x"
"bricks","9","387420489","allthecompressed:bricks_8x","allthecompressed:bricks_9x","allthecompressed:compress/bricks_9x"
"bronze_block","1","9","alltheores:bronze_block","allthecompressed:bronze_block_1x","allthecompressed:compress/bronze_block_1x"
"bronze_block","2","81","allthecompressed:bronze_block_1x","allthecompressed:bronze_block_2x","allthecompressed:compress/bronze_block_2x"
"bronze_block","3","729","allthecompressed:bronze_block_2x","allthecompressed:bronze_block_3x","allthecompressed:compress/bronze_block_3x"
"bronze_block","4","6561","allthecompressed:bronze_block_3x","allthecompressed:bronze_block_4x","allthecompressed:compress/bronze_block_4x"
"bronze_block","5","59049","allthecompressed:bronze_block_4x","allthecompressed:bronze_block_5x","allthecompressed:compress/bronze_block_5x"
"bronze_block","6","531441","allthecompressed:bronze_block_5x","allthecompressed:bronze_block_6x","allthecompressed:compress/bronze_block_6x"
"bronze_block","7","4782969","allthecompressed:bronze_block_6x","allthecompressed:bronze_block_7x","allthecompressed:compress/bronze_block_7x"
"bronze_block","8","43046721","allthecompressed:bronze_block_7x","allthecompressed:bronze_block_8x","allthecompressed:compress/bronze_block_8x"
"bronze_block","9","387420489","allthecompressed:bronze_block_8x","allthecompressed:bronze_block_9x","allthecompressed:compress/bronze_block_9x"
"brown_concrete","1","9","minecraft:brown_concrete","allthecompressed:brown_concrete_1x","allthecompressed:compress/brown_concrete_1x"
"brown_concrete","2","81","allthecompressed:brown_concrete_1x","allthecompressed:brown_concrete_2x","allthecompressed:compress/brown_concrete_2x"
"brown_concrete","3","729","allthecompressed:brown_concrete_2x","allthecompressed:brown_concrete_3x","allthecompressed:compress/brown_concrete_3x"
"brown_concrete","4","6561","allthecompressed:brown_concrete_3x","allthecompressed:brown_concrete_4x","allthecompressed:compress/brown_concrete_4x"
"brown_concrete","5","59049","allthecompressed:brown_concrete_4x","allthecompressed:brown_concrete_5x","allthecompressed:compress/brown_concrete_5x"
"brown_concrete","6","531441","allthecompressed:brown_concrete_5x","allthecompressed:brown_concrete_6x","allthecompressed:compress/brown_concrete_6x"
"brown_concrete","7","4782969","allthecompressed:brown_concrete_6x","allthecompressed:brown_concrete_7x","allthecompressed:compress/brown_concrete_7x"
"brown_concrete","8","43046721","allthecompressed:brown_concrete_7x","allthecompressed:brown_concrete_8x","allthecompressed:compress/brown_concrete_8x"
"brown_concrete","9","387420489","allthecompressed:brown_concrete_8x","allthecompressed:brown_concrete_9x","allthecompressed:compress/brown_concrete_9x"
"calcite","1","9","minecraft:calcite","allthecompressed:calcite_1x","allthecompressed:compress/calcite_1x"
"calcite","2","81","allthecompressed:calcite_1x","allthecompressed:calcite_2x","allthecompressed:compress/calcite_2x"
"calcite","3","729","allthecompressed:calcite_2x","allthecompressed:calcite_3x","allthecompressed:compress/calcite_3x"
"calcite","4","6561","allthecompressed:calcite_3x","allthecompressed:calcite_4x","allthecompressed:compress/calcite_4x"
"calcite","5","59049","allthecompressed:calcite_4x","allthecompressed:calcite_5x","allthecompressed:compress/calcite_5x"
"calcite","6","531441","allthecompressed:calcite_5x","allthecompressed:calcite_6x","allthecompressed:compress/calcite_6x"
"calcite","7","4782969","allthecompressed:calcite_6x","allthecompressed:calcite_7x","allthecompressed:compress/calcite_7x"
"calcite","8","43046721","allthecompressed:calcite_7x","allthecompressed:calcite_8x","allthecompressed:compress/calcite_8x"
"calcite","9","387420489","allthecompressed:calcite_8x","allthecompressed:calcite_9x","allthecompressed:compress/calcite_9x"
"certus_quartz_block","1","9","ae2:quartz_block","allthecompressed:certus_quartz_block_1x","allthecompressed:compress/certus_quartz_block_1x"
"certus_quartz_block","2","81","allthecompressed:certus_quartz_block_1x","allthecompressed:certus_quartz_block_2x","allthecompressed:compress/certus_quartz_block_2x"
"certus_quartz_block","3","729","allthecompressed:certus_quartz_block_2x","allthecompressed:certus_quartz_block_3x","allthecompressed:compress/certus_quartz_block_3x"
"certus_quartz_block","4","6561","allthecompressed:certus_quartz_block_3x","allthecompressed:certus_quartz_block_4x","allthecompressed:compress/certus_quartz_block_4x"
"certus_quartz_block","5","59049","allthecompressed:certus_quartz_block_4x","allthecompressed:certus_quartz_block_5x","allthecompressed:compress/certus_quartz_block_5x"
"certus_quartz_block","6","531441","allthecompressed:certus_quartz_block_5x","allthecompressed:certus_quartz_block_6x","allthecompressed:compress/certus_quartz_block_6x"
"certus_quartz_block","7","4782969","allthecompressed:certus_quartz_block_6x","allthecompressed:certus_quartz_block_7x","allthecompressed:compress/certus_quartz_block_7x"
"certus_quartz_block","8","43046721","allthecompressed:certus_quartz_block_7x","allthecompressed:certus_quartz_block_8x","allthecompressed:compress/certus_quartz_block_8x"
"certus_quartz_block","9","387420489","allthecompressed:certus_quartz_block_8x","allthecompressed:certus_quartz_block_9x","allthecompressed:compress/certus_quartz_block_9x"
"charged_redstone_block","1","9","appflux:charged_redstone_block","allthecompressed:charged_redstone_block_1x","allthecompressed:compress/charged_redstone_block_1x"
"charged_redstone_block","2","81","allthecompressed:charged_redstone_block_1x","allthecompressed:charged_redstone_block_2x","allthecompressed:compress/charged_redstone_block_2x"
"charged_redstone_block","3","729","allthecompressed:charged_redstone_block_2x","allthecompressed:charged_redstone_block_3x","allthecompressed:compress/charged_redstone_block_3x"
"charged_redstone_block","4","6561","allthecompressed:charged_redstone_block_3x","allthecompressed:charged_redstone_block_4x","allthecompressed:compress/charged_redstone_block_4x"
"charged_redstone_block","5","59049","allthecompressed:charged_redstone_block_4x","allthecompressed:charged_redstone_block_5x","allthecompressed:compress/charged_redstone_block_5x"
"charged_redstone_block","6","531441","allthecompressed:charged_redstone_block_5x","allthecompressed:charged_redstone_block_6x","allthecompressed:compress/charged_redstone_block_6x"
"charged_redstone_block","7","4782969","allthecompressed:charged_redstone_block_6x","allthecompressed:charged_redstone_block_7x","allthecompressed:compress/charged_redstone_block_7x"
"charged_redstone_block","8","43046721","allthecompressed:charged_redstone_block_7x","allthecompressed:charged_redstone_block_8x","allthecompressed:compress/charged_redstone_block_8x"
"charged_redstone_block","9","387420489","allthecompressed:charged_redstone_block_8x","allthecompressed:charged_redstone_block_9x","allthecompressed:compress/charged_redstone_block_9x"
"cherry_log","1","9","minecraft:cherry_log","allthecompressed:cherry_log_1x","allthecompressed:compress/cherry_log_1x"
"cherry_log","2","81","allthecompressed:cherry_log_1x","allthecompressed:cherry_log_2x","allthecompressed:compress/cherry_log_2x"
"cherry_log","3","729","allthecompressed:cherry_log_2x","allthecompressed:cherry_log_3x","allthecompressed:compress/cherry_log_3x"
"cherry_log","4","6561","allthecompressed:cherry_log_3x","allthecompressed:cherry_log_4x","allthecompressed:compress/cherry_log_4x"
"cherry_log","5","59049","allthecompressed:cherry_log_4x","allthecompressed:cherry_log_5x","allthecompressed:compress/cherry_log_5x"
"cherry_log","6","531441","allthecompressed:cherry_log_5x","allthecompressed:cherry_log_6x","allthecompressed:compress/cherry_log_6x"
"cherry_log","7","4782969","allthecompressed:cherry_log_6x","allthecompressed:cherry_log_7x","allthecompressed:compress/cherry_log_7x"
"cherry_log","8","43046721","allthecompressed:cherry_log_7x","allthecompressed:cherry_log_8x","allthecompressed:compress/cherry_log_8x"
"cherry_log","9","387420489","allthecompressed:cherry_log_8x","allthecompressed:cherry_log_9x","allthecompressed:compress/cherry_log_9x"
"cherry_planks","1","9","minecraft:cherry_planks","allthecompressed:cherry_planks_1x","allthecompressed:compress/cherry_planks_1x"
"cherry_planks","2","81","allthecompressed:cherry_planks_1x","allthecompressed:cherry_planks_2x","allthecompressed:compress/cherry_planks_2x"
"cherry_planks","3","729","allthecompressed:cherry_planks_2x","allthecompressed:cherry_planks_3x","allthecompressed:compress/cherry_planks_3x"
"cherry_planks","4","6561","allthecompressed:cherry_planks_3x","allthecompressed:cherry_planks_4x","allthecompressed:compress/cherry_planks_4x"
"cherry_planks","5","59049","allthecompressed:cherry_planks_4x","allthecompressed:cherry_planks_5x","allthecompressed:compress/cherry_planks_5x"
"cherry_planks","6","531441","allthecompressed:cherry_planks_5x","allthecompressed:cherry_planks_6x","allthecompressed:compress/cherry_planks_6x"
"cherry_planks","7","4782969","allthecompressed:cherry_planks_6x","allthecompressed:cherry_planks_7x","allthecompressed:compress/cherry_planks_7x"
"cherry_planks","8","43046721","allthecompressed:cherry_planks_7x","allthecompressed:cherry_planks_8x","allthecompressed:compress/cherry_planks_8x"
"cherry_planks","9","387420489","allthecompressed:cherry_planks_8x","allthecompressed:cherry_planks_9x","allthecompressed:compress/cherry_planks_9x"
"cinnabar_block","1","9","alltheores:cinnabar_block","allthecompressed:cinnabar_block_1x","allthecompressed:compress/cinnabar_block_1x"
"cinnabar_block","2","81","allthecompressed:cinnabar_block_1x","allthecompressed:cinnabar_block_2x","allthecompressed:compress/cinnabar_block_2x"
"cinnabar_block","3","729","allthecompressed:cinnabar_block_2x","allthecompressed:cinnabar_block_3x","allthecompressed:compress/cinnabar_block_3x"
"cinnabar_block","4","6561","allthecompressed:cinnabar_block_3x","allthecompressed:cinnabar_block_4x","allthecompressed:compress/cinnabar_block_4x"
"cinnabar_block","5","59049","allthecompressed:cinnabar_block_4x","allthecompressed:cinnabar_block_5x","allthecompressed:compress/cinnabar_block_5x"
"cinnabar_block","6","531441","allthecompressed:cinnabar_block_5x","allthecompressed:cinnabar_block_6x","allthecompressed:compress/cinnabar_block_6x"
"cinnabar_block","7","4782969","allthecompressed:cinnabar_block_6x","allthecompressed:cinnabar_block_7x","allthecompressed:compress/cinnabar_block_7x"
"cinnabar_block","8","43046721","allthecompressed:cinnabar_block_7x","allthecompressed:cinnabar_block_8x","allthecompressed:compress/cinnabar_block_8x"
"cinnabar_block","9","387420489","allthecompressed:cinnabar_block_8x","allthecompressed:cinnabar_block_9x","allthecompressed:compress/cinnabar_block_9x"
"clay","1","9","minecraft:clay","allthecompressed:clay_1x","allthecompressed:compress/clay_1x"
"clay","2","81","allthecompressed:clay_1x","allthecompressed:clay_2x","allthecompressed:compress/clay_2x"
"clay","3","729","allthecompressed:clay_2x","allthecompressed:clay_3x","allthecompressed:compress/clay_3x"
"clay","4","6561","allthecompressed:clay_3x","allthecompressed:clay_4x","allthecompressed:compress/clay_4x"
"clay","5","59049","allthecompressed:clay_4x","allthecompressed:clay_5x","allthecompressed:compress/clay_5x"
"clay","6","531441","allthecompressed:clay_5x","allthecompressed:clay_6x","allthecompressed:compress/clay_6x"
"clay","7","4782969","allthecompressed:clay_6x","allthecompressed:clay_7x","allthecompressed:compress/clay_7x"
"clay","8","43046721","allthecompressed:clay_7x","allthecompressed:clay_8x","allthecompressed:compress/clay_8x"
"clay","9","387420489","allthecompressed:clay_8x","allthecompressed:clay_9x","allthecompressed:compress/clay_9x"
"coal_block","1","9","minecraft:coal_block","allthecompressed:coal_block_1x","allthecompressed:compress/coal_block_1x"
"coal_block","2","81","allthecompressed:coal_block_1x","allthecompressed:coal_block_2x","allthecompressed:compress/coal_block_2x"
"coal_block","3","729","allthecompressed:coal_block_2x","allthecompressed:coal_block_3x","allthecompressed:compress/coal_block_3x"
"coal_block","4","6561","allthecompressed:coal_block_3x","allthecompressed:coal_block_4x","allthecompressed:compress/coal_block_4x"
"coal_block","5","59049","allthecompressed:coal_block_4x","allthecompressed:coal_block_5x","allthecompressed:compress/coal_block_5x"
"coal_block","6","531441","allthecompressed:coal_block_5x","allthecompressed:coal_block_6x","allthecompressed:compress/coal_block_6x"
"coal_block","7","4782969","allthecompressed:coal_block_6x","allthecompressed:coal_block_7x","allthecompressed:compress/coal_block_7x"
"coal_block","8","43046721","allthecompressed:coal_block_7x","allthecompressed:coal_block_8x","allthecompressed:compress/coal_block_8x"
"coal_block","9","387420489","allthecompressed:coal_block_8x","allthecompressed:coal_block_9x","allthecompressed:compress/coal_block_9x"
"cobbled_deepslate","1","9","minecraft:cobbled_deepslate","allthecompressed:cobbled_deepslate_1x","allthecompressed:compress/cobbled_deepslate_1x"
"cobbled_deepslate","2","81","allthecompressed:cobbled_deepslate_1x","allthecompressed:cobbled_deepslate_2x","allthecompressed:compress/cobbled_deepslate_2x"
"cobbled_deepslate","3","729","allthecompressed:cobbled_deepslate_2x","allthecompressed:cobbled_deepslate_3x","allthecompressed:compress/cobbled_deepslate_3x"
"cobbled_deepslate","4","6561","allthecompressed:cobbled_deepslate_3x","allthecompressed:cobbled_deepslate_4x","allthecompressed:compress/cobbled_deepslate_4x"
"cobbled_deepslate","5","59049","allthecompressed:cobbled_deepslate_4x","allthecompressed:cobbled_deepslate_5x","allthecompressed:compress/cobbled_deepslate_5x"
"cobbled_deepslate","6","531441","allthecompressed:cobbled_deepslate_5x","allthecompressed:cobbled_deepslate_6x","allthecompressed:compress/cobbled_deepslate_6x"
"cobbled_deepslate","7","4782969","allthecompressed:cobbled_deepslate_6x","allthecompressed:cobbled_deepslate_7x","allthecompressed:compress/cobbled_deepslate_7x"
"cobbled_deepslate","8","43046721","allthecompressed:cobbled_deepslate_7x","allthecompressed:cobbled_deepslate_8x","allthecompressed:compress/cobbled_deepslate_8x"
"cobbled_deepslate","9","387420489","allthecompressed:cobbled_deepslate_8x","allthecompressed:cobbled_deepslate_9x","allthecompressed:compress/cobbled_deepslate_9x"
"cobblestone","1","9","minecraft:cobblestone","allthecompressed:cobblestone_1x","allthecompressed:compress/cobblestone_1x"
"cobblestone","2","81","allthecompressed:cobblestone_1x","allthecompressed:cobblestone_2x","allthecompressed:compress/cobblestone_2x"
"cobblestone","3","729","allthecompressed:cobblestone_2x","allthecompressed:cobblestone_3x","allthecompressed:compress/cobblestone_3x"
"cobblestone","4","6561","allthecompressed:cobblestone_3x","allthecompressed:cobblestone_4x","allthecompressed:compress/cobblestone_4x"
"cobblestone","5","59049","allthecompressed:cobblestone_4x","allthecompressed:cobblestone_5x","allthecompressed:compress/cobblestone_5x"
"cobblestone","6","531441","allthecompressed:cobblestone_5x","allthecompressed:cobblestone_6x","allthecompressed:compress/cobblestone_6x"
"cobblestone","7","4782969","allthecompressed:cobblestone_6x","allthecompressed:cobblestone_7x","allthecompressed:compress/cobblestone_7x"
"cobblestone","8","43046721","allthecompressed:cobblestone_7x","allthecompressed:cobblestone_8x","allthecompressed:compress/cobblestone_8x"
"cobblestone","9","387420489","allthecompressed:cobblestone_8x","allthecompressed:cobblestone_9x","allthecompressed:compress/cobblestone_9x"
"compressed_iron_block","1","9","pneumaticcraft:compressed_iron_block","allthecompressed:compressed_iron_block_1x","allthecompressed:compress/compressed_iron_block_1x"
"compressed_iron_block","2","81","allthecompressed:compressed_iron_block_1x","allthecompressed:compressed_iron_block_2x","allthecompressed:compress/compressed_iron_block_2x"
"compressed_iron_block","3","729","allthecompressed:compressed_iron_block_2x","allthecompressed:compressed_iron_block_3x","allthecompressed:compress/compressed_iron_block_3x"
"compressed_iron_block","4","6561","allthecompressed:compressed_iron_block_3x","allthecompressed:compressed_iron_block_4x","allthecompressed:compress/compressed_iron_block_4x"
"compressed_iron_block","5","59049","allthecompressed:compressed_iron_block_4x","allthecompressed:compressed_iron_block_5x","allthecompressed:compress/compressed_iron_block_5x"
"compressed_iron_block","6","531441","allthecompressed:compressed_iron_block_5x","allthecompressed:compressed_iron_block_6x","allthecompressed:compress/compressed_iron_block_6x"
"compressed_iron_block","7","4782969","allthecompressed:compressed_iron_block_6x","allthecompressed:compressed_iron_block_7x","allthecompressed:compress/compressed_iron_block_7x"
"compressed_iron_block","8","43046721","allthecompressed:compressed_iron_block_7x","allthecompressed:compressed_iron_block_8x","allthecompressed:compress/compressed_iron_block_8x"
"compressed_iron_block","9","387420489","allthecompressed:compressed_iron_block_8x","allthecompressed:compressed_iron_block_9x","allthecompressed:compress/compressed_iron_block_9x"
"conductive_alloy_block","1","9","enderio:conductive_alloy_block","allthecompressed:conductive_alloy_block_1x","allthecompressed:compress/conductive_alloy_block_1x"
"conductive_alloy_block","2","81","allthecompressed:conductive_alloy_block_1x","allthecompressed:conductive_alloy_block_2x","allthecompressed:compress/conductive_alloy_block_2x"
"conductive_alloy_block","3","729","allthecompressed:conductive_alloy_block_2x","allthecompressed:conductive_alloy_block_3x","allthecompressed:compress/conductive_alloy_block_3x"
"conductive_alloy_block","4","6561","allthecompressed:conductive_alloy_block_3x","allthecompressed:conductive_alloy_block_4x","allthecompressed:compress/conductive_alloy_block_4x"
"conductive_alloy_block","5","59049","allthecompressed:conductive_alloy_block_4x","allthecompressed:conductive_alloy_block_5x","allthecompressed:compress/conductive_alloy_block_5x"
"conductive_alloy_block","6","531441","allthecompressed:conductive_alloy_block_5x","allthecompressed:conductive_alloy_block_6x","allthecompressed:compress/conductive_alloy_block_6x"
"conductive_alloy_block","7","4782969","allthecompressed:conductive_alloy_block_6x","allthecompressed:conductive_alloy_block_7x","allthecompressed:compress/conductive_alloy_block_7x"
"conductive_alloy_block","8","43046721","allthecompressed:conductive_alloy_block_7x","allthecompressed:conductive_alloy_block_8x","allthecompressed:compress/conductive_alloy_block_8x"
"conductive_alloy_block","9","387420489","allthecompressed:conductive_alloy_block_8x","allthecompressed:conductive_alloy_block_9x","allthecompressed:compress/conductive_alloy_block_9x"
"constantan_block","1","9","alltheores:constantan_block","allthecompressed:constantan_block_1x","allthecompressed:compress/constantan_block_1x"
"constantan_block","2","81","allthecompressed:constantan_block_1x","allthecompressed:constantan_block_2x","allthecompressed:compress/constantan_block_2x"
"constantan_block","3","729","allthecompressed:constantan_block_2x","allthecompressed:constantan_block_3x","allthecompressed:compress/constantan_block_3x"
"constantan_block","4","6561","allthecompressed:constantan_block_3x","allthecompressed:constantan_block_4x","allthecompressed:compress/constantan_block_4x"
"constantan_block","5","59049","allthecompressed:constantan_block_4x","allthecompressed:constantan_block_5x","allthecompressed:compress/constantan_block_5x"
"constantan_block","6","531441","allthecompressed:constantan_block_5x","allthecompressed:constantan_block_6x","allthecompressed:compress/constantan_block_6x"
"constantan_block","7","4782969","allthecompressed:constantan_block_6x","allthecompressed:constantan_block_7x","allthecompressed:compress/constantan_block_7x"
"constantan_block","8","43046721","allthecompressed:constantan_block_7x","allthecompressed:constantan_block_8x","allthecompressed:compress/constantan_block_8x"
"constantan_block","9","387420489","allthecompressed:constantan_block_8x","allthecompressed:constantan_block_9x","allthecompressed:compress/constantan_block_9x"
"copper_alloy_block","1","9","enderio:copper_alloy_block","allthecompressed:copper_alloy_block_1x","allthecompressed:compress/copper_alloy_block_1x"
"copper_alloy_block","2","81","allthecompressed:copper_alloy_block_1x","allthecompressed:copper_alloy_block_2x","allthecompressed:compress/copper_alloy_block_2x"
"copper_alloy_block","3","729","allthecompressed:copper_alloy_block_2x","allthecompressed:copper_alloy_block_3x","allthecompressed:compress/copper_alloy_block_3x"
"copper_alloy_block","4","6561","allthecompressed:copper_alloy_block_3x","allthecompressed:copper_alloy_block_4x","allthecompressed:compress/copper_alloy_block_4x"
"copper_alloy_block","5","59049","allthecompressed:copper_alloy_block_4x","allthecompressed:copper_alloy_block_5x","allthecompressed:compress/copper_alloy_block_5x"
"copper_alloy_block","6","531441","allthecompressed:copper_alloy_block_5x","allthecompressed:copper_alloy_block_6x","allthecompressed:compress/copper_alloy_block_6x"
"copper_alloy_block","7","4782969","allthecompressed:copper_alloy_block_6x","allthecompressed:copper_alloy_block_7x","allthecompressed:compress/copper_alloy_block_7x"
"copper_alloy_block","8","43046721","allthecompressed:copper_alloy_block_7x","allthecompressed:copper_alloy_block_8x","allthecompressed:compress/copper_alloy_block_8x"
"copper_alloy_block","9","387420489","allthecompressed:copper_alloy_block_8x","allthecompressed:copper_alloy_block_9x","allthecompressed:compress/copper_alloy_block_9x"
"copper_block","1","9","minecraft:copper_block","allthecompressed:copper_block_1x","allthecompressed:compress/copper_block_1x"
"copper_block","2","81","allthecompressed:copper_block_1x","allthecompressed:copper_block_2x","allthecompressed:compress/copper_block_2x"
"copper_block","3","729","allthecompressed:copper_block_2x","allthecompressed:copper_block_3x","allthecompressed:compress/copper_block_3x"
"copper_block","4","6561","allthecompressed:copper_block_3x","allthecompressed:copper_block_4x","allthecompressed:compress/copper_block_4x"
"copper_block","5","59049","allthecompressed:copper_block_4x","allthecompressed:copper_block_5x","allthecompressed:compress/copper_block_5x"
"copper_block","6","531441","allthecompressed:copper_block_5x","allthecompressed:copper_block_6x","allthecompressed:compress/copper_block_6x"
"copper_block","7","4782969","allthecompressed:copper_block_6x","allthecompressed:copper_block_7x","allthecompressed:compress/copper_block_7x"
"copper_block","8","43046721","allthecompressed:copper_block_7x","allthecompressed:copper_block_8x","allthecompressed:compress/copper_block_8x"
"copper_block","9","387420489","allthecompressed:copper_block_8x","allthecompressed:copper_block_9x","allthecompressed:compress/copper_block_9x"
"crushed_blackstone","1","9","exdeorum:crushed_blackstone","allthecompressed:crushed_blackstone_1x","allthecompressed:compress/crushed_blackstone_1x"
"crushed_blackstone","2","81","allthecompressed:crushed_blackstone_1x","allthecompressed:crushed_blackstone_2x","allthecompressed:compress/crushed_blackstone_2x"
"crushed_blackstone","3","729","allthecompressed:crushed_blackstone_2x","allthecompressed:crushed_blackstone_3x","allthecompressed:compress/crushed_blackstone_3x"
"crushed_blackstone","4","6561","allthecompressed:crushed_blackstone_3x","allthecompressed:crushed_blackstone_4x","allthecompressed:compress/crushed_blackstone_4x"
"crushed_blackstone","5","59049","allthecompressed:crushed_blackstone_4x","allthecompressed:crushed_blackstone_5x","allthecompressed:compress/crushed_blackstone_5x"
"crushed_blackstone","6","531441","allthecompressed:crushed_blackstone_5x","allthecompressed:crushed_blackstone_6x","allthecompressed:compress/crushed_blackstone_6x"
"crushed_blackstone","7","4782969","allthecompressed:crushed_blackstone_6x","allthecompressed:crushed_blackstone_7x","allthecompressed:compress/crushed_blackstone_7x"
"crushed_blackstone","8","43046721","allthecompressed:crushed_blackstone_7x","allthecompressed:crushed_blackstone_8x","allthecompressed:compress/crushed_blackstone_8x"
"crushed_blackstone","9","387420489","allthecompressed:crushed_blackstone_8x","allthecompressed:crushed_blackstone_9x","allthecompressed:compress/crushed_blackstone_9x"
"crushed_deepslate","1","9","exdeorum:crushed_deepslate","allthecompressed:crushed_deepslate_1x","allthecompressed:compress/crushed_deepslate_1x"
"crushed_deepslate","2","81","allthecompressed:crushed_deepslate_1x","allthecompressed:crushed_deepslate_2x","allthecompressed:compress/crushed_deepslate_2x"
"crushed_deepslate","3","729","allthecompressed:crushed_deepslate_2x","allthecompressed:crushed_deepslate_3x","allthecompressed:compress/crushed_deepslate_3x"
"crushed_deepslate","4","6561","allthecompressed:crushed_deepslate_3x","allthecompressed:crushed_deepslate_4x","allthecompressed:compress/crushed_deepslate_4x"
"crushed_deepslate","5","59049","allthecompressed:crushed_deepslate_4x","allthecompressed:crushed_deepslate_5x","allthecompressed:compress/crushed_deepslate_5x"
"crushed_deepslate","6","531441","allthecompressed:crushed_deepslate_5x","allthecompressed:crushed_deepslate_6x","allthecompressed:compress/crushed_deepslate_6x"
"crushed_deepslate","7","4782969","allthecompressed:crushed_deepslate_6x","allthecompressed:crushed_deepslate_7x","allthecompressed:compress/crushed_deepslate_7x"
"crushed_deepslate","8","43046721","allthecompressed:crushed_deepslate_7x","allthecompressed:crushed_deepslate_8x","allthecompressed:compress/crushed_deepslate_8x"
"crushed_deepslate","9","387420489","allthecompressed:crushed_deepslate_8x","allthecompressed:crushed_deepslate_9x","allthecompressed:compress/crushed_deepslate_9x"
"crushed_end_stone","1","9","exdeorum:crushed_end_stone","allthecompressed:crushed_end_stone_1x","allthecompressed:compress/crushed_end_stone_1x"
"crushed_end_stone","2","81","allthecompressed:crushed_end_stone_1x","allthecompressed:crushed_end_stone_2x","allthecompressed:compress/crushed_end_stone_2x"
"crushed_end_stone","3","729","allthecompressed:crushed_end_stone_2x","allthecompressed:crushed_end_stone_3x","allthecompressed:compress/crushed_end_stone_3x"
"crushed_end_stone","4","6561","allthecompressed:crushed_end_stone_3x","allthecompressed:crushed_end_stone_4x","allthecompressed:compress/crushed_end_stone_4x"
"crushed_end_stone","5","59049","allthecompressed:crushed_end_stone_4x","allthecompressed:crushed_end_stone_5x","allthecompressed:compress/crushed_end_stone_5x"
"crushed_end_stone","6","531441","allthecompressed:crushed_end_stone_5x","allthecompressed:crushed_end_stone_6x","allthecompressed:compress/crushed_end_stone_6x"
"crushed_end_stone","7","4782969","allthecompressed:crushed_end_stone_6x","allthecompressed:crushed_end_stone_7x","allthecompressed:compress/crushed_end_stone_7x"
"crushed_end_stone","8","43046721","allthecompressed:crushed_end_stone_7x","allthecompressed:crushed_end_stone_8x","allthecompressed:compress/crushed_end_stone_8x"
"crushed_end_stone","9","387420489","allthecompressed:crushed_end_stone_8x","allthecompressed:crushed_end_stone_9x","allthecompressed:compress/crushed_end_stone_9x"
"crushed_netherrack","1","9","exdeorum:crushed_netherrack","allthecompressed:crushed_netherrack_1x","allthecompressed:compress/crushed_netherrack_1x"
"crushed_netherrack","2","81","allthecompressed:crushed_netherrack_1x","allthecompressed:crushed_netherrack_2x","allthecompressed:compress/crushed_netherrack_2x"
"crushed_netherrack","3","729","allthecompressed:crushed_netherrack_2x","allthecompressed:crushed_netherrack_3x","allthecompressed:compress/crushed_netherrack_3x"
"crushed_netherrack","4","6561","allthecompressed:crushed_netherrack_3x","allthecompressed:crushed_netherrack_4x","allthecompressed:compress/crushed_netherrack_4x"
"crushed_netherrack","5","59049","allthecompressed:crushed_netherrack_4x","allthecompressed:crushed_netherrack_5x","allthecompressed:compress/crushed_netherrack_5x"
"crushed_netherrack","6","531441","allthecompressed:crushed_netherrack_5x","allthecompressed:crushed_netherrack_6x","allthecompressed:compress/crushed_netherrack_6x"
"crushed_netherrack","7","4782969","allthecompressed:crushed_netherrack_6x","allthecompressed:crushed_netherrack_7x","allthecompressed:compress/crushed_netherrack_7x"
"crushed_netherrack","8","43046721","allthecompressed:crushed_netherrack_7x","allthecompressed:crushed_netherrack_8x","allthecompressed:compress/crushed_netherrack_8x"
"crushed_netherrack","9","387420489","allthecompressed:crushed_netherrack_8x","allthecompressed:crushed_netherrack_9x","allthecompressed:compress/crushed_netherrack_9x"
"cyan_concrete","1","9","minecraft:cyan_concrete","allthecompressed:cyan_concrete_1x","allthecompressed:compress/cyan_concrete_1x"
"cyan_concrete","2","81","allthecompressed:cyan_concrete_1x","allthecompressed:cyan_concrete_2x","allthecompressed:compress/cyan_concrete_2x"
"cyan_concrete","3","729","allthecompressed:cyan_concrete_2x","allthecompressed:cyan_concrete_3x","allthecompressed:compress/cyan_concrete_3x"
"cyan_concrete","4","6561","allthecompressed:cyan_concrete_3x","allthecompressed:cyan_concrete_4x","allthecompressed:compress/cyan_concrete_4x"
"cyan_concrete","5","59049","allthecompressed:cyan_concrete_4x","allthecompressed:cyan_concrete_5x","allthecompressed:compress/cyan_concrete_5x"
"cyan_concrete","6","531441","allthecompressed:cyan_concrete_5x","allthecompressed:cyan_concrete_6x","allthecompressed:compress/cyan_concrete_6x"
"cyan_concrete","7","4782969","allthecompressed:cyan_concrete_6x","allthecompressed:cyan_concrete_7x","allthecompressed:compress/cyan_concrete_7x"
"cyan_concrete","8","43046721","allthecompressed:cyan_concrete_7x","allthecompressed:cyan_concrete_8x","allthecompressed:compress/cyan_concrete_8x"
"cyan_concrete","9","387420489","allthecompressed:cyan_concrete_8x","allthecompressed:cyan_concrete_9x","allthecompressed:compress/cyan_concrete_9x"
"dark_oak_log","1","9","minecraft:dark_oak_log","allthecompressed:dark_oak_log_1x","allthecompressed:compress/dark_oak_log_1x"
"dark_oak_log","2","81","allthecompressed:dark_oak_log_1x","allthecompressed:dark_oak_log_2x","allthecompressed:compress/dark_oak_log_2x"
"dark_oak_log","3","729","allthecompressed:dark_oak_log_2x","allthecompressed:dark_oak_log_3x","allthecompressed:compress/dark_oak_log_3x"
"dark_oak_log","4","6561","allthecompressed:dark_oak_log_3x","allthecompressed:dark_oak_log_4x","allthecompressed:compress/dark_oak_log_4x"
"dark_oak_log","5","59049","allthecompressed:dark_oak_log_4x","allthecompressed:dark_oak_log_5x","allthecompressed:compress/dark_oak_log_5x"
"dark_oak_log","6","531441","allthecompressed:dark_oak_log_5x","allthecompressed:dark_oak_log_6x","allthecompressed:compress/dark_oak_log_6x"
"dark_oak_log","7","4782969","allthecompressed:dark_oak_log_6x","allthecompressed:dark_oak_log_7x","allthecompressed:compress/dark_oak_log_7x"
"dark_oak_log","8","43046721","allthecompressed:dark_oak_log_7x","allthecompressed:dark_oak_log_8x","allthecompressed:compress/dark_oak_log_8x"
"dark_oak_log","9","387420489","allthecompressed:dark_oak_log_8x","allthecompressed:dark_oak_log_9x","allthecompressed:compress/dark_oak_log_9x"
"dark_oak_planks","1","9","minecraft:dark_oak_planks","allthecompressed:dark_oak_planks_1x","allthecompressed:compress/dark_oak_planks_1x"
"dark_oak_planks","2","81","allthecompressed:dark_oak_planks_1x","allthecompressed:dark_oak_planks_2x","allthecompressed:compress/dark_oak_planks_2x"
"dark_oak_planks","3","729","allthecompressed:dark_oak_planks_2x","allthecompressed:dark_oak_planks_3x","allthecompressed:compress/dark_oak_planks_3x"
"dark_oak_planks","4","6561","allthecompressed:dark_oak_planks_3x","allthecompressed:dark_oak_planks_4x","allthecompressed:compress/dark_oak_planks_4x"
"dark_oak_planks","5","59049","allthecompressed:dark_oak_planks_4x","allthecompressed:dark_oak_planks_5x","allthecompressed:compress/dark_oak_planks_5x"
"dark_oak_planks","6","531441","allthecompressed:dark_oak_planks_5x","allthecompressed:dark_oak_planks_6x","allthecompressed:compress/dark_oak_planks_6x"
"dark_oak_planks","7","4782969","allthecompressed:dark_oak_planks_6x","allthecompressed:dark_oak_planks_7x","allthecompressed:compress/dark_oak_planks_7x"
"dark_oak_planks","8","43046721","allthecompressed:dark_oak_planks_7x","allthecompressed:dark_oak_planks_8x","allthecompressed:compress/dark_oak_planks_8x"
"dark_oak_planks","9","387420489","allthecompressed:dark_oak_planks_8x","allthecompressed:dark_oak_planks_9x","allthecompressed:compress/dark_oak_planks_9x"
"dark_steel_block","1","9","enderio:dark_steel_block","allthecompressed:dark_steel_block_1x","allthecompressed:compress/dark_steel_block_1x"
"dark_steel_block","2","81","allthecompressed:dark_steel_block_1x","allthecompressed:dark_steel_block_2x","allthecompressed:compress/dark_steel_block_2x"
"dark_steel_block","3","729","allthecompressed:dark_steel_block_2x","allthecompressed:dark_steel_block_3x","allthecompressed:compress/dark_steel_block_3x"
"dark_steel_block","4","6561","allthecompressed:dark_steel_block_3x","allthecompressed:dark_steel_block_4x","allthecompressed:compress/dark_steel_block_4x"
"dark_steel_block","5","59049","allthecompressed:dark_steel_block_4x","allthecompressed:dark_steel_block_5x","allthecompressed:compress/dark_steel_block_5x"
"dark_steel_block","6","531441","allthecompressed:dark_steel_block_5x","allthecompressed:dark_steel_block_6x","allthecompressed:compress/dark_steel_block_6x"
"dark_steel_block","7","4782969","allthecompressed:dark_steel_block_6x","allthecompressed:dark_steel_block_7x","allthecompressed:compress/dark_steel_block_7x"
"dark_steel_block","8","43046721","allthecompressed:dark_steel_block_7x","allthecompressed:dark_steel_block_8x","allthecompressed:compress/dark_steel_block_8x"
"dark_steel_block","9","387420489","allthecompressed:dark_steel_block_8x","allthecompressed:dark_steel_block_9x","allthecompressed:compress/dark_steel_block_9x"
"darkstone","1","9","forbidden_arcanus:darkstone","allthecompressed:darkstone_1x","allthecompressed:compress/darkstone_1x"
"darkstone","2","81","allthecompressed:darkstone_1x","allthecompressed:darkstone_2x","allthecompressed:compress/darkstone_2x"
"darkstone","3","729","allthecompressed:darkstone_2x","allthecompressed:darkstone_3x","allthecompressed:compress/darkstone_3x"
"darkstone","4","6561","allthecompressed:darkstone_3x","allthecompressed:darkstone_4x","allthecompressed:compress/darkstone_4x"
"darkstone","5","59049","allthecompressed:darkstone_4x","allthecompressed:darkstone_5x","allthecompressed:compress/darkstone_5x"
"darkstone","6","531441","allthecompressed:darkstone_5x","allthecompressed:darkstone_6x","allthecompressed:compress/darkstone_6x"
"darkstone","7","4782969","allthecompressed:darkstone_6x","allthecompressed:darkstone_7x","allthecompressed:compress/darkstone_7x"
"darkstone","8","43046721","allthecompressed:darkstone_7x","allthecompressed:darkstone_8x","allthecompressed:compress/darkstone_8x"
"darkstone","9","387420489","allthecompressed:darkstone_8x","allthecompressed:darkstone_9x","allthecompressed:compress/darkstone_9x"
"deepslate","1","9","minecraft:deepslate","allthecompressed:deepslate_1x","allthecompressed:compress/deepslate_1x"
"deepslate","2","81","allthecompressed:deepslate_1x","allthecompressed:deepslate_2x","allthecompressed:compress/deepslate_2x"
"deepslate","3","729","allthecompressed:deepslate_2x","allthecompressed:deepslate_3x","allthecompressed:compress/deepslate_3x"
"deepslate","4","6561","allthecompressed:deepslate_3x","allthecompressed:deepslate_4x","allthecompressed:compress/deepslate_4x"
"deepslate","5","59049","allthecompressed:deepslate_4x","allthecompressed:deepslate_5x","allthecompressed:compress/deepslate_5x"
"deepslate","6","531441","allthecompressed:deepslate_5x","allthecompressed:deepslate_6x","allthecompressed:compress/deepslate_6x"
"deepslate","7","4782969","allthecompressed:deepslate_6x","allthecompressed:deepslate_7x","allthecompressed:compress/deepslate_7x"
"deepslate","8","43046721","allthecompressed:deepslate_7x","allthecompressed:deepslate_8x","allthecompressed:compress/deepslate_8x"
"deepslate","9","387420489","allthecompressed:deepslate_8x","allthecompressed:deepslate_9x","allthecompressed:compress/deepslate_9x"
"diamond_block","1","9","minecraft:diamond_block","allthecompressed:diamond_block_1x","allthecompressed:compress/diamond_block_1x"
"diamond_block","2","81","allthecompressed:diamond_block_1x","allthecompressed:diamond_block_2x","allthecompressed:compress/diamond_block_2x"
"diamond_block","3","729","allthecompressed:diamond_block_2x","allthecompressed:diamond_block_3x","allthecompressed:compress/diamond_block_3x"
"diamond_block","4","6561","allthecompressed:diamond_block_3x","allthecompressed:diamond_block_4x","allthecompressed:compress/diamond_block_4x"
"diamond_block","5","59049","allthecompressed:diamond_block_4x","allthecompressed:diamond_block_5x","allthecompressed:compress/diamond_block_5x"
"diamond_block","6","531441","allthecompressed:diamond_block_5x","allthecompressed:diamond_block_6x","allthecompressed:compress/diamond_block_6x"
"diamond_block","7","4782969","allthecompressed:diamond_block_6x","allthecompressed:diamond_block_7x","allthecompressed:compress/diamond_block_7x"
"diamond_block","8","43046721","allthecompressed:diamond_block_7x","allthecompressed:diamond_block_8x","allthecompressed:compress/diamond_block_8x"
"diamond_block","9","387420489","allthecompressed:diamond_block_8x","allthecompressed:diamond_block_9x","allthecompressed:compress/diamond_block_9x"
"diorite","1","9","minecraft:diorite","allthecompressed:diorite_1x","allthecompressed:compress/diorite_1x"
"diorite","2","81","allthecompressed:diorite_1x","allthecompressed:diorite_2x","allthecompressed:compress/diorite_2x"
"diorite","3","729","allthecompressed:diorite_2x","allthecompressed:diorite_3x","allthecompressed:compress/diorite_3x"
"diorite","4","6561","allthecompressed:diorite_3x","allthecompressed:diorite_4x","allthecompressed:compress/diorite_4x"
"diorite","5","59049","allthecompressed:diorite_4x","allthecompressed:diorite_5x","allthecompressed:compress/diorite_5x"
"diorite","6","531441","allthecompressed:diorite_5x","allthecompressed:diorite_6x","allthecompressed:compress/diorite_6x"
"diorite","7","4782969","allthecompressed:diorite_6x","allthecompressed:diorite_7x","allthecompressed:compress/diorite_7x"
"diorite","8","43046721","allthecompressed:diorite_7x","allthecompressed:diorite_8x","allthecompressed:compress/diorite_8x"
"diorite","9","387420489","allthecompressed:diorite_8x","allthecompressed:diorite_9x","allthecompressed:compress/diorite_9x"
"dirt","1","9","minecraft:dirt","allthecompressed:dirt_1x","allthecompressed:compress/dirt_1x"
"dirt","2","81","allthecompressed:dirt_1x","allthecompressed:dirt_2x","allthecompressed:compress/dirt_2x"
"dirt","3","729","allthecompressed:dirt_2x","allthecompressed:dirt_3x","allthecompressed:compress/dirt_3x"
"dirt","4","6561","allthecompressed:dirt_3x","allthecompressed:dirt_4x","allthecompressed:compress/dirt_4x"
"dirt","5","59049","allthecompressed:dirt_4x","allthecompressed:dirt_5x","allthecompressed:compress/dirt_5x"
"dirt","6","531441","allthecompressed:dirt_5x","allthecompressed:dirt_6x","allthecompressed:compress/dirt_6x"
"dirt","7","4782969","allthecompressed:dirt_6x","allthecompressed:dirt_7x","allthecompressed:compress/dirt_7x"
"dirt","8","43046721","allthecompressed:dirt_7x","allthecompressed:dirt_8x","allthecompressed:compress/dirt_8x"
"dirt","9","387420489","allthecompressed:dirt_8x","allthecompressed:dirt_9x","allthecompressed:compress/dirt_9x"
"dried_kelp_block","1","9","minecraft:dried_kelp_block","allthecompressed:dried_kelp_block_1x","allthecompressed:compress/dried_kelp_block_1x"
"dried_kelp_block","2","81","allthecompressed:dried_kelp_block_1x","allthecompressed:dried_kelp_block_2x","allthecompressed:compress/dried_kelp_block_2x"
"dried_kelp_block","3","729","allthecompressed:dried_kelp_block_2x","allthecompressed:dried_kelp_block_3x","allthecompressed:compress/dried_kelp_block_3x"
"dried_kelp_block","4","6561","allthecompressed:dried_kelp_block_3x","allthecompressed:dried_kelp_block_4x","allthecompressed:compress/dried_kelp_block_4x"
"dried_kelp_block","5","59049","allthecompressed:dried_kelp_block_4x","allthecompressed:dried_kelp_block_5x","allthecompressed:compress/dried_kelp_block_5x"
"dried_kelp_block","6","531441","allthecompressed:dried_kelp_block_5x","allthecompressed:dried_kelp_block_6x","allthecompressed:compress/dried_kelp_block_6x"
"dried_kelp_block","7","4782969","allthecompressed:dried_kelp_block_6x","allthecompressed:dried_kelp_block_7x","allthecompressed:compress/dried_kelp_block_7x"
"dried_kelp_block","8","43046721","allthecompressed:dried_kelp_block_7x","allthecompressed:dried_kelp_block_8x","allthecompressed:compress/dried_kelp_block_8x"
"dried_kelp_block","9","387420489","allthecompressed:dried_kelp_block_8x","allthecompressed:dried_kelp_block_9x","allthecompressed:compress/dried_kelp_block_9x"
"dripstone_block","1","9","minecraft:dripstone_block","allthecompressed:dripstone_block_1x","allthecompressed:compress/dripstone_block_1x"
"dripstone_block","2","81","allthecompressed:dripstone_block_1x","allthecompressed:dripstone_block_2x","allthecompressed:compress/dripstone_block_2x"
"dripstone_block","3","729","allthecompressed:dripstone_block_2x","allthecompressed:dripstone_block_3x","allthecompressed:compress/dripstone_block_3x"
"dripstone_block","4","6561","allthecompressed:dripstone_block_3x","allthecompressed:dripstone_block_4x","allthecompressed:compress/dripstone_block_4x"
"dripstone_block","5","59049","allthecompressed:dripstone_block_4x","allthecompressed:dripstone_block_5x","allthecompressed:compress/dripstone_block_5x"
"dripstone_block","6","531441","allthecompressed:dripstone_block_5x","allthecompressed:dripstone_block_6x","allthecompressed:compress/dripstone_block_6x"
"dripstone_block","7","4782969","allthecompressed:dripstone_block_6x","allthecompressed:dripstone_block_7x","allthecompressed:compress/dripstone_block_7x"
"dripstone_block","8","43046721","allthecompressed:dripstone_block_7x","allthecompressed:dripstone_block_8x","allthecompressed:compress/dripstone_block_8x"
"dripstone_block","9","387420489","allthecompressed:dripstone_block_8x","allthecompressed:dripstone_block_9x","allthecompressed:compress/dripstone_block_9x"
"dust","1","9","exdeorum:dust","allthecompressed:dust_1x","allthecompressed:compress/dust_1x"
"dust","2","81","allthecompressed:dust_1x","allthecompressed:dust_2x","allthecompressed:compress/dust_2x"
"dust","3","729","allthecompressed:dust_2x","allthecompressed:dust_3x","allthecompressed:compress/dust_3x"
"dust","4","6561","allthecompressed:dust_3x","allthecompressed:dust_4x","allthecompressed:compress/dust_4x"
"dust","5","59049","allthecompressed:dust_4x","allthecompressed:dust_5x","allthecompressed:compress/dust_5x"
"dust","6","531441","allthecompressed:dust_5x","allthecompressed:dust_6x","allthecompressed:compress/dust_6x"
"dust","7","4782969","allthecompressed:dust_6x","allthecompressed:dust_7x","allthecompressed:compress/dust_7x"
"dust","8","43046721","allthecompressed:dust_7x","allthecompressed:dust_8x","allthecompressed:compress/dust_8x"
"dust","9","387420489","allthecompressed:dust_8x","allthecompressed:dust_9x","allthecompressed:compress/dust_9x"
"electrum_block","1","9","alltheores:electrum_block","allthecompressed:electrum_block_1x","allthecompressed:compress/electrum_block_1x"
"electrum_block","2","81","allthecompressed:electrum_block_1x","allthecompressed:electrum_block_2x","allthecompressed:compress/electrum_block_2x"
"electrum_block","3","729","allthecompressed:electrum_block_2x","allthecompressed:electrum_block_3x","allthecompressed:compress/electrum_block_3x"
"electrum_block","4","6561","allthecompressed:electrum_block_3x","allthecompressed:electrum_block_4x","allthecompressed:compress/electrum_block_4x"
"electrum_block","5","59049","allthecompressed:electrum_block_4x","allthecompressed:electrum_block_5x","allthecompressed:compress/electrum_block_5x"
"electrum_block","6","531441","allthecompressed:electrum_block_5x","allthecompressed:electrum_block_6x","allthecompressed:compress/electrum_block_6x"
"electrum_block","7","4782969","allthecompressed:electrum_block_6x","allthecompressed:electrum_block_7x","allthecompressed:compress/electrum_block_7x"
"electrum_block","8","43046721","allthecompressed:electrum_block_7x","allthecompressed:electrum_block_8x","allthecompressed:compress/electrum_block_8x"
"electrum_block","9","387420489","allthecompressed:electrum_block_8x","allthecompressed:electrum_block_9x","allthecompressed:compress/electrum_block_9x"
"emberstone_block","1","9","aoa3:emberstone_block","allthecompressed:emberstone_block_1x","allthecompressed:compress/emberstone_block_1x"
"emberstone_block","2","81","allthecompressed:emberstone_block_1x","allthecompressed:emberstone_block_2x","allthecompressed:compress/emberstone_block_2x"
"emberstone_block","3","729","allthecompressed:emberstone_block_2x","allthecompressed:emberstone_block_3x","allthecompressed:compress/emberstone_block_3x"
"emberstone_block","4","6561","allthecompressed:emberstone_block_3x","allthecompressed:emberstone_block_4x","allthecompressed:compress/emberstone_block_4x"
"emberstone_block","5","59049","allthecompressed:emberstone_block_4x","allthecompressed:emberstone_block_5x","allthecompressed:compress/emberstone_block_5x"
"emberstone_block","6","531441","allthecompressed:emberstone_block_5x","allthecompressed:emberstone_block_6x","allthecompressed:compress/emberstone_block_6x"
"emberstone_block","7","4782969","allthecompressed:emberstone_block_6x","allthecompressed:emberstone_block_7x","allthecompressed:compress/emberstone_block_7x"
"emberstone_block","8","43046721","allthecompressed:emberstone_block_7x","allthecompressed:emberstone_block_8x","allthecompressed:compress/emberstone_block_8x"
"emberstone_block","9","387420489","allthecompressed:emberstone_block_8x","allthecompressed:emberstone_block_9x","allthecompressed:compress/emberstone_block_9x"
"emerald_block","1","9","minecraft:emerald_block","allthecompressed:emerald_block_1x","allthecompressed:compress/emerald_block_1x"
"emerald_block","2","81","allthecompressed:emerald_block_1x","allthecompressed:emerald_block_2x","allthecompressed:compress/emerald_block_2x"
"emerald_block","3","729","allthecompressed:emerald_block_2x","allthecompressed:emerald_block_3x","allthecompressed:compress/emerald_block_3x"
"emerald_block","4","6561","allthecompressed:emerald_block_3x","allthecompressed:emerald_block_4x","allthecompressed:compress/emerald_block_4x"
"emerald_block","5","59049","allthecompressed:emerald_block_4x","allthecompressed:emerald_block_5x","allthecompressed:compress/emerald_block_5x"
"emerald_block","6","531441","allthecompressed:emerald_block_5x","allthecompressed:emerald_block_6x","allthecompressed:compress/emerald_block_6x"
"emerald_block","7","4782969","allthecompressed:emerald_block_6x","allthecompressed:emerald_block_7x","allthecompressed:compress/emerald_block_7x"
"emerald_block","8","43046721","allthecompressed:emerald_block_7x","allthecompressed:emerald_block_8x","allthecompressed:compress/emerald_block_8x"
"emerald_block","9","387420489","allthecompressed:emerald_block_8x","allthecompressed:emerald_block_9x","allthecompressed:compress/emerald_block_9x"
"end_steel_block","1","9","enderio:end_steel_block","allthecompressed:end_steel_block_1x","allthecompressed:compress/end_steel_block_1x"
"end_steel_block","2","81","allthecompressed:end_steel_block_1x","allthecompressed:end_steel_block_2x","allthecompressed:compress/end_steel_block_2x"
"end_steel_block","3","729","allthecompressed:end_steel_block_2x","allthecompressed:end_steel_block_3x","allthecompressed:compress/end_steel_block_3x"
"end_steel_block","4","6561","allthecompressed:end_steel_block_3x","allthecompressed:end_steel_block_4x","allthecompressed:compress/end_steel_block_4x"
"end_steel_block","5","59049","allthecompressed:end_steel_block_4x","allthecompressed:end_steel_block_5x","allthecompressed:compress/end_steel_block_5x"
"end_steel_block","6","531441","allthecompressed:end_steel_block_5x","allthecompressed:end_steel_block_6x","allthecompressed:compress/end_steel_block_6x"
"end_steel_block","7","4782969","allthecompressed:end_steel_block_6x","allthecompressed:end_steel_block_7x","allthecompressed:compress/end_steel_block_7x"
"end_steel_block","8","43046721","allthecompressed:end_steel_block_7x","allthecompressed:end_steel_block_8x","allthecompressed:compress/end_steel_block_8x"
"end_steel_block","9","387420489","allthecompressed:end_steel_block_8x","allthecompressed:end_steel_block_9x","allthecompressed:compress/end_steel_block_9x"
"end_stone","1","9","minecraft:end_stone","allthecompressed:end_stone_1x","allthecompressed:compress/end_stone_1x"
"end_stone","2","81","allthecompressed:end_stone_1x","allthecompressed:end_stone_2x","allthecompressed:compress/end_stone_2x"
"end_stone","3","729","allthecompressed:end_stone_2x","allthecompressed:end_stone_3x","allthecompressed:compress/end_stone_3x"
"end_stone","4","6561","allthecompressed:end_stone_3x","allthecompressed:end_stone_4x","allthecompressed:compress/end_stone_4x"
"end_stone","5","59049","allthecompressed:end_stone_4x","allthecompressed:end_stone_5x","allthecompressed:compress/end_stone_5x"
"end_stone","6","531441","allthecompressed:end_stone_5x","allthecompressed:end_stone_6x","allthecompressed:compress/end_stone_6x"
"end_stone","7","4782969","allthecompressed:end_stone_6x","allthecompressed:end_stone_7x","allthecompressed:compress/end_stone_7x"
"end_stone","8","43046721","allthecompressed:end_stone_7x","allthecompressed:end_stone_8x","allthecompressed:compress/end_stone_8x"
"end_stone","9","387420489","allthecompressed:end_stone_8x","allthecompressed:end_stone_9x","allthecompressed:compress/end_stone_9x"
"ender_pearl_block","1","9","allthetweaks:ender_pearl_block","allthecompressed:ender_pearl_block_1x","allthecompressed:compress/ender_pearl_block_1x"
"ender_pearl_block","2","81","allthecompressed:ender_pearl_block_1x","allthecompressed:ender_pearl_block_2x","allthecompressed:compress/ender_pearl_block_2x"
"ender_pearl_block","3","729","allthecompressed:ender_pearl_block_2x","allthecompressed:ender_pearl_block_3x","allthecompressed:compress/ender_pearl_block_3x"
"ender_pearl_block","4","6561","allthecompressed:ender_pearl_block_3x","allthecompressed:ender_pearl_block_4x","allthecompressed:compress/ender_pearl_block_4x"
"ender_pearl_block","5","59049","allthecompressed:ender_pearl_block_4x","allthecompressed:ender_pearl_block_5x","allthecompressed:compress/ender_pearl_block_5x"
"ender_pearl_block","6","531441","allthecompressed:ender_pearl_block_5x","allthecompressed:ender_pearl_block_6x","allthecompressed:compress/ender_pearl_block_6x"
"ender_pearl_block","7","4782969","allthecompressed:ender_pearl_block_6x","allthecompressed:ender_pearl_block_7x","allthecompressed:compress/ender_pearl_block_7x"
"ender_pearl_block","8","43046721","allthecompressed:ender_pearl_block_7x","allthecompressed:ender_pearl_block_8x","allthecompressed:compress/ender_pearl_block_8x"
"ender_pearl_block","9","387420489","allthecompressed:ender_pearl_block_8x","allthecompressed:ender_pearl_block_9x","allthecompressed:compress/ender_pearl_block_9x"
"enderium_block","1","9","alltheores:enderium_block","allthecompressed:enderium_block_1x","allthecompressed:compress/enderium_block_1x"
"enderium_block","2","81","allthecompressed:enderium_block_1x","allthecompressed:enderium_block_2x","allthecompressed:compress/enderium_block_2x"
"enderium_block","3","729","allthecompressed:enderium_block_2x","allthecompressed:enderium_block_3x","allthecompressed:compress/enderium_block_3x"
"enderium_block","4","6561","allthecompressed:enderium_block_3x","allthecompressed:enderium_block_4x","allthecompressed:compress/enderium_block_4x"
"enderium_block","5","59049","allthecompressed:enderium_block_4x","allthecompressed:enderium_block_5x","allthecompressed:compress/enderium_block_5x"
"enderium_block","6","531441","allthecompressed:enderium_block_5x","allthecompressed:enderium_block_6x","allthecompressed:compress/enderium_block_6x"
"enderium_block","7","4782969","allthecompressed:enderium_block_6x","allthecompressed:enderium_block_7x","allthecompressed:compress/enderium_block_7x"
"enderium_block","8","43046721","allthecompressed:enderium_block_7x","allthecompressed:enderium_block_8x","allthecompressed:compress/enderium_block_8x"
"enderium_block","9","387420489","allthecompressed:enderium_block_8x","allthecompressed:enderium_block_9x","allthecompressed:compress/enderium_block_9x"
"energetic_alloy_block","1","9","enderio:energetic_alloy_block","allthecompressed:energetic_alloy_block_1x","allthecompressed:compress/energetic_alloy_block_1x"
"energetic_alloy_block","2","81","allthecompressed:energetic_alloy_block_1x","allthecompressed:energetic_alloy_block_2x","allthecompressed:compress/energetic_alloy_block_2x"
"energetic_alloy_block","3","729","allthecompressed:energetic_alloy_block_2x","allthecompressed:energetic_alloy_block_3x","allthecompressed:compress/energetic_alloy_block_3x"
"energetic_alloy_block","4","6561","allthecompressed:energetic_alloy_block_3x","allthecompressed:energetic_alloy_block_4x","allthecompressed:compress/energetic_alloy_block_4x"
"energetic_alloy_block","5","59049","allthecompressed:energetic_alloy_block_4x","allthecompressed:energetic_alloy_block_5x","allthecompressed:compress/energetic_alloy_block_5x"
"energetic_alloy_block","6","531441","allthecompressed:energetic_alloy_block_5x","allthecompressed:energetic_alloy_block_6x","allthecompressed:compress/energetic_alloy_block_6x"
"energetic_alloy_block","7","4782969","allthecompressed:energetic_alloy_block_6x","allthecompressed:energetic_alloy_block_7x","allthecompressed:compress/energetic_alloy_block_7x"
"energetic_alloy_block","8","43046721","allthecompressed:energetic_alloy_block_7x","allthecompressed:energetic_alloy_block_8x","allthecompressed:compress/energetic_alloy_block_8x"
"energetic_alloy_block","9","387420489","allthecompressed:energetic_alloy_block_8x","allthecompressed:energetic_alloy_block_9x","allthecompressed:compress/energetic_alloy_block_9x"
"energized_steel_block","1","9","powah:energized_steel_block","allthecompressed:energized_steel_block_1x","allthecompressed:compress/energized_steel_block_1x"
"energized_steel_block","2","81","allthecompressed:energized_steel_block_1x","allthecompressed:energized_steel_block_2x","allthecompressed:compress/energized_steel_block_2x"
"energized_steel_block","3","729","allthecompressed:energized_steel_block_2x","allthecompressed:energized_steel_block_3x","allthecompressed:compress/energized_steel_block_3x"
"energized_steel_block","4","6561","allthecompressed:energized_steel_block_3x","allthecompressed:energized_steel_block_4x","allthecompressed:compress/energized_steel_block_4x"
"energized_steel_block","5","59049","allthecompressed:energized_steel_block_4x","allthecompressed:energized_steel_block_5x","allthecompressed:compress/energized_steel_block_5x"
"energized_steel_block","6","531441","allthecompressed:energized_steel_block_5x","allthecompressed:energized_steel_block_6x","allthecompressed:compress/energized_steel_block_6x"
"energized_steel_block","7","4782969","allthecompressed:energized_steel_block_6x","allthecompressed:energized_steel_block_7x","allthecompressed:compress/energized_steel_block_7x"
"energized_steel_block","8","43046721","allthecompressed:energized_steel_block_7x","allthecompressed:energized_steel_block_8x","allthecompressed:compress/energized_steel_block_8x"
"energized_steel_block","9","387420489","allthecompressed:energized_steel_block_8x","allthecompressed:energized_steel_block_9x","allthecompressed:compress/energized_steel_block_9x"
"entro_block","1","9","extendedae:entro_block","allthecompressed:entro_block_1x","allthecompressed:compress/entro_block_1x"
"entro_block","2","81","allthecompressed:entro_block_1x","allthecompressed:entro_block_2x","allthecompressed:compress/entro_block_2x"
"entro_block","3","729","allthecompressed:entro_block_2x","allthecompressed:entro_block_3x","allthecompressed:compress/entro_block_3x"
"entro_block","4","6561","allthecompressed:entro_block_3x","allthecompressed:entro_block_4x","allthecompressed:compress/entro_block_4x"
"entro_block","5","59049","allthecompressed:entro_block_4x","allthecompressed:entro_block_5x","allthecompressed:compress/entro_block_5x"
"entro_block","6","531441","allthecompressed:entro_block_5x","allthecompressed:entro_block_6x","allthecompressed:compress/entro_block_6x"
"entro_block","7","4782969","allthecompressed:entro_block_6x","allthecompressed:entro_block_7x","allthecompressed:compress/entro_block_7x"
"entro_block","8","43046721","allthecompressed:entro_block_7x","allthecompressed:entro_block_8x","allthecompressed:compress/entro_block_8x"
"entro_block","9","387420489","allthecompressed:entro_block_8x","allthecompressed:entro_block_9x","allthecompressed:compress/entro_block_9x"
"flint_block","1","9","allthecompressed:flint_block","allthecompressed:flint_block_1x","allthecompressed:compress/flint_block_1x"
"flint_block","2","81","allthecompressed:flint_block_1x","allthecompressed:flint_block_2x","allthecompressed:compress/flint_block_2x"
"flint_block","3","729","allthecompressed:flint_block_2x","allthecompressed:flint_block_3x","allthecompressed:compress/flint_block_3x"
"flint_block","4","6561","allthecompressed:flint_block_3x","allthecompressed:flint_block_4x","allthecompressed:compress/flint_block_4x"
"flint_block","5","59049","allthecompressed:flint_block_4x","allthecompressed:flint_block_5x","allthecompressed:compress/flint_block_5x"
"flint_block","6","531441","allthecompressed:flint_block_5x","allthecompressed:flint_block_6x","allthecompressed:compress/flint_block_6x"
"flint_block","7","4782969","allthecompressed:flint_block_6x","allthecompressed:flint_block_7x","allthecompressed:compress/flint_block_7x"
"flint_block","8","43046721","allthecompressed:flint_block_7x","allthecompressed:flint_block_8x","allthecompressed:compress/flint_block_8x"
"flint_block","9","387420489","allthecompressed:flint_block_8x","allthecompressed:flint_block_9x","allthecompressed:compress/flint_block_9x"
"fluix_block","1","9","ae2:fluix_block","allthecompressed:fluix_block_1x","allthecompressed:compress/fluix_block_1x"
"fluix_block","2","81","allthecompressed:fluix_block_1x","allthecompressed:fluix_block_2x","allthecompressed:compress/fluix_block_2x"
"fluix_block","3","729","allthecompressed:fluix_block_2x","allthecompressed:fluix_block_3x","allthecompressed:compress/fluix_block_3x"
"fluix_block","4","6561","allthecompressed:fluix_block_3x","allthecompressed:fluix_block_4x","allthecompressed:compress/fluix_block_4x"
"fluix_block","5","59049","allthecompressed:fluix_block_4x","allthecompressed:fluix_block_5x","allthecompressed:compress/fluix_block_5x"
"fluix_block","6","531441","allthecompressed:fluix_block_5x","allthecompressed:fluix_block_6x","allthecompressed:compress/fluix_block_6x"
"fluix_block","7","4782969","allthecompressed:fluix_block_6x","allthecompressed:fluix_block_7x","allthecompressed:compress/fluix_block_7x"
"fluix_block","8","43046721","allthecompressed:fluix_block_7x","allthecompressed:fluix_block_8x","allthecompressed:compress/fluix_block_8x"
"fluix_block","9","387420489","allthecompressed:fluix_block_8x","allthecompressed:fluix_block_9x","allthecompressed:compress/fluix_block_9x"
"fluorite_block","1","9","alltheores:fluorite_block","allthecompressed:fluorite_block_1x","allthecompressed:compress/fluorite_block_1x"
"fluorite_block","2","81","allthecompressed:fluorite_block_1x","allthecompressed:fluorite_block_2x","allthecompressed:compress/fluorite_block_2x"
"fluorite_block","3","729","allthecompressed:fluorite_block_2x","allthecompressed:fluorite_block_3x","allthecompressed:compress/fluorite_block_3x"
"fluorite_block","4","6561","allthecompressed:fluorite_block_3x","allthecompressed:fluorite_block_4x","allthecompressed:compress/fluorite_block_4x"
"fluorite_block","5","59049","allthecompressed:fluorite_block_4x","allthecompressed:fluorite_block_5x","allthecompressed:compress/fluorite_block_5x"
"fluorite_block","6","531441","allthecompressed:fluorite_block_5x","allthecompressed:fluorite_block_6x","allthecompressed:compress/fluorite_block_6x"
"fluorite_block","7","4782969","allthecompressed:fluorite_block_6x","allthecompressed:fluorite_block_7x","allthecompressed:compress/fluorite_block_7x"
"fluorite_block","8","43046721","allthecompressed:fluorite_block_7x","allthecompressed:fluorite_block_8x","allthecompressed:compress/fluorite_block_8x"
"fluorite_block","9","387420489","allthecompressed:fluorite_block_8x","allthecompressed:fluorite_block_9x","allthecompressed:compress/fluorite_block_9x"
"glass","1","9","minecraft:glass","allthecompressed:glass_1x","allthecompressed:compress/glass_1x"
"glass","2","81","allthecompressed:glass_1x","allthecompressed:glass_2x","allthecompressed:compress/glass_2x"
"glass","3","729","allthecompressed:glass_2x","allthecompressed:glass_3x","allthecompressed:compress/glass_3x"
"glass","4","6561","allthecompressed:glass_3x","allthecompressed:glass_4x","allthecompressed:compress/glass_4x"
"glass","5","59049","allthecompressed:glass_4x","allthecompressed:glass_5x","allthecompressed:compress/glass_5x"
"glass","6","531441","allthecompressed:glass_5x","allthecompressed:glass_6x","allthecompressed:compress/glass_6x"
"glass","7","4782969","allthecompressed:glass_6x","allthecompressed:glass_7x","allthecompressed:compress/glass_7x"
"glass","8","43046721","allthecompressed:glass_7x","allthecompressed:glass_8x","allthecompressed:compress/glass_8x"
"glass","9","387420489","allthecompressed:glass_8x","allthecompressed:glass_9x","allthecompressed:compress/glass_9x"
"glowstone","1","9","minecraft:glowstone","allthecompressed:glowstone_1x","allthecompressed:compress/glowstone_1x"
"glowstone","2","81","allthecompressed:glowstone_1x","allthecompressed:glowstone_2x","allthecompressed:compress/glowstone_2x"
"glowstone","3","729","allthecompressed:glowstone_2x","allthecompressed:glowstone_3x","allthecompressed:compress/glowstone_3x"
"glowstone","4","6561","allthecompressed:glowstone_3x","allthecompressed:glowstone_4x","allthecompressed:compress/glowstone_4x"
"glowstone","5","59049","allthecompressed:glowstone_4x","allthecompressed:glowstone_5x","allthecompressed:compress/glowstone_5x"
"glowstone","6","531441","allthecompressed:glowstone_5x","allthecompressed:glowstone_6x","allthecompressed:compress/glowstone_6x"
"glowstone","7","4782969","allthecompressed:glowstone_6x","allthecompressed:glowstone_7x","allthecompressed:compress/glowstone_7x"
"glowstone","8","43046721","allthecompressed:glowstone_7x","allthecompressed:glowstone_8x","allthecompressed:compress/glowstone_8x"
"glowstone","9","387420489","allthecompressed:glowstone_8x","allthecompressed:glowstone_9x","allthecompressed:compress/glowstone_9x"
"gold_block","1","9","minecraft:gold_block","allthecompressed:gold_block_1x","allthecompressed:compress/gold_block_1x"
"gold_block","2","81","allthecompressed:gold_block_1x","allthecompressed:gold_block_2x","allthecompressed:compress/gold_block_2x"
"gold_block","3","729","allthecompressed:gold_block_2x","allthecompressed:gold_block_3x","allthecompressed:compress/gold_block_3x"
"gold_block","4","6561","allthecompressed:gold_block_3x","allthecompressed:gold_block_4x","allthecompressed:compress/gold_block_4x"
"gold_block","5","59049","allthecompressed:gold_block_4x","allthecompressed:gold_block_5x","allthecompressed:compress/gold_block_5x"
"gold_block","6","531441","allthecompressed:gold_block_5x","allthecompressed:gold_block_6x","allthecompressed:compress/gold_block_6x"
"gold_block","7","4782969","allthecompressed:gold_block_6x","allthecompressed:gold_block_7x","allthecompressed:compress/gold_block_7x"
"gold_block","8","43046721","allthecompressed:gold_block_7x","allthecompressed:gold_block_8x","allthecompressed:compress/gold_block_8x"
"gold_block","9","387420489","allthecompressed:gold_block_8x","allthecompressed:gold_block_9x","allthecompressed:compress/gold_block_9x"
"granite","1","9","minecraft:granite","allthecompressed:granite_1x","allthecompressed:compress/granite_1x"
"granite","2","81","allthecompressed:granite_1x","allthecompressed:granite_2x","allthecompressed:compress/granite_2x"
"granite","3","729","allthecompressed:granite_2x","allthecompressed:granite_3x","allthecompressed:compress/granite_3x"
"granite","4","6561","allthecompressed:granite_3x","allthecompressed:granite_4x","allthecompressed:compress/granite_4x"
"granite","5","59049","allthecompressed:granite_4x","allthecompressed:granite_5x","allthecompressed:compress/granite_5x"
"granite","6","531441","allthecompressed:granite_5x","allthecompressed:granite_6x","allthecompressed:compress/granite_6x"
"granite","7","4782969","allthecompressed:granite_6x","allthecompressed:granite_7x","allthecompressed:compress/granite_7x"
"granite","8","43046721","allthecompressed:granite_7x","allthecompressed:granite_8x","allthecompressed:compress/granite_8x"
"granite","9","387420489","allthecompressed:granite_8x","allthecompressed:granite_9x","allthecompressed:compress/granite_9x"
"grass_block","1","9","minecraft:grass_block","allthecompressed:grass_block_1x","allthecompressed:compress/grass_block_1x"
"grass_block","2","81","allthecompressed:grass_block_1x","allthecompressed:grass_block_2x","allthecompressed:compress/grass_block_2x"
"grass_block","3","729","allthecompressed:grass_block_2x","allthecompressed:grass_block_3x","allthecompressed:compress/grass_block_3x"
"grass_block","4","6561","allthecompressed:grass_block_3x","allthecompressed:grass_block_4x","allthecompressed:compress/grass_block_4x"
"grass_block","5","59049","allthecompressed:grass_block_4x","allthecompressed:grass_block_5x","allthecompressed:compress/grass_block_5x"
"grass_block","6","531441","allthecompressed:grass_block_5x","allthecompressed:grass_block_6x","allthecompressed:compress/grass_block_6x"
"grass_block","7","4782969","allthecompressed:grass_block_6x","allthecompressed:grass_block_7x","allthecompressed:compress/grass_block_7x"
"grass_block","8","43046721","allthecompressed:grass_block_7x","allthecompressed:grass_block_8x","allthecompressed:compress/grass_block_8x"
"grass_block","9","387420489","allthecompressed:grass_block_8x","allthecompressed:grass_block_9x","allthecompressed:compress/grass_block_9x"
"gravel","1","9","minecraft:gravel","allthecompressed:gravel_1x","allthecompressed:compress/gravel_1x"
"gravel","2","81","allthecompressed:gravel_1x","allthecompressed:gravel_2x","allthecompressed:compress/gravel_2x"
"gravel","3","729","allthecompressed:gravel_2x","allthecompressed:gravel_3x","allthecompressed:compress/gravel_3x"
"gravel","4","6561","allthecompressed:gravel_3x","allthecompressed:gravel_4x","allthecompressed:compress/gravel_4x"
"gravel","5","59049","allthecompressed:gravel_4x","allthecompressed:gravel_5x","allthecompressed:compress/gravel_5x"
"gravel","6","531441","allthecompressed:gravel_5x","allthecompressed:gravel_6x","allthecompressed:compress/gravel_6x"
"gravel","7","4782969","allthecompressed:gravel_6x","allthecompressed:gravel_7x","allthecompressed:compress/gravel_7x"
"gravel","8","43046721","allthecompressed:gravel_7x","allthecompressed:gravel_8x","allthecompressed:compress/gravel_8x"
"gravel","9","387420489","allthecompressed:gravel_8x","allthecompressed:gravel_9x","allthecompressed:compress/gravel_9x"
"gray_concrete","1","9","minecraft:gray_concrete","allthecompressed:gray_concrete_1x","allthecompressed:compress/gray_concrete_1x"
"gray_concrete","2","81","allthecompressed:gray_concrete_1x","allthecompressed:gray_concrete_2x","allthecompressed:compress/gray_concrete_2x"
"gray_concrete","3","729","allthecompressed:gray_concrete_2x","allthecompressed:gray_concrete_3x","allthecompressed:compress/gray_concrete_3x"
"gray_concrete","4","6561","allthecompressed:gray_concrete_3x","allthecompressed:gray_concrete_4x","allthecompressed:compress/gray_concrete_4x"
"gray_concrete","5","59049","allthecompressed:gray_concrete_4x","allthecompressed:gray_concrete_5x","allthecompressed:compress/gray_concrete_5x"
"gray_concrete","6","531441","allthecompressed:gray_concrete_5x","allthecompressed:gray_concrete_6x","allthecompressed:compress/gray_concrete_6x"
"gray_concrete","7","4782969","allthecompressed:gray_concrete_6x","allthecompressed:gray_concrete_7x","allthecompressed:compress/gray_concrete_7x"
"gray_concrete","8","43046721","allthecompressed:gray_concrete_7x","allthecompressed:gray_concrete_8x","allthecompressed:compress/gray_concrete_8x"
"gray_concrete","9","387420489","allthecompressed:gray_concrete_8x","allthecompressed:gray_concrete_9x","allthecompressed:compress/gray_concrete_9x"
"green_concrete","1","9","minecraft:green_concrete","allthecompressed:green_concrete_1x","allthecompressed:compress/green_concrete_1x"
"green_concrete","2","81","allthecompressed:green_concrete_1x","allthecompressed:green_concrete_2x","allthecompressed:compress/green_concrete_2x"
"green_concrete","3","729","allthecompressed:green_concrete_2x","allthecompressed:green_concrete_3x","allthecompressed:compress/green_concrete_3x"
"green_concrete","4","6561","allthecompressed:green_concrete_3x","allthecompressed:green_concrete_4x","allthecompressed:compress/green_concrete_4x"
"green_concrete","5","59049","allthecompressed:green_concrete_4x","allthecompressed:green_concrete_5x","allthecompressed:compress/green_concrete_5x"
"green_concrete","6","531441","allthecompressed:green_concrete_5x","allthecompressed:green_concrete_6x","allthecompressed:compress/green_concrete_6x"
"green_concrete","7","4782969","allthecompressed:green_concrete_6x","allthecompressed:green_concrete_7x","allthecompressed:compress/green_concrete_7x"
"green_concrete","8","43046721","allthecompressed:green_concrete_7x","allthecompressed:green_concrete_8x","allthecompressed:compress/green_concrete_8x"
"green_concrete","9","387420489","allthecompressed:green_concrete_8x","allthecompressed:green_concrete_9x","allthecompressed:compress/green_concrete_9x"
"greg_star_block","1","9","allthetweaks:greg_star_block","allthecompressed:greg_star_block_1x","allthecompressed:compress/greg_star_block_1x"
"greg_star_block","2","81","allthecompressed:greg_star_block_1x","allthecompressed:greg_star_block_2x","allthecompressed:compress/greg_star_block_2x"
"greg_star_block","3","729","allthecompressed:greg_star_block_2x","allthecompressed:greg_star_block_3x","allthecompressed:compress/greg_star_block_3x"
"greg_star_block","4","6561","allthecompressed:greg_star_block_3x","allthecompressed:greg_star_block_4x","allthecompressed:compress/greg_star_block_4x"
"greg_star_block","5","59049","allthecompressed:greg_star_block_4x","allthecompressed:greg_star_block_5x","allthecompressed:compress/greg_star_block_5x"
"greg_star_block","6","531441","allthecompressed:greg_star_block_5x","allthecompressed:greg_star_block_6x","allthecompressed:compress/greg_star_block_6x"
"greg_star_block","7","4782969","allthecompressed:greg_star_block_6x","allthecompressed:greg_star_block_7x","allthecompressed:compress/greg_star_block_7x"
"greg_star_block","8","43046721","allthecompressed:greg_star_block_7x","allthecompressed:greg_star_block_8x","allthecompressed:compress/greg_star_block_8x"
"greg_star_block","9","387420489","allthecompressed:greg_star_block_8x","allthecompressed:greg_star_block_9x","allthecompressed:compress/greg_star_block_9x"
"hay_block","1","9","minecraft:hay_block","allthecompressed:hay_block_1x","allthecompressed:compress/hay_block_1x"
"hay_block","2","81","allthecompressed:hay_block_1x","allthecompressed:hay_block_2x","allthecompressed:compress/hay_block_2x"
"hay_block","3","729","allthecompressed:hay_block_2x","allthecompressed:hay_block_3x","allthecompressed:compress/hay_block_3x"
"hay_block","4","6561","allthecompressed:hay_block_3x","allthecompressed:hay_block_4x","allthecompressed:compress/hay_block_4x"
"hay_block","5","59049","allthecompressed:hay_block_4x","allthecompressed:hay_block_5x","allthecompressed:compress/hay_block_5x"
"hay_block","6","531441","allthecompressed:hay_block_5x","allthecompressed:hay_block_6x","allthecompressed:compress/hay_block_6x"
"hay_block","7","4782969","allthecompressed:hay_block_6x","allthecompressed:hay_block_7x","allthecompressed:compress/hay_block_7x"
"hay_block","8","43046721","allthecompressed:hay_block_7x","allthecompressed:hay_block_8x","allthecompressed:compress/hay_block_8x"
"hay_block","9","387420489","allthecompressed:hay_block_8x","allthecompressed:hay_block_9x","allthecompressed:compress/hay_block_9x"
"honey_block","1","9","minecraft:honey_block","allthecompressed:honey_block_1x","allthecompressed:compress/honey_block_1x"
"honey_block","2","81","allthecompressed:honey_block_1x","allthecompressed:honey_block_2x","allthecompressed:compress/honey_block_2x"
"honey_block","3","729","allthecompressed:honey_block_2x","allthecompressed:honey_block_3x","allthecompressed:compress/honey_block_3x"
"honey_block","4","6561","allthecompressed:honey_block_3x","allthecompressed:honey_block_4x","allthecompressed:compress/honey_block_4x"
"honey_block","5","59049","allthecompressed:honey_block_4x","allthecompressed:honey_block_5x","allthecompressed:compress/honey_block_5x"
"honey_block","6","531441","allthecompressed:honey_block_5x","allthecompressed:honey_block_6x","allthecompressed:compress/honey_block_6x"
"honey_block","7","4782969","allthecompressed:honey_block_6x","allthecompressed:honey_block_7x","allthecompressed:compress/honey_block_7x"
"honey_block","8","43046721","allthecompressed:honey_block_7x","allthecompressed:honey_block_8x","allthecompressed:compress/honey_block_8x"
"honey_block","9","387420489","allthecompressed:honey_block_8x","allthecompressed:honey_block_9x","allthecompressed:compress/honey_block_9x"
"honeycomb_block","1","9","minecraft:honeycomb_block","allthecompressed:honeycomb_block_1x","allthecompressed:compress/honeycomb_block_1x"
"honeycomb_block","2","81","allthecompressed:honeycomb_block_1x","allthecompressed:honeycomb_block_2x","allthecompressed:compress/honeycomb_block_2x"
"honeycomb_block","3","729","allthecompressed:honeycomb_block_2x","allthecompressed:honeycomb_block_3x","allthecompressed:compress/honeycomb_block_3x"
"honeycomb_block","4","6561","allthecompressed:honeycomb_block_3x","allthecompressed:honeycomb_block_4x","allthecompressed:compress/honeycomb_block_4x"
"honeycomb_block","5","59049","allthecompressed:honeycomb_block_4x","allthecompressed:honeycomb_block_5x","allthecompressed:compress/honeycomb_block_5x"
"honeycomb_block","6","531441","allthecompressed:honeycomb_block_5x","allthecompressed:honeycomb_block_6x","allthecompressed:compress/honeycomb_block_6x"
"honeycomb_block","7","4782969","allthecompressed:honeycomb_block_6x","allthecompressed:honeycomb_block_7x","allthecompressed:compress/honeycomb_block_7x"
"honeycomb_block","8","43046721","allthecompressed:honeycomb_block_7x","allthecompressed:honeycomb_block_8x","allthecompressed:compress/honeycomb_block_8x"
"honeycomb_block","9","387420489","allthecompressed:honeycomb_block_8x","allthecompressed:honeycomb_block_9x","allthecompressed:compress/honeycomb_block_9x"
"invar_block","1","9","alltheores:invar_block","allthecompressed:invar_block_1x","allthecompressed:compress/invar_block_1x"
"invar_block","2","81","allthecompressed:invar_block_1x","allthecompressed:invar_block_2x","allthecompressed:compress/invar_block_2x"
"invar_block","3","729","allthecompressed:invar_block_2x","allthecompressed:invar_block_3x","allthecompressed:compress/invar_block_3x"
"invar_block","4","6561","allthecompressed:invar_block_3x","allthecompressed:invar_block_4x","allthecompressed:compress/invar_block_4x"
"invar_block","5","59049","allthecompressed:invar_block_4x","allthecompressed:invar_block_5x","allthecompressed:compress/invar_block_5x"
"invar_block","6","531441","allthecompressed:invar_block_5x","allthecompressed:invar_block_6x","allthecompressed:compress/invar_block_6x"
"invar_block","7","4782969","allthecompressed:invar_block_6x","allthecompressed:invar_block_7x","allthecompressed:compress/invar_block_7x"
"invar_block","8","43046721","allthecompressed:invar_block_7x","allthecompressed:invar_block_8x","allthecompressed:compress/invar_block_8x"
"invar_block","9","387420489","allthecompressed:invar_block_8x","allthecompressed:invar_block_9x","allthecompressed:compress/invar_block_9x"
"iridium_block","1","9","alltheores:iridium_block","allthecompressed:iridium_block_1x","allthecompressed:compress/iridium_block_1x"
"iridium_block","2","81","allthecompressed:iridium_block_1x","allthecompressed:iridium_block_2x","allthecompressed:compress/iridium_block_2x"
"iridium_block","3","729","allthecompressed:iridium_block_2x","allthecompressed:iridium_block_3x","allthecompressed:compress/iridium_block_3x"
"iridium_block","4","6561","allthecompressed:iridium_block_3x","allthecompressed:iridium_block_4x","allthecompressed:compress/iridium_block_4x"
"iridium_block","5","59049","allthecompressed:iridium_block_4x","allthecompressed:iridium_block_5x","allthecompressed:compress/iridium_block_5x"
"iridium_block","6","531441","allthecompressed:iridium_block_5x","allthecompressed:iridium_block_6x","allthecompressed:compress/iridium_block_6x"
"iridium_block","7","4782969","allthecompressed:iridium_block_6x","allthecompressed:iridium_block_7x","allthecompressed:compress/iridium_block_7x"
"iridium_block","8","43046721","allthecompressed:iridium_block_7x","allthecompressed:iridium_block_8x","allthecompressed:compress/iridium_block_8x"
"iridium_block","9","387420489","allthecompressed:iridium_block_8x","allthecompressed:iridium_block_9x","allthecompressed:compress/iridium_block_9x"
"iron_block","1","9","minecraft:iron_block","allthecompressed:iron_block_1x","allthecompressed:compress/iron_block_1x"
"iron_block","2","81","allthecompressed:iron_block_1x","allthecompressed:iron_block_2x","allthecompressed:compress/iron_block_2x"
"iron_block","3","729","allthecompressed:iron_block_2x","allthecompressed:iron_block_3x","allthecompressed:compress/iron_block_3x"
"iron_block","4","6561","allthecompressed:iron_block_3x","allthecompressed:iron_block_4x","allthecompressed:compress/iron_block_4x"
"iron_block","5","59049","allthecompressed:iron_block_4x","allthecompressed:iron_block_5x","allthecompressed:compress/iron_block_5x"
"iron_block","6","531441","allthecompressed:iron_block_5x","allthecompressed:iron_block_6x","allthecompressed:compress/iron_block_6x"
"iron_block","7","4782969","allthecompressed:iron_block_6x","allthecompressed:iron_block_7x","allthecompressed:compress/iron_block_7x"
"iron_block","8","43046721","allthecompressed:iron_block_7x","allthecompressed:iron_block_8x","allthecompressed:compress/iron_block_8x"
"iron_block","9","387420489","allthecompressed:iron_block_8x","allthecompressed:iron_block_9x","allthecompressed:compress/iron_block_9x"
"jade_block","1","9","aoa3:jade_block","allthecompressed:jade_block_1x","allthecompressed:compress/jade_block_1x"
"jade_block","2","81","allthecompressed:jade_block_1x","allthecompressed:jade_block_2x","allthecompressed:compress/jade_block_2x"
"jade_block","3","729","allthecompressed:jade_block_2x","allthecompressed:jade_block_3x","allthecompressed:compress/jade_block_3x"
"jade_block","4","6561","allthecompressed:jade_block_3x","allthecompressed:jade_block_4x","allthecompressed:compress/jade_block_4x"
"jade_block","5","59049","allthecompressed:jade_block_4x","allthecompressed:jade_block_5x","allthecompressed:compress/jade_block_5x"
"jade_block","6","531441","allthecompressed:jade_block_5x","allthecompressed:jade_block_6x","allthecompressed:compress/jade_block_6x"
"jade_block","7","4782969","allthecompressed:jade_block_6x","allthecompressed:jade_block_7x","allthecompressed:compress/jade_block_7x"
"jade_block","8","43046721","allthecompressed:jade_block_7x","allthecompressed:jade_block_8x","allthecompressed:compress/jade_block_8x"
"jade_block","9","387420489","allthecompressed:jade_block_8x","allthecompressed:jade_block_9x","allthecompressed:compress/jade_block_9x"
"jungle_log","1","9","minecraft:jungle_log","allthecompressed:jungle_log_1x","allthecompressed:compress/jungle_log_1x"
"jungle_log","2","81","allthecompressed:jungle_log_1x","allthecompressed:jungle_log_2x","allthecompressed:compress/jungle_log_2x"
"jungle_log","3","729","allthecompressed:jungle_log_2x","allthecompressed:jungle_log_3x","allthecompressed:compress/jungle_log_3x"
"jungle_log","4","6561","allthecompressed:jungle_log_3x","allthecompressed:jungle_log_4x","allthecompressed:compress/jungle_log_4x"
"jungle_log","5","59049","allthecompressed:jungle_log_4x","allthecompressed:jungle_log_5x","allthecompressed:compress/jungle_log_5x"
"jungle_log","6","531441","allthecompressed:jungle_log_5x","allthecompressed:jungle_log_6x","allthecompressed:compress/jungle_log_6x"
"jungle_log","7","4782969","allthecompressed:jungle_log_6x","allthecompressed:jungle_log_7x","allthecompressed:compress/jungle_log_7x"
"jungle_log","8","43046721","allthecompressed:jungle_log_7x","allthecompressed:jungle_log_8x","allthecompressed:compress/jungle_log_8x"
"jungle_log","9","387420489","allthecompressed:jungle_log_8x","allthecompressed:jungle_log_9x","allthecompressed:compress/jungle_log_9x"
"jungle_planks","1","9","minecraft:jungle_planks","allthecompressed:jungle_planks_1x","allthecompressed:compress/jungle_planks_1x"
"jungle_planks","2","81","allthecompressed:jungle_planks_1x","allthecompressed:jungle_planks_2x","allthecompressed:compress/jungle_planks_2x"
"jungle_planks","3","729","allthecompressed:jungle_planks_2x","allthecompressed:jungle_planks_3x","allthecompressed:compress/jungle_planks_3x"
"jungle_planks","4","6561","allthecompressed:jungle_planks_3x","allthecompressed:jungle_planks_4x","allthecompressed:compress/jungle_planks_4x"
"jungle_planks","5","59049","allthecompressed:jungle_planks_4x","allthecompressed:jungle_planks_5x","allthecompressed:compress/jungle_planks_5x"
"jungle_planks","6","531441","allthecompressed:jungle_planks_5x","allthecompressed:jungle_planks_6x","allthecompressed:compress/jungle_planks_6x"
"jungle_planks","7","4782969","allthecompressed:jungle_planks_6x","allthecompressed:jungle_planks_7x","allthecompressed:compress/jungle_planks_7x"
"jungle_planks","8","43046721","allthecompressed:jungle_planks_7x","allthecompressed:jungle_planks_8x","allthecompressed:compress/jungle_planks_8x"
"jungle_planks","9","387420489","allthecompressed:jungle_planks_8x","allthecompressed:jungle_planks_9x","allthecompressed:compress/jungle_planks_9x"
"kivi","1","9","xycraft_world:kivi","allthecompressed:kivi_1x","allthecompressed:compress/kivi_1x"
"kivi","2","81","allthecompressed:kivi_1x","allthecompressed:kivi_2x","allthecompressed:compress/kivi_2x"
"kivi","3","729","allthecompressed:kivi_2x","allthecompressed:kivi_3x","allthecompressed:compress/kivi_3x"
"kivi","4","6561","allthecompressed:kivi_3x","allthecompressed:kivi_4x","allthecompressed:compress/kivi_4x"
"kivi","5","59049","allthecompressed:kivi_4x","allthecompressed:kivi_5x","allthecompressed:compress/kivi_5x"
"kivi","6","531441","allthecompressed:kivi_5x","allthecompressed:kivi_6x","allthecompressed:compress/kivi_6x"
"kivi","7","4782969","allthecompressed:kivi_6x","allthecompressed:kivi_7x","allthecompressed:compress/kivi_7x"
"kivi","8","43046721","allthecompressed:kivi_7x","allthecompressed:kivi_8x","allthecompressed:compress/kivi_8x"
"kivi","9","387420489","allthecompressed:kivi_8x","allthecompressed:kivi_9x","allthecompressed:compress/kivi_9x"
"lapis_block","1","9","minecraft:lapis_block","allthecompressed:lapis_block_1x","allthecompressed:compress/lapis_block_1x"
"lapis_block","2","81","allthecompressed:lapis_block_1x","allthecompressed:lapis_block_2x","allthecompressed:compress/lapis_block_2x"
"lapis_block","3","729","allthecompressed:lapis_block_2x","allthecompressed:lapis_block_3x","allthecompressed:compress/lapis_block_3x"
"lapis_block","4","6561","allthecompressed:lapis_block_3x","allthecompressed:lapis_block_4x","allthecompressed:compress/lapis_block_4x"
"lapis_block","5","59049","allthecompressed:lapis_block_4x","allthecompressed:lapis_block_5x","allthecompressed:compress/lapis_block_5x"
"lapis_block","6","531441","allthecompressed:lapis_block_5x","allthecompressed:lapis_block_6x","allthecompressed:compress/lapis_block_6x"
"lapis_block","7","4782969","allthecompressed:lapis_block_6x","allthecompressed:lapis_block_7x","allthecompressed:compress/lapis_block_7x"
"lapis_block","8","43046721","allthecompressed:lapis_block_7x","allthecompressed:lapis_block_8x","allthecompressed:compress/lapis_block_8x"
"lapis_block","9","387420489","allthecompressed:lapis_block_8x","allthecompressed:lapis_block_9x","allthecompressed:compress/lapis_block_9x"
"lead_block","1","9","alltheores:lead_block","allthecompressed:lead_block_1x","allthecompressed:compress/lead_block_1x"
"lead_block","2","81","allthecompressed:lead_block_1x","allthecompressed:lead_block_2x","allthecompressed:compress/lead_block_2x"
"lead_block","3","729","allthecompressed:lead_block_2x","allthecompressed:lead_block_3x","allthecompressed:compress/lead_block_3x"
"lead_block","4","6561","allthecompressed:lead_block_3x","allthecompressed:lead_block_4x","allthecompressed:compress/lead_block_4x"
"lead_block","5","59049","allthecompressed:lead_block_4x","allthecompressed:lead_block_5x","allthecompressed:compress/lead_block_5x"
"lead_block","6","531441","allthecompressed:lead_block_5x","allthecompressed:lead_block_6x","allthecompressed:compress/lead_block_6x"
"lead_block","7","4782969","allthecompressed:lead_block_6x","allthecompressed:lead_block_7x","allthecompressed:compress/lead_block_7x"
"lead_block","8","43046721","allthecompressed:lead_block_7x","allthecompressed:lead_block_8x","allthecompressed:compress/lead_block_8x"
"lead_block","9","387420489","allthecompressed:lead_block_8x","allthecompressed:lead_block_9x","allthecompressed:compress/lead_block_9x"
"light_blue_concrete","1","9","minecraft:light_blue_concrete","allthecompressed:light_blue_concrete_1x","allthecompressed:compress/light_blue_concrete_1x"
"light_blue_concrete","2","81","allthecompressed:light_blue_concrete_1x","allthecompressed:light_blue_concrete_2x","allthecompressed:compress/light_blue_concrete_2x"
"light_blue_concrete","3","729","allthecompressed:light_blue_concrete_2x","allthecompressed:light_blue_concrete_3x","allthecompressed:compress/light_blue_concrete_3x"
"light_blue_concrete","4","6561","allthecompressed:light_blue_concrete_3x","allthecompressed:light_blue_concrete_4x","allthecompressed:compress/light_blue_concrete_4x"
"light_blue_concrete","5","59049","allthecompressed:light_blue_concrete_4x","allthecompressed:light_blue_concrete_5x","allthecompressed:compress/light_blue_concrete_5x"
"light_blue_concrete","6","531441","allthecompressed:light_blue_concrete_5x","allthecompressed:light_blue_concrete_6x","allthecompressed:compress/light_blue_concrete_6x"
"light_blue_concrete","7","4782969","allthecompressed:light_blue_concrete_6x","allthecompressed:light_blue_concrete_7x","allthecompressed:compress/light_blue_concrete_7x"
"light_blue_concrete","8","43046721","allthecompressed:light_blue_concrete_7x","allthecompressed:light_blue_concrete_8x","allthecompressed:compress/light_blue_concrete_8x"
"light_blue_concrete","9","387420489","allthecompressed:light_blue_concrete_8x","allthecompressed:light_blue_concrete_9x","allthecompressed:compress/light_blue_concrete_9x"
"light_gray_concrete","1","9","minecraft:light_gray_concrete","allthecompressed:light_gray_concrete_1x","allthecompressed:compress/light_gray_concrete_1x"
"light_gray_concrete","2","81","allthecompressed:light_gray_concrete_1x","allthecompressed:light_gray_concrete_2x","allthecompressed:compress/light_gray_concrete_2x"
"light_gray_concrete","3","729","allthecompressed:light_gray_concrete_2x","allthecompressed:light_gray_concrete_3x","allthecompressed:compress/light_gray_concrete_3x"
"light_gray_concrete","4","6561","allthecompressed:light_gray_concrete_3x","allthecompressed:light_gray_concrete_4x","allthecompressed:compress/light_gray_concrete_4x"
"light_gray_concrete","5","59049","allthecompressed:light_gray_concrete_4x","allthecompressed:light_gray_concrete_5x","allthecompressed:compress/light_gray_concrete_5x"
"light_gray_concrete","6","531441","allthecompressed:light_gray_concrete_5x","allthecompressed:light_gray_concrete_6x","allthecompressed:compress/light_gray_concrete_6x"
"light_gray_concrete","7","4782969","allthecompressed:light_gray_concrete_6x","allthecompressed:light_gray_concrete_7x","allthecompressed:compress/light_gray_concrete_7x"
"light_gray_concrete","8","43046721","allthecompressed:light_gray_concrete_7x","allthecompressed:light_gray_concrete_8x","allthecompressed:compress/light_gray_concrete_8x"
"light_gray_concrete","9","387420489","allthecompressed:light_gray_concrete_8x","allthecompressed:light_gray_concrete_9x","allthecompressed:compress/light_gray_concrete_9x"
"lime_concrete","1","9","minecraft:lime_concrete","allthecompressed:lime_concrete_1x","allthecompressed:compress/lime_concrete_1x"
"lime_concrete","2","81","allthecompressed:lime_concrete_1x","allthecompressed:lime_concrete_2x","allthecompressed:compress/lime_concrete_2x"
"lime_concrete","3","729","allthecompressed:lime_concrete_2x","allthecompressed:lime_concrete_3x","allthecompressed:compress/lime_concrete_3x"
"lime_concrete","4","6561","allthecompressed:lime_concrete_3x","allthecompressed:lime_concrete_4x","allthecompressed:compress/lime_concrete_4x"
"lime_concrete","5","59049","allthecompressed:lime_concrete_4x","allthecompressed:lime_concrete_5x","allthecompressed:compress/lime_concrete_5x"
"lime_concrete","6","531441","allthecompressed:lime_concrete_5x","allthecompressed:lime_concrete_6x","allthecompressed:compress/lime_concrete_6x"
"lime_concrete","7","4782969","allthecompressed:lime_concrete_6x","allthecompressed:lime_concrete_7x","allthecompressed:compress/lime_concrete_7x"
"lime_concrete","8","43046721","allthecompressed:lime_concrete_7x","allthecompressed:lime_concrete_8x","allthecompressed:compress/lime_concrete_8x"
"lime_concrete","9","387420489","allthecompressed:lime_concrete_8x","allthecompressed:lime_concrete_9x","allthecompressed:compress/lime_concrete_9x"
"limonite_block","1","9","aoa3:limonite_block","allthecompressed:limonite_block_1x","allthecompressed:compress/limonite_block_1x"
"limonite_block","2","81","allthecompressed:limonite_block_1x","allthecompressed:limonite_block_2x","allthecompressed:compress/limonite_block_2x"
"limonite_block","3","729","allthecompressed:limonite_block_2x","allthecompressed:limonite_block_3x","allthecompressed:compress/limonite_block_3x"
"limonite_block","4","6561","allthecompressed:limonite_block_3x","allthecompressed:limonite_block_4x","allthecompressed:compress/limonite_block_4x"
"limonite_block","5","59049","allthecompressed:limonite_block_4x","allthecompressed:limonite_block_5x","allthecompressed:compress/limonite_block_5x"
"limonite_block","6","531441","allthecompressed:limonite_block_5x","allthecompressed:limonite_block_6x","allthecompressed:compress/limonite_block_6x"
"limonite_block","7","4782969","allthecompressed:limonite_block_6x","allthecompressed:limonite_block_7x","allthecompressed:compress/limonite_block_7x"
"limonite_block","8","43046721","allthecompressed:limonite_block_7x","allthecompressed:limonite_block_8x","allthecompressed:compress/limonite_block_8x"
"limonite_block","9","387420489","allthecompressed:limonite_block_8x","allthecompressed:limonite_block_9x","allthecompressed:compress/limonite_block_9x"
"lumium_block","1","9","alltheores:lumium_block","allthecompressed:lumium_block_1x","allthecompressed:compress/lumium_block_1x"
"lumium_block","2","81","allthecompressed:lumium_block_1x","allthecompressed:lumium_block_2x","allthecompressed:compress/lumium_block_2x"
"lumium_block","3","729","allthecompressed:lumium_block_2x","allthecompressed:lumium_block_3x","allthecompressed:compress/lumium_block_3x"
"lumium_block","4","6561","allthecompressed:lumium_block_3x","allthecompressed:lumium_block_4x","allthecompressed:compress/lumium_block_4x"
"lumium_block","5","59049","allthecompressed:lumium_block_4x","allthecompressed:lumium_block_5x","allthecompressed:compress/lumium_block_5x"
"lumium_block","6","531441","allthecompressed:lumium_block_5x","allthecompressed:lumium_block_6x","allthecompressed:compress/lumium_block_6x"
"lumium_block","7","4782969","allthecompressed:lumium_block_6x","allthecompressed:lumium_block_7x","allthecompressed:compress/lumium_block_7x"
"lumium_block","8","43046721","allthecompressed:lumium_block_7x","allthecompressed:lumium_block_8x","allthecompressed:compress/lumium_block_8x"
"lumium_block","9","387420489","allthecompressed:lumium_block_8x","allthecompressed:lumium_block_9x","allthecompressed:compress/lumium_block_9x"
"magenta_concrete","1","9","minecraft:magenta_concrete","allthecompressed:magenta_concrete_1x","allthecompressed:compress/magenta_concrete_1x"
"magenta_concrete","2","81","allthecompressed:magenta_concrete_1x","allthecompressed:magenta_concrete_2x","allthecompressed:compress/magenta_concrete_2x"
"magenta_concrete","3","729","allthecompressed:magenta_concrete_2x","allthecompressed:magenta_concrete_3x","allthecompressed:compress/magenta_concrete_3x"
"magenta_concrete","4","6561","allthecompressed:magenta_concrete_3x","allthecompressed:magenta_concrete_4x","allthecompressed:compress/magenta_concrete_4x"
"magenta_concrete","5","59049","allthecompressed:magenta_concrete_4x","allthecompressed:magenta_concrete_5x","allthecompressed:compress/magenta_concrete_5x"
"magenta_concrete","6","531441","allthecompressed:magenta_concrete_5x","allthecompressed:magenta_concrete_6x","allthecompressed:compress/magenta_concrete_6x"
"magenta_concrete","7","4782969","allthecompressed:magenta_concrete_6x","allthecompressed:magenta_concrete_7x","allthecompressed:compress/magenta_concrete_7x"
"magenta_concrete","8","43046721","allthecompressed:magenta_concrete_7x","allthecompressed:magenta_concrete_8x","allthecompressed:compress/magenta_concrete_8x"
"magenta_concrete","9","387420489","allthecompressed:magenta_concrete_8x","allthecompressed:magenta_concrete_9x","allthecompressed:compress/magenta_concrete_9x"
"magma_block","1","9","minecraft:magma_block","allthecompressed:magma_block_1x","allthecompressed:compress/magma_block_1x"
"magma_block","2","81","allthecompressed:magma_block_1x","allthecompressed:magma_block_2x","allthecompressed:compress/magma_block_2x"
"magma_block","3","729","allthecompressed:magma_block_2x","allthecompressed:magma_block_3x","allthecompressed:compress/magma_block_3x"
"magma_block","4","6561","allthecompressed:magma_block_3x","allthecompressed:magma_block_4x","allthecompressed:compress/magma_block_4x"
"magma_block","5","59049","allthecompressed:magma_block_4x","allthecompressed:magma_block_5x","allthecompressed:compress/magma_block_5x"
"magma_block","6","531441","allthecompressed:magma_block_5x","allthecompressed:magma_block_6x","allthecompressed:compress/magma_block_6x"
"magma_block","7","4782969","allthecompressed:magma_block_6x","allthecompressed:magma_block_7x","allthecompressed:compress/magma_block_7x"
"magma_block","8","43046721","allthecompressed:magma_block_7x","allthecompressed:magma_block_8x","allthecompressed:compress/magma_block_8x"
"magma_block","9","387420489","allthecompressed:magma_block_8x","allthecompressed:magma_block_9x","allthecompressed:compress/magma_block_9x"
"mangrove_log","1","9","minecraft:mangrove_log","allthecompressed:mangrove_log_1x","allthecompressed:compress/mangrove_log_1x"
"mangrove_log","2","81","allthecompressed:mangrove_log_1x","allthecompressed:mangrove_log_2x","allthecompressed:compress/mangrove_log_2x"
"mangrove_log","3","729","allthecompressed:mangrove_log_2x","allthecompressed:mangrove_log_3x","allthecompressed:compress/mangrove_log_3x"
"mangrove_log","4","6561","allthecompressed:mangrove_log_3x","allthecompressed:mangrove_log_4x","allthecompressed:compress/mangrove_log_4x"
"mangrove_log","5","59049","allthecompressed:mangrove_log_4x","allthecompressed:mangrove_log_5x","allthecompressed:compress/mangrove_log_5x"
"mangrove_log","6","531441","allthecompressed:mangrove_log_5x","allthecompressed:mangrove_log_6x","allthecompressed:compress/mangrove_log_6x"
"mangrove_log","7","4782969","allthecompressed:mangrove_log_6x","allthecompressed:mangrove_log_7x","allthecompressed:compress/mangrove_log_7x"
"mangrove_log","8","43046721","allthecompressed:mangrove_log_7x","allthecompressed:mangrove_log_8x","allthecompressed:compress/mangrove_log_8x"
"mangrove_log","9","387420489","allthecompressed:mangrove_log_8x","allthecompressed:mangrove_log_9x","allthecompressed:compress/mangrove_log_9x"
"mangrove_planks","1","9","minecraft:mangrove_planks","allthecompressed:mangrove_planks_1x","allthecompressed:compress/mangrove_planks_1x"
"mangrove_planks","2","81","allthecompressed:mangrove_planks_1x","allthecompressed:mangrove_planks_2x","allthecompressed:compress/mangrove_planks_2x"
"mangrove_planks","3","729","allthecompressed:mangrove_planks_2x","allthecompressed:mangrove_planks_3x","allthecompressed:compress/mangrove_planks_3x"
"mangrove_planks","4","6561","allthecompressed:mangrove_planks_3x","allthecompressed:mangrove_planks_4x","allthecompressed:compress/mangrove_planks_4x"
"mangrove_planks","5","59049","allthecompressed:mangrove_planks_4x","allthecompressed:mangrove_planks_5x","allthecompressed:compress/mangrove_planks_5x"
"mangrove_planks","6","531441","allthecompressed:mangrove_planks_5x","allthecompressed:mangrove_planks_6x","allthecompressed:compress/mangrove_planks_6x"
"mangrove_planks","7","4782969","allthecompressed:mangrove_planks_6x","allthecompressed:mangrove_planks_7x","allthecompressed:compress/mangrove_planks_7x"
"mangrove_planks","8","43046721","allthecompressed:mangrove_planks_7x","allthecompressed:mangrove_planks_8x","allthecompressed:compress/mangrove_planks_8x"
"mangrove_planks","9","387420489","allthecompressed:mangrove_planks_8x","allthecompressed:mangrove_planks_9x","allthecompressed:compress/mangrove_planks_9x"
"melon","1","9","minecraft:melon","allthecompressed:melon_1x","allthecompressed:compress/melon_1x"
"melon","2","81","allthecompressed:melon_1x","allthecompressed:melon_2x","allthecompressed:compress/melon_2x"
"melon","3","729","allthecompressed:melon_2x","allthecompressed:melon_3x","allthecompressed:compress/melon_3x"
"melon","4","6561","allthecompressed:melon_3x","allthecompressed:melon_4x","allthecompressed:compress/melon_4x"
"melon","5","59049","allthecompressed:melon_4x","allthecompressed:melon_5x","allthecompressed:compress/melon_5x"
"melon","6","531441","allthecompressed:melon_5x","allthecompressed:melon_6x","allthecompressed:compress/melon_6x"
"melon","7","4782969","allthecompressed:melon_6x","allthecompressed:melon_7x","allthecompressed:compress/melon_7x"
"melon","8","43046721","allthecompressed:melon_7x","allthecompressed:melon_8x","allthecompressed:compress/melon_8x"
"melon","9","387420489","allthecompressed:melon_8x","allthecompressed:melon_9x","allthecompressed:compress/melon_9x"
"moss_block","1","9","minecraft:moss_block","allthecompressed:moss_block_1x","allthecompressed:compress/moss_block_1x"
"moss_block","2","81","allthecompressed:moss_block_1x","allthecompressed:moss_block_2x","allthecompressed:compress/moss_block_2x"
"moss_block","3","729","allthecompressed:moss_block_2x","allthecompressed:moss_block_3x","allthecompressed:compress/moss_block_3x"
"moss_block","4","6561","allthecompressed:moss_block_3x","allthecompressed:moss_block_4x","allthecompressed:compress/moss_block_4x"
"moss_block","5","59049","allthecompressed:moss_block_4x","allthecompressed:moss_block_5x","allthecompressed:compress/moss_block_5x"
"moss_block","6","531441","allthecompressed:moss_block_5x","allthecompressed:moss_block_6x","allthecompressed:compress/moss_block_6x"
"moss_block","7","4782969","allthecompressed:moss_block_6x","allthecompressed:moss_block_7x","allthecompressed:compress/moss_block_7x"
"moss_block","8","43046721","allthecompressed:moss_block_7x","allthecompressed:moss_block_8x","allthecompressed:compress/moss_block_8x"
"moss_block","9","387420489","allthecompressed:moss_block_8x","allthecompressed:moss_block_9x","allthecompressed:compress/moss_block_9x"
"mud","1","9","minecraft:mud","allthecompressed:mud_1x","allthecompressed:compress/mud_1x"
"mud","2","81","allthecompressed:mud_1x","allthecompressed:mud_2x","allthecompressed:compress/mud_2x"
"mud","3","729","allthecompressed:mud_2x","allthecompressed:mud_3x","allthecompressed:compress/mud_3x"
"mud","4","6561","allthecompressed:mud_3x","allthecompressed:mud_4x","allthecompressed:compress/mud_4x"
"mud","5","59049","allthecompressed:mud_4x","allthecompressed:mud_5x","allthecompressed:compress/mud_5x"
"mud","6","531441","allthecompressed:mud_5x","allthecompressed:mud_6x","allthecompressed:compress/mud_6x"
"mud","7","4782969","allthecompressed:mud_6x","allthecompressed:mud_7x","allthecompressed:compress/mud_7x"
"mud","8","43046721","allthecompressed:mud_7x","allthecompressed:mud_8x","allthecompressed:compress/mud_8x"
"mud","9","387420489","allthecompressed:mud_8x","allthecompressed:mud_9x","allthecompressed:compress/mud_9x"
"mycelium","1","9","minecraft:mycelium","allthecompressed:mycelium_1x","allthecompressed:compress/mycelium_1x"
"mycelium","2","81","allthecompressed:mycelium_1x","allthecompressed:mycelium_2x","allthecompressed:compress/mycelium_2x"
"mycelium","3","729","allthecompressed:mycelium_2x","allthecompressed:mycelium_3x","allthecompressed:compress/mycelium_3x"
"mycelium","4","6561","allthecompressed:mycelium_3x","allthecompressed:mycelium_4x","allthecompressed:compress/mycelium_4x"
"mycelium","5","59049","allthecompressed:mycelium_4x","allthecompressed:mycelium_5x","allthecompressed:compress/mycelium_5x"
"mycelium","6","531441","allthecompressed:mycelium_5x","allthecompressed:mycelium_6x","allthecompressed:compress/mycelium_6x"
"mycelium","7","4782969","allthecompressed:mycelium_6x","allthecompressed:mycelium_7x","allthecompressed:compress/mycelium_7x"
"mycelium","8","43046721","allthecompressed:mycelium_7x","allthecompressed:mycelium_8x","allthecompressed:compress/mycelium_8x"
"mycelium","9","387420489","allthecompressed:mycelium_8x","allthecompressed:mycelium_9x","allthecompressed:compress/mycelium_9x"
"nether_star_block","1","9","allthetweaks:nether_star_block","allthecompressed:nether_star_block_1x","allthecompressed:compress/nether_star_block_1x"
"nether_star_block","2","81","allthecompressed:nether_star_block_1x","allthecompressed:nether_star_block_2x","allthecompressed:compress/nether_star_block_2x"
"nether_star_block","3","729","allthecompressed:nether_star_block_2x","allthecompressed:nether_star_block_3x","allthecompressed:compress/nether_star_block_3x"
"nether_star_block","4","6561","allthecompressed:nether_star_block_3x","allthecompressed:nether_star_block_4x","allthecompressed:compress/nether_star_block_4x"
"nether_star_block","5","59049","allthecompressed:nether_star_block_4x","allthecompressed:nether_star_block_5x","allthecompressed:compress/nether_star_block_5x"
"nether_star_block","6","531441","allthecompressed:nether_star_block_5x","allthecompressed:nether_star_block_6x","allthecompressed:compress/nether_star_block_6x"
"nether_star_block","7","4782969","allthecompressed:nether_star_block_6x","allthecompressed:nether_star_block_7x","allthecompressed:compress/nether_star_block_7x"
"nether_star_block","8","43046721","allthecompressed:nether_star_block_7x","allthecompressed:nether_star_block_8x","allthecompressed:compress/nether_star_block_8x"
"nether_star_block","9","387420489","allthecompressed:nether_star_block_8x","allthecompressed:nether_star_block_9x","allthecompressed:compress/nether_star_block_9x"
"nether_wart_block","1","9","minecraft:nether_wart_block","allthecompressed:nether_wart_block_1x","allthecompressed:compress/nether_wart_block_1x"
"nether_wart_block","2","81","allthecompressed:nether_wart_block_1x","allthecompressed:nether_wart_block_2x","allthecompressed:compress/nether_wart_block_2x"
"nether_wart_block","3","729","allthecompressed:nether_wart_block_2x","allthecompressed:nether_wart_block_3x","allthecompressed:compress/nether_wart_block_3x"
"nether_wart_block","4","6561","allthecompressed:nether_wart_block_3x","allthecompressed:nether_wart_block_4x","allthecompressed:compress/nether_wart_block_4x"
"nether_wart_block","5","59049","allthecompressed:nether_wart_block_4x","allthecompressed:nether_wart_block_5x","allthecompressed:compress/nether_wart_block_5x"
"nether_wart_block","6","531441","allthecompressed:nether_wart_block_5x","allthecompressed:nether_wart_block_6x","allthecompressed:compress/nether_wart_block_6x"
"nether_wart_block","7","4782969","allthecompressed:nether_wart_block_6x","allthecompressed:nether_wart_block_7x","allthecompressed:compress/nether_wart_block_7x"
"nether_wart_block","8","43046721","allthecompressed:nether_wart_block_7x","allthecompressed:nether_wart_block_8x","allthecompressed:compress/nether_wart_block_8x"
"nether_wart_block","9","387420489","allthecompressed:nether_wart_block_8x","allthecompressed:nether_wart_block_9x","allthecompressed:compress/nether_wart_block_9x"
"netherite_block","1","9","minecraft:netherite_block","allthecompressed:netherite_block_1x","allthecompressed:compress/netherite_block_1x"
"netherite_block","2","81","allthecompressed:netherite_block_1x","allthecompressed:netherite_block_2x","allthecompressed:compress/netherite_block_2x"
"netherite_block","3","729","allthecompressed:netherite_block_2x","allthecompressed:netherite_block_3x","allthecompressed:compress/netherite_block_3x"
"netherite_block","4","6561","allthecompressed:netherite_block_3x","allthecompressed:netherite_block_4x","allthecompressed:compress/netherite_block_4x"
"netherite_block","5","59049","allthecompressed:netherite_block_4x","allthecompressed:netherite_block_5x","allthecompressed:compress/netherite_block_5x"
"netherite_block","6","531441","allthecompressed:netherite_block_5x","allthecompressed:netherite_block_6x","allthecompressed:compress/netherite_block_6x"
"netherite_block","7","4782969","allthecompressed:netherite_block_6x","allthecompressed:netherite_block_7x","allthecompressed:compress/netherite_block_7x"
"netherite_block","8","43046721","allthecompressed:netherite_block_7x","allthecompressed:netherite_block_8x","allthecompressed:compress/netherite_block_8x"
"netherite_block","9","387420489","allthecompressed:netherite_block_8x","allthecompressed:netherite_block_9x","allthecompressed:compress/netherite_block_9x"
"netherrack","1","9","minecraft:netherrack","allthecompressed:netherrack_1x","allthecompressed:compress/netherrack_1x"
"netherrack","2","81","allthecompressed:netherrack_1x","allthecompressed:netherrack_2x","allthecompressed:compress/netherrack_2x"
"netherrack","3","729","allthecompressed:netherrack_2x","allthecompressed:netherrack_3x","allthecompressed:compress/netherrack_3x"
"netherrack","4","6561","allthecompressed:netherrack_3x","allthecompressed:netherrack_4x","allthecompressed:compress/netherrack_4x"
"netherrack","5","59049","allthecompressed:netherrack_4x","allthecompressed:netherrack_5x","allthecompressed:compress/netherrack_5x"
"netherrack","6","531441","allthecompressed:netherrack_5x","allthecompressed:netherrack_6x","allthecompressed:compress/netherrack_6x"
"netherrack","7","4782969","allthecompressed:netherrack_6x","allthecompressed:netherrack_7x","allthecompressed:compress/netherrack_7x"
"netherrack","8","43046721","allthecompressed:netherrack_7x","allthecompressed:netherrack_8x","allthecompressed:compress/netherrack_8x"
"netherrack","9","387420489","allthecompressed:netherrack_8x","allthecompressed:netherrack_9x","allthecompressed:compress/netherrack_9x"
"nickel_block","1","9","alltheores:nickel_block","allthecompressed:nickel_block_1x","allthecompressed:compress/nickel_block_1x"
"nickel_block","2","81","allthecompressed:nickel_block_1x","allthecompressed:nickel_block_2x","allthecompressed:compress/nickel_block_2x"
"nickel_block","3","729","allthecompressed:nickel_block_2x","allthecompressed:nickel_block_3x","allthecompressed:compress/nickel_block_3x"
"nickel_block","4","6561","allthecompressed:nickel_block_3x","allthecompressed:nickel_block_4x","allthecompressed:compress/nickel_block_4x"
"nickel_block","5","59049","allthecompressed:nickel_block_4x","allthecompressed:nickel_block_5x","allthecompressed:compress/nickel_block_5x"
"nickel_block","6","531441","allthecompressed:nickel_block_5x","allthecompressed:nickel_block_6x","allthecompressed:compress/nickel_block_6x"
"nickel_block","7","4782969","allthecompressed:nickel_block_6x","allthecompressed:nickel_block_7x","allthecompressed:compress/nickel_block_7x"
"nickel_block","8","43046721","allthecompressed:nickel_block_7x","allthecompressed:nickel_block_8x","allthecompressed:compress/nickel_block_8x"
"nickel_block","9","387420489","allthecompressed:nickel_block_8x","allthecompressed:nickel_block_9x","allthecompressed:compress/nickel_block_9x"
"niotic_crystal_block","1","9","powah:niotic_crystal_block","allthecompressed:niotic_crystal_block_1x","allthecompressed:compress/niotic_crystal_block_1x"
"niotic_crystal_block","2","81","allthecompressed:niotic_crystal_block_1x","allthecompressed:niotic_crystal_block_2x","allthecompressed:compress/niotic_crystal_block_2x"
"niotic_crystal_block","3","729","allthecompressed:niotic_crystal_block_2x","allthecompressed:niotic_crystal_block_3x","allthecompressed:compress/niotic_crystal_block_3x"
"niotic_crystal_block","4","6561","allthecompressed:niotic_crystal_block_3x","allthecompressed:niotic_crystal_block_4x","allthecompressed:compress/niotic_crystal_block_4x"
"niotic_crystal_block","5","59049","allthecompressed:niotic_crystal_block_4x","allthecompressed:niotic_crystal_block_5x","allthecompressed:compress/niotic_crystal_block_5x"
"niotic_crystal_block","6","531441","allthecompressed:niotic_crystal_block_5x","allthecompressed:niotic_crystal_block_6x","allthecompressed:compress/niotic_crystal_block_6x"
"niotic_crystal_block","7","4782969","allthecompressed:niotic_crystal_block_6x","allthecompressed:niotic_crystal_block_7x","allthecompressed:compress/niotic_crystal_block_7x"
"niotic_crystal_block","8","43046721","allthecompressed:niotic_crystal_block_7x","allthecompressed:niotic_crystal_block_8x","allthecompressed:compress/niotic_crystal_block_8x"
"niotic_crystal_block","9","387420489","allthecompressed:niotic_crystal_block_8x","allthecompressed:niotic_crystal_block_9x","allthecompressed:compress/niotic_crystal_block_9x"
"nitro_crystal_block","1","9","powah:nitro_crystal_block","allthecompressed:nitro_crystal_block_1x","allthecompressed:compress/nitro_crystal_block_1x"
"nitro_crystal_block","2","81","allthecompressed:nitro_crystal_block_1x","allthecompressed:nitro_crystal_block_2x","allthecompressed:compress/nitro_crystal_block_2x"
"nitro_crystal_block","3","729","allthecompressed:nitro_crystal_block_2x","allthecompressed:nitro_crystal_block_3x","allthecompressed:compress/nitro_crystal_block_3x"
"nitro_crystal_block","4","6561","allthecompressed:nitro_crystal_block_3x","allthecompressed:nitro_crystal_block_4x","allthecompressed:compress/nitro_crystal_block_4x"
"nitro_crystal_block","5","59049","allthecompressed:nitro_crystal_block_4x","allthecompressed:nitro_crystal_block_5x","allthecompressed:compress/nitro_crystal_block_5x"
"nitro_crystal_block","6","531441","allthecompressed:nitro_crystal_block_5x","allthecompressed:nitro_crystal_block_6x","allthecompressed:compress/nitro_crystal_block_6x"
"nitro_crystal_block","7","4782969","allthecompressed:nitro_crystal_block_6x","allthecompressed:nitro_crystal_block_7x","allthecompressed:compress/nitro_crystal_block_7x"
"nitro_crystal_block","8","43046721","allthecompressed:nitro_crystal_block_7x","allthecompressed:nitro_crystal_block_8x","allthecompressed:compress/nitro_crystal_block_8x"
"nitro_crystal_block","9","387420489","allthecompressed:nitro_crystal_block_8x","allthecompressed:nitro_crystal_block_9x","allthecompressed:compress/nitro_crystal_block_9x"
"oak_log","1","9","minecraft:oak_log","allthecompressed:oak_log_1x","allthecompressed:compress/oak_log_1x"
"oak_log","2","81","allthecompressed:oak_log_1x","allthecompressed:oak_log_2x","allthecompressed:compress/oak_log_2x"
"oak_log","3","729","allthecompressed:oak_log_2x","allthecompressed:oak_log_3x","allthecompressed:compress/oak_log_3x"
"oak_log","4","6561","allthecompressed:oak_log_3x","allthecompressed:oak_log_4x","allthecompressed:compress/oak_log_4x"
"oak_log","5","59049","allthecompressed:oak_log_4x","allthecompressed:oak_log_5x","allthecompressed:compress/oak_log_5x"
"oak_log","6","531441","allthecompressed:oak_log_5x","allthecompressed:oak_log_6x","allthecompressed:compress/oak_log_6x"
"oak_log","7","4782969","allthecompressed:oak_log_6x","allthecompressed:oak_log_7x","allthecompressed:compress/oak_log_7x"
"oak_log","8","43046721","allthecompressed:oak_log_7x","allthecompressed:oak_log_8x","allthecompressed:compress/oak_log_8x"
"oak_log","9","387420489","allthecompressed:oak_log_8x","allthecompressed:oak_log_9x","allthecompressed:compress/oak_log_9x"
"oak_planks","1","9","minecraft:oak_planks","allthecompressed:oak_planks_1x","allthecompressed:compress/oak_planks_1x"
"oak_planks","2","81","allthecompressed:oak_planks_1x","allthecompressed:oak_planks_2x","allthecompressed:compress/oak_planks_2x"
"oak_planks","3","729","allthecompressed:oak_planks_2x","allthecompressed:oak_planks_3x","allthecompressed:compress/oak_planks_3x"
"oak_planks","4","6561","allthecompressed:oak_planks_3x","allthecompressed:oak_planks_4x","allthecompressed:compress/oak_planks_4x"
"oak_planks","5","59049","allthecompressed:oak_planks_4x","allthecompressed:oak_planks_5x","allthecompressed:compress/oak_planks_5x"
"oak_planks","6","531441","allthecompressed:oak_planks_5x","allthecompressed:oak_planks_6x","allthecompressed:compress/oak_planks_6x"
"oak_planks","7","4782969","allthecompressed:oak_planks_6x","allthecompressed:oak_planks_7x","allthecompressed:compress/oak_planks_7x"
"oak_planks","8","43046721","allthecompressed:oak_planks_7x","allthecompressed:oak_planks_8x","allthecompressed:compress/oak_planks_8x"
"oak_planks","9","387420489","allthecompressed:oak_planks_8x","allthecompressed:oak_planks_9x","allthecompressed:compress/oak_planks_9x"
"obsidian","1","9","minecraft:obsidian","allthecompressed:obsidian_1x","allthecompressed:compress/obsidian_1x"
"obsidian","2","81","allthecompressed:obsidian_1x","allthecompressed:obsidian_2x","allthecompressed:compress/obsidian_2x"
"obsidian","3","729","allthecompressed:obsidian_2x","allthecompressed:obsidian_3x","allthecompressed:compress/obsidian_3x"
"obsidian","4","6561","allthecompressed:obsidian_3x","allthecompressed:obsidian_4x","allthecompressed:compress/obsidian_4x"
"obsidian","5","59049","allthecompressed:obsidian_4x","allthecompressed:obsidian_5x","allthecompressed:compress/obsidian_5x"
"obsidian","6","531441","allthecompressed:obsidian_5x","allthecompressed:obsidian_6x","allthecompressed:compress/obsidian_6x"
"obsidian","7","4782969","allthecompressed:obsidian_6x","allthecompressed:obsidian_7x","allthecompressed:compress/obsidian_7x"
"obsidian","8","43046721","allthecompressed:obsidian_7x","allthecompressed:obsidian_8x","allthecompressed:compress/obsidian_8x"
"obsidian","9","387420489","allthecompressed:obsidian_8x","allthecompressed:obsidian_9x","allthecompressed:compress/obsidian_9x"
"orange_concrete","1","9","minecraft:orange_concrete","allthecompressed:orange_concrete_1x","allthecompressed:compress/orange_concrete_1x"
"orange_concrete","2","81","allthecompressed:orange_concrete_1x","allthecompressed:orange_concrete_2x","allthecompressed:compress/orange_concrete_2x"
"orange_concrete","3","729","allthecompressed:orange_concrete_2x","allthecompressed:orange_concrete_3x","allthecompressed:compress/orange_concrete_3x"
"orange_concrete","4","6561","allthecompressed:orange_concrete_3x","allthecompressed:orange_concrete_4x","allthecompressed:compress/orange_concrete_4x"
"orange_concrete","5","59049","allthecompressed:orange_concrete_4x","allthecompressed:orange_concrete_5x","allthecompressed:compress/orange_concrete_5x"
"orange_concrete","6","531441","allthecompressed:orange_concrete_5x","allthecompressed:orange_concrete_6x","allthecompressed:compress/orange_concrete_6x"
"orange_concrete","7","4782969","allthecompressed:orange_concrete_6x","allthecompressed:orange_concrete_7x","allthecompressed:compress/orange_concrete_7x"
"orange_concrete","8","43046721","allthecompressed:orange_concrete_7x","allthecompressed:orange_concrete_8x","allthecompressed:compress/orange_concrete_8x"
"orange_concrete","9","387420489","allthecompressed:orange_concrete_8x","allthecompressed:orange_concrete_9x","allthecompressed:compress/orange_concrete_9x"
"osmium_block","1","9","alltheores:osmium_block","allthecompressed:osmium_block_1x","allthecompressed:compress/osmium_block_1x"
"osmium_block","2","81","allthecompressed:osmium_block_1x","allthecompressed:osmium_block_2x","allthecompressed:compress/osmium_block_2x"
"osmium_block","3","729","allthecompressed:osmium_block_2x","allthecompressed:osmium_block_3x","allthecompressed:compress/osmium_block_3x"
"osmium_block","4","6561","allthecompressed:osmium_block_3x","allthecompressed:osmium_block_4x","allthecompressed:compress/osmium_block_4x"
"osmium_block","5","59049","allthecompressed:osmium_block_4x","allthecompressed:osmium_block_5x","allthecompressed:compress/osmium_block_5x"
"osmium_block","6","531441","allthecompressed:osmium_block_5x","allthecompressed:osmium_block_6x","allthecompressed:compress/osmium_block_6x"
"osmium_block","7","4782969","allthecompressed:osmium_block_6x","allthecompressed:osmium_block_7x","allthecompressed:compress/osmium_block_7x"
"osmium_block","8","43046721","allthecompressed:osmium_block_7x","allthecompressed:osmium_block_8x","allthecompressed:compress/osmium_block_8x"
"osmium_block","9","387420489","allthecompressed:osmium_block_8x","allthecompressed:osmium_block_9x","allthecompressed:compress/osmium_block_9x"
"packed_mud","1","9","minecraft:packed_mud","allthecompressed:packed_mud_1x","allthecompressed:compress/packed_mud_1x"
"packed_mud","2","81","allthecompressed:packed_mud_1x","allthecompressed:packed_mud_2x","allthecompressed:compress/packed_mud_2x"
"packed_mud","3","729","allthecompressed:packed_mud_2x","allthecompressed:packed_mud_3x","allthecompressed:compress/packed_mud_3x"
"packed_mud","4","6561","allthecompressed:packed_mud_3x","allthecompressed:packed_mud_4x","allthecompressed:compress/packed_mud_4x"
"packed_mud","5","59049","allthecompressed:packed_mud_4x","allthecompressed:packed_mud_5x","allthecompressed:compress/packed_mud_5x"
"packed_mud","6","531441","allthecompressed:packed_mud_5x","allthecompressed:packed_mud_6x","allthecompressed:compress/packed_mud_6x"
"packed_mud","7","4782969","allthecompressed:packed_mud_6x","allthecompressed:packed_mud_7x","allthecompressed:compress/packed_mud_7x"
"packed_mud","8","43046721","allthecompressed:packed_mud_7x","allthecompressed:packed_mud_8x","allthecompressed:compress/packed_mud_8x"
"packed_mud","9","387420489","allthecompressed:packed_mud_8x","allthecompressed:packed_mud_9x","allthecompressed:compress/packed_mud_9x"
"peridot_block","1","9","alltheores:peridot_block","allthecompressed:peridot_block_1x","allthecompressed:compress/peridot_block_1x"
"peridot_block","2","81","allthecompressed:peridot_block_1x","allthecompressed:peridot_block_2x","allthecompressed:compress/peridot_block_2x"
"peridot_block","3","729","allthecompressed:peridot_block_2x","allthecompressed:peridot_block_3x","allthecompressed:compress/peridot_block_3x"
"peridot_block","4","6561","allthecompressed:peridot_block_3x","allthecompressed:peridot_block_4x","allthecompressed:compress/peridot_block_4x"
"peridot_block","5","59049","allthecompressed:peridot_block_4x","allthecompressed:peridot_block_5x","allthecompressed:compress/peridot_block_5x"
"peridot_block","6","531441","allthecompressed:peridot_block_5x","allthecompressed:peridot_block_6x","allthecompressed:compress/peridot_block_6x"
"peridot_block","7","4782969","allthecompressed:peridot_block_6x","allthecompressed:peridot_block_7x","allthecompressed:compress/peridot_block_7x"
"peridot_block","8","43046721","allthecompressed:peridot_block_7x","allthecompressed:peridot_block_8x","allthecompressed:compress/peridot_block_8x"
"peridot_block","9","387420489","allthecompressed:peridot_block_8x","allthecompressed:peridot_block_9x","allthecompressed:compress/peridot_block_9x"
"piglich_heart_block","1","9","allthemodium:piglich_heart_block","allthecompressed:piglich_heart_block_1x","allthecompressed:compress/piglich_heart_block_1x"
"piglich_heart_block","2","81","allthecompressed:piglich_heart_block_1x","allthecompressed:piglich_heart_block_2x","allthecompressed:compress/piglich_heart_block_2x"
"piglich_heart_block","3","729","allthecompressed:piglich_heart_block_2x","allthecompressed:piglich_heart_block_3x","allthecompressed:compress/piglich_heart_block_3x"
"piglich_heart_block","4","6561","allthecompressed:piglich_heart_block_3x","allthecompressed:piglich_heart_block_4x","allthecompressed:compress/piglich_heart_block_4x"
"piglich_heart_block","5","59049","allthecompressed:piglich_heart_block_4x","allthecompressed:piglich_heart_block_5x","allthecompressed:compress/piglich_heart_block_5x"
"piglich_heart_block","6","531441","allthecompressed:piglich_heart_block_5x","allthecompressed:piglich_heart_block_6x","allthecompressed:compress/piglich_heart_block_6x"
"piglich_heart_block","7","4782969","allthecompressed:piglich_heart_block_6x","allthecompressed:piglich_heart_block_7x","allthecompressed:compress/piglich_heart_block_7x"
"piglich_heart_block","8","43046721","allthecompressed:piglich_heart_block_7x","allthecompressed:piglich_heart_block_8x","allthecompressed:compress/piglich_heart_block_8x"
"piglich_heart_block","9","387420489","allthecompressed:piglich_heart_block_8x","allthecompressed:piglich_heart_block_9x","allthecompressed:compress/piglich_heart_block_9x"
"pink_concrete","1","9","minecraft:pink_concrete","allthecompressed:pink_concrete_1x","allthecompressed:compress/pink_concrete_1x"
"pink_concrete","2","81","allthecompressed:pink_concrete_1x","allthecompressed:pink_concrete_2x","allthecompressed:compress/pink_concrete_2x"
"pink_concrete","3","729","allthecompressed:pink_concrete_2x","allthecompressed:pink_concrete_3x","allthecompressed:compress/pink_concrete_3x"
"pink_concrete","4","6561","allthecompressed:pink_concrete_3x","allthecompressed:pink_concrete_4x","allthecompressed:compress/pink_concrete_4x"
"pink_concrete","5","59049","allthecompressed:pink_concrete_4x","allthecompressed:pink_concrete_5x","allthecompressed:compress/pink_concrete_5x"
"pink_concrete","6","531441","allthecompressed:pink_concrete_5x","allthecompressed:pink_concrete_6x","allthecompressed:compress/pink_concrete_6x"
"pink_concrete","7","4782969","allthecompressed:pink_concrete_6x","allthecompressed:pink_concrete_7x","allthecompressed:compress/pink_concrete_7x"
"pink_concrete","8","43046721","allthecompressed:pink_concrete_7x","allthecompressed:pink_concrete_8x","allthecompressed:compress/pink_concrete_8x"
"pink_concrete","9","387420489","allthecompressed:pink_concrete_8x","allthecompressed:pink_concrete_9x","allthecompressed:compress/pink_concrete_9x"
"platinum_block","1","9","alltheores:platinum_block","allthecompressed:platinum_block_1x","allthecompressed:compress/platinum_block_1x"
"platinum_block","2","81","allthecompressed:platinum_block_1x","allthecompressed:platinum_block_2x","allthecompressed:compress/platinum_block_2x"
"platinum_block","3","729","allthecompressed:platinum_block_2x","allthecompressed:platinum_block_3x","allthecompressed:compress/platinum_block_3x"
"platinum_block","4","6561","allthecompressed:platinum_block_3x","allthecompressed:platinum_block_4x","allthecompressed:compress/platinum_block_4x"
"platinum_block","5","59049","allthecompressed:platinum_block_4x","allthecompressed:platinum_block_5x","allthecompressed:compress/platinum_block_5x"
"platinum_block","6","531441","allthecompressed:platinum_block_5x","allthecompressed:platinum_block_6x","allthecompressed:compress/platinum_block_6x"
"platinum_block","7","4782969","allthecompressed:platinum_block_6x","allthecompressed:platinum_block_7x","allthecompressed:compress/platinum_block_7x"
"platinum_block","8","43046721","allthecompressed:platinum_block_7x","allthecompressed:platinum_block_8x","allthecompressed:compress/platinum_block_8x"
"platinum_block","9","387420489","allthecompressed:platinum_block_8x","allthecompressed:platinum_block_9x","allthecompressed:compress/platinum_block_9x"
"podzol","1","9","minecraft:podzol","allthecompressed:podzol_1x","allthecompressed:compress/podzol_1x"
"podzol","2","81","allthecompressed:podzol_1x","allthecompressed:podzol_2x","allthecompressed:compress/podzol_2x"
"podzol","3","729","allthecompressed:podzol_2x","allthecompressed:podzol_3x","allthecompressed:compress/podzol_3x"
"podzol","4","6561","allthecompressed:podzol_3x","allthecompressed:podzol_4x","allthecompressed:compress/podzol_4x"
"podzol","5","59049","allthecompressed:podzol_4x","allthecompressed:podzol_5x","allthecompressed:compress/podzol_5x"
"podzol","6","531441","allthecompressed:podzol_5x","allthecompressed:podzol_6x","allthecompressed:compress/podzol_6x"
"podzol","7","4782969","allthecompressed:podzol_6x","allthecompressed:podzol_7x","allthecompressed:compress/podzol_7x"
"podzol","8","43046721","allthecompressed:podzol_7x","allthecompressed:podzol_8x","allthecompressed:compress/podzol_8x"
"podzol","9","387420489","allthecompressed:podzol_8x","allthecompressed:podzol_9x","allthecompressed:compress/podzol_9x"
"precasian_cobblestone","1","9","aoa3:precasian_cobblestone","allthecompressed:precasian_cobblestone_1x","allthecompressed:compress/precasian_cobblestone_1x"
"precasian_cobblestone","2","81","allthecompressed:precasian_cobblestone_1x","allthecompressed:precasian_cobblestone_2x","allthecompressed:compress/precasian_cobblestone_2x"
"precasian_cobblestone","3","729","allthecompressed:precasian_cobblestone_2x","allthecompressed:precasian_cobblestone_3x","allthecompressed:compress/precasian_cobblestone_3x"
"precasian_cobblestone","4","6561","allthecompressed:precasian_cobblestone_3x","allthecompressed:precasian_cobblestone_4x","allthecompressed:compress/precasian_cobblestone_4x"
"precasian_cobblestone","5","59049","allthecompressed:precasian_cobblestone_4x","allthecompressed:precasian_cobblestone_5x","allthecompressed:compress/precasian_cobblestone_5x"
"precasian_cobblestone","6","531441","allthecompressed:precasian_cobblestone_5x","allthecompressed:precasian_cobblestone_6x","allthecompressed:compress/precasian_cobblestone_6x"
"precasian_cobblestone","7","4782969","allthecompressed:precasian_cobblestone_6x","allthecompressed:precasian_cobblestone_7x","allthecompressed:compress/precasian_cobblestone_7x"
"precasian_cobblestone","8","43046721","allthecompressed:precasian_cobblestone_7x","allthecompressed:precasian_cobblestone_8x","allthecompressed:compress/precasian_cobblestone_8x"
"precasian_cobblestone","9","387420489","allthecompressed:precasian_cobblestone_8x","allthecompressed:precasian_cobblestone_9x","allthecompressed:compress/precasian_cobblestone_9x"
"precasian_soil","1","9","aoa3:precasian_soil","allthecompressed:precasian_soil_1x","allthecompressed:compress/precasian_soil_1x"
"precasian_soil","2","81","allthecompressed:precasian_soil_1x","allthecompressed:precasian_soil_2x","allthecompressed:compress/precasian_soil_2x"
"precasian_soil","3","729","allthecompressed:precasian_soil_2x","allthecompressed:precasian_soil_3x","allthecompressed:compress/precasian_soil_3x"
"precasian_soil","4","6561","allthecompressed:precasian_soil_3x","allthecompressed:precasian_soil_4x","allthecompressed:compress/precasian_soil_4x"
"precasian_soil","5","59049","allthecompressed:precasian_soil_4x","allthecompressed:precasian_soil_5x","allthecompressed:compress/precasian_soil_5x"
"precasian_soil","6","531441","allthecompressed:precasian_soil_5x","allthecompressed:precasian_soil_6x","allthecompressed:compress/precasian_soil_6x"
"precasian_soil","7","4782969","allthecompressed:precasian_soil_6x","allthecompressed:precasian_soil_7x","allthecompressed:compress/precasian_soil_7x"
"precasian_soil","8","43046721","allthecompressed:precasian_soil_7x","allthecompressed:precasian_soil_8x","allthecompressed:compress/precasian_soil_8x"
"precasian_soil","9","387420489","allthecompressed:precasian_soil_8x","allthecompressed:precasian_soil_9x","allthecompressed:compress/precasian_soil_9x"
"precasian_stone","1","9","aoa3:precasian_stone","allthecompressed:precasian_stone_1x","allthecompressed:compress/precasian_stone_1x"
"precasian_stone","2","81","allthecompressed:precasian_stone_1x","allthecompressed:precasian_stone_2x","allthecompressed:compress/precasian_stone_2x"
"precasian_stone","3","729","allthecompressed:precasian_stone_2x","allthecompressed:precasian_stone_3x","allthecompressed:compress/precasian_stone_3x"
"precasian_stone","4","6561","allthecompressed:precasian_stone_3x","allthecompressed:precasian_stone_4x","allthecompressed:compress/precasian_stone_4x"
"precasian_stone","5","59049","allthecompressed:precasian_stone_4x","allthecompressed:precasian_stone_5x","allthecompressed:compress/precasian_stone_5x"
"precasian_stone","6","531441","allthecompressed:precasian_stone_5x","allthecompressed:precasian_stone_6x","allthecompressed:compress/precasian_stone_6x"
"precasian_stone","7","4782969","allthecompressed:precasian_stone_6x","allthecompressed:precasian_stone_7x","allthecompressed:compress/precasian_stone_7x"
"precasian_stone","8","43046721","allthecompressed:precasian_stone_7x","allthecompressed:precasian_stone_8x","allthecompressed:compress/precasian_stone_8x"
"precasian_stone","9","387420489","allthecompressed:precasian_stone_8x","allthecompressed:precasian_stone_9x","allthecompressed:compress/precasian_stone_9x"
"pulsating_alloy_block","1","9","enderio:pulsating_alloy_block","allthecompressed:pulsating_alloy_block_1x","allthecompressed:compress/pulsating_alloy_block_1x"
"pulsating_alloy_block","2","81","allthecompressed:pulsating_alloy_block_1x","allthecompressed:pulsating_alloy_block_2x","allthecompressed:compress/pulsating_alloy_block_2x"
"pulsating_alloy_block","3","729","allthecompressed:pulsating_alloy_block_2x","allthecompressed:pulsating_alloy_block_3x","allthecompressed:compress/pulsating_alloy_block_3x"
"pulsating_alloy_block","4","6561","allthecompressed:pulsating_alloy_block_3x","allthecompressed:pulsating_alloy_block_4x","allthecompressed:compress/pulsating_alloy_block_4x"
"pulsating_alloy_block","5","59049","allthecompressed:pulsating_alloy_block_4x","allthecompressed:pulsating_alloy_block_5x","allthecompressed:compress/pulsating_alloy_block_5x"
"pulsating_alloy_block","6","531441","allthecompressed:pulsating_alloy_block_5x","allthecompressed:pulsating_alloy_block_6x","allthecompressed:compress/pulsating_alloy_block_6x"
"pulsating_alloy_block","7","4782969","allthecompressed:pulsating_alloy_block_6x","allthecompressed:pulsating_alloy_block_7x","allthecompressed:compress/pulsating_alloy_block_7x"
"pulsating_alloy_block","8","43046721","allthecompressed:pulsating_alloy_block_7x","allthecompressed:pulsating_alloy_block_8x","allthecompressed:compress/pulsating_alloy_block_8x"
"pulsating_alloy_block","9","387420489","allthecompressed:pulsating_alloy_block_8x","allthecompressed:pulsating_alloy_block_9x","allthecompressed:compress/pulsating_alloy_block_9x"
"pumpkin","1","9","minecraft:pumpkin","allthecompressed:pumpkin_1x","allthecompressed:compress/pumpkin_1x"
"pumpkin","2","81","allthecompressed:pumpkin_1x","allthecompressed:pumpkin_2x","allthecompressed:compress/pumpkin_2x"
"pumpkin","3","729","allthecompressed:pumpkin_2x","allthecompressed:pumpkin_3x","allthecompressed:compress/pumpkin_3x"
"pumpkin","4","6561","allthecompressed:pumpkin_3x","allthecompressed:pumpkin_4x","allthecompressed:compress/pumpkin_4x"
"pumpkin","5","59049","allthecompressed:pumpkin_4x","allthecompressed:pumpkin_5x","allthecompressed:compress/pumpkin_5x"
"pumpkin","6","531441","allthecompressed:pumpkin_5x","allthecompressed:pumpkin_6x","allthecompressed:compress/pumpkin_6x"
"pumpkin","7","4782969","allthecompressed:pumpkin_6x","allthecompressed:pumpkin_7x","allthecompressed:compress/pumpkin_7x"
"pumpkin","8","43046721","allthecompressed:pumpkin_7x","allthecompressed:pumpkin_8x","allthecompressed:compress/pumpkin_8x"
"pumpkin","9","387420489","allthecompressed:pumpkin_8x","allthecompressed:pumpkin_9x","allthecompressed:compress/pumpkin_9x"
"purple_concrete","1","9","minecraft:purple_concrete","allthecompressed:purple_concrete_1x","allthecompressed:compress/purple_concrete_1x"
"purple_concrete","2","81","allthecompressed:purple_concrete_1x","allthecompressed:purple_concrete_2x","allthecompressed:compress/purple_concrete_2x"
"purple_concrete","3","729","allthecompressed:purple_concrete_2x","allthecompressed:purple_concrete_3x","allthecompressed:compress/purple_concrete_3x"
"purple_concrete","4","6561","allthecompressed:purple_concrete_3x","allthecompressed:purple_concrete_4x","allthecompressed:compress/purple_concrete_4x"
"purple_concrete","5","59049","allthecompressed:purple_concrete_4x","allthecompressed:purple_concrete_5x","allthecompressed:compress/purple_concrete_5x"
"purple_concrete","6","531441","allthecompressed:purple_concrete_5x","allthecompressed:purple_concrete_6x","allthecompressed:compress/purple_concrete_6x"
"purple_concrete","7","4782969","allthecompressed:purple_concrete_6x","allthecompressed:purple_concrete_7x","allthecompressed:compress/purple_concrete_7x"
"purple_concrete","8","43046721","allthecompressed:purple_concrete_7x","allthecompressed:purple_concrete_8x","allthecompressed:compress/purple_concrete_8x"
"purple_concrete","9","387420489","allthecompressed:purple_concrete_8x","allthecompressed:purple_concrete_9x","allthecompressed:compress/purple_concrete_9x"
"quartz_block","1","9","minecraft:quartz_block","allthecompressed:quartz_block_1x","allthecompressed:compress/quartz_block_1x"
"quartz_block","2","81","allthecompressed:quartz_block_1x","allthecompressed:quartz_block_2x","allthecompressed:compress/quartz_block_2x"
"quartz_block","3","729","allthecompressed:quartz_block_2x","allthecompressed:quartz_block_3x","allthecompressed:compress/quartz_block_3x"
"quartz_block","4","6561","allthecompressed:quartz_block_3x","allthecompressed:quartz_block_4x","allthecompressed:compress/quartz_block_4x"
"quartz_block","5","59049","allthecompressed:quartz_block_4x","allthecompressed:quartz_block_5x","allthecompressed:compress/quartz_block_5x"
"quartz_block","6","531441","allthecompressed:quartz_block_5x","allthecompressed:quartz_block_6x","allthecompressed:compress/quartz_block_6x"
"quartz_block","7","4782969","allthecompressed:quartz_block_6x","allthecompressed:quartz_block_7x","allthecompressed:compress/quartz_block_7x"
"quartz_block","8","43046721","allthecompressed:quartz_block_7x","allthecompressed:quartz_block_8x","allthecompressed:compress/quartz_block_8x"
"quartz_block","9","387420489","allthecompressed:quartz_block_8x","allthecompressed:quartz_block_9x","allthecompressed:compress/quartz_block_9x"
"raw_allthemodium_block","1","9","allthemodium:raw_allthemodium_block","allthecompressed:raw_allthemodium_block_1x","allthecompressed:compress/raw_allthemodium_block_1x"
"raw_allthemodium_block","2","81","allthecompressed:raw_allthemodium_block_1x","allthecompressed:raw_allthemodium_block_2x","allthecompressed:compress/raw_allthemodium_block_2x"
"raw_allthemodium_block","3","729","allthecompressed:raw_allthemodium_block_2x","allthecompressed:raw_allthemodium_block_3x","allthecompressed:compress/raw_allthemodium_block_3x"
"raw_allthemodium_block","4","6561","allthecompressed:raw_allthemodium_block_3x","allthecompressed:raw_allthemodium_block_4x","allthecompressed:compress/raw_allthemodium_block_4x"
"raw_allthemodium_block","5","59049","allthecompressed:raw_allthemodium_block_4x","allthecompressed:raw_allthemodium_block_5x","allthecompressed:compress/raw_allthemodium_block_5x"
"raw_allthemodium_block","6","531441","allthecompressed:raw_allthemodium_block_5x","allthecompressed:raw_allthemodium_block_6x","allthecompressed:compress/raw_allthemodium_block_6x"
"raw_allthemodium_block","7","4782969","allthecompressed:raw_allthemodium_block_6x","allthecompressed:raw_allthemodium_block_7x","allthecompressed:compress/raw_allthemodium_block_7x"
"raw_allthemodium_block","8","43046721","allthecompressed:raw_allthemodium_block_7x","allthecompressed:raw_allthemodium_block_8x","allthecompressed:compress/raw_allthemodium_block_8x"
"raw_allthemodium_block","9","387420489","allthecompressed:raw_allthemodium_block_8x","allthecompressed:raw_allthemodium_block_9x","allthecompressed:compress/raw_allthemodium_block_9x"
"raw_aluminum_block","1","9","alltheores:raw_aluminum_block","allthecompressed:raw_aluminum_block_1x","allthecompressed:compress/raw_aluminum_block_1x"
"raw_aluminum_block","2","81","allthecompressed:raw_aluminum_block_1x","allthecompressed:raw_aluminum_block_2x","allthecompressed:compress/raw_aluminum_block_2x"
"raw_aluminum_block","3","729","allthecompressed:raw_aluminum_block_2x","allthecompressed:raw_aluminum_block_3x","allthecompressed:compress/raw_aluminum_block_3x"
"raw_aluminum_block","4","6561","allthecompressed:raw_aluminum_block_3x","allthecompressed:raw_aluminum_block_4x","allthecompressed:compress/raw_aluminum_block_4x"
"raw_aluminum_block","5","59049","allthecompressed:raw_aluminum_block_4x","allthecompressed:raw_aluminum_block_5x","allthecompressed:compress/raw_aluminum_block_5x"
"raw_aluminum_block","6","531441","allthecompressed:raw_aluminum_block_5x","allthecompressed:raw_aluminum_block_6x","allthecompressed:compress/raw_aluminum_block_6x"
"raw_aluminum_block","7","4782969","allthecompressed:raw_aluminum_block_6x","allthecompressed:raw_aluminum_block_7x","allthecompressed:compress/raw_aluminum_block_7x"
"raw_aluminum_block","8","43046721","allthecompressed:raw_aluminum_block_7x","allthecompressed:raw_aluminum_block_8x","allthecompressed:compress/raw_aluminum_block_8x"
"raw_aluminum_block","9","387420489","allthecompressed:raw_aluminum_block_8x","allthecompressed:raw_aluminum_block_9x","allthecompressed:compress/raw_aluminum_block_9x"
"raw_copper_block","1","9","minecraft:raw_copper_block","allthecompressed:raw_copper_block_1x","allthecompressed:compress/raw_copper_block_1x"
"raw_copper_block","2","81","allthecompressed:raw_copper_block_1x","allthecompressed:raw_copper_block_2x","allthecompressed:compress/raw_copper_block_2x"
"raw_copper_block","3","729","allthecompressed:raw_copper_block_2x","allthecompressed:raw_copper_block_3x","allthecompressed:compress/raw_copper_block_3x"
"raw_copper_block","4","6561","allthecompressed:raw_copper_block_3x","allthecompressed:raw_copper_block_4x","allthecompressed:compress/raw_copper_block_4x"
"raw_copper_block","5","59049","allthecompressed:raw_copper_block_4x","allthecompressed:raw_copper_block_5x","allthecompressed:compress/raw_copper_block_5x"
"raw_copper_block","6","531441","allthecompressed:raw_copper_block_5x","allthecompressed:raw_copper_block_6x","allthecompressed:compress/raw_copper_block_6x"
"raw_copper_block","7","4782969","allthecompressed:raw_copper_block_6x","allthecompressed:raw_copper_block_7x","allthecompressed:compress/raw_copper_block_7x"
"raw_copper_block","8","43046721","allthecompressed:raw_copper_block_7x","allthecompressed:raw_copper_block_8x","allthecompressed:compress/raw_copper_block_8x"
"raw_copper_block","9","387420489","allthecompressed:raw_copper_block_8x","allthecompressed:raw_copper_block_9x","allthecompressed:compress/raw_copper_block_9x"
"raw_emberstone_block","1","9","aoa3:raw_emberstone_block","allthecompressed:raw_emberstone_block_1x","allthecompressed:compress/raw_emberstone_block_1x"
"raw_emberstone_block","2","81","allthecompressed:raw_emberstone_block_1x","allthecompressed:raw_emberstone_block_2x","allthecompressed:compress/raw_emberstone_block_2x"
"raw_emberstone_block","3","729","allthecompressed:raw_emberstone_block_2x","allthecompressed:raw_emberstone_block_3x","allthecompressed:compress/raw_emberstone_block_3x"
"raw_emberstone_block","4","6561","allthecompressed:raw_emberstone_block_3x","allthecompressed:raw_emberstone_block_4x","allthecompressed:compress/raw_emberstone_block_4x"
"raw_emberstone_block","5","59049","allthecompressed:raw_emberstone_block_4x","allthecompressed:raw_emberstone_block_5x","allthecompressed:compress/raw_emberstone_block_5x"
"raw_emberstone_block","6","531441","allthecompressed:raw_emberstone_block_5x","allthecompressed:raw_emberstone_block_6x","allthecompressed:compress/raw_emberstone_block_6x"
"raw_emberstone_block","7","4782969","allthecompressed:raw_emberstone_block_6x","allthecompressed:raw_emberstone_block_7x","allthecompressed:compress/raw_emberstone_block_7x"
"raw_emberstone_block","8","43046721","allthecompressed:raw_emberstone_block_7x","allthecompressed:raw_emberstone_block_8x","allthecompressed:compress/raw_emberstone_block_8x"
"raw_emberstone_block","9","387420489","allthecompressed:raw_emberstone_block_8x","allthecompressed:raw_emberstone_block_9x","allthecompressed:compress/raw_emberstone_block_9x"
"raw_gold_block","1","9","minecraft:raw_gold_block","allthecompressed:raw_gold_block_1x","allthecompressed:compress/raw_gold_block_1x"
"raw_gold_block","2","81","allthecompressed:raw_gold_block_1x","allthecompressed:raw_gold_block_2x","allthecompressed:compress/raw_gold_block_2x"
"raw_gold_block","3","729","allthecompressed:raw_gold_block_2x","allthecompressed:raw_gold_block_3x","allthecompressed:compress/raw_gold_block_3x"
"raw_gold_block","4","6561","allthecompressed:raw_gold_block_3x","allthecompressed:raw_gold_block_4x","allthecompressed:compress/raw_gold_block_4x"
"raw_gold_block","5","59049","allthecompressed:raw_gold_block_4x","allthecompressed:raw_gold_block_5x","allthecompressed:compress/raw_gold_block_5x"
"raw_gold_block","6","531441","allthecompressed:raw_gold_block_5x","allthecompressed:raw_gold_block_6x","allthecompressed:compress/raw_gold_block_6x"
"raw_gold_block","7","4782969","allthecompressed:raw_gold_block_6x","allthecompressed:raw_gold_block_7x","allthecompressed:compress/raw_gold_block_7x"
"raw_gold_block","8","43046721","allthecompressed:raw_gold_block_7x","allthecompressed:raw_gold_block_8x","allthecompressed:compress/raw_gold_block_8x"
"raw_gold_block","9","387420489","allthecompressed:raw_gold_block_8x","allthecompressed:raw_gold_block_9x","allthecompressed:compress/raw_gold_block_9x"
"raw_iridium_block","1","9","alltheores:raw_iridium_block","allthecompressed:raw_iridium_block_1x","allthecompressed:compress/raw_iridium_block_1x"
"raw_iridium_block","2","81","allthecompressed:raw_iridium_block_1x","allthecompressed:raw_iridium_block_2x","allthecompressed:compress/raw_iridium_block_2x"
"raw_iridium_block","3","729","allthecompressed:raw_iridium_block_2x","allthecompressed:raw_iridium_block_3x","allthecompressed:compress/raw_iridium_block_3x"
"raw_iridium_block","4","6561","allthecompressed:raw_iridium_block_3x","allthecompressed:raw_iridium_block_4x","allthecompressed:compress/raw_iridium_block_4x"
"raw_iridium_block","5","59049","allthecompressed:raw_iridium_block_4x","allthecompressed:raw_iridium_block_5x","allthecompressed:compress/raw_iridium_block_5x"
"raw_iridium_block","6","531441","allthecompressed:raw_iridium_block_5x","allthecompressed:raw_iridium_block_6x","allthecompressed:compress/raw_iridium_block_6x"
"raw_iridium_block","7","4782969","allthecompressed:raw_iridium_block_6x","allthecompressed:raw_iridium_block_7x","allthecompressed:compress/raw_iridium_block_7x"
"raw_iridium_block","8","43046721","allthecompressed:raw_iridium_block_7x","allthecompressed:raw_iridium_block_8x","allthecompressed:compress/raw_iridium_block_8x"
"raw_iridium_block","9","387420489","allthecompressed:raw_iridium_block_8x","allthecompressed:raw_iridium_block_9x","allthecompressed:compress/raw_iridium_block_9x"
"raw_iron_block","1","9","minecraft:raw_iron_block","allthecompressed:raw_iron_block_1x","allthecompressed:compress/raw_iron_block_1x"
"raw_iron_block","2","81","allthecompressed:raw_iron_block_1x","allthecompressed:raw_iron_block_2x","allthecompressed:compress/raw_iron_block_2x"
"raw_iron_block","3","729","allthecompressed:raw_iron_block_2x","allthecompressed:raw_iron_block_3x","allthecompressed:compress/raw_iron_block_3x"
"raw_iron_block","4","6561","allthecompressed:raw_iron_block_3x","allthecompressed:raw_iron_block_4x","allthecompressed:compress/raw_iron_block_4x"
"raw_iron_block","5","59049","allthecompressed:raw_iron_block_4x","allthecompressed:raw_iron_block_5x","allthecompressed:compress/raw_iron_block_5x"
"raw_iron_block","6","531441","allthecompressed:raw_iron_block_5x","allthecompressed:raw_iron_block_6x","allthecompressed:compress/raw_iron_block_6x"
"raw_iron_block","7","4782969","allthecompressed:raw_iron_block_6x","allthecompressed:raw_iron_block_7x","allthecompressed:compress/raw_iron_block_7x"
"raw_iron_block","8","43046721","allthecompressed:raw_iron_block_7x","allthecompressed:raw_iron_block_8x","allthecompressed:compress/raw_iron_block_8x"
"raw_iron_block","9","387420489","allthecompressed:raw_iron_block_8x","allthecompressed:raw_iron_block_9x","allthecompressed:compress/raw_iron_block_9x"
"raw_lead_block","1","9","alltheores:raw_lead_block","allthecompressed:raw_lead_block_1x","allthecompressed:compress/raw_lead_block_1x"
"raw_lead_block","2","81","allthecompressed:raw_lead_block_1x","allthecompressed:raw_lead_block_2x","allthecompressed:compress/raw_lead_block_2x"
"raw_lead_block","3","729","allthecompressed:raw_lead_block_2x","allthecompressed:raw_lead_block_3x","allthecompressed:compress/raw_lead_block_3x"
"raw_lead_block","4","6561","allthecompressed:raw_lead_block_3x","allthecompressed:raw_lead_block_4x","allthecompressed:compress/raw_lead_block_4x"
"raw_lead_block","5","59049","allthecompressed:raw_lead_block_4x","allthecompressed:raw_lead_block_5x","allthecompressed:compress/raw_lead_block_5x"
"raw_lead_block","6","531441","allthecompressed:raw_lead_block_5x","allthecompressed:raw_lead_block_6x","allthecompressed:compress/raw_lead_block_6x"
"raw_lead_block","7","4782969","allthecompressed:raw_lead_block_6x","allthecompressed:raw_lead_block_7x","allthecompressed:compress/raw_lead_block_7x"
"raw_lead_block","8","43046721","allthecompressed:raw_lead_block_7x","allthecompressed:raw_lead_block_8x","allthecompressed:compress/raw_lead_block_8x"
"raw_lead_block","9","387420489","allthecompressed:raw_lead_block_8x","allthecompressed:raw_lead_block_9x","allthecompressed:compress/raw_lead_block_9x"
"raw_limonite_block","1","9","aoa3:raw_limonite_block","allthecompressed:raw_limonite_block_1x","allthecompressed:compress/raw_limonite_block_1x"
"raw_limonite_block","2","81","allthecompressed:raw_limonite_block_1x","allthecompressed:raw_limonite_block_2x","allthecompressed:compress/raw_limonite_block_2x"
"raw_limonite_block","3","729","allthecompressed:raw_limonite_block_2x","allthecompressed:raw_limonite_block_3x","allthecompressed:compress/raw_limonite_block_3x"
"raw_limonite_block","4","6561","allthecompressed:raw_limonite_block_3x","allthecompressed:raw_limonite_block_4x","allthecompressed:compress/raw_limonite_block_4x"
"raw_limonite_block","5","59049","allthecompressed:raw_limonite_block_4x","allthecompressed:raw_limonite_block_5x","allthecompressed:compress/raw_limonite_block_5x"
"raw_limonite_block","6","531441","allthecompressed:raw_limonite_block_5x","allthecompressed:raw_limonite_block_6x","allthecompressed:compress/raw_limonite_block_6x"
"raw_limonite_block","7","4782969","allthecompressed:raw_limonite_block_6x","allthecompressed:raw_limonite_block_7x","allthecompressed:compress/raw_limonite_block_7x"
"raw_limonite_block","8","43046721","allthecompressed:raw_limonite_block_7x","allthecompressed:raw_limonite_block_8x","allthecompressed:compress/raw_limonite_block_8x"
"raw_limonite_block","9","387420489","allthecompressed:raw_limonite_block_8x","allthecompressed:raw_limonite_block_9x","allthecompressed:compress/raw_limonite_block_9x"
"raw_nickel_block","1","9","alltheores:raw_nickel_block","allthecompressed:raw_nickel_block_1x","allthecompressed:compress/raw_nickel_block_1x"
"raw_nickel_block","2","81","allthecompressed:raw_nickel_block_1x","allthecompressed:raw_nickel_block_2x","allthecompressed:compress/raw_nickel_block_2x"
"raw_nickel_block","3","729","allthecompressed:raw_nickel_block_2x","allthecompressed:raw_nickel_block_3x","allthecompressed:compress/raw_nickel_block_3x"
"raw_nickel_block","4","6561","allthecompressed:raw_nickel_block_3x","allthecompressed:raw_nickel_block_4x","allthecompressed:compress/raw_nickel_block_4x"
"raw_nickel_block","5","59049","allthecompressed:raw_nickel_block_4x","allthecompressed:raw_nickel_block_5x","allthecompressed:compress/raw_nickel_block_5x"
"raw_nickel_block","6","531441","allthecompressed:raw_nickel_block_5x","allthecompressed:raw_nickel_block_6x","allthecompressed:compress/raw_nickel_block_6x"
"raw_nickel_block","7","4782969","allthecompressed:raw_nickel_block_6x","allthecompressed:raw_nickel_block_7x","allthecompressed:compress/raw_nickel_block_7x"
"raw_nickel_block","8","43046721","allthecompressed:raw_nickel_block_7x","allthecompressed:raw_nickel_block_8x","allthecompressed:compress/raw_nickel_block_8x"
"raw_nickel_block","9","387420489","allthecompressed:raw_nickel_block_8x","allthecompressed:raw_nickel_block_9x","allthecompressed:compress/raw_nickel_block_9x"
"raw_osmium_block","1","9","alltheores:raw_osmium_block","allthecompressed:raw_osmium_block_1x","allthecompressed:compress/raw_osmium_block_1x"
"raw_osmium_block","2","81","allthecompressed:raw_osmium_block_1x","allthecompressed:raw_osmium_block_2x","allthecompressed:compress/raw_osmium_block_2x"
"raw_osmium_block","3","729","allthecompressed:raw_osmium_block_2x","allthecompressed:raw_osmium_block_3x","allthecompressed:compress/raw_osmium_block_3x"
"raw_osmium_block","4","6561","allthecompressed:raw_osmium_block_3x","allthecompressed:raw_osmium_block_4x","allthecompressed:compress/raw_osmium_block_4x"
"raw_osmium_block","5","59049","allthecompressed:raw_osmium_block_4x","allthecompressed:raw_osmium_block_5x","allthecompressed:compress/raw_osmium_block_5x"
"raw_osmium_block","6","531441","allthecompressed:raw_osmium_block_5x","allthecompressed:raw_osmium_block_6x","allthecompressed:compress/raw_osmium_block_6x"
"raw_osmium_block","7","4782969","allthecompressed:raw_osmium_block_6x","allthecompressed:raw_osmium_block_7x","allthecompressed:compress/raw_osmium_block_7x"
"raw_osmium_block","8","43046721","allthecompressed:raw_osmium_block_7x","allthecompressed:raw_osmium_block_8x","allthecompressed:compress/raw_osmium_block_8x"
"raw_osmium_block","9","387420489","allthecompressed:raw_osmium_block_8x","allthecompressed:raw_osmium_block_9x","allthecompressed:compress/raw_osmium_block_9x"
"raw_platinum_block","1","9","alltheores:raw_platinum_block","allthecompressed:raw_platinum_block_1x","allthecompressed:compress/raw_platinum_block_1x"
"raw_platinum_block","2","81","allthecompressed:raw_platinum_block_1x","allthecompressed:raw_platinum_block_2x","allthecompressed:compress/raw_platinum_block_2x"
"raw_platinum_block","3","729","allthecompressed:raw_platinum_block_2x","allthecompressed:raw_platinum_block_3x","allthecompressed:compress/raw_platinum_block_3x"
"raw_platinum_block","4","6561","allthecompressed:raw_platinum_block_3x","allthecompressed:raw_platinum_block_4x","allthecompressed:compress/raw_platinum_block_4x"
"raw_platinum_block","5","59049","allthecompressed:raw_platinum_block_4x","allthecompressed:raw_platinum_block_5x","allthecompressed:compress/raw_platinum_block_5x"
"raw_platinum_block","6","531441","allthecompressed:raw_platinum_block_5x","allthecompressed:raw_platinum_block_6x","allthecompressed:compress/raw_platinum_block_6x"
"raw_platinum_block","7","4782969","allthecompressed:raw_platinum_block_6x","allthecompressed:raw_platinum_block_7x","allthecompressed:compress/raw_platinum_block_7x"
"raw_platinum_block","8","43046721","allthecompressed:raw_platinum_block_7x","allthecompressed:raw_platinum_block_8x","allthecompressed:compress/raw_platinum_block_8x"
"raw_platinum_block","9","387420489","allthecompressed:raw_platinum_block_8x","allthecompressed:raw_platinum_block_9x","allthecompressed:compress/raw_platinum_block_9x"
"raw_silver_block","1","9","alltheores:raw_silver_block","allthecompressed:raw_silver_block_1x","allthecompressed:compress/raw_silver_block_1x"
"raw_silver_block","2","81","allthecompressed:raw_silver_block_1x","allthecompressed:raw_silver_block_2x","allthecompressed:compress/raw_silver_block_2x"
"raw_silver_block","3","729","allthecompressed:raw_silver_block_2x","allthecompressed:raw_silver_block_3x","allthecompressed:compress/raw_silver_block_3x"
"raw_silver_block","4","6561","allthecompressed:raw_silver_block_3x","allthecompressed:raw_silver_block_4x","allthecompressed:compress/raw_silver_block_4x"
"raw_silver_block","5","59049","allthecompressed:raw_silver_block_4x","allthecompressed:raw_silver_block_5x","allthecompressed:compress/raw_silver_block_5x"
"raw_silver_block","6","531441","allthecompressed:raw_silver_block_5x","allthecompressed:raw_silver_block_6x","allthecompressed:compress/raw_silver_block_6x"
"raw_silver_block","7","4782969","allthecompressed:raw_silver_block_6x","allthecompressed:raw_silver_block_7x","allthecompressed:compress/raw_silver_block_7x"
"raw_silver_block","8","43046721","allthecompressed:raw_silver_block_7x","allthecompressed:raw_silver_block_8x","allthecompressed:compress/raw_silver_block_8x"
"raw_silver_block","9","387420489","allthecompressed:raw_silver_block_8x","allthecompressed:raw_silver_block_9x","allthecompressed:compress/raw_silver_block_9x"
"raw_tin_block","1","9","alltheores:raw_tin_block","allthecompressed:raw_tin_block_1x","allthecompressed:compress/raw_tin_block_1x"
"raw_tin_block","2","81","allthecompressed:raw_tin_block_1x","allthecompressed:raw_tin_block_2x","allthecompressed:compress/raw_tin_block_2x"
"raw_tin_block","3","729","allthecompressed:raw_tin_block_2x","allthecompressed:raw_tin_block_3x","allthecompressed:compress/raw_tin_block_3x"
"raw_tin_block","4","6561","allthecompressed:raw_tin_block_3x","allthecompressed:raw_tin_block_4x","allthecompressed:compress/raw_tin_block_4x"
"raw_tin_block","5","59049","allthecompressed:raw_tin_block_4x","allthecompressed:raw_tin_block_5x","allthecompressed:compress/raw_tin_block_5x"
"raw_tin_block","6","531441","allthecompressed:raw_tin_block_5x","allthecompressed:raw_tin_block_6x","allthecompressed:compress/raw_tin_block_6x"
"raw_tin_block","7","4782969","allthecompressed:raw_tin_block_6x","allthecompressed:raw_tin_block_7x","allthecompressed:compress/raw_tin_block_7x"
"raw_tin_block","8","43046721","allthecompressed:raw_tin_block_7x","allthecompressed:raw_tin_block_8x","allthecompressed:compress/raw_tin_block_8x"
"raw_tin_block","9","387420489","allthecompressed:raw_tin_block_8x","allthecompressed:raw_tin_block_9x","allthecompressed:compress/raw_tin_block_9x"
"raw_unobtainium_block","1","9","allthemodium:raw_unobtainium_block","allthecompressed:raw_unobtainium_block_1x","allthecompressed:compress/raw_unobtainium_block_1x"
"raw_unobtainium_block","2","81","allthecompressed:raw_unobtainium_block_1x","allthecompressed:raw_unobtainium_block_2x","allthecompressed:compress/raw_unobtainium_block_2x"
"raw_unobtainium_block","3","729","allthecompressed:raw_unobtainium_block_2x","allthecompressed:raw_unobtainium_block_3x","allthecompressed:compress/raw_unobtainium_block_3x"
"raw_unobtainium_block","4","6561","allthecompressed:raw_unobtainium_block_3x","allthecompressed:raw_unobtainium_block_4x","allthecompressed:compress/raw_unobtainium_block_4x"
"raw_unobtainium_block","5","59049","allthecompressed:raw_unobtainium_block_4x","allthecompressed:raw_unobtainium_block_5x","allthecompressed:compress/raw_unobtainium_block_5x"
"raw_unobtainium_block","6","531441","allthecompressed:raw_unobtainium_block_5x","allthecompressed:raw_unobtainium_block_6x","allthecompressed:compress/raw_unobtainium_block_6x"
"raw_unobtainium_block","7","4782969","allthecompressed:raw_unobtainium_block_6x","allthecompressed:raw_unobtainium_block_7x","allthecompressed:compress/raw_unobtainium_block_7x"
"raw_unobtainium_block","8","43046721","allthecompressed:raw_unobtainium_block_7x","allthecompressed:raw_unobtainium_block_8x","allthecompressed:compress/raw_unobtainium_block_8x"
"raw_unobtainium_block","9","387420489","allthecompressed:raw_unobtainium_block_8x","allthecompressed:raw_unobtainium_block_9x","allthecompressed:compress/raw_unobtainium_block_9x"
"raw_uranium_block","1","9","alltheores:raw_uranium_block","allthecompressed:raw_uranium_block_1x","allthecompressed:compress/raw_uranium_block_1x"
"raw_uranium_block","2","81","allthecompressed:raw_uranium_block_1x","allthecompressed:raw_uranium_block_2x","allthecompressed:compress/raw_uranium_block_2x"
"raw_uranium_block","3","729","allthecompressed:raw_uranium_block_2x","allthecompressed:raw_uranium_block_3x","allthecompressed:compress/raw_uranium_block_3x"
"raw_uranium_block","4","6561","allthecompressed:raw_uranium_block_3x","allthecompressed:raw_uranium_block_4x","allthecompressed:compress/raw_uranium_block_4x"
"raw_uranium_block","5","59049","allthecompressed:raw_uranium_block_4x","allthecompressed:raw_uranium_block_5x","allthecompressed:compress/raw_uranium_block_5x"
"raw_uranium_block","6","531441","allthecompressed:raw_uranium_block_5x","allthecompressed:raw_uranium_block_6x","allthecompressed:compress/raw_uranium_block_6x"
"raw_uranium_block","7","4782969","allthecompressed:raw_uranium_block_6x","allthecompressed:raw_uranium_block_7x","allthecompressed:compress/raw_uranium_block_7x"
"raw_uranium_block","8","43046721","allthecompressed:raw_uranium_block_7x","allthecompressed:raw_uranium_block_8x","allthecompressed:compress/raw_uranium_block_8x"
"raw_uranium_block","9","387420489","allthecompressed:raw_uranium_block_8x","allthecompressed:raw_uranium_block_9x","allthecompressed:compress/raw_uranium_block_9x"
"raw_vibranium_block","1","9","allthemodium:raw_vibranium_block","allthecompressed:raw_vibranium_block_1x","allthecompressed:compress/raw_vibranium_block_1x"
"raw_vibranium_block","2","81","allthecompressed:raw_vibranium_block_1x","allthecompressed:raw_vibranium_block_2x","allthecompressed:compress/raw_vibranium_block_2x"
"raw_vibranium_block","3","729","allthecompressed:raw_vibranium_block_2x","allthecompressed:raw_vibranium_block_3x","allthecompressed:compress/raw_vibranium_block_3x"
"raw_vibranium_block","4","6561","allthecompressed:raw_vibranium_block_3x","allthecompressed:raw_vibranium_block_4x","allthecompressed:compress/raw_vibranium_block_4x"
"raw_vibranium_block","5","59049","allthecompressed:raw_vibranium_block_4x","allthecompressed:raw_vibranium_block_5x","allthecompressed:compress/raw_vibranium_block_5x"
"raw_vibranium_block","6","531441","allthecompressed:raw_vibranium_block_5x","allthecompressed:raw_vibranium_block_6x","allthecompressed:compress/raw_vibranium_block_6x"
"raw_vibranium_block","7","4782969","allthecompressed:raw_vibranium_block_6x","allthecompressed:raw_vibranium_block_7x","allthecompressed:compress/raw_vibranium_block_7x"
"raw_vibranium_block","8","43046721","allthecompressed:raw_vibranium_block_7x","allthecompressed:raw_vibranium_block_8x","allthecompressed:compress/raw_vibranium_block_8x"
"raw_vibranium_block","9","387420489","allthecompressed:raw_vibranium_block_8x","allthecompressed:raw_vibranium_block_9x","allthecompressed:compress/raw_vibranium_block_9x"
"raw_zinc_block","1","9","alltheores:raw_zinc_block","allthecompressed:raw_zinc_block_1x","allthecompressed:compress/raw_zinc_block_1x"
"raw_zinc_block","2","81","allthecompressed:raw_zinc_block_1x","allthecompressed:raw_zinc_block_2x","allthecompressed:compress/raw_zinc_block_2x"
"raw_zinc_block","3","729","allthecompressed:raw_zinc_block_2x","allthecompressed:raw_zinc_block_3x","allthecompressed:compress/raw_zinc_block_3x"
"raw_zinc_block","4","6561","allthecompressed:raw_zinc_block_3x","allthecompressed:raw_zinc_block_4x","allthecompressed:compress/raw_zinc_block_4x"
"raw_zinc_block","5","59049","allthecompressed:raw_zinc_block_4x","allthecompressed:raw_zinc_block_5x","allthecompressed:compress/raw_zinc_block_5x"
"raw_zinc_block","6","531441","allthecompressed:raw_zinc_block_5x","allthecompressed:raw_zinc_block_6x","allthecompressed:compress/raw_zinc_block_6x"
"raw_zinc_block","7","4782969","allthecompressed:raw_zinc_block_6x","allthecompressed:raw_zinc_block_7x","allthecompressed:compress/raw_zinc_block_7x"
"raw_zinc_block","8","43046721","allthecompressed:raw_zinc_block_7x","allthecompressed:raw_zinc_block_8x","allthecompressed:compress/raw_zinc_block_8x"
"raw_zinc_block","9","387420489","allthecompressed:raw_zinc_block_8x","allthecompressed:raw_zinc_block_9x","allthecompressed:compress/raw_zinc_block_9x"
"red_concrete","1","9","minecraft:red_concrete","allthecompressed:red_concrete_1x","allthecompressed:compress/red_concrete_1x"
"red_concrete","2","81","allthecompressed:red_concrete_1x","allthecompressed:red_concrete_2x","allthecompressed:compress/red_concrete_2x"
"red_concrete","3","729","allthecompressed:red_concrete_2x","allthecompressed:red_concrete_3x","allthecompressed:compress/red_concrete_3x"
"red_concrete","4","6561","allthecompressed:red_concrete_3x","allthecompressed:red_concrete_4x","allthecompressed:compress/red_concrete_4x"
"red_concrete","5","59049","allthecompressed:red_concrete_4x","allthecompressed:red_concrete_5x","allthecompressed:compress/red_concrete_5x"
"red_concrete","6","531441","allthecompressed:red_concrete_5x","allthecompressed:red_concrete_6x","allthecompressed:compress/red_concrete_6x"
"red_concrete","7","4782969","allthecompressed:red_concrete_6x","allthecompressed:red_concrete_7x","allthecompressed:compress/red_concrete_7x"
"red_concrete","8","43046721","allthecompressed:red_concrete_7x","allthecompressed:red_concrete_8x","allthecompressed:compress/red_concrete_8x"
"red_concrete","9","387420489","allthecompressed:red_concrete_8x","allthecompressed:red_concrete_9x","allthecompressed:compress/red_concrete_9x"
"red_sand","1","9","minecraft:red_sand","allthecompressed:red_sand_1x","allthecompressed:compress/red_sand_1x"
"red_sand","2","81","allthecompressed:red_sand_1x","allthecompressed:red_sand_2x","allthecompressed:compress/red_sand_2x"
"red_sand","3","729","allthecompressed:red_sand_2x","allthecompressed:red_sand_3x","allthecompressed:compress/red_sand_3x"
"red_sand","4","6561","allthecompressed:red_sand_3x","allthecompressed:red_sand_4x","allthecompressed:compress/red_sand_4x"
"red_sand","5","59049","allthecompressed:red_sand_4x","allthecompressed:red_sand_5x","allthecompressed:compress/red_sand_5x"
"red_sand","6","531441","allthecompressed:red_sand_5x","allthecompressed:red_sand_6x","allthecompressed:compress/red_sand_6x"
"red_sand","7","4782969","allthecompressed:red_sand_6x","allthecompressed:red_sand_7x","allthecompressed:compress/red_sand_7x"
"red_sand","8","43046721","allthecompressed:red_sand_7x","allthecompressed:red_sand_8x","allthecompressed:compress/red_sand_8x"
"red_sand","9","387420489","allthecompressed:red_sand_8x","allthecompressed:red_sand_9x","allthecompressed:compress/red_sand_9x"
"redstone_alloy_block","1","9","enderio:redstone_alloy_block","allthecompressed:redstone_alloy_block_1x","allthecompressed:compress/redstone_alloy_block_1x"
"redstone_alloy_block","2","81","allthecompressed:redstone_alloy_block_1x","allthecompressed:redstone_alloy_block_2x","allthecompressed:compress/redstone_alloy_block_2x"
"redstone_alloy_block","3","729","allthecompressed:redstone_alloy_block_2x","allthecompressed:redstone_alloy_block_3x","allthecompressed:compress/redstone_alloy_block_3x"
"redstone_alloy_block","4","6561","allthecompressed:redstone_alloy_block_3x","allthecompressed:redstone_alloy_block_4x","allthecompressed:compress/redstone_alloy_block_4x"
"redstone_alloy_block","5","59049","allthecompressed:redstone_alloy_block_4x","allthecompressed:redstone_alloy_block_5x","allthecompressed:compress/redstone_alloy_block_5x"
"redstone_alloy_block","6","531441","allthecompressed:redstone_alloy_block_5x","allthecompressed:redstone_alloy_block_6x","allthecompressed:compress/redstone_alloy_block_6x"
"redstone_alloy_block","7","4782969","allthecompressed:redstone_alloy_block_6x","allthecompressed:redstone_alloy_block_7x","allthecompressed:compress/redstone_alloy_block_7x"
"redstone_alloy_block","8","43046721","allthecompressed:redstone_alloy_block_7x","allthecompressed:redstone_alloy_block_8x","allthecompressed:compress/redstone_alloy_block_8x"
"redstone_alloy_block","9","387420489","allthecompressed:redstone_alloy_block_8x","allthecompressed:redstone_alloy_block_9x","allthecompressed:compress/redstone_alloy_block_9x"
"redstone_block","1","9","minecraft:redstone_block","allthecompressed:redstone_block_1x","allthecompressed:compress/redstone_block_1x"
"redstone_block","2","81","allthecompressed:redstone_block_1x","allthecompressed:redstone_block_2x","allthecompressed:compress/redstone_block_2x"
"redstone_block","3","729","allthecompressed:redstone_block_2x","allthecompressed:redstone_block_3x","allthecompressed:compress/redstone_block_3x"
"redstone_block","4","6561","allthecompressed:redstone_block_3x","allthecompressed:redstone_block_4x","allthecompressed:compress/redstone_block_4x"
"redstone_block","5","59049","allthecompressed:redstone_block_4x","allthecompressed:redstone_block_5x","allthecompressed:compress/redstone_block_5x"
"redstone_block","6","531441","allthecompressed:redstone_block_5x","allthecompressed:redstone_block_6x","allthecompressed:compress/redstone_block_6x"
"redstone_block","7","4782969","allthecompressed:redstone_block_6x","allthecompressed:redstone_block_7x","allthecompressed:compress/redstone_block_7x"
"redstone_block","8","43046721","allthecompressed:redstone_block_7x","allthecompressed:redstone_block_8x","allthecompressed:compress/redstone_block_8x"
"redstone_block","9","387420489","allthecompressed:redstone_block_8x","allthecompressed:redstone_block_9x","allthecompressed:compress/redstone_block_9x"
"ruby_block","1","9","alltheores:ruby_block","allthecompressed:ruby_block_1x","allthecompressed:compress/ruby_block_1x"
"ruby_block","2","81","allthecompressed:ruby_block_1x","allthecompressed:ruby_block_2x","allthecompressed:compress/ruby_block_2x"
"ruby_block","3","729","allthecompressed:ruby_block_2x","allthecompressed:ruby_block_3x","allthecompressed:compress/ruby_block_3x"
"ruby_block","4","6561","allthecompressed:ruby_block_3x","allthecompressed:ruby_block_4x","allthecompressed:compress/ruby_block_4x"
"ruby_block","5","59049","allthecompressed:ruby_block_4x","allthecompressed:ruby_block_5x","allthecompressed:compress/ruby_block_5x"
"ruby_block","6","531441","allthecompressed:ruby_block_5x","allthecompressed:ruby_block_6x","allthecompressed:compress/ruby_block_6x"
"ruby_block","7","4782969","allthecompressed:ruby_block_6x","allthecompressed:ruby_block_7x","allthecompressed:compress/ruby_block_7x"
"ruby_block","8","43046721","allthecompressed:ruby_block_7x","allthecompressed:ruby_block_8x","allthecompressed:compress/ruby_block_8x"
"ruby_block","9","387420489","allthecompressed:ruby_block_8x","allthecompressed:ruby_block_9x","allthecompressed:compress/ruby_block_9x"
"salt_block","1","9","alltheores:salt_block","allthecompressed:salt_block_1x","allthecompressed:compress/salt_block_1x"
"salt_block","2","81","allthecompressed:salt_block_1x","allthecompressed:salt_block_2x","allthecompressed:compress/salt_block_2x"
"salt_block","3","729","allthecompressed:salt_block_2x","allthecompressed:salt_block_3x","allthecompressed:compress/salt_block_3x"
"salt_block","4","6561","allthecompressed:salt_block_3x","allthecompressed:salt_block_4x","allthecompressed:compress/salt_block_4x"
"salt_block","5","59049","allthecompressed:salt_block_4x","allthecompressed:salt_block_5x","allthecompressed:compress/salt_block_5x"
"salt_block","6","531441","allthecompressed:salt_block_5x","allthecompressed:salt_block_6x","allthecompressed:compress/salt_block_6x"
"salt_block","7","4782969","allthecompressed:salt_block_6x","allthecompressed:salt_block_7x","allthecompressed:compress/salt_block_7x"
"salt_block","8","43046721","allthecompressed:salt_block_7x","allthecompressed:salt_block_8x","allthecompressed:compress/salt_block_8x"
"salt_block","9","387420489","allthecompressed:salt_block_8x","allthecompressed:salt_block_9x","allthecompressed:compress/salt_block_9x"
"sand","1","9","minecraft:sand","allthecompressed:sand_1x","allthecompressed:compress/sand_1x"
"sand","2","81","allthecompressed:sand_1x","allthecompressed:sand_2x","allthecompressed:compress/sand_2x"
"sand","3","729","allthecompressed:sand_2x","allthecompressed:sand_3x","allthecompressed:compress/sand_3x"
"sand","4","6561","allthecompressed:sand_3x","allthecompressed:sand_4x","allthecompressed:compress/sand_4x"
"sand","5","59049","allthecompressed:sand_4x","allthecompressed:sand_5x","allthecompressed:compress/sand_5x"
"sand","6","531441","allthecompressed:sand_5x","allthecompressed:sand_6x","allthecompressed:compress/sand_6x"
"sand","7","4782969","allthecompressed:sand_6x","allthecompressed:sand_7x","allthecompressed:compress/sand_7x"
"sand","8","43046721","allthecompressed:sand_7x","allthecompressed:sand_8x","allthecompressed:compress/sand_8x"
"sand","9","387420489","allthecompressed:sand_8x","allthecompressed:sand_9x","allthecompressed:compress/sand_9x"
"sapphire_block","1","9","alltheores:sapphire_block","allthecompressed:sapphire_block_1x","allthecompressed:compress/sapphire_block_1x"
"sapphire_block","2","81","allthecompressed:sapphire_block_1x","allthecompressed:sapphire_block_2x","allthecompressed:compress/sapphire_block_2x"
"sapphire_block","3","729","allthecompressed:sapphire_block_2x","allthecompressed:sapphire_block_3x","allthecompressed:compress/sapphire_block_3x"
"sapphire_block","4","6561","allthecompressed:sapphire_block_3x","allthecompressed:sapphire_block_4x","allthecompressed:compress/sapphire_block_4x"
"sapphire_block","5","59049","allthecompressed:sapphire_block_4x","allthecompressed:sapphire_block_5x","allthecompressed:compress/sapphire_block_5x"
"sapphire_block","6","531441","allthecompressed:sapphire_block_5x","allthecompressed:sapphire_block_6x","allthecompressed:compress/sapphire_block_6x"
"sapphire_block","7","4782969","allthecompressed:sapphire_block_6x","allthecompressed:sapphire_block_7x","allthecompressed:compress/sapphire_block_7x"
"sapphire_block","8","43046721","allthecompressed:sapphire_block_7x","allthecompressed:sapphire_block_8x","allthecompressed:compress/sapphire_block_8x"
"sapphire_block","9","387420489","allthecompressed:sapphire_block_8x","allthecompressed:sapphire_block_9x","allthecompressed:compress/sapphire_block_9x"
"signalum_block","1","9","alltheores:signalum_block","allthecompressed:signalum_block_1x","allthecompressed:compress/signalum_block_1x"
"signalum_block","2","81","allthecompressed:signalum_block_1x","allthecompressed:signalum_block_2x","allthecompressed:compress/signalum_block_2x"
"signalum_block","3","729","allthecompressed:signalum_block_2x","allthecompressed:signalum_block_3x","allthecompressed:compress/signalum_block_3x"
"signalum_block","4","6561","allthecompressed:signalum_block_3x","allthecompressed:signalum_block_4x","allthecompressed:compress/signalum_block_4x"
"signalum_block","5","59049","allthecompressed:signalum_block_4x","allthecompressed:signalum_block_5x","allthecompressed:compress/signalum_block_5x"
"signalum_block","6","531441","allthecompressed:signalum_block_5x","allthecompressed:signalum_block_6x","allthecompressed:compress/signalum_block_6x"
"signalum_block","7","4782969","allthecompressed:signalum_block_6x","allthecompressed:signalum_block_7x","allthecompressed:compress/signalum_block_7x"
"signalum_block","8","43046721","allthecompressed:signalum_block_7x","allthecompressed:signalum_block_8x","allthecompressed:compress/signalum_block_8x"
"signalum_block","9","387420489","allthecompressed:signalum_block_8x","allthecompressed:signalum_block_9x","allthecompressed:compress/signalum_block_9x"
"silicon_block","1","9","extendedae:silicon_block","allthecompressed:silicon_block_1x","allthecompressed:compress/silicon_block_1x"
"silicon_block","2","81","allthecompressed:silicon_block_1x","allthecompressed:silicon_block_2x","allthecompressed:compress/silicon_block_2x"
"silicon_block","3","729","allthecompressed:silicon_block_2x","allthecompressed:silicon_block_3x","allthecompressed:compress/silicon_block_3x"
"silicon_block","4","6561","allthecompressed:silicon_block_3x","allthecompressed:silicon_block_4x","allthecompressed:compress/silicon_block_4x"
"silicon_block","5","59049","allthecompressed:silicon_block_4x","allthecompressed:silicon_block_5x","allthecompressed:compress/silicon_block_5x"
"silicon_block","6","531441","allthecompressed:silicon_block_5x","allthecompressed:silicon_block_6x","allthecompressed:compress/silicon_block_6x"
"silicon_block","7","4782969","allthecompressed:silicon_block_6x","allthecompressed:silicon_block_7x","allthecompressed:compress/silicon_block_7x"
"silicon_block","8","43046721","allthecompressed:silicon_block_7x","allthecompressed:silicon_block_8x","allthecompressed:compress/silicon_block_8x"
"silicon_block","9","387420489","allthecompressed:silicon_block_8x","allthecompressed:silicon_block_9x","allthecompressed:compress/silicon_block_9x"
"silver_block","1","9","alltheores:silver_block","allthecompressed:silver_block_1x","allthecompressed:compress/silver_block_1x"
"silver_block","2","81","allthecompressed:silver_block_1x","allthecompressed:silver_block_2x","allthecompressed:compress/silver_block_2x"
"silver_block","3","729","allthecompressed:silver_block_2x","allthecompressed:silver_block_3x","allthecompressed:compress/silver_block_3x"
"silver_block","4","6561","allthecompressed:silver_block_3x","allthecompressed:silver_block_4x","allthecompressed:compress/silver_block_4x"
"silver_block","5","59049","allthecompressed:silver_block_4x","allthecompressed:silver_block_5x","allthecompressed:compress/silver_block_5x"
"silver_block","6","531441","allthecompressed:silver_block_5x","allthecompressed:silver_block_6x","allthecompressed:compress/silver_block_6x"
"silver_block","7","4782969","allthecompressed:silver_block_6x","allthecompressed:silver_block_7x","allthecompressed:compress/silver_block_7x"
"silver_block","8","43046721","allthecompressed:silver_block_7x","allthecompressed:silver_block_8x","allthecompressed:compress/silver_block_8x"
"silver_block","9","387420489","allthecompressed:silver_block_8x","allthecompressed:silver_block_9x","allthecompressed:compress/silver_block_9x"
"skeletal_ingot_block","1","9","aoa3:skeletal_ingot_block","allthecompressed:skeletal_ingot_block_1x","allthecompressed:compress/skeletal_ingot_block_1x"
"skeletal_ingot_block","2","81","allthecompressed:skeletal_ingot_block_1x","allthecompressed:skeletal_ingot_block_2x","allthecompressed:compress/skeletal_ingot_block_2x"
"skeletal_ingot_block","3","729","allthecompressed:skeletal_ingot_block_2x","allthecompressed:skeletal_ingot_block_3x","allthecompressed:compress/skeletal_ingot_block_3x"
"skeletal_ingot_block","4","6561","allthecompressed:skeletal_ingot_block_3x","allthecompressed:skeletal_ingot_block_4x","allthecompressed:compress/skeletal_ingot_block_4x"
"skeletal_ingot_block","5","59049","allthecompressed:skeletal_ingot_block_4x","allthecompressed:skeletal_ingot_block_5x","allthecompressed:compress/skeletal_ingot_block_5x"
"skeletal_ingot_block","6","531441","allthecompressed:skeletal_ingot_block_5x","allthecompressed:skeletal_ingot_block_6x","allthecompressed:compress/skeletal_ingot_block_6x"
"skeletal_ingot_block","7","4782969","allthecompressed:skeletal_ingot_block_6x","allthecompressed:skeletal_ingot_block_7x","allthecompressed:compress/skeletal_ingot_block_7x"
"skeletal_ingot_block","8","43046721","allthecompressed:skeletal_ingot_block_7x","allthecompressed:skeletal_ingot_block_8x","allthecompressed:compress/skeletal_ingot_block_8x"
"skeletal_ingot_block","9","387420489","allthecompressed:skeletal_ingot_block_8x","allthecompressed:skeletal_ingot_block_9x","allthecompressed:compress/skeletal_ingot_block_9x"
"sky_bronze_block","1","9","megacells:sky_bronze_block","allthecompressed:sky_bronze_block_1x","allthecompressed:compress/sky_bronze_block_1x"
"sky_bronze_block","2","81","allthecompressed:sky_bronze_block_1x","allthecompressed:sky_bronze_block_2x","allthecompressed:compress/sky_bronze_block_2x"
"sky_bronze_block","3","729","allthecompressed:sky_bronze_block_2x","allthecompressed:sky_bronze_block_3x","allthecompressed:compress/sky_bronze_block_3x"
"sky_bronze_block","4","6561","allthecompressed:sky_bronze_block_3x","allthecompressed:sky_bronze_block_4x","allthecompressed:compress/sky_bronze_block_4x"
"sky_bronze_block","5","59049","allthecompressed:sky_bronze_block_4x","allthecompressed:sky_bronze_block_5x","allthecompressed:compress/sky_bronze_block_5x"
"sky_bronze_block","6","531441","allthecompressed:sky_bronze_block_5x","allthecompressed:sky_bronze_block_6x","allthecompressed:compress/sky_bronze_block_6x"
"sky_bronze_block","7","4782969","allthecompressed:sky_bronze_block_6x","allthecompressed:sky_bronze_block_7x","allthecompressed:compress/sky_bronze_block_7x"
"sky_bronze_block","8","43046721","allthecompressed:sky_bronze_block_7x","allthecompressed:sky_bronze_block_8x","allthecompressed:compress/sky_bronze_block_8x"
"sky_bronze_block","9","387420489","allthecompressed:sky_bronze_block_8x","allthecompressed:sky_bronze_block_9x","allthecompressed:compress/sky_bronze_block_9x"
"sky_osmium_block","1","9","megacells:sky_osmium_block","allthecompressed:sky_osmium_block_1x","allthecompressed:compress/sky_osmium_block_1x"
"sky_osmium_block","2","81","allthecompressed:sky_osmium_block_1x","allthecompressed:sky_osmium_block_2x","allthecompressed:compress/sky_osmium_block_2x"
"sky_osmium_block","3","729","allthecompressed:sky_osmium_block_2x","allthecompressed:sky_osmium_block_3x","allthecompressed:compress/sky_osmium_block_3x"
"sky_osmium_block","4","6561","allthecompressed:sky_osmium_block_3x","allthecompressed:sky_osmium_block_4x","allthecompressed:compress/sky_osmium_block_4x"
"sky_osmium_block","5","59049","allthecompressed:sky_osmium_block_4x","allthecompressed:sky_osmium_block_5x","allthecompressed:compress/sky_osmium_block_5x"
"sky_osmium_block","6","531441","allthecompressed:sky_osmium_block_5x","allthecompressed:sky_osmium_block_6x","allthecompressed:compress/sky_osmium_block_6x"
"sky_osmium_block","7","4782969","allthecompressed:sky_osmium_block_6x","allthecompressed:sky_osmium_block_7x","allthecompressed:compress/sky_osmium_block_7x"
"sky_osmium_block","8","43046721","allthecompressed:sky_osmium_block_7x","allthecompressed:sky_osmium_block_8x","allthecompressed:compress/sky_osmium_block_8x"
"sky_osmium_block","9","387420489","allthecompressed:sky_osmium_block_8x","allthecompressed:sky_osmium_block_9x","allthecompressed:compress/sky_osmium_block_9x"
"sky_steel_block","1","9","megacells:sky_steel_block","allthecompressed:sky_steel_block_1x","allthecompressed:compress/sky_steel_block_1x"
"sky_steel_block","2","81","allthecompressed:sky_steel_block_1x","allthecompressed:sky_steel_block_2x","allthecompressed:compress/sky_steel_block_2x"
"sky_steel_block","3","729","allthecompressed:sky_steel_block_2x","allthecompressed:sky_steel_block_3x","allthecompressed:compress/sky_steel_block_3x"
"sky_steel_block","4","6561","allthecompressed:sky_steel_block_3x","allthecompressed:sky_steel_block_4x","allthecompressed:compress/sky_steel_block_4x"
"sky_steel_block","5","59049","allthecompressed:sky_steel_block_4x","allthecompressed:sky_steel_block_5x","allthecompressed:compress/sky_steel_block_5x"
"sky_steel_block","6","531441","allthecompressed:sky_steel_block_5x","allthecompressed:sky_steel_block_6x","allthecompressed:compress/sky_steel_block_6x"
"sky_steel_block","7","4782969","allthecompressed:sky_steel_block_6x","allthecompressed:sky_steel_block_7x","allthecompressed:compress/sky_steel_block_7x"
"sky_steel_block","8","43046721","allthecompressed:sky_steel_block_7x","allthecompressed:sky_steel_block_8x","allthecompressed:compress/sky_steel_block_8x"
"sky_steel_block","9","387420489","allthecompressed:sky_steel_block_8x","allthecompressed:sky_steel_block_9x","allthecompressed:compress/sky_steel_block_9x"
"sky_stone_block","1","9","ae2:sky_stone_block","allthecompressed:sky_stone_block_1x","allthecompressed:compress/sky_stone_block_1x"
"sky_stone_block","2","81","allthecompressed:sky_stone_block_1x","allthecompressed:sky_stone_block_2x","allthecompressed:compress/sky_stone_block_2x"
"sky_stone_block","3","729","allthecompressed:sky_stone_block_2x","allthecompressed:sky_stone_block_3x","allthecompressed:compress/sky_stone_block_3x"
"sky_stone_block","4","6561","allthecompressed:sky_stone_block_3x","allthecompressed:sky_stone_block_4x","allthecompressed:compress/sky_stone_block_4x"
"sky_stone_block","5","59049","allthecompressed:sky_stone_block_4x","allthecompressed:sky_stone_block_5x","allthecompressed:compress/sky_stone_block_5x"
"sky_stone_block","6","531441","allthecompressed:sky_stone_block_5x","allthecompressed:sky_stone_block_6x","allthecompressed:compress/sky_stone_block_6x"
"sky_stone_block","7","4782969","allthecompressed:sky_stone_block_6x","allthecompressed:sky_stone_block_7x","allthecompressed:compress/sky_stone_block_7x"
"sky_stone_block","8","43046721","allthecompressed:sky_stone_block_7x","allthecompressed:sky_stone_block_8x","allthecompressed:compress/sky_stone_block_8x"
"sky_stone_block","9","387420489","allthecompressed:sky_stone_block_8x","allthecompressed:sky_stone_block_9x","allthecompressed:compress/sky_stone_block_9x"
"smooth_stone","1","9","minecraft:smooth_stone","allthecompressed:smooth_stone_1x","allthecompressed:compress/smooth_stone_1x"
"smooth_stone","2","81","allthecompressed:smooth_stone_1x","allthecompressed:smooth_stone_2x","allthecompressed:compress/smooth_stone_2x"
"smooth_stone","3","729","allthecompressed:smooth_stone_2x","allthecompressed:smooth_stone_3x","allthecompressed:compress/smooth_stone_3x"
"smooth_stone","4","6561","allthecompressed:smooth_stone_3x","allthecompressed:smooth_stone_4x","allthecompressed:compress/smooth_stone_4x"
"smooth_stone","5","59049","allthecompressed:smooth_stone_4x","allthecompressed:smooth_stone_5x","allthecompressed:compress/smooth_stone_5x"
"smooth_stone","6","531441","allthecompressed:smooth_stone_5x","allthecompressed:smooth_stone_6x","allthecompressed:compress/smooth_stone_6x"
"smooth_stone","7","4782969","allthecompressed:smooth_stone_6x","allthecompressed:smooth_stone_7x","allthecompressed:compress/smooth_stone_7x"
"smooth_stone","8","43046721","allthecompressed:smooth_stone_7x","allthecompressed:smooth_stone_8x","allthecompressed:compress/smooth_stone_8x"
"smooth_stone","9","387420489","allthecompressed:smooth_stone_8x","allthecompressed:smooth_stone_9x","allthecompressed:compress/smooth_stone_9x"
"snow","1","9","minecraft:snow_block","allthecompressed:snow_1x","allthecompressed:compress/snow_1x"
"snow","2","81","allthecompressed:snow_1x","allthecompressed:snow_2x","allthecompressed:compress/snow_2x"
"snow","3","729","allthecompressed:snow_2x","allthecompressed:snow_3x","allthecompressed:compress/snow_3x"
"snow","4","6561","allthecompressed:snow_3x","allthecompressed:snow_4x","allthecompressed:compress/snow_4x"
"snow","5","59049","allthecompressed:snow_4x","allthecompressed:snow_5x","allthecompressed:compress/snow_5x"
"snow","6","531441","allthecompressed:snow_5x","allthecompressed:snow_6x","allthecompressed:compress/snow_6x"
"snow","7","4782969","allthecompressed:snow_6x","allthecompressed:snow_7x","allthecompressed:compress/snow_7x"
"snow","8","43046721","allthecompressed:snow_7x","allthecompressed:snow_8x","allthecompressed:compress/snow_8x"
"snow","9","387420489","allthecompressed:snow_8x","allthecompressed:snow_9x","allthecompressed:compress/snow_9x"
"soul_sand","1","9","minecraft:soul_sand","allthecompressed:soul_sand_1x","allthecompressed:compress/soul_sand_1x"
"soul_sand","2","81","allthecompressed:soul_sand_1x","allthecompressed:soul_sand_2x","allthecompressed:compress/soul_sand_2x"
"soul_sand","3","729","allthecompressed:soul_sand_2x","allthecompressed:soul_sand_3x","allthecompressed:compress/soul_sand_3x"
"soul_sand","4","6561","allthecompressed:soul_sand_3x","allthecompressed:soul_sand_4x","allthecompressed:compress/soul_sand_4x"
"soul_sand","5","59049","allthecompressed:soul_sand_4x","allthecompressed:soul_sand_5x","allthecompressed:compress/soul_sand_5x"
"soul_sand","6","531441","allthecompressed:soul_sand_5x","allthecompressed:soul_sand_6x","allthecompressed:compress/soul_sand_6x"
"soul_sand","7","4782969","allthecompressed:soul_sand_6x","allthecompressed:soul_sand_7x","allthecompressed:compress/soul_sand_7x"
"soul_sand","8","43046721","allthecompressed:soul_sand_7x","allthecompressed:soul_sand_8x","allthecompressed:compress/soul_sand_8x"
"soul_sand","9","387420489","allthecompressed:soul_sand_8x","allthecompressed:soul_sand_9x","allthecompressed:compress/soul_sand_9x"
"soul_soil","1","9","minecraft:soul_soil","allthecompressed:soul_soil_1x","allthecompressed:compress/soul_soil_1x"
"soul_soil","2","81","allthecompressed:soul_soil_1x","allthecompressed:soul_soil_2x","allthecompressed:compress/soul_soil_2x"
"soul_soil","3","729","allthecompressed:soul_soil_2x","allthecompressed:soul_soil_3x","allthecompressed:compress/soul_soil_3x"
"soul_soil","4","6561","allthecompressed:soul_soil_3x","allthecompressed:soul_soil_4x","allthecompressed:compress/soul_soil_4x"
"soul_soil","5","59049","allthecompressed:soul_soil_4x","allthecompressed:soul_soil_5x","allthecompressed:compress/soul_soil_5x"
"soul_soil","6","531441","allthecompressed:soul_soil_5x","allthecompressed:soul_soil_6x","allthecompressed:compress/soul_soil_6x"
"soul_soil","7","4782969","allthecompressed:soul_soil_6x","allthecompressed:soul_soil_7x","allthecompressed:compress/soul_soil_7x"
"soul_soil","8","43046721","allthecompressed:soul_soil_7x","allthecompressed:soul_soil_8x","allthecompressed:compress/soul_soil_8x"
"soul_soil","9","387420489","allthecompressed:soul_soil_8x","allthecompressed:soul_soil_9x","allthecompressed:compress/soul_soil_9x"
"soularium_block","1","9","enderio:soularium_block","allthecompressed:soularium_block_1x","allthecompressed:compress/soularium_block_1x"
"soularium_block","2","81","allthecompressed:soularium_block_1x","allthecompressed:soularium_block_2x","allthecompressed:compress/soularium_block_2x"
"soularium_block","3","729","allthecompressed:soularium_block_2x","allthecompressed:soularium_block_3x","allthecompressed:compress/soularium_block_3x"
"soularium_block","4","6561","allthecompressed:soularium_block_3x","allthecompressed:soularium_block_4x","allthecompressed:compress/soularium_block_4x"
"soularium_block","5","59049","allthecompressed:soularium_block_4x","allthecompressed:soularium_block_5x","allthecompressed:compress/soularium_block_5x"
"soularium_block","6","531441","allthecompressed:soularium_block_5x","allthecompressed:soularium_block_6x","allthecompressed:compress/soularium_block_6x"
"soularium_block","7","4782969","allthecompressed:soularium_block_6x","allthecompressed:soularium_block_7x","allthecompressed:compress/soularium_block_7x"
"soularium_block","8","43046721","allthecompressed:soularium_block_7x","allthecompressed:soularium_block_8x","allthecompressed:compress/soularium_block_8x"
"soularium_block","9","387420489","allthecompressed:soularium_block_8x","allthecompressed:soularium_block_9x","allthecompressed:compress/soularium_block_9x"
"spirited_crystal_block","1","9","powah:spirited_crystal_block","allthecompressed:spirited_crystal_block_1x","allthecompressed:compress/spirited_crystal_block_1x"
"spirited_crystal_block","2","81","allthecompressed:spirited_crystal_block_1x","allthecompressed:spirited_crystal_block_2x","allthecompressed:compress/spirited_crystal_block_2x"
"spirited_crystal_block","3","729","allthecompressed:spirited_crystal_block_2x","allthecompressed:spirited_crystal_block_3x","allthecompressed:compress/spirited_crystal_block_3x"
"spirited_crystal_block","4","6561","allthecompressed:spirited_crystal_block_3x","allthecompressed:spirited_crystal_block_4x","allthecompressed:compress/spirited_crystal_block_4x"
"spirited_crystal_block","5","59049","allthecompressed:spirited_crystal_block_4x","allthecompressed:spirited_crystal_block_5x","allthecompressed:compress/spirited_crystal_block_5x"
"spirited_crystal_block","6","531441","allthecompressed:spirited_crystal_block_5x","allthecompressed:spirited_crystal_block_6x","allthecompressed:compress/spirited_crystal_block_6x"
"spirited_crystal_block","7","4782969","allthecompressed:spirited_crystal_block_6x","allthecompressed:spirited_crystal_block_7x","allthecompressed:compress/spirited_crystal_block_7x"
"spirited_crystal_block","8","43046721","allthecompressed:spirited_crystal_block_7x","allthecompressed:spirited_crystal_block_8x","allthecompressed:compress/spirited_crystal_block_8x"
"spirited_crystal_block","9","387420489","allthecompressed:spirited_crystal_block_8x","allthecompressed:spirited_crystal_block_9x","allthecompressed:compress/spirited_crystal_block_9x"
"sponge","1","9","minecraft:sponge","allthecompressed:sponge_1x","allthecompressed:compress/sponge_1x"
"sponge","2","81","allthecompressed:sponge_1x","allthecompressed:sponge_2x","allthecompressed:compress/sponge_2x"
"sponge","3","729","allthecompressed:sponge_2x","allthecompressed:sponge_3x","allthecompressed:compress/sponge_3x"
"sponge","4","6561","allthecompressed:sponge_3x","allthecompressed:sponge_4x","allthecompressed:compress/sponge_4x"
"sponge","5","59049","allthecompressed:sponge_4x","allthecompressed:sponge_5x","allthecompressed:compress/sponge_5x"
"sponge","6","531441","allthecompressed:sponge_5x","allthecompressed:sponge_6x","allthecompressed:compress/sponge_6x"
"sponge","7","4782969","allthecompressed:sponge_6x","allthecompressed:sponge_7x","allthecompressed:compress/sponge_7x"
"sponge","8","43046721","allthecompressed:sponge_7x","allthecompressed:sponge_8x","allthecompressed:compress/sponge_8x"
"sponge","9","387420489","allthecompressed:sponge_8x","allthecompressed:sponge_9x","allthecompressed:compress/sponge_9x"
"spruce_log","1","9","minecraft:spruce_log","allthecompressed:spruce_log_1x","allthecompressed:compress/spruce_log_1x"
"spruce_log","2","81","allthecompressed:spruce_log_1x","allthecompressed:spruce_log_2x","allthecompressed:compress/spruce_log_2x"
"spruce_log","3","729","allthecompressed:spruce_log_2x","allthecompressed:spruce_log_3x","allthecompressed:compress/spruce_log_3x"
"spruce_log","4","6561","allthecompressed:spruce_log_3x","allthecompressed:spruce_log_4x","allthecompressed:compress/spruce_log_4x"
"spruce_log","5","59049","allthecompressed:spruce_log_4x","allthecompressed:spruce_log_5x","allthecompressed:compress/spruce_log_5x"
"spruce_log","6","531441","allthecompressed:spruce_log_5x","allthecompressed:spruce_log_6x","allthecompressed:compress/spruce_log_6x"
"spruce_log","7","4782969","allthecompressed:spruce_log_6x","allthecompressed:spruce_log_7x","allthecompressed:compress/spruce_log_7x"
"spruce_log","8","43046721","allthecompressed:spruce_log_7x","allthecompressed:spruce_log_8x","allthecompressed:compress/spruce_log_8x"
"spruce_log","9","387420489","allthecompressed:spruce_log_8x","allthecompressed:spruce_log_9x","allthecompressed:compress/spruce_log_9x"
"spruce_planks","1","9","minecraft:spruce_planks","allthecompressed:spruce_planks_1x","allthecompressed:compress/spruce_planks_1x"
"spruce_planks","2","81","allthecompressed:spruce_planks_1x","allthecompressed:spruce_planks_2x","allthecompressed:compress/spruce_planks_2x"
"spruce_planks","3","729","allthecompressed:spruce_planks_2x","allthecompressed:spruce_planks_3x","allthecompressed:compress/spruce_planks_3x"
"spruce_planks","4","6561","allthecompressed:spruce_planks_3x","allthecompressed:spruce_planks_4x","allthecompressed:compress/spruce_planks_4x"
"spruce_planks","5","59049","allthecompressed:spruce_planks_4x","allthecompressed:spruce_planks_5x","allthecompressed:compress/spruce_planks_5x"
"spruce_planks","6","531441","allthecompressed:spruce_planks_5x","allthecompressed:spruce_planks_6x","allthecompressed:compress/spruce_planks_6x"
"spruce_planks","7","4782969","allthecompressed:spruce_planks_6x","allthecompressed:spruce_planks_7x","allthecompressed:compress/spruce_planks_7x"
"spruce_planks","8","43046721","allthecompressed:spruce_planks_7x","allthecompressed:spruce_planks_8x","allthecompressed:compress/spruce_planks_8x"
"spruce_planks","9","387420489","allthecompressed:spruce_planks_8x","allthecompressed:spruce_planks_9x","allthecompressed:compress/spruce_planks_9x"
"steel_block","1","9","alltheores:steel_block","allthecompressed:steel_block_1x","allthecompressed:compress/steel_block_1x"
"steel_block","2","81","allthecompressed:steel_block_1x","allthecompressed:steel_block_2x","allthecompressed:compress/steel_block_2x"
"steel_block","3","729","allthecompressed:steel_block_2x","allthecompressed:steel_block_3x","allthecompressed:compress/steel_block_3x"
"steel_block","4","6561","allthecompressed:steel_block_3x","allthecompressed:steel_block_4x","allthecompressed:compress/steel_block_4x"
"steel_block","5","59049","allthecompressed:steel_block_4x","allthecompressed:steel_block_5x","allthecompressed:compress/steel_block_5x"
"steel_block","6","531441","allthecompressed:steel_block_5x","allthecompressed:steel_block_6x","allthecompressed:compress/steel_block_6x"
"steel_block","7","4782969","allthecompressed:steel_block_6x","allthecompressed:steel_block_7x","allthecompressed:compress/steel_block_7x"
"steel_block","8","43046721","allthecompressed:steel_block_7x","allthecompressed:steel_block_8x","allthecompressed:compress/steel_block_8x"
"steel_block","9","387420489","allthecompressed:steel_block_8x","allthecompressed:steel_block_9x","allthecompressed:compress/steel_block_9x"
"stone","1","9","minecraft:stone","allthecompressed:stone_1x","allthecompressed:compress/stone_1x"
"stone","2","81","allthecompressed:stone_1x","allthecompressed:stone_2x","allthecompressed:compress/stone_2x"
"stone","3","729","allthecompressed:stone_2x","allthecompressed:stone_3x","allthecompressed:compress/stone_3x"
"stone","4","6561","allthecompressed:stone_3x","allthecompressed:stone_4x","allthecompressed:compress/stone_4x"
"stone","5","59049","allthecompressed:stone_4x","allthecompressed:stone_5x","allthecompressed:compress/stone_5x"
"stone","6","531441","allthecompressed:stone_5x","allthecompressed:stone_6x","allthecompressed:compress/stone_6x"
"stone","7","4782969","allthecompressed:stone_6x","allthecompressed:stone_7x","allthecompressed:compress/stone_7x"
"stone","8","43046721","allthecompressed:stone_7x","allthecompressed:stone_8x","allthecompressed:compress/stone_8x"
"stone","9","387420489","allthecompressed:stone_8x","allthecompressed:stone_9x","allthecompressed:compress/stone_9x"
"stranglewood_log","1","9","aoa3:stranglewood_log","allthecompressed:stranglewood_log_1x","allthecompressed:compress/stranglewood_log_1x"
"stranglewood_log","2","81","allthecompressed:stranglewood_log_1x","allthecompressed:stranglewood_log_2x","allthecompressed:compress/stranglewood_log_2x"
"stranglewood_log","3","729","allthecompressed:stranglewood_log_2x","allthecompressed:stranglewood_log_3x","allthecompressed:compress/stranglewood_log_3x"
"stranglewood_log","4","6561","allthecompressed:stranglewood_log_3x","allthecompressed:stranglewood_log_4x","allthecompressed:compress/stranglewood_log_4x"
"stranglewood_log","5","59049","allthecompressed:stranglewood_log_4x","allthecompressed:stranglewood_log_5x","allthecompressed:compress/stranglewood_log_5x"
"stranglewood_log","6","531441","allthecompressed:stranglewood_log_5x","allthecompressed:stranglewood_log_6x","allthecompressed:compress/stranglewood_log_6x"
"stranglewood_log","7","4782969","allthecompressed:stranglewood_log_6x","allthecompressed:stranglewood_log_7x","allthecompressed:compress/stranglewood_log_7x"
"stranglewood_log","8","43046721","allthecompressed:stranglewood_log_7x","allthecompressed:stranglewood_log_8x","allthecompressed:compress/stranglewood_log_8x"
"stranglewood_log","9","387420489","allthecompressed:stranglewood_log_8x","allthecompressed:stranglewood_log_9x","allthecompressed:compress/stranglewood_log_9x"
"stranglewood_planks","1","9","aoa3:stranglewood_planks","allthecompressed:stranglewood_planks_1x","allthecompressed:compress/stranglewood_planks_1x"
"stranglewood_planks","2","81","allthecompressed:stranglewood_planks_1x","allthecompressed:stranglewood_planks_2x","allthecompressed:compress/stranglewood_planks_2x"
"stranglewood_planks","3","729","allthecompressed:stranglewood_planks_2x","allthecompressed:stranglewood_planks_3x","allthecompressed:compress/stranglewood_planks_3x"
"stranglewood_planks","4","6561","allthecompressed:stranglewood_planks_3x","allthecompressed:stranglewood_planks_4x","allthecompressed:compress/stranglewood_planks_4x"
"stranglewood_planks","5","59049","allthecompressed:stranglewood_planks_4x","allthecompressed:stranglewood_planks_5x","allthecompressed:compress/stranglewood_planks_5x"
"stranglewood_planks","6","531441","allthecompressed:stranglewood_planks_5x","allthecompressed:stranglewood_planks_6x","allthecompressed:compress/stranglewood_planks_6x"
"stranglewood_planks","7","4782969","allthecompressed:stranglewood_planks_6x","allthecompressed:stranglewood_planks_7x","allthecompressed:compress/stranglewood_planks_7x"
"stranglewood_planks","8","43046721","allthecompressed:stranglewood_planks_7x","allthecompressed:stranglewood_planks_8x","allthecompressed:compress/stranglewood_planks_8x"
"stranglewood_planks","9","387420489","allthecompressed:stranglewood_planks_8x","allthecompressed:stranglewood_planks_9x","allthecompressed:compress/stranglewood_planks_9x"
"sulfur_block","1","9","alltheores:sulfur_block","allthecompressed:sulfur_block_1x","allthecompressed:compress/sulfur_block_1x"
"sulfur_block","2","81","allthecompressed:sulfur_block_1x","allthecompressed:sulfur_block_2x","allthecompressed:compress/sulfur_block_2x"
"sulfur_block","3","729","allthecompressed:sulfur_block_2x","allthecompressed:sulfur_block_3x","allthecompressed:compress/sulfur_block_3x"
"sulfur_block","4","6561","allthecompressed:sulfur_block_3x","allthecompressed:sulfur_block_4x","allthecompressed:compress/sulfur_block_4x"
"sulfur_block","5","59049","allthecompressed:sulfur_block_4x","allthecompressed:sulfur_block_5x","allthecompressed:compress/sulfur_block_5x"
"sulfur_block","6","531441","allthecompressed:sulfur_block_5x","allthecompressed:sulfur_block_6x","allthecompressed:compress/sulfur_block_6x"
"sulfur_block","7","4782969","allthecompressed:sulfur_block_6x","allthecompressed:sulfur_block_7x","allthecompressed:compress/sulfur_block_7x"
"sulfur_block","8","43046721","allthecompressed:sulfur_block_7x","allthecompressed:sulfur_block_8x","allthecompressed:compress/sulfur_block_8x"
"sulfur_block","9","387420489","allthecompressed:sulfur_block_8x","allthecompressed:sulfur_block_9x","allthecompressed:compress/sulfur_block_9x"
"terracotta","1","9","minecraft:terracotta","allthecompressed:terracotta_1x","allthecompressed:compress/terracotta_1x"
"terracotta","2","81","allthecompressed:terracotta_1x","allthecompressed:terracotta_2x","allthecompressed:compress/terracotta_2x"
"terracotta","3","729","allthecompressed:terracotta_2x","allthecompressed:terracotta_3x","allthecompressed:compress/terracotta_3x"
"terracotta","4","6561","allthecompressed:terracotta_3x","allthecompressed:terracotta_4x","allthecompressed:compress/terracotta_4x"
"terracotta","5","59049","allthecompressed:terracotta_4x","allthecompressed:terracotta_5x","allthecompressed:compress/terracotta_5x"
"terracotta","6","531441","allthecompressed:terracotta_5x","allthecompressed:terracotta_6x","allthecompressed:compress/terracotta_6x"
"terracotta","7","4782969","allthecompressed:terracotta_6x","allthecompressed:terracotta_7x","allthecompressed:compress/terracotta_7x"
"terracotta","8","43046721","allthecompressed:terracotta_7x","allthecompressed:terracotta_8x","allthecompressed:compress/terracotta_8x"
"terracotta","9","387420489","allthecompressed:terracotta_8x","allthecompressed:terracotta_9x","allthecompressed:compress/terracotta_9x"
"tin_block","1","9","alltheores:tin_block","allthecompressed:tin_block_1x","allthecompressed:compress/tin_block_1x"
"tin_block","2","81","allthecompressed:tin_block_1x","allthecompressed:tin_block_2x","allthecompressed:compress/tin_block_2x"
"tin_block","3","729","allthecompressed:tin_block_2x","allthecompressed:tin_block_3x","allthecompressed:compress/tin_block_3x"
"tin_block","4","6561","allthecompressed:tin_block_3x","allthecompressed:tin_block_4x","allthecompressed:compress/tin_block_4x"
"tin_block","5","59049","allthecompressed:tin_block_4x","allthecompressed:tin_block_5x","allthecompressed:compress/tin_block_5x"
"tin_block","6","531441","allthecompressed:tin_block_5x","allthecompressed:tin_block_6x","allthecompressed:compress/tin_block_6x"
"tin_block","7","4782969","allthecompressed:tin_block_6x","allthecompressed:tin_block_7x","allthecompressed:compress/tin_block_7x"
"tin_block","8","43046721","allthecompressed:tin_block_7x","allthecompressed:tin_block_8x","allthecompressed:compress/tin_block_8x"
"tin_block","9","387420489","allthecompressed:tin_block_8x","allthecompressed:tin_block_9x","allthecompressed:compress/tin_block_9x"
"tuff","1","9","minecraft:tuff","allthecompressed:tuff_1x","allthecompressed:compress/tuff_1x"
"tuff","2","81","allthecompressed:tuff_1x","allthecompressed:tuff_2x","allthecompressed:compress/tuff_2x"
"tuff","3","729","allthecompressed:tuff_2x","allthecompressed:tuff_3x","allthecompressed:compress/tuff_3x"
"tuff","4","6561","allthecompressed:tuff_3x","allthecompressed:tuff_4x","allthecompressed:compress/tuff_4x"
"tuff","5","59049","allthecompressed:tuff_4x","allthecompressed:tuff_5x","allthecompressed:compress/tuff_5x"
"tuff","6","531441","allthecompressed:tuff_5x","allthecompressed:tuff_6x","allthecompressed:compress/tuff_6x"
"tuff","7","4782969","allthecompressed:tuff_6x","allthecompressed:tuff_7x","allthecompressed:compress/tuff_7x"
"tuff","8","43046721","allthecompressed:tuff_7x","allthecompressed:tuff_8x","allthecompressed:compress/tuff_8x"
"tuff","9","387420489","allthecompressed:tuff_8x","allthecompressed:tuff_9x","allthecompressed:compress/tuff_9x"
"unobtainium_allthemodium_alloy_block","1","9","allthemodium:unobtainium_allthemodium_alloy_block","allthecompressed:unobtainium_allthemodium_alloy_block_1x","allthecompressed:compress/unobtainium_allthemodium_alloy_block_1x"
"unobtainium_allthemodium_alloy_block","2","81","allthecompressed:unobtainium_allthemodium_alloy_block_1x","allthecompressed:unobtainium_allthemodium_alloy_block_2x","allthecompressed:compress/unobtainium_allthemodium_alloy_block_2x"
"unobtainium_allthemodium_alloy_block","3","729","allthecompressed:unobtainium_allthemodium_alloy_block_2x","allthecompressed:unobtainium_allthemodium_alloy_block_3x","allthecompressed:compress/unobtainium_allthemodium_alloy_block_3x"
"unobtainium_allthemodium_alloy_block","4","6561","allthecompressed:unobtainium_allthemodium_alloy_block_3x","allthecompressed:unobtainium_allthemodium_alloy_block_4x","allthecompressed:compress/unobtainium_allthemodium_alloy_block_4x"
"unobtainium_allthemodium_alloy_block","5","59049","allthecompressed:unobtainium_allthemodium_alloy_block_4x","allthecompressed:unobtainium_allthemodium_alloy_block_5x","allthecompressed:compress/unobtainium_allthemodium_alloy_block_5x"
"unobtainium_allthemodium_alloy_block","6","531441","allthecompressed:unobtainium_allthemodium_alloy_block_5x","allthecompressed:unobtainium_allthemodium_alloy_block_6x","allthecompressed:compress/unobtainium_allthemodium_alloy_block_6x"
"unobtainium_allthemodium_alloy_block","7","4782969","allthecompressed:unobtainium_allthemodium_alloy_block_6x","allthecompressed:unobtainium_allthemodium_alloy_block_7x","allthecompressed:compress/unobtainium_allthemodium_alloy_block_7x"
"unobtainium_allthemodium_alloy_block","8","43046721","allthecompressed:unobtainium_allthemodium_alloy_block_7x","allthecompressed:unobtainium_allthemodium_alloy_block_8x","allthecompressed:compress/unobtainium_allthemodium_alloy_block_8x"
"unobtainium_allthemodium_alloy_block","9","387420489","allthecompressed:unobtainium_allthemodium_alloy_block_8x","allthecompressed:unobtainium_allthemodium_alloy_block_9x","allthecompressed:compress/unobtainium_allthemodium_alloy_block_9x"
"unobtainium_block","1","9","allthemodium:unobtainium_block","allthecompressed:unobtainium_block_1x","allthecompressed:compress/unobtainium_block_1x"
"unobtainium_block","2","81","allthecompressed:unobtainium_block_1x","allthecompressed:unobtainium_block_2x","allthecompressed:compress/unobtainium_block_2x"
"unobtainium_block","3","729","allthecompressed:unobtainium_block_2x","allthecompressed:unobtainium_block_3x","allthecompressed:compress/unobtainium_block_3x"
"unobtainium_block","4","6561","allthecompressed:unobtainium_block_3x","allthecompressed:unobtainium_block_4x","allthecompressed:compress/unobtainium_block_4x"
"unobtainium_block","5","59049","allthecompressed:unobtainium_block_4x","allthecompressed:unobtainium_block_5x","allthecompressed:compress/unobtainium_block_5x"
"unobtainium_block","6","531441","allthecompressed:unobtainium_block_5x","allthecompressed:unobtainium_block_6x","allthecompressed:compress/unobtainium_block_6x"
"unobtainium_block","7","4782969","allthecompressed:unobtainium_block_6x","allthecompressed:unobtainium_block_7x","allthecompressed:compress/unobtainium_block_7x"
"unobtainium_block","8","43046721","allthecompressed:unobtainium_block_7x","allthecompressed:unobtainium_block_8x","allthecompressed:compress/unobtainium_block_8x"
"unobtainium_block","9","387420489","allthecompressed:unobtainium_block_8x","allthecompressed:unobtainium_block_9x","allthecompressed:compress/unobtainium_block_9x"
"unobtainium_vibranium_alloy_block","1","9","allthemodium:unobtainium_vibranium_alloy_block","allthecompressed:unobtainium_vibranium_alloy_block_1x","allthecompressed:compress/unobtainium_vibranium_alloy_block_1x"
"unobtainium_vibranium_alloy_block","2","81","allthecompressed:unobtainium_vibranium_alloy_block_1x","allthecompressed:unobtainium_vibranium_alloy_block_2x","allthecompressed:compress/unobtainium_vibranium_alloy_block_2x"
"unobtainium_vibranium_alloy_block","3","729","allthecompressed:unobtainium_vibranium_alloy_block_2x","allthecompressed:unobtainium_vibranium_alloy_block_3x","allthecompressed:compress/unobtainium_vibranium_alloy_block_3x"
"unobtainium_vibranium_alloy_block","4","6561","allthecompressed:unobtainium_vibranium_alloy_block_3x","allthecompressed:unobtainium_vibranium_alloy_block_4x","allthecompressed:compress/unobtainium_vibranium_alloy_block_4x"
"unobtainium_vibranium_alloy_block","5","59049","allthecompressed:unobtainium_vibranium_alloy_block_4x","allthecompressed:unobtainium_vibranium_alloy_block_5x","allthecompressed:compress/unobtainium_vibranium_alloy_block_5x"
"unobtainium_vibranium_alloy_block","6","531441","allthecompressed:unobtainium_vibranium_alloy_block_5x","allthecompressed:unobtainium_vibranium_alloy_block_6x","allthecompressed:compress/unobtainium_vibranium_alloy_block_6x"
"unobtainium_vibranium_alloy_block","7","4782969","allthecompressed:unobtainium_vibranium_alloy_block_6x","allthecompressed:unobtainium_vibranium_alloy_block_7x","allthecompressed:compress/unobtainium_vibranium_alloy_block_7x"
"unobtainium_vibranium_alloy_block","8","43046721","allthecompressed:unobtainium_vibranium_alloy_block_7x","allthecompressed:unobtainium_vibranium_alloy_block_8x","allthecompressed:compress/unobtainium_vibranium_alloy_block_8x"
"unobtainium_vibranium_alloy_block","9","387420489","allthecompressed:unobtainium_vibranium_alloy_block_8x","allthecompressed:unobtainium_vibranium_alloy_block_9x","allthecompressed:compress/unobtainium_vibranium_alloy_block_9x"
"uraninite_block","1","9","powah:uraninite_block","allthecompressed:uraninite_block_1x","allthecompressed:compress/uraninite_block_1x"
"uraninite_block","2","81","allthecompressed:uraninite_block_1x","allthecompressed:uraninite_block_2x","allthecompressed:compress/uraninite_block_2x"
"uraninite_block","3","729","allthecompressed:uraninite_block_2x","allthecompressed:uraninite_block_3x","allthecompressed:compress/uraninite_block_3x"
"uraninite_block","4","6561","allthecompressed:uraninite_block_3x","allthecompressed:uraninite_block_4x","allthecompressed:compress/uraninite_block_4x"
"uraninite_block","5","59049","allthecompressed:uraninite_block_4x","allthecompressed:uraninite_block_5x","allthecompressed:compress/uraninite_block_5x"
"uraninite_block","6","531441","allthecompressed:uraninite_block_5x","allthecompressed:uraninite_block_6x","allthecompressed:compress/uraninite_block_6x"
"uraninite_block","7","4782969","allthecompressed:uraninite_block_6x","allthecompressed:uraninite_block_7x","allthecompressed:compress/uraninite_block_7x"
"uraninite_block","8","43046721","allthecompressed:uraninite_block_7x","allthecompressed:uraninite_block_8x","allthecompressed:compress/uraninite_block_8x"
"uraninite_block","9","387420489","allthecompressed:uraninite_block_8x","allthecompressed:uraninite_block_9x","allthecompressed:compress/uraninite_block_9x"
"uranium_block","1","9","alltheores:uranium_block","allthecompressed:uranium_block_1x","allthecompressed:compress/uranium_block_1x"
"uranium_block","2","81","allthecompressed:uranium_block_1x","allthecompressed:uranium_block_2x","allthecompressed:compress/uranium_block_2x"
"uranium_block","3","729","allthecompressed:uranium_block_2x","allthecompressed:uranium_block_3x","allthecompressed:compress/uranium_block_3x"
"uranium_block","4","6561","allthecompressed:uranium_block_3x","allthecompressed:uranium_block_4x","allthecompressed:compress/uranium_block_4x"
"uranium_block","5","59049","allthecompressed:uranium_block_4x","allthecompressed:uranium_block_5x","allthecompressed:compress/uranium_block_5x"
"uranium_block","6","531441","allthecompressed:uranium_block_5x","allthecompressed:uranium_block_6x","allthecompressed:compress/uranium_block_6x"
"uranium_block","7","4782969","allthecompressed:uranium_block_6x","allthecompressed:uranium_block_7x","allthecompressed:compress/uranium_block_7x"
"uranium_block","8","43046721","allthecompressed:uranium_block_7x","allthecompressed:uranium_block_8x","allthecompressed:compress/uranium_block_8x"
"uranium_block","9","387420489","allthecompressed:uranium_block_8x","allthecompressed:uranium_block_9x","allthecompressed:compress/uranium_block_9x"
"vibranium_allthemodium_alloy_block","1","9","allthemodium:vibranium_allthemodium_alloy_block","allthecompressed:vibranium_allthemodium_alloy_block_1x","allthecompressed:compress/vibranium_allthemodium_alloy_block_1x"
"vibranium_allthemodium_alloy_block","2","81","allthecompressed:vibranium_allthemodium_alloy_block_1x","allthecompressed:vibranium_allthemodium_alloy_block_2x","allthecompressed:compress/vibranium_allthemodium_alloy_block_2x"
"vibranium_allthemodium_alloy_block","3","729","allthecompressed:vibranium_allthemodium_alloy_block_2x","allthecompressed:vibranium_allthemodium_alloy_block_3x","allthecompressed:compress/vibranium_allthemodium_alloy_block_3x"
"vibranium_allthemodium_alloy_block","4","6561","allthecompressed:vibranium_allthemodium_alloy_block_3x","allthecompressed:vibranium_allthemodium_alloy_block_4x","allthecompressed:compress/vibranium_allthemodium_alloy_block_4x"
"vibranium_allthemodium_alloy_block","5","59049","allthecompressed:vibranium_allthemodium_alloy_block_4x","allthecompressed:vibranium_allthemodium_alloy_block_5x","allthecompressed:compress/vibranium_allthemodium_alloy_block_5x"
"vibranium_allthemodium_alloy_block","6","531441","allthecompressed:vibranium_allthemodium_alloy_block_5x","allthecompressed:vibranium_allthemodium_alloy_block_6x","allthecompressed:compress/vibranium_allthemodium_alloy_block_6x"
"vibranium_allthemodium_alloy_block","7","4782969","allthecompressed:vibranium_allthemodium_alloy_block_6x","allthecompressed:vibranium_allthemodium_alloy_block_7x","allthecompressed:compress/vibranium_allthemodium_alloy_block_7x"
"vibranium_allthemodium_alloy_block","8","43046721","allthecompressed:vibranium_allthemodium_alloy_block_7x","allthecompressed:vibranium_allthemodium_alloy_block_8x","allthecompressed:compress/vibranium_allthemodium_alloy_block_8x"
"vibranium_allthemodium_alloy_block","9","387420489","allthecompressed:vibranium_allthemodium_alloy_block_8x","allthecompressed:vibranium_allthemodium_alloy_block_9x","allthecompressed:compress/vibranium_allthemodium_alloy_block_9x"
"vibranium_block","1","9","allthemodium:vibranium_block","allthecompressed:vibranium_block_1x","allthecompressed:compress/vibranium_block_1x"
"vibranium_block","2","81","allthecompressed:vibranium_block_1x","allthecompressed:vibranium_block_2x","allthecompressed:compress/vibranium_block_2x"
"vibranium_block","3","729","allthecompressed:vibranium_block_2x","allthecompressed:vibranium_block_3x","allthecompressed:compress/vibranium_block_3x"
"vibranium_block","4","6561","allthecompressed:vibranium_block_3x","allthecompressed:vibranium_block_4x","allthecompressed:compress/vibranium_block_4x"
"vibranium_block","5","59049","allthecompressed:vibranium_block_4x","allthecompressed:vibranium_block_5x","allthecompressed:compress/vibranium_block_5x"
"vibranium_block","6","531441","allthecompressed:vibranium_block_5x","allthecompressed:vibranium_block_6x","allthecompressed:compress/vibranium_block_6x"
"vibranium_block","7","4782969","allthecompressed:vibranium_block_6x","allthecompressed:vibranium_block_7x","allthecompressed:compress/vibranium_block_7x"
"vibranium_block","8","43046721","allthecompressed:vibranium_block_7x","allthecompressed:vibranium_block_8x","allthecompressed:compress/vibranium_block_8x"
"vibranium_block","9","387420489","allthecompressed:vibranium_block_8x","allthecompressed:vibranium_block_9x","allthecompressed:compress/vibranium_block_9x"
"vibrant_alloy_block","1","9","enderio:vibrant_alloy_block","allthecompressed:vibrant_alloy_block_1x","allthecompressed:compress/vibrant_alloy_block_1x"
"vibrant_alloy_block","2","81","allthecompressed:vibrant_alloy_block_1x","allthecompressed:vibrant_alloy_block_2x","allthecompressed:compress/vibrant_alloy_block_2x"
"vibrant_alloy_block","3","729","allthecompressed:vibrant_alloy_block_2x","allthecompressed:vibrant_alloy_block_3x","allthecompressed:compress/vibrant_alloy_block_3x"
"vibrant_alloy_block","4","6561","allthecompressed:vibrant_alloy_block_3x","allthecompressed:vibrant_alloy_block_4x","allthecompressed:compress/vibrant_alloy_block_4x"
"vibrant_alloy_block","5","59049","allthecompressed:vibrant_alloy_block_4x","allthecompressed:vibrant_alloy_block_5x","allthecompressed:compress/vibrant_alloy_block_5x"
"vibrant_alloy_block","6","531441","allthecompressed:vibrant_alloy_block_5x","allthecompressed:vibrant_alloy_block_6x","allthecompressed:compress/vibrant_alloy_block_6x"
"vibrant_alloy_block","7","4782969","allthecompressed:vibrant_alloy_block_6x","allthecompressed:vibrant_alloy_block_7x","allthecompressed:compress/vibrant_alloy_block_7x"
"vibrant_alloy_block","8","43046721","allthecompressed:vibrant_alloy_block_7x","allthecompressed:vibrant_alloy_block_8x","allthecompressed:compress/vibrant_alloy_block_8x"
"vibrant_alloy_block","9","387420489","allthecompressed:vibrant_alloy_block_8x","allthecompressed:vibrant_alloy_block_9x","allthecompressed:compress/vibrant_alloy_block_9x"
"warped_wart_block","1","9","minecraft:warped_wart_block","allthecompressed:warped_wart_block_1x","allthecompressed:compress/warped_wart_block_1x"
"warped_wart_block","2","81","allthecompressed:warped_wart_block_1x","allthecompressed:warped_wart_block_2x","allthecompressed:compress/warped_wart_block_2x"
"warped_wart_block","3","729","allthecompressed:warped_wart_block_2x","allthecompressed:warped_wart_block_3x","allthecompressed:compress/warped_wart_block_3x"
"warped_wart_block","4","6561","allthecompressed:warped_wart_block_3x","allthecompressed:warped_wart_block_4x","allthecompressed:compress/warped_wart_block_4x"
"warped_wart_block","5","59049","allthecompressed:warped_wart_block_4x","allthecompressed:warped_wart_block_5x","allthecompressed:compress/warped_wart_block_5x"
"warped_wart_block","6","531441","allthecompressed:warped_wart_block_5x","allthecompressed:warped_wart_block_6x","allthecompressed:compress/warped_wart_block_6x"
"warped_wart_block","7","4782969","allthecompressed:warped_wart_block_6x","allthecompressed:warped_wart_block_7x","allthecompressed:compress/warped_wart_block_7x"
"warped_wart_block","8","43046721","allthecompressed:warped_wart_block_7x","allthecompressed:warped_wart_block_8x","allthecompressed:compress/warped_wart_block_8x"
"warped_wart_block","9","387420489","allthecompressed:warped_wart_block_8x","allthecompressed:warped_wart_block_9x","allthecompressed:compress/warped_wart_block_9x"
"wax_block","1","9","productivebees:wax_block","allthecompressed:wax_block_1x","allthecompressed:compress/wax_block_1x"
"wax_block","2","81","allthecompressed:wax_block_1x","allthecompressed:wax_block_2x","allthecompressed:compress/wax_block_2x"
"wax_block","3","729","allthecompressed:wax_block_2x","allthecompressed:wax_block_3x","allthecompressed:compress/wax_block_3x"
"wax_block","4","6561","allthecompressed:wax_block_3x","allthecompressed:wax_block_4x","allthecompressed:compress/wax_block_4x"
"wax_block","5","59049","allthecompressed:wax_block_4x","allthecompressed:wax_block_5x","allthecompressed:compress/wax_block_5x"
"wax_block","6","531441","allthecompressed:wax_block_5x","allthecompressed:wax_block_6x","allthecompressed:compress/wax_block_6x"
"wax_block","7","4782969","allthecompressed:wax_block_6x","allthecompressed:wax_block_7x","allthecompressed:compress/wax_block_7x"
"wax_block","8","43046721","allthecompressed:wax_block_7x","allthecompressed:wax_block_8x","allthecompressed:compress/wax_block_8x"
"wax_block","9","387420489","allthecompressed:wax_block_8x","allthecompressed:wax_block_9x","allthecompressed:compress/wax_block_9x"
"white_concrete","1","9","minecraft:white_concrete","allthecompressed:white_concrete_1x","allthecompressed:compress/white_concrete_1x"
"white_concrete","2","81","allthecompressed:white_concrete_1x","allthecompressed:white_concrete_2x","allthecompressed:compress/white_concrete_2x"
"white_concrete","3","729","allthecompressed:white_concrete_2x","allthecompressed:white_concrete_3x","allthecompressed:compress/white_concrete_3x"
"white_concrete","4","6561","allthecompressed:white_concrete_3x","allthecompressed:white_concrete_4x","allthecompressed:compress/white_concrete_4x"
"white_concrete","5","59049","allthecompressed:white_concrete_4x","allthecompressed:white_concrete_5x","allthecompressed:compress/white_concrete_5x"
"white_concrete","6","531441","allthecompressed:white_concrete_5x","allthecompressed:white_concrete_6x","allthecompressed:compress/white_concrete_6x"
"white_concrete","7","4782969","allthecompressed:white_concrete_6x","allthecompressed:white_concrete_7x","allthecompressed:compress/white_concrete_7x"
"white_concrete","8","43046721","allthecompressed:white_concrete_7x","allthecompressed:white_concrete_8x","allthecompressed:compress/white_concrete_8x"
"white_concrete","9","387420489","allthecompressed:white_concrete_8x","allthecompressed:white_concrete_9x","allthecompressed:compress/white_concrete_9x"
"xychorium_storage_blue","1","9","xycraft_world:xychorium_storage_blue","allthecompressed:xychorium_storage_blue_1x","allthecompressed:compress/xychorium_storage_blue_1x"
"xychorium_storage_blue","2","81","allthecompressed:xychorium_storage_blue_1x","allthecompressed:xychorium_storage_blue_2x","allthecompressed:compress/xychorium_storage_blue_2x"
"xychorium_storage_blue","3","729","allthecompressed:xychorium_storage_blue_2x","allthecompressed:xychorium_storage_blue_3x","allthecompressed:compress/xychorium_storage_blue_3x"
"xychorium_storage_blue","4","6561","allthecompressed:xychorium_storage_blue_3x","allthecompressed:xychorium_storage_blue_4x","allthecompressed:compress/xychorium_storage_blue_4x"
"xychorium_storage_blue","5","59049","allthecompressed:xychorium_storage_blue_4x","allthecompressed:xychorium_storage_blue_5x","allthecompressed:compress/xychorium_storage_blue_5x"
"xychorium_storage_blue","6","531441","allthecompressed:xychorium_storage_blue_5x","allthecompressed:xychorium_storage_blue_6x","allthecompressed:compress/xychorium_storage_blue_6x"
"xychorium_storage_blue","7","4782969","allthecompressed:xychorium_storage_blue_6x","allthecompressed:xychorium_storage_blue_7x","allthecompressed:compress/xychorium_storage_blue_7x"
"xychorium_storage_blue","8","43046721","allthecompressed:xychorium_storage_blue_7x","allthecompressed:xychorium_storage_blue_8x","allthecompressed:compress/xychorium_storage_blue_8x"
"xychorium_storage_blue","9","387420489","allthecompressed:xychorium_storage_blue_8x","allthecompressed:xychorium_storage_blue_9x","allthecompressed:compress/xychorium_storage_blue_9x"
"xychorium_storage_dark","1","9","xycraft_world:xychorium_storage_dark","allthecompressed:xychorium_storage_dark_1x","allthecompressed:compress/xychorium_storage_dark_1x"
"xychorium_storage_dark","2","81","allthecompressed:xychorium_storage_dark_1x","allthecompressed:xychorium_storage_dark_2x","allthecompressed:compress/xychorium_storage_dark_2x"
"xychorium_storage_dark","3","729","allthecompressed:xychorium_storage_dark_2x","allthecompressed:xychorium_storage_dark_3x","allthecompressed:compress/xychorium_storage_dark_3x"
"xychorium_storage_dark","4","6561","allthecompressed:xychorium_storage_dark_3x","allthecompressed:xychorium_storage_dark_4x","allthecompressed:compress/xychorium_storage_dark_4x"
"xychorium_storage_dark","5","59049","allthecompressed:xychorium_storage_dark_4x","allthecompressed:xychorium_storage_dark_5x","allthecompressed:compress/xychorium_storage_dark_5x"
"xychorium_storage_dark","6","531441","allthecompressed:xychorium_storage_dark_5x","allthecompressed:xychorium_storage_dark_6x","allthecompressed:compress/xychorium_storage_dark_6x"
"xychorium_storage_dark","7","4782969","allthecompressed:xychorium_storage_dark_6x","allthecompressed:xychorium_storage_dark_7x","allthecompressed:compress/xychorium_storage_dark_7x"
"xychorium_storage_dark","8","43046721","allthecompressed:xychorium_storage_dark_7x","allthecompressed:xychorium_storage_dark_8x","allthecompressed:compress/xychorium_storage_dark_8x"
"xychorium_storage_dark","9","387420489","allthecompressed:xychorium_storage_dark_8x","allthecompressed:xychorium_storage_dark_9x","allthecompressed:compress/xychorium_storage_dark_9x"
"xychorium_storage_green","1","9","xycraft_world:xychorium_storage_green","allthecompressed:xychorium_storage_green_1x","allthecompressed:compress/xychorium_storage_green_1x"
"xychorium_storage_green","2","81","allthecompressed:xychorium_storage_green_1x","allthecompressed:xychorium_storage_green_2x","allthecompressed:compress/xychorium_storage_green_2x"
"xychorium_storage_green","3","729","allthecompressed:xychorium_storage_green_2x","allthecompressed:xychorium_storage_green_3x","allthecompressed:compress/xychorium_storage_green_3x"
"xychorium_storage_green","4","6561","allthecompressed:xychorium_storage_green_3x","allthecompressed:xychorium_storage_green_4x","allthecompressed:compress/xychorium_storage_green_4x"
"xychorium_storage_green","5","59049","allthecompressed:xychorium_storage_green_4x","allthecompressed:xychorium_storage_green_5x","allthecompressed:compress/xychorium_storage_green_5x"
"xychorium_storage_green","6","531441","allthecompressed:xychorium_storage_green_5x","allthecompressed:xychorium_storage_green_6x","allthecompressed:compress/xychorium_storage_green_6x"
"xychorium_storage_green","7","4782969","allthecompressed:xychorium_storage_green_6x","allthecompressed:xychorium_storage_green_7x","allthecompressed:compress/xychorium_storage_green_7x"
"xychorium_storage_green","8","43046721","allthecompressed:xychorium_storage_green_7x","allthecompressed:xychorium_storage_green_8x","allthecompressed:compress/xychorium_storage_green_8x"
"xychorium_storage_green","9","387420489","allthecompressed:xychorium_storage_green_8x","allthecompressed:xychorium_storage_green_9x","allthecompressed:compress/xychorium_storage_green_9x"
"xychorium_storage_light","1","9","xycraft_world:xychorium_storage_light","allthecompressed:xychorium_storage_light_1x","allthecompressed:compress/xychorium_storage_light_1x"
"xychorium_storage_light","2","81","allthecompressed:xychorium_storage_light_1x","allthecompressed:xychorium_storage_light_2x","allthecompressed:compress/xychorium_storage_light_2x"
"xychorium_storage_light","3","729","allthecompressed:xychorium_storage_light_2x","allthecompressed:xychorium_storage_light_3x","allthecompressed:compress/xychorium_storage_light_3x"
"xychorium_storage_light","4","6561","allthecompressed:xychorium_storage_light_3x","allthecompressed:xychorium_storage_light_4x","allthecompressed:compress/xychorium_storage_light_4x"
"xychorium_storage_light","5","59049","allthecompressed:xychorium_storage_light_4x","allthecompressed:xychorium_storage_light_5x","allthecompressed:compress/xychorium_storage_light_5x"
"xychorium_storage_light","6","531441","allthecompressed:xychorium_storage_light_5x","allthecompressed:xychorium_storage_light_6x","allthecompressed:compress/xychorium_storage_light_6x"
"xychorium_storage_light","7","4782969","allthecompressed:xychorium_storage_light_6x","allthecompressed:xychorium_storage_light_7x","allthecompressed:compress/xychorium_storage_light_7x"
"xychorium_storage_light","8","43046721","allthecompressed:xychorium_storage_light_7x","allthecompressed:xychorium_storage_light_8x","allthecompressed:compress/xychorium_storage_light_8x"
"xychorium_storage_light","9","387420489","allthecompressed:xychorium_storage_light_8x","allthecompressed:xychorium_storage_light_9x","allthecompressed:compress/xychorium_storage_light_9x"
"xychorium_storage_red","1","9","xycraft_world:xychorium_storage_red","allthecompressed:xychorium_storage_red_1x","allthecompressed:compress/xychorium_storage_red_1x"
"xychorium_storage_red","2","81","allthecompressed:xychorium_storage_red_1x","allthecompressed:xychorium_storage_red_2x","allthecompressed:compress/xychorium_storage_red_2x"
"xychorium_storage_red","3","729","allthecompressed:xychorium_storage_red_2x","allthecompressed:xychorium_storage_red_3x","allthecompressed:compress/xychorium_storage_red_3x"
"xychorium_storage_red","4","6561","allthecompressed:xychorium_storage_red_3x","allthecompressed:xychorium_storage_red_4x","allthecompressed:compress/xychorium_storage_red_4x"
"xychorium_storage_red","5","59049","allthecompressed:xychorium_storage_red_4x","allthecompressed:xychorium_storage_red_5x","allthecompressed:compress/xychorium_storage_red_5x"
"xychorium_storage_red","6","531441","allthecompressed:xychorium_storage_red_5x","allthecompressed:xychorium_storage_red_6x","allthecompressed:compress/xychorium_storage_red_6x"
"xychorium_storage_red","7","4782969","allthecompressed:xychorium_storage_red_6x","allthecompressed:xychorium_storage_red_7x","allthecompressed:compress/xychorium_storage_red_7x"
"xychorium_storage_red","8","43046721","allthecompressed:xychorium_storage_red_7x","allthecompressed:xychorium_storage_red_8x","allthecompressed:compress/xychorium_storage_red_8x"
"xychorium_storage_red","9","387420489","allthecompressed:xychorium_storage_red_8x","allthecompressed:xychorium_storage_red_9x","allthecompressed:compress/xychorium_storage_red_9x"
"yellow_concrete","1","9","minecraft:yellow_concrete","allthecompressed:yellow_concrete_1x","allthecompressed:compress/yellow_concrete_1x"
"yellow_concrete","2","81","allthecompressed:yellow_concrete_1x","allthecompressed:yellow_concrete_2x","allthecompressed:compress/yellow_concrete_2x"
"yellow_concrete","3","729","allthecompressed:yellow_concrete_2x","allthecompressed:yellow_concrete_3x","allthecompressed:compress/yellow_concrete_3x"
"yellow_concrete","4","6561","allthecompressed:yellow_concrete_3x","allthecompressed:yellow_concrete_4x","allthecompressed:compress/yellow_concrete_4x"
"yellow_concrete","5","59049","allthecompressed:yellow_concrete_4x","allthecompressed:yellow_concrete_5x","allthecompressed:compress/yellow_concrete_5x"
"yellow_concrete","6","531441","allthecompressed:yellow_concrete_5x","allthecompressed:yellow_concrete_6x","allthecompressed:compress/yellow_concrete_6x"
"yellow_concrete","7","4782969","allthecompressed:yellow_concrete_6x","allthecompressed:yellow_concrete_7x","allthecompressed:compress/yellow_concrete_7x"
"yellow_concrete","8","43046721","allthecompressed:yellow_concrete_7x","allthecompressed:yellow_concrete_8x","allthecompressed:compress/yellow_concrete_8x"
"yellow_concrete","9","387420489","allthecompressed:yellow_concrete_8x","allthecompressed:yellow_concrete_9x","allthecompressed:compress/yellow_concrete_9x"
"zinc_block","1","9","alltheores:zinc_block","allthecompressed:zinc_block_1x","allthecompressed:compress/zinc_block_1x"
"zinc_block","2","81","allthecompressed:zinc_block_1x","allthecompressed:zinc_block_2x","allthecompressed:compress/zinc_block_2x"
"zinc_block","3","729","allthecompressed:zinc_block_2x","allthecompressed:zinc_block_3x","allthecompressed:compress/zinc_block_3x"
"zinc_block","4","6561","allthecompressed:zinc_block_3x","allthecompressed:zinc_block_4x","allthecompressed:compress/zinc_block_4x"
"zinc_block","5","59049","allthecompressed:zinc_block_4x","allthecompressed:zinc_block_5x","allthecompressed:compress/zinc_block_5x"
"zinc_block","6","531441","allthecompressed:zinc_block_5x","allthecompressed:zinc_block_6x","allthecompressed:compress/zinc_block_6x"
"zinc_block","7","4782969","allthecompressed:zinc_block_6x","allthecompressed:zinc_block_7x","allthecompressed:compress/zinc_block_7x"
"zinc_block","8","43046721","allthecompressed:zinc_block_7x","allthecompressed:zinc_block_8x","allthecompressed:compress/zinc_block_8x"
"zinc_block","9","387420489","allthecompressed:zinc_block_8x","allthecompressed:zinc_block_9x","allthecompressed:compress/zinc_block_9x"
