"TexturePath","Category","Status","SourceWidth","SourceHeight","PackWidth","PackHeight","ScaleX","ScaleY","AspectMatch","VanillaAnimated","PackAnimationMetadata","AnimationReview","ColorType","ReviewIssues"
"textures/block/acacia_door_bottom.png","block","ExistingLastDaysOverride","16","16","32","32","2","2","True","False","False","Static","6",""
"textures/block/acacia_door_top.png","block","ExistingLastDaysOverride","16","16","32","32","2","2","True","False","False","Static","6",""
"textures/block/acacia_leaves.png","block","ExistingLastDaysOverride","16","16","32","32","2","2","True","False","False","Static","3",""
"textures/block/acacia_log_top.png","block","ExistingLastDaysOverride","16","16","32","32","2","2","True","False","False","Static","6",""
"textures/block/acacia_log.png","block","ExistingLastDaysOverride","16","16","32","32","2","2","True","False","False","Static","2",""
"textures/block/acacia_planks.png","block","ExistingLastDaysOverride","16","16","32","32","2","2","True","False","False","Static","2",""
"textures/block/acacia_sapling.png","block","ExistingLastDaysOverride","16","16","32","32","2","2","True","False","False","Static","6",""
"textures/block/acacia_trapdoor.png","block","ExistingLastDaysOverride","16","16","32","32","2","2","True","False","False","Static","6",""
"textures/block/activator_rail_on.png","block","ExistingLastDaysOverride","16","16","32","32","2","2","True","False","False","Static","6",""
"textures/block/activator_rail.png","block","ExistingLastDaysOverride","16","16","32","32","2","2","True","False","False","Static","6",""
"textures/block/allium.png","block","ExistingLastDaysOverride","16","16","32","32","2","2","True","False","False","Static","6",""
"textures/block/amethyst_block.png","block","ExistingLastDaysOverride","16","16","32","32","2","2","True","False","False","Static","6",""
"textures/block/amethyst_cluster.png","block","ExistingLastDaysOverride","16","16","32","32","2","2","True","False","False","Static","6",""
"textures/block/ancient_debris_side.png","block","ExistingLastDaysOverride","16","16","32","32","2","2","True","False","False","Static","2",""
"textures/block/ancient_debris_top.png","block","ExistingLastDaysOverride","16","16","32","32","2","2","True","False","False","Static","2",""
"textures/block/andesite.png","block","ExistingLastDaysOverride","16","16","32","32","2","2","True","False","False","Static","6",""
"textures/block/anvil_top.png","block","ExistingLastDaysOverride","16","16","32","32","2","2","True","False","False","Static","6",""
"textures/block/anvil.png","block","ExistingLastDaysOverride","16","16","32","32","2","2","True","False","False","Static","6",""
"textures/block/attached_melon_stem.png","block","ExistingLastDaysOverride","16","16","32","32","2","2","True","False","False","Static","6",""
"textures/block/attached_pumpkin_stem.png","block","ExistingLastDaysOverride","16","16","32","32","2","2","True","False","False","Static","6",""
"textures/block/azalea_leaves.png","block","ExistingLastDaysOverride","16","16","32","32","2","2","True","False","False","Static","6",""
"textures/block/azalea_plant.png","block","ExistingLastDaysOverride","16","16","32","32","2","2","True","False","False","Static","3",""
"textures/block/azalea_side.png","block","ExistingLastDaysOverride","16","16","32","32","2","2","True","False","False","Static","6",""
"textures/block/azalea_top.png","block","ExistingLastDaysOverride","16","16","32","32","2","2","True","False","False","Static","2",""
"textures/block/azure_bluet.png","block","ExistingLastDaysOverride","16","16","32","32","2","2","True","False","False","Static","6",""
"textures/block/bamboo_block_top.png","block","ExistingLastDaysOverride","16","16","32","32","2","2","True","False","False","Static","6",""
"textures/block/bamboo_block.png","block","ExistingLastDaysOverride","16","16","32","32","2","2","True","False","False","Static","6",""
"textures/block/bamboo_door_bottom.png","block","ExistingLastDaysOverride","16","16","32","32","2","2","True","False","False","Static","6",""
"textures/block/bamboo_door_top.png","block","ExistingLastDaysOverride","16","16","32","32","2","2","True","False","False","Static","6",""
"textures/block/bamboo_fence_gate_particle.png","block","ExistingLastDaysOverride","16","16","32","32","2","2","True","False","False","Static","6",""
"textures/block/bamboo_fence_gate.png","block","ExistingLastDaysOverride","16","16","32","32","2","2","True","False","False","Static","6",""
"textures/block/bamboo_fence_particle.png","block","ExistingLastDaysOverride","16","16","32","32","2","2","True","False","False","Static","6",""
"textures/block/bamboo_fence.png","block","ExistingLastDaysOverride","16","16","32","32","2","2","True","False","False","Static","6",""
"textures/block/bamboo_large_leaves.png","block","ExistingLastDaysOverride","16","16","32","32","2","2","True","False","False","Static","6",""
"textures/block/bamboo_mosaic.png","block","ExistingLastDaysOverride","16","16","32","32","2","2","True","False","False","Static","6",""
"textures/block/bamboo_planks.png","block","ExistingLastDaysOverride","16","16","32","32","2","2","True","False","False","Static","6",""
"textures/block/bamboo_singleleaf.png","block","ExistingLastDaysOverride","16","16","32","32","2","2","True","False","False","Static","6",""
"textures/block/bamboo_small_leaves.png","block","ExistingLastDaysOverride","16","16","32","32","2","2","True","False","False","Static","6",""
"textures/block/bamboo_stage0.png","block","ExistingLastDaysOverride","16","16","32","32","2","2","True","False","False","Static","6",""
"textures/block/bamboo_stalk.png","block","ExistingLastDaysOverride","16","16","32","32","2","2","True","False","False","Static","6",""
"textures/block/bamboo_trapdoor.png","block","ExistingLastDaysOverride","16","16","32","32","2","2","True","False","False","Static","6",""
"textures/block/barrel_bottom.png","block","ExistingLastDaysOverride","16","16","32","32","2","2","True","False","False","Static","6",""
"textures/block/barrel_side.png","block","ExistingLastDaysOverride","16","16","32","32","2","2","True","False","False","Static","6",""
"textures/block/barrel_top_open.png","block","ExistingLastDaysOverride","16","16","32","32","2","2","True","False","False","Static","6",""
"textures/block/barrel_top.png","block","ExistingLastDaysOverride","16","16","32","32","2","2","True","False","False","Static","6",""
"textures/block/basalt_side.png","block","ExistingLastDaysOverride","16","16","32","32","2","2","True","False","False","Static","6",""
"textures/block/basalt_top.png","block","ExistingLastDaysOverride","16","16","32","32","2","2","True","False","False","Static","6",""
"textures/block/beacon.png","block","ExistingLastDaysOverride","16","16","32","32","2","2","True","False","False","Static","6",""
"textures/block/bedrock.png","block","ExistingLastDaysOverride","16","16","32","32","2","2","True","False","False","Static","6",""
"textures/block/bee_nest_bottom.png","block","ExistingLastDaysOverride","16","16","32","32","2","2","True","False","False","Static","6",""
"textures/block/bee_nest_front_honey.png","block","ExistingLastDaysOverride","16","16","32","32","2","2","True","False","False","Static","6",""
"textures/block/bee_nest_front.png","block","ExistingLastDaysOverride","16","16","32","32","2","2","True","False","False","Static","6",""
"textures/block/bee_nest_side.png","block","ExistingLastDaysOverride","16","16","32","32","2","2","True","False","False","Static","6",""
"textures/block/bee_nest_top.png","block","ExistingLastDaysOverride","16","16","32","32","2","2","True","False","False","Static","6",""
"textures/block/beehive_end.png","block","ExistingLastDaysOverride","16","16","32","32","2","2","True","False","False","Static","6",""
"textures/block/beehive_front_honey.png","block","ExistingLastDaysOverride","16","16","32","32","2","2","True","False","False","Static","6",""
"textures/block/beehive_front.png","block","ExistingLastDaysOverride","16","16","32","32","2","2","True","False","False","Static","6",""
"textures/block/beehive_side.png","block","ExistingLastDaysOverride","16","16","32","32","2","2","True","False","False","Static","6",""
"textures/block/beetroots_stage0.png","block","ExistingLastDaysOverride","16","16","32","32","2","2","True","False","False","Static","6",""
"textures/block/beetroots_stage1.png","block","ExistingLastDaysOverride","16","16","32","32","2","2","True","False","False","Static","6",""
"textures/block/beetroots_stage2.png","block","ExistingLastDaysOverride","16","16","32","32","2","2","True","False","False","Static","6",""
"textures/block/beetroots_stage3.png","block","ExistingLastDaysOverride","16","16","32","32","2","2","True","False","False","Static","6",""
"textures/block/bell_bottom.png","block","ExistingLastDaysOverride","16","16","32","32","2","2","True","False","False","Static","6",""
"textures/block/bell_side.png","block","ExistingLastDaysOverride","16","16","32","32","2","2","True","False","False","Static","6",""
"textures/block/bell_top.png","block","ExistingLastDaysOverride","16","16","32","32","2","2","True","False","False","Static","6",""
"textures/block/big_dripleaf_side.png","block","ExistingLastDaysOverride","16","16","32","32","2","2","True","False","False","Static","6",""
"textures/block/big_dripleaf_stem.png","block","ExistingLastDaysOverride","16","16","32","32","2","2","True","False","False","Static","6",""
"textures/block/big_dripleaf_tip.png","block","ExistingLastDaysOverride","16","16","32","32","2","2","True","False","False","Static","6",""
"textures/block/big_dripleaf_top.png","block","ExistingLastDaysOverride","16","16","32","32","2","2","True","False","False","Static","6",""
"textures/block/birch_door_bottom.png","block","ExistingLastDaysOverride","16","16","32","32","2","2","True","False","False","Static","3",""
"textures/block/birch_door_top.png","block","ExistingLastDaysOverride","16","16","32","32","2","2","True","False","False","Static","3",""
"textures/block/birch_leaves.png","block","ExistingLastDaysOverride","16","16","32","32","2","2","True","False","False","Static","6",""
"textures/block/birch_log_top.png","block","ExistingLastDaysOverride","16","16","32","32","2","2","True","False","False","Static","6",""
"textures/block/birch_log.png","block","ExistingLastDaysOverride","16","16","32","32","2","2","True","False","False","Static","6",""
"textures/block/birch_planks.png","block","ExistingLastDaysOverride","16","16","32","32","2","2","True","False","False","Static","6",""
"textures/block/birch_sapling.png","block","ExistingLastDaysOverride","16","16","32","32","2","2","True","False","False","Static","6",""
"textures/block/birch_trapdoor.png","block","ExistingLastDaysOverride","16","16","32","32","2","2","True","False","False","Static","6",""
"textures/block/black_candle_lit.png","block","ExistingLastDaysOverride","16","16","32","128","2","8","False","False","True","ValidatedCustom","6",""
"textures/block/black_candle.png","block","ExistingLastDaysOverride","16","16","32","32","2","2","True","False","False","Static","6",""
"textures/block/black_concrete_powder.png","block","ExistingLastDaysOverride","16","16","32","32","2","2","True","False","False","Static","6",""
"textures/block/black_concrete.png","block","ExistingLastDaysOverride","16","16","32","32","2","2","True","False","False","Static","6",""
"textures/block/black_glazed_terracotta.png","block","ExistingLastDaysOverride","16","16","32","32","2","2","True","False","False","Static","2",""
"textures/block/black_shulker_box.png","block","ExistingLastDaysOverride","16","16","32","32","2","2","True","False","False","Static","6",""
"textures/block/black_stained_glass_pane_top.png","block","ExistingLastDaysOverride","16","16","32","32","2","2","True","False","False","Static","6",""
"textures/block/black_stained_glass.png","block","ExistingLastDaysOverride","16","16","32","32","2","2","True","False","False","Static","6",""
"textures/block/black_terracotta.png","block","ExistingLastDaysOverride","16","16","32","32","2","2","True","False","False","Static","6",""
"textures/block/black_wool.png","block","ExistingLastDaysOverride","16","16","32","32","2","2","True","False","False","Static","6",""
"textures/block/blackstone_top.png","block","MigratedLegacyOverride","16","16","32","32","2","2","True","False","False","Static","6",""
"textures/block/blackstone.png","block","MigratedLegacyOverride","16","16","32","32","2","2","True","False","False","Static","6",""
"textures/block/blast_furnace_front_on.png","block","ExistingLastDaysOverride","16","32","32","128","2","4","False","True","True","Validated","6",""
"textures/block/blast_furnace_front.png","block","ExistingLastDaysOverride","16","16","32","32","2","2","True","False","False","Static","6",""
"textures/block/blast_furnace_side.png","block","ExistingLastDaysOverride","16","16","32","32","2","2","True","False","False","Static","6",""
"textures/block/blast_furnace_top.png","block","ExistingLastDaysOverride","16","16","32","32","2","2","True","False","False","Static","6",""
"textures/block/blue_candle_lit.png","block","ExistingLastDaysOverride","16","16","32","128","2","8","False","False","True","ValidatedCustom","6",""
"textures/block/blue_candle.png","block","ExistingLastDaysOverride","16","16","32","32","2","2","True","False","False","Static","6",""
"textures/block/blue_concrete_powder.png","block","ExistingLastDaysOverride","16","16","32","32","2","2","True","False","False","Static","6",""
"textures/block/blue_concrete.png","block","ExistingLastDaysOverride","16","16","32","32","2","2","True","False","False","Static","6",""
"textures/block/blue_glazed_terracotta.png","block","ExistingLastDaysOverride","16","16","32","640","2","40","False","False","True","ValidatedCustom","2",""
"textures/block/blue_ice.png","block","ExistingLastDaysOverride","16","16","32","32","2","2","True","False","False","Static","2",""
"textures/block/blue_orchid.png","block","ExistingLastDaysOverride","16","16","32","32","2","2","True","False","False","Static","6",""
"textures/block/blue_shulker_box.png","block","ExistingLastDaysOverride","16","16","32","32","2","2","True","False","False","Static","6",""
"textures/block/blue_stained_glass_pane_top.png","block","ExistingLastDaysOverride","16","16","32","32","2","2","True","False","False","Static","6",""
"textures/block/blue_stained_glass.png","block","ExistingLastDaysOverride","16","16","32","32","2","2","True","False","False","Static","6",""
"textures/block/blue_terracotta.png","block","ExistingLastDaysOverride","16","16","32","2272","2","142","False","False","True","ValidatedCustom","2",""
"textures/block/blue_wool.png","block","ExistingLastDaysOverride","16","16","32","32","2","2","True","False","False","Static","2",""
"textures/block/bone_block_side.png","block","ExistingLastDaysOverride","16","16","32","32","2","2","True","False","False","Static","6",""
"textures/block/bone_block_top.png","block","ExistingLastDaysOverride","16","16","32","32","2","2","True","False","False","Static","6",""
"textures/block/bookshelf.png","block","SupersededByCustomModel","16","16","16","16","1","1","True","False","False","Static","3",""
"textures/block/brain_coral_block.png","block","ExistingLastDaysOverride","16","16","32","32","2","2","True","False","False","Static","2",""
"textures/block/brain_coral_fan.png","block","ExistingLastDaysOverride","16","16","32","32","2","2","True","False","False","Static","6",""
"textures/block/brain_coral.png","block","ExistingLastDaysOverride","16","16","32","32","2","2","True","False","False","Static","6",""
"textures/block/brewing_stand_base.png","block","ExistingLastDaysOverride","16","16","32","32","2","2","True","False","False","Static","6",""
"textures/block/brewing_stand.png","block","ExistingLastDaysOverride","16","16","32","32","2","2","True","False","False","Static","6",""
"textures/block/bricks.png","block","ExistingLastDaysOverride","16","16","32","32","2","2","True","False","False","Static","6",""
"textures/block/brown_candle_lit.png","block","ExistingLastDaysOverride","16","16","32","128","2","8","False","False","True","ValidatedCustom","6",""
"textures/block/brown_candle.png","block","ExistingLastDaysOverride","16","16","32","32","2","2","True","False","False","Static","6",""
"textures/block/brown_concrete_powder.png","block","ExistingLastDaysOverride","16","16","32","32","2","2","True","False","False","Static","6",""
"textures/block/brown_concrete.png","block","ExistingLastDaysOverride","16","16","32","32","2","2","True","False","False","Static","6",""
"textures/block/brown_glazed_terracotta.png","block","ExistingLastDaysOverride","16","16","32","32","2","2","True","False","False","Static","6",""
"textures/block/brown_mushroom_block.png","block","ExistingLastDaysOverride","16","16","32","32","2","2","True","False","False","Static","6",""
"textures/block/brown_mushroom.png","block","ExistingLastDaysOverride","16","16","32","32","2","2","True","False","False","Static","6",""
"textures/block/brown_shulker_box.png","block","ExistingLastDaysOverride","16","16","32","32","2","2","True","False","False","Static","6",""
"textures/block/brown_stained_glass_pane_top.png","block","ExistingLastDaysOverride","16","16","32","32","2","2","True","False","False","Static","6",""
"textures/block/brown_stained_glass.png","block","ExistingLastDaysOverride","16","16","32","32","2","2","True","False","False","Static","6",""
"textures/block/brown_terracotta.png","block","ExistingLastDaysOverride","16","16","32","32","2","2","True","False","False","Static","6",""
"textures/block/brown_wool.png","block","ExistingLastDaysOverride","16","16","32","32","2","2","True","False","False","Static","6",""
"textures/block/bubble_coral_block.png","block","ExistingLastDaysOverride","16","16","32","32","2","2","True","False","False","Static","2",""
"textures/block/bubble_coral_fan.png","block","ExistingLastDaysOverride","16","16","32","32","2","2","True","False","False","Static","6",""
"textures/block/bubble_coral.png","block","ExistingLastDaysOverride","16","16","32","32","2","2","True","False","False","Static","6",""
"textures/block/budding_amethyst.png","block","ExistingLastDaysOverride","16","16","32","32","2","2","True","False","False","Static","2",""
"textures/block/cactus_bottom.png","block","ExistingLastDaysOverride","16","16","32","32","2","2","True","False","False","Static","6",""
"textures/block/cactus_side.png","block","ExistingLastDaysOverride","16","16","32","32","2","2","True","False","False","Static","6",""
"textures/block/cactus_top.png","block","ExistingLastDaysOverride","16","16","32","32","2","2","True","False","False","Static","6",""
"textures/block/cake_bottom.png","block","ExistingLastDaysOverride","16","16","32","32","2","2","True","False","False","Static","6",""
"textures/block/cake_inner.png","block","ExistingLastDaysOverride","16","16","32","32","2","2","True","False","False","Static","6",""
"textures/block/cake_side.png","block","ExistingLastDaysOverride","16","16","32","32","2","2","True","False","False","Static","6",""
"textures/block/cake_top.png","block","ExistingLastDaysOverride","16","16","32","32","2","2","True","False","False","Static","6",""
"textures/block/calcite.png","block","ExistingLastDaysOverride","16","16","32","32","2","2","True","False","False","Static","6",""
"textures/block/calibrated_sculk_sensor_amethyst.png","block","ExistingLastDaysOverride","16","16","32","32","2","2","True","False","False","Static","6",""
"textures/block/calibrated_sculk_sensor_input_side.png","block","ExistingLastDaysOverride","16","16","32","32","2","2","True","False","False","Static","6",""
"textures/block/calibrated_sculk_sensor_top.png","block","ExistingLastDaysOverride","16","16","32","32","2","2","True","False","False","Static","6",""
"textures/block/campfire_fire.png","block","ExistingLastDaysOverride","16","128","32","256","2","2","True","True","True","Validated","3",""
"textures/block/campfire_log_lit.png","block","ExistingLastDaysOverride","16","64","32","128","2","2","True","True","True","Validated","6",""
"textures/block/campfire_log.png","block","ExistingLastDaysOverride","16","16","32","32","2","2","True","False","False","Static","6",""
"textures/block/candle_lit.png","block","ExistingLastDaysOverride","16","16","32","128","2","8","False","False","True","ValidatedCustom","6",""
"textures/block/candle.png","block","ExistingLastDaysOverride","16","16","32","32","2","2","True","False","False","Static","6",""
"textures/block/carrots_stage0.png","block","ExistingLastDaysOverride","16","16","32","32","2","2","True","False","False","Static","6",""
"textures/block/carrots_stage1.png","block","ExistingLastDaysOverride","16","16","32","32","2","2","True","False","False","Static","6",""
"textures/block/carrots_stage2.png","block","ExistingLastDaysOverride","16","16","32","32","2","2","True","False","False","Static","6",""
"textures/block/carrots_stage3.png","block","ExistingLastDaysOverride","16","16","32","32","2","2","True","False","False","Static","6",""
"textures/block/cartography_table_side1.png","block","ExistingLastDaysOverride","16","16","32","32","2","2","True","False","False","Static","6",""
"textures/block/cartography_table_side2.png","block","ExistingLastDaysOverride","16","16","32","32","2","2","True","False","False","Static","6",""
"textures/block/cartography_table_side3.png","block","ExistingLastDaysOverride","16","16","32","32","2","2","True","False","False","Static","6",""
"textures/block/cartography_table_top.png","block","ExistingLastDaysOverride","16","16","32","32","2","2","True","False","False","Static","6",""
"textures/block/carved_pumpkin.png","block","ExistingLastDaysOverride","16","16","32","32","2","2","True","False","False","Static","6",""
"textures/block/cauldron_bottom.png","block","ExistingLastDaysOverride","16","16","32","32","2","2","True","False","False","Static","6",""
"textures/block/cauldron_inner.png","block","ExistingLastDaysOverride","16","16","32","32","2","2","True","False","False","Static","6",""
"textures/block/cauldron_side.png","block","ExistingLastDaysOverride","16","16","32","32","2","2","True","False","False","Static","6",""
"textures/block/cauldron_top.png","block","ExistingLastDaysOverride","16","16","32","32","2","2","True","False","False","Static","6",""
"textures/block/cave_vines_lit.png","block","ExistingLastDaysOverride","16","16","32","32","2","2","True","False","False","Static","6",""
"textures/block/cave_vines_plant_lit.png","block","ExistingLastDaysOverride","16","16","32","32","2","2","True","False","False","Static","6",""
"textures/block/cave_vines_plant.png","block","ExistingLastDaysOverride","16","16","32","32","2","2","True","False","False","Static","3",""
"textures/block/cave_vines.png","block","ExistingLastDaysOverride","16","16","32","32","2","2","True","False","False","Static","6",""
"textures/block/chain_command_block_back.png","block","ExistingLastDaysOverride","16","64","32","32","2","0.5","False","True","True","Validated","6",""
"textures/block/chain_command_block_conditional.png","block","ExistingLastDaysOverride","16","64","32","32","2","0.5","False","True","True","Validated","6",""
"textures/block/chain_command_block_front.png","block","ExistingLastDaysOverride","16","64","32","32","2","0.5","False","True","True","Validated","6",""
"textures/block/chain_command_block_side.png","block","ExistingLastDaysOverride","16","64","32","32","2","0.5","False","True","True","Validated","6",""
"textures/block/chain.png","block","ExistingLastDaysOverride","16","16","32","32","2","2","True","False","False","Static","6",""
"textures/block/cherry_door_bottom.png","block","ExistingLastDaysOverride","16","16","32","32","2","2","True","False","False","Static","6",""
"textures/block/cherry_door_top.png","block","ExistingLastDaysOverride","16","16","32","32","2","2","True","False","False","Static","6",""
"textures/block/cherry_leaves.png","block","ExistingLastDaysOverride","16","16","32","32","2","2","True","False","False","Static","6",""
"textures/block/cherry_log_top.png","block","ExistingLastDaysOverride","16","16","32","32","2","2","True","False","False","Static","6",""
"textures/block/cherry_log.png","block","ExistingLastDaysOverride","16","16","32","32","2","2","True","False","False","Static","6",""
"textures/block/cherry_planks.png","block","ExistingLastDaysOverride","16","16","32","32","2","2","True","False","False","Static","6",""
"textures/block/cherry_sapling.png","block","ExistingLastDaysOverride","16","16","32","32","2","2","True","False","False","Static","6",""
"textures/block/cherry_trapdoor.png","block","ExistingLastDaysOverride","16","16","32","32","2","2","True","False","False","Static","6",""
"textures/block/chipped_anvil_top.png","block","ExistingLastDaysOverride","16","16","32","32","2","2","True","False","False","Static","6",""
"textures/block/chiseled_bookshelf_empty.png","block","ExistingLastDaysOverride","16","16","32","32","2","2","True","False","False","Static","6",""
"textures/block/chiseled_bookshelf_occupied.png","block","ExistingLastDaysOverride","16","16","32","32","2","2","True","False","False","Static","6",""
"textures/block/chiseled_bookshelf_side.png","block","ExistingLastDaysOverride","16","16","32","32","2","2","True","False","False","Static","6",""
"textures/block/chiseled_bookshelf_top.png","block","ExistingLastDaysOverride","16","16","32","32","2","2","True","False","False","Static","6",""
"textures/block/chiseled_copper.png","block","SynthesizedLastDaysOverride","16","16","32","32","2","2","True","False","False","Static","6",""
"textures/block/chiseled_deepslate.png","block","ExistingLastDaysOverride","16","16","32","32","2","2","True","False","False","Static","6",""
"textures/block/chiseled_nether_bricks.png","block","MigratedLegacyOverride","16","16","32","32","2","2","True","False","False","Static","6",""
"textures/block/chiseled_polished_blackstone.png","block","MigratedLegacyOverride","16","16","32","32","2","2","True","False","False","Static","6",""
"textures/block/chiseled_quartz_block_top.png","block","SupersededByCustomModel","16","16","16","16","1","1","True","False","False","Static","3",""
"textures/block/chiseled_quartz_block.png","block","SupersededByCustomModel","16","16","16","16","1","1","True","False","False","Static","3",""
"textures/block/chiseled_red_sandstone.png","block","ExistingLastDaysOverride","16","16","32","32","2","2","True","False","False","Static","3",""
"textures/block/chiseled_sandstone.png","block","ExistingLastDaysOverride","16","16","32","32","2","2","True","False","False","Static","6",""
"textures/block/chiseled_stone_bricks.png","block","ExistingLastDaysOverride","16","16","32","32","2","2","True","False","False","Static","2",""
"textures/block/chiseled_tuff_bricks_top.png","block","SynthesizedLastDaysOverride","16","16","32","32","2","2","True","False","False","Static","6",""
"textures/block/chiseled_tuff_bricks.png","block","SynthesizedLastDaysOverride","16","16","32","32","2","2","True","False","False","Static","6",""
"textures/block/chiseled_tuff_top.png","block","SynthesizedLastDaysOverride","16","16","32","32","2","2","True","False","False","Static","6",""
"textures/block/chiseled_tuff.png","block","SynthesizedLastDaysOverride","16","16","32","32","2","2","True","False","False","Static","6",""
"textures/block/chorus_flower_dead.png","block","ExistingLastDaysOverride","16","16","32","32","2","2","True","False","False","Static","6",""
"textures/block/chorus_flower.png","block","ExistingLastDaysOverride","16","16","32","32","2","2","True","False","False","Static","6",""
"textures/block/chorus_plant.png","block","ExistingLastDaysOverride","16","16","32","32","2","2","True","False","False","Static","6",""
"textures/block/clay.png","block","ExistingLastDaysOverride","16","16","32","32","2","2","True","False","False","Static","6",""
"textures/block/coal_block.png","block","ExistingLastDaysOverride","16","16","32","32","2","2","True","False","False","Static","6",""
"textures/block/coal_ore.png","block","ExistingLastDaysOverride","16","16","32","32","2","2","True","False","False","Static","6",""
"textures/block/coarse_dirt.png","block","ExistingLastDaysOverride","16","16","32","32","2","2","True","False","False","Static","6",""
"textures/block/cobbled_deepslate.png","block","ExistingLastDaysOverride","16","16","32","32","2","2","True","False","False","Static","2",""
"textures/block/cobblestone.png","block","ExistingLastDaysOverride","16","16","32","32","2","2","True","False","False","Static","6",""
"textures/block/cobweb.png","block","ExistingLastDaysOverride","16","16","32","32","2","2","True","False","False","Static","6",""
"textures/block/cocoa_stage0.png","block","ExistingLastDaysOverride","16","16","32","32","2","2","True","False","False","Static","6",""
"textures/block/cocoa_stage1.png","block","ExistingLastDaysOverride","16","16","32","32","2","2","True","False","False","Static","6",""
"textures/block/cocoa_stage2.png","block","ExistingLastDaysOverride","16","16","32","640","2","40","False","False","True","ValidatedCustom","6",""
"textures/block/command_block_back.png","block","ExistingLastDaysOverride","16","64","32","32","2","0.5","False","True","True","Validated","6",""
"textures/block/command_block_conditional.png","block","ExistingLastDaysOverride","16","64","32","32","2","0.5","False","True","True","Validated","6",""
"textures/block/command_block_front.png","block","ExistingLastDaysOverride","16","64","32","32","2","0.5","False","True","True","Validated","6",""
"textures/block/command_block_side.png","block","ExistingLastDaysOverride","16","64","32","32","2","0.5","False","True","True","Validated","6",""
"textures/block/comparator_on.png","block","ExistingLastDaysOverride","16","16","32","32","2","2","True","False","False","Static","6",""
"textures/block/comparator.png","block","ExistingLastDaysOverride","16","16","32","32","2","2","True","False","False","Static","6",""
"textures/block/composter_bottom.png","block","ExistingLastDaysOverride","16","16","32","32","2","2","True","False","False","Static","2",""
"textures/block/composter_compost.png","block","ExistingLastDaysOverride","16","16","32","32","2","2","True","False","False","Static","6",""
"textures/block/composter_ready.png","block","ExistingLastDaysOverride","16","16","32","32","2","2","True","False","False","Static","6",""
"textures/block/composter_side.png","block","ExistingLastDaysOverride","16","16","32","32","2","2","True","False","False","Static","6",""
"textures/block/composter_top.png","block","ExistingLastDaysOverride","16","16","32","32","2","2","True","False","False","Static","6",""
"textures/block/conduit.png","block","ImportedVanillaPlaceholder","16","16","16","16","1","1","True","False","False","Static","3",""
"textures/block/copper_block.png","block","ExistingLastDaysOverride","16","16","32","32","2","2","True","False","False","Static","6",""
"textures/block/copper_bulb_lit_powered.png","block","ImportedVanillaPlaceholder","16","16","16","16","1","1","True","False","False","Static","3",""
"textures/block/copper_bulb_lit.png","block","ImportedVanillaPlaceholder","16","16","16","16","1","1","True","False","False","Static","3",""
"textures/block/copper_bulb_powered.png","block","ImportedVanillaPlaceholder","16","16","16","16","1","1","True","False","False","Static","3",""
"textures/block/copper_bulb.png","block","ImportedVanillaPlaceholder","16","16","16","16","1","1","True","False","False","Static","3",""
"textures/block/copper_door_bottom.png","block","ImportedVanillaPlaceholder","16","16","16","16","1","1","True","False","False","Static","3",""
"textures/block/copper_door_top.png","block","ImportedVanillaPlaceholder","16","16","16","16","1","1","True","False","False","Static","3",""
"textures/block/copper_grate.png","block","SynthesizedLastDaysOverride","16","16","32","32","2","2","True","False","False","Static","6",""
"textures/block/copper_ore.png","block","ExistingLastDaysOverride","16","16","32","32","2","2","True","False","False","Static","2",""
"textures/block/copper_trapdoor.png","block","SynthesizedLastDaysOverride","16","16","32","32","2","2","True","False","False","Static","6",""
"textures/block/cornflower.png","block","ExistingLastDaysOverride","16","16","32","32","2","2","True","False","False","Static","6",""
"textures/block/cracked_deepslate_bricks.png","block","ExistingLastDaysOverride","16","16","32","32","2","2","True","False","False","Static","2",""
"textures/block/cracked_deepslate_tiles.png","block","ExistingLastDaysOverride","16","16","32","32","2","2","True","False","False","Static","2",""
"textures/block/cracked_nether_bricks.png","block","MigratedLegacyOverride","16","16","32","32","2","2","True","False","False","Static","6",""
"textures/block/cracked_polished_blackstone_bricks.png","block","MigratedLegacyOverride","16","16","32","32","2","2","True","False","False","Static","6",""
"textures/block/cracked_stone_bricks.png","block","ExistingLastDaysOverride","16","16","32","32","2","2","True","False","False","Static","6",""
"textures/block/crafter_bottom.png","block","ImportedVanillaPlaceholder","16","16","16","16","1","1","True","False","False","Static","3",""
"textures/block/crafter_east_crafting.png","block","ImportedVanillaPlaceholder","16","16","16","16","1","1","True","False","False","Static","3",""
"textures/block/crafter_east_triggered.png","block","ImportedVanillaPlaceholder","16","16","16","16","1","1","True","False","False","Static","3",""
"textures/block/crafter_east.png","block","ImportedVanillaPlaceholder","16","16","16","16","1","1","True","False","False","Static","3",""
"textures/block/crafter_north_crafting.png","block","ImportedVanillaPlaceholder","16","16","16","16","1","1","True","False","False","Static","3",""
"textures/block/crafter_north.png","block","ImportedVanillaPlaceholder","16","16","16","16","1","1","True","False","False","Static","3",""
"textures/block/crafter_south_triggered.png","block","ImportedVanillaPlaceholder","16","16","16","16","1","1","True","False","False","Static","3",""
"textures/block/crafter_south.png","block","ImportedVanillaPlaceholder","16","16","16","16","1","1","True","False","False","Static","3",""
"textures/block/crafter_top_crafting.png","block","ImportedVanillaPlaceholder","16","16","16","16","1","1","True","False","False","Static","3",""
"textures/block/crafter_top_triggered.png","block","ImportedVanillaPlaceholder","16","16","16","16","1","1","True","False","False","Static","3",""
"textures/block/crafter_top.png","block","ImportedVanillaPlaceholder","16","16","16","16","1","1","True","False","False","Static","3",""
"textures/block/crafter_west_crafting.png","block","ImportedVanillaPlaceholder","16","16","16","16","1","1","True","False","False","Static","3",""
"textures/block/crafter_west_triggered.png","block","ImportedVanillaPlaceholder","16","16","16","16","1","1","True","False","False","Static","3",""
"textures/block/crafter_west.png","block","ImportedVanillaPlaceholder","16","16","16","16","1","1","True","False","False","Static","3",""
"textures/block/crafting_table_front.png","block","ExistingLastDaysOverride","16","16","32","32","2","2","True","False","False","Static","6",""
"textures/block/crafting_table_side.png","block","ExistingLastDaysOverride","16","16","32","32","2","2","True","False","False","Static","6",""
"textures/block/crafting_table_top.png","block","ExistingLastDaysOverride","16","16","32","32","2","2","True","False","False","Static","6",""
"textures/block/crimson_door_bottom.png","block","ExistingLastDaysOverride","16","16","32","32","2","2","True","False","False","Static","6",""
"textures/block/crimson_door_top.png","block","ExistingLastDaysOverride","16","16","32","32","2","2","True","False","False","Static","6",""
"textures/block/crimson_fungus.png","block","ExistingLastDaysOverride","16","16","32","32","2","2","True","False","False","Static","6",""
"textures/block/crimson_nylium_side.png","block","ExistingLastDaysOverride","16","16","32","32","2","2","True","False","False","Static","6",""
"textures/block/crimson_nylium.png","block","ExistingLastDaysOverride","16","16","32","32","2","2","True","False","False","Static","6",""
"textures/block/crimson_planks.png","block","ExistingLastDaysOverride","16","16","32","32","2","2","True","False","False","Static","6",""
"textures/block/crimson_roots_pot.png","block","ExistingLastDaysOverride","16","16","32","32","2","2","True","False","False","Static","6",""
"textures/block/crimson_roots.png","block","ExistingLastDaysOverride","16","16","32","32","2","2","True","False","False","Static","6",""
"textures/block/crimson_stem_top.png","block","ExistingLastDaysOverride","16","16","32","32","2","2","True","False","False","Static","6",""
"textures/block/crimson_stem.png","block","ExistingLastDaysOverride","16","80","32","32","2","0.4","False","True","True","Validated","6",""
"textures/block/crimson_trapdoor.png","block","ExistingLastDaysOverride","16","16","32","32","2","2","True","False","False","Static","6",""
"textures/block/crying_obsidian.png","block","ExistingLastDaysOverride","16","16","32","384","2","24","False","False","True","ValidatedCustom","6",""
"textures/block/cut_copper.png","block","ExistingLastDaysOverride","16","16","32","32","2","2","True","False","False","Static","3",""
"textures/block/cut_red_sandstone.png","block","ExistingLastDaysOverride","16","16","32","32","2","2","True","False","False","Static","3",""
"textures/block/cut_sandstone.png","block","MigratedLegacyOverride","16","16","32","32","2","2","True","False","False","Static","6",""
"textures/block/cyan_candle_lit.png","block","ExistingLastDaysOverride","16","16","32","128","2","8","False","False","True","ValidatedCustom","6",""
"textures/block/cyan_candle.png","block","ExistingLastDaysOverride","16","16","32","32","2","2","True","False","False","Static","6",""
"textures/block/cyan_concrete_powder.png","block","ExistingLastDaysOverride","16","16","32","32","2","2","True","False","False","Static","6",""
"textures/block/cyan_concrete.png","block","ExistingLastDaysOverride","16","16","32","32","2","2","True","False","False","Static","6",""
"textures/block/cyan_glazed_terracotta.png","block","ExistingLastDaysOverride","16","16","32","32","2","2","True","False","False","Static","6",""
"textures/block/cyan_shulker_box.png","block","ExistingLastDaysOverride","16","16","32","32","2","2","True","False","False","Static","6",""
"textures/block/cyan_stained_glass_pane_top.png","block","ExistingLastDaysOverride","16","16","32","32","2","2","True","False","False","Static","6",""
"textures/block/cyan_stained_glass.png","block","ExistingLastDaysOverride","16","16","32","32","2","2","True","False","False","Static","6",""
"textures/block/cyan_terracotta.png","block","ExistingLastDaysOverride","16","16","32","32","2","2","True","False","False","Static","6",""
"textures/block/cyan_wool.png","block","ExistingLastDaysOverride","16","16","32","32","2","2","True","False","False","Static","6",""
"textures/block/damaged_anvil_top.png","block","ExistingLastDaysOverride","16","16","32","32","2","2","True","False","False","Static","6",""
"textures/block/dandelion.png","block","ExistingLastDaysOverride","16","16","32","32","2","2","True","False","False","Static","6",""
"textures/block/dark_oak_door_bottom.png","block","ExistingLastDaysOverride","16","16","32","32","2","2","True","False","False","Static","2",""
"textures/block/dark_oak_door_top.png","block","ExistingLastDaysOverride","16","16","32","32","2","2","True","False","False","Static","3",""
"textures/block/dark_oak_leaves.png","block","ExistingLastDaysOverride","16","16","32","32","2","2","True","False","False","Static","6",""
"textures/block/dark_oak_log_top.png","block","ExistingLastDaysOverride","16","16","32","32","2","2","True","False","False","Static","2",""
"textures/block/dark_oak_log.png","block","ExistingLastDaysOverride","16","16","32","32","2","2","True","False","False","Static","2",""
"textures/block/dark_oak_planks.png","block","ExistingLastDaysOverride","16","16","32","32","2","2","True","False","False","Static","2",""
"textures/block/dark_oak_sapling.png","block","ExistingLastDaysOverride","16","16","32","32","2","2","True","False","False","Static","3",""
"textures/block/dark_oak_trapdoor.png","block","ExistingLastDaysOverride","16","16","32","32","2","2","True","False","False","Static","6",""
"textures/block/dark_prismarine.png","block","ExistingLastDaysOverride","16","16","32","32","2","2","True","False","False","Static","2",""
"textures/block/daylight_detector_inverted_top.png","block","ExistingLastDaysOverride","16","16","32","32","2","2","True","False","False","Static","2",""
"textures/block/daylight_detector_side.png","block","ExistingLastDaysOverride","16","16","32","32","2","2","True","False","False","Static","6",""
"textures/block/daylight_detector_top.png","block","ExistingLastDaysOverride","16","16","32","32","2","2","True","False","False","Static","6",""
"textures/block/dead_brain_coral_block.png","block","ExistingLastDaysOverride","16","16","32","32","2","2","True","False","False","Static","2",""
"textures/block/dead_brain_coral_fan.png","block","ExistingLastDaysOverride","16","16","32","32","2","2","True","False","False","Static","6",""
"textures/block/dead_brain_coral.png","block","ExistingLastDaysOverride","16","16","32","32","2","2","True","False","False","Static","6",""
"textures/block/dead_bubble_coral_block.png","block","ExistingLastDaysOverride","16","16","32","256","2","16","False","False","True","ValidatedCustom","2",""
"textures/block/dead_bubble_coral_fan.png","block","ExistingLastDaysOverride","16","16","32","32","2","2","True","False","False","Static","6",""
"textures/block/dead_bubble_coral.png","block","ExistingLastDaysOverride","16","16","32","32","2","2","True","False","False","Static","6",""
"textures/block/dead_bush.png","block","SupersededByCustomModel","16","16","16","16","1","1","True","False","False","Static","3",""
"textures/block/dead_fire_coral_block.png","block","ExistingLastDaysOverride","16","16","32","32","2","2","True","False","False","Static","2",""
"textures/block/dead_fire_coral_fan.png","block","ExistingLastDaysOverride","16","16","32","32","2","2","True","False","False","Static","6",""
"textures/block/dead_fire_coral.png","block","ExistingLastDaysOverride","16","16","32","32","2","2","True","False","False","Static","6",""
"textures/block/dead_horn_coral_block.png","block","ExistingLastDaysOverride","16","16","32","32","2","2","True","False","False","Static","2",""
"textures/block/dead_horn_coral_fan.png","block","ExistingLastDaysOverride","16","16","32","32","2","2","True","False","False","Static","6",""
"textures/block/dead_horn_coral.png","block","ExistingLastDaysOverride","16","16","32","32","2","2","True","False","False","Static","6",""
"textures/block/dead_tube_coral_block.png","block","ExistingLastDaysOverride","16","16","32","32","2","2","True","False","False","Static","2",""
"textures/block/dead_tube_coral_fan.png","block","ExistingLastDaysOverride","16","16","32","32","2","2","True","False","False","Static","6",""
"textures/block/dead_tube_coral.png","block","ExistingLastDaysOverride","16","16","32","32","2","2","True","False","False","Static","6",""
"textures/block/debug.png","block","ExistingLastDaysOverride","16","16","32","32","2","2","True","False","False","Static","6",""
"textures/block/debug2.png","block","ExistingLastDaysOverride","16","16","32","32","2","2","True","False","False","Static","6",""
"textures/block/deepslate_bricks.png","block","ExistingLastDaysOverride","16","16","32","32","2","2","True","False","False","Static","6",""
"textures/block/deepslate_coal_ore.png","block","ExistingLastDaysOverride","16","16","32","32","2","2","True","False","False","Static","6",""
"textures/block/deepslate_copper_ore.png","block","ExistingLastDaysOverride","16","16","32","32","2","2","True","False","False","Static","2",""
"textures/block/deepslate_diamond_ore.png","block","ExistingLastDaysOverride","16","16","32","672","2","42","False","False","True","ValidatedCustom","6",""
"textures/block/deepslate_emerald_ore.png","block","ExistingLastDaysOverride","16","16","32","32","2","2","True","False","False","Static","6",""
"textures/block/deepslate_gold_ore.png","block","ExistingLastDaysOverride","16","16","32","32","2","2","True","False","False","Static","2",""
"textures/block/deepslate_iron_ore.png","block","ExistingLastDaysOverride","16","16","32","32","2","2","True","False","False","Static","6",""
"textures/block/deepslate_lapis_ore.png","block","ExistingLastDaysOverride","16","16","32","832","2","52","False","False","True","ValidatedCustom","6",""
"textures/block/deepslate_redstone_ore.png","block","ExistingLastDaysOverride","16","16","32","32","2","2","True","False","False","Static","2",""
"textures/block/deepslate_tiles.png","block","ExistingLastDaysOverride","16","16","32","32","2","2","True","False","False","Static","6",""
"textures/block/deepslate_top.png","block","ExistingLastDaysOverride","16","16","32","32","2","2","True","False","False","Static","2",""
"textures/block/deepslate.png","block","ExistingLastDaysOverride","16","16","32","32","2","2","True","False","False","Static","2",""
"textures/block/destroy_stage_0.png","block","ExistingLastDaysOverride","16","16","32","32","2","2","True","False","False","Static","6",""
"textures/block/destroy_stage_1.png","block","ExistingLastDaysOverride","16","16","32","32","2","2","True","False","False","Static","6",""
"textures/block/destroy_stage_2.png","block","ExistingLastDaysOverride","16","16","32","32","2","2","True","False","False","Static","6",""
"textures/block/destroy_stage_3.png","block","ExistingLastDaysOverride","16","16","32","32","2","2","True","False","False","Static","6",""
"textures/block/destroy_stage_4.png","block","ExistingLastDaysOverride","16","16","32","32","2","2","True","False","False","Static","6",""
"textures/block/destroy_stage_5.png","block","ExistingLastDaysOverride","16","16","32","32","2","2","True","False","False","Static","6",""
"textures/block/destroy_stage_6.png","block","ExistingLastDaysOverride","16","16","32","32","2","2","True","False","False","Static","6",""
"textures/block/destroy_stage_7.png","block","ExistingLastDaysOverride","16","16","32","32","2","2","True","False","False","Static","6",""
"textures/block/destroy_stage_8.png","block","ExistingLastDaysOverride","16","16","32","32","2","2","True","False","False","Static","6",""
"textures/block/destroy_stage_9.png","block","ExistingLastDaysOverride","16","16","32","32","2","2","True","False","False","Static","6",""
"textures/block/detector_rail_on.png","block","ExistingLastDaysOverride","16","16","32","32","2","2","True","False","False","Static","6",""
"textures/block/detector_rail.png","block","ExistingLastDaysOverride","16","16","32","32","2","2","True","False","False","Static","6",""
"textures/block/diamond_block.png","block","ExistingLastDaysOverride","16","16","32","32","2","2","True","False","False","Static","6",""
"textures/block/diamond_ore.png","block","ExistingLastDaysOverride","16","16","32","672","2","42","False","False","True","ValidatedCustom","6",""
"textures/block/diorite.png","block","ExistingLastDaysOverride","16","16","32","32","2","2","True","False","False","Static","6",""
"textures/block/dirt_path_side.png","block","ExistingLastDaysOverride","16","16","32","32","2","2","True","False","False","Static","6",""
"textures/block/dirt_path_top.png","block","ExistingLastDaysOverride","16","16","32","32","2","2","True","False","False","Static","6",""
"textures/block/dirt.png","block","ExistingLastDaysOverride","16","16","32","32","2","2","True","False","False","Static","6",""
"textures/block/dispenser_front_vertical.png","block","ExistingLastDaysOverride","16","16","32","32","2","2","True","False","False","Static","2",""
"textures/block/dispenser_front.png","block","ExistingLastDaysOverride","16","16","32","32","2","2","True","False","False","Static","6",""
"textures/block/dragon_egg.png","block","ExistingLastDaysOverride","16","16","32","32","2","2","True","False","False","Static","6",""
"textures/block/dried_kelp_bottom.png","block","ExistingLastDaysOverride","16","16","32","32","2","2","True","False","False","Static","6",""
"textures/block/dried_kelp_side.png","block","ExistingLastDaysOverride","16","16","32","32","2","2","True","False","False","Static","6",""
"textures/block/dried_kelp_top.png","block","ExistingLastDaysOverride","16","16","32","32","2","2","True","False","False","Static","6",""
"textures/block/dripstone_block.png","block","ExistingLastDaysOverride","16","16","32","32","2","2","True","False","False","Static","2",""
"textures/block/dropper_front_vertical.png","block","ExistingLastDaysOverride","16","16","32","32","2","2","True","False","False","Static","6",""
"textures/block/dropper_front.png","block","ExistingLastDaysOverride","16","16","32","32","2","2","True","False","False","Static","6",""
"textures/block/emerald_block.png","block","ExistingLastDaysOverride","16","16","32","32","2","2","True","False","False","Static","6",""
"textures/block/emerald_ore.png","block","ExistingLastDaysOverride","16","16","32","192","2","12","False","False","True","ValidatedCustom","2",""
"textures/block/enchanting_table_bottom.png","block","ExistingLastDaysOverride","16","16","32","32","2","2","True","False","False","Static","6",""
"textures/block/enchanting_table_side.png","block","ExistingLastDaysOverride","16","16","32","128","2","8","False","False","True","ValidatedCustom","6",""
"textures/block/enchanting_table_top.png","block","ExistingLastDaysOverride","16","16","32","128","2","8","False","False","True","ValidatedCustom","2",""
"textures/block/end_portal_frame_eye.png","block","ExistingLastDaysOverride","16","16","32","32","2","2","True","False","False","Static","6",""
"textures/block/end_portal_frame_side.png","block","ExistingLastDaysOverride","16","16","32","32","2","2","True","False","False","Static","6",""
"textures/block/end_portal_frame_top.png","block","ExistingLastDaysOverride","16","16","32","32","2","2","True","False","False","Static","6",""
"textures/block/end_rod.png","block","ExistingLastDaysOverride","16","16","32","32","2","2","True","False","False","Static","6",""
"textures/block/end_stone_bricks.png","block","ExistingLastDaysOverride","16","16","32","32","2","2","True","False","False","Static","6",""
"textures/block/end_stone.png","block","SupersededByCustomModel","16","16","16","16","1","1","True","False","False","Static","3",""
"textures/block/exposed_chiseled_copper.png","block","SynthesizedLastDaysOverride","16","16","32","32","2","2","True","False","False","Static","6",""
"textures/block/exposed_copper_bulb_lit_powered.png","block","ImportedVanillaPlaceholder","16","16","16","16","1","1","True","False","False","Static","3",""
"textures/block/exposed_copper_bulb_lit.png","block","ImportedVanillaPlaceholder","16","16","16","16","1","1","True","False","False","Static","3",""
"textures/block/exposed_copper_bulb_powered.png","block","ImportedVanillaPlaceholder","16","16","16","16","1","1","True","False","False","Static","3",""
"textures/block/exposed_copper_bulb.png","block","ImportedVanillaPlaceholder","16","16","16","16","1","1","True","False","False","Static","3",""
"textures/block/exposed_copper_door_bottom.png","block","ImportedVanillaPlaceholder","16","16","16","16","1","1","True","False","False","Static","3",""
"textures/block/exposed_copper_door_top.png","block","ImportedVanillaPlaceholder","16","16","16","16","1","1","True","False","False","Static","3",""
"textures/block/exposed_copper_grate.png","block","SynthesizedLastDaysOverride","16","16","32","32","2","2","True","False","False","Static","6",""
"textures/block/exposed_copper_trapdoor.png","block","SynthesizedLastDaysOverride","16","16","32","32","2","2","True","False","False","Static","6",""
"textures/block/exposed_copper.png","block","ExistingLastDaysOverride","16","16","32","32","2","2","True","False","False","Static","2",""
"textures/block/exposed_cut_copper.png","block","ExistingLastDaysOverride","16","16","32","32","2","2","True","False","False","Static","3",""
"textures/block/farmland_moist.png","block","ExistingLastDaysOverride","16","16","32","32","2","2","True","False","False","Static","6",""
"textures/block/farmland.png","block","ExistingLastDaysOverride","16","16","32","32","2","2","True","False","False","Static","6",""
"textures/block/fern.png","block","ExistingLastDaysOverride","16","16","32","32","2","2","True","False","False","Static","6",""
"textures/block/fire_0.png","block","ExistingLastDaysOverride","16","512","32","1344","2","2.625","False","True","True","Validated","6",""
"textures/block/fire_1.png","block","ExistingLastDaysOverride","16","512","32","1344","2","2.625","False","True","True","Validated","6",""
"textures/block/fire_coral_block.png","block","ExistingLastDaysOverride","16","16","32","32","2","2","True","False","False","Static","2",""
"textures/block/fire_coral_fan.png","block","ExistingLastDaysOverride","16","16","32","32","2","2","True","False","False","Static","6",""
"textures/block/fire_coral.png","block","ExistingLastDaysOverride","16","16","32","32","2","2","True","False","False","Static","6",""
"textures/block/fletching_table_front.png","block","ExistingLastDaysOverride","16","16","32","32","2","2","True","False","False","Static","6",""
"textures/block/fletching_table_side.png","block","ExistingLastDaysOverride","16","16","32","32","2","2","True","False","False","Static","6",""
"textures/block/fletching_table_top.png","block","ExistingLastDaysOverride","16","16","32","32","2","2","True","False","False","Static","6",""
"textures/block/flower_pot.png","block","ExistingLastDaysOverride","16","16","32","32","2","2","True","False","False","Static","6",""
"textures/block/flowering_azalea_leaves.png","block","ExistingLastDaysOverride","16","16","32","32","2","2","True","False","False","Static","6",""
"textures/block/flowering_azalea_side.png","block","ExistingLastDaysOverride","16","16","32","32","2","2","True","False","False","Static","6",""
"textures/block/flowering_azalea_top.png","block","ExistingLastDaysOverride","16","16","32","32","2","2","True","False","False","Static","6",""
"textures/block/frogspawn.png","block","ExistingLastDaysOverride","16","16","32","32","2","2","True","False","False","Static","6",""
"textures/block/frosted_ice_0.png","block","ImportedVanillaPlaceholder","16","16","16","16","1","1","True","False","False","Static","3",""
"textures/block/frosted_ice_1.png","block","ImportedVanillaPlaceholder","16","16","16","16","1","1","True","False","False","Static","3",""
"textures/block/frosted_ice_2.png","block","ImportedVanillaPlaceholder","16","16","16","16","1","1","True","False","False","Static","3",""
"textures/block/frosted_ice_3.png","block","ImportedVanillaPlaceholder","16","16","16","16","1","1","True","False","False","Static","3",""
"textures/block/furnace_front_on.png","block","ExistingLastDaysOverride","16","16","32","160","2","10","False","False","True","ValidatedCustom","6",""
"textures/block/furnace_front.png","block","ExistingLastDaysOverride","16","16","32","32","2","2","True","False","False","Static","6",""
"textures/block/furnace_side.png","block","ExistingLastDaysOverride","16","16","32","32","2","2","True","False","False","Static","6",""
"textures/block/furnace_top.png","block","ExistingLastDaysOverride","16","16","32","32","2","2","True","False","False","Static","6",""
"textures/block/gilded_blackstone.png","block","SupersededByCustomModel","16","16","16","16","1","1","True","False","False","Static","3",""
"textures/block/glass_pane_top.png","block","ExistingLastDaysOverride","16","16","32","32","2","2","True","False","False","Static","6",""
"textures/block/glass.png","block","ExistingLastDaysOverride","16","16","32","32","2","2","True","False","False","Static","6",""
"textures/block/glow_item_frame.png","block","ExistingLastDaysOverride","16","16","32","32","2","2","True","False","False","Static","6",""
"textures/block/glow_lichen.png","block","ExistingLastDaysOverride","16","16","32","32","2","2","True","False","False","Static","6",""
"textures/block/glowstone.png","block","ExistingLastDaysOverride","16","16","32","32","2","2","True","False","False","Static","6",""
"textures/block/gold_block.png","block","SupersededByCustomModel","16","16","16","16","1","1","True","False","False","Static","3",""
"textures/block/gold_ore.png","block","ExistingLastDaysOverride","16","16","32","32","2","2","True","False","False","Static","6",""
"textures/block/granite.png","block","ExistingLastDaysOverride","16","16","32","32","2","2","True","False","False","Static","2",""
"textures/block/grass_block_side_overlay.png","block","ExistingLastDaysOverride","16","16","32","32","2","2","True","False","False","Static","6",""
"textures/block/grass_block_side.png","block","ExistingLastDaysOverride","16","16","32","32","2","2","True","False","False","Static","6",""
"textures/block/grass_block_snow.png","block","ExistingLastDaysOverride","16","16","32","32","2","2","True","False","False","Static","6",""
"textures/block/grass_block_top.png","block","ExistingLastDaysOverride","16","16","32","32","2","2","True","False","False","Static","6",""
"textures/block/gravel.png","block","ExistingLastDaysOverride","16","16","32","32","2","2","True","False","False","Static","6",""
"textures/block/gray_candle_lit.png","block","ExistingLastDaysOverride","16","16","32","32","2","2","True","False","False","Static","6",""
"textures/block/gray_candle.png","block","ExistingLastDaysOverride","16","16","32","32","2","2","True","False","False","Static","6",""
"textures/block/gray_concrete_powder.png","block","ExistingLastDaysOverride","16","16","32","32","2","2","True","False","False","Static","6",""
"textures/block/gray_concrete.png","block","ExistingLastDaysOverride","16","16","32","32","2","2","True","False","False","Static","6",""
"textures/block/gray_glazed_terracotta.png","block","ExistingLastDaysOverride","16","16","32","32","2","2","True","False","False","Static","2",""
"textures/block/gray_shulker_box.png","block","ExistingLastDaysOverride","16","16","32","32","2","2","True","False","False","Static","6",""
"textures/block/gray_stained_glass_pane_top.png","block","ExistingLastDaysOverride","16","16","32","32","2","2","True","False","False","Static","6",""
"textures/block/gray_stained_glass.png","block","ExistingLastDaysOverride","16","16","32","32","2","2","True","False","False","Static","6",""
"textures/block/gray_terracotta.png","block","ExistingLastDaysOverride","16","16","32","32","2","2","True","False","False","Static","6",""
"textures/block/gray_wool.png","block","ExistingLastDaysOverride","16","16","32","32","2","2","True","False","False","Static","6",""
"textures/block/green_candle_lit.png","block","ExistingLastDaysOverride","16","16","32","128","2","8","False","False","True","ValidatedCustom","6",""
"textures/block/green_candle.png","block","ExistingLastDaysOverride","16","16","32","32","2","2","True","False","False","Static","6",""
"textures/block/green_concrete_powder.png","block","ExistingLastDaysOverride","16","16","32","32","2","2","True","False","False","Static","6",""
"textures/block/green_concrete.png","block","ExistingLastDaysOverride","16","16","32","32","2","2","True","False","False","Static","6",""
"textures/block/green_glazed_terracotta.png","block","ExistingLastDaysOverride","16","16","32","32","2","2","True","False","False","Static","6",""
"textures/block/green_shulker_box.png","block","ExistingLastDaysOverride","16","16","32","32","2","2","True","False","False","Static","6",""
"textures/block/green_stained_glass_pane_top.png","block","ExistingLastDaysOverride","16","16","32","32","2","2","True","False","False","Static","6",""
"textures/block/green_stained_glass.png","block","ExistingLastDaysOverride","16","16","32","32","2","2","True","False","False","Static","6",""
"textures/block/green_terracotta.png","block","ExistingLastDaysOverride","16","16","32","32","2","2","True","False","False","Static","6",""
"textures/block/green_wool.png","block","ExistingLastDaysOverride","16","16","32","32","2","2","True","False","False","Static","6",""
"textures/block/grindstone_pivot.png","block","ExistingLastDaysOverride","16","16","32","32","2","2","True","False","False","Static","6",""
"textures/block/grindstone_round.png","block","SupersededByCustomModel","16","16","16","16","1","1","True","False","False","Static","3",""
"textures/block/grindstone_side.png","block","ExistingLastDaysOverride","16","16","32","32","2","2","True","False","False","Static","6",""
"textures/block/hanging_roots.png","block","ExistingLastDaysOverride","16","16","32","32","2","2","True","False","False","Static","6",""
"textures/block/hay_block_side.png","block","ExistingLastDaysOverride","16","16","32","32","2","2","True","False","False","Static","6",""
"textures/block/hay_block_top.png","block","ExistingLastDaysOverride","16","16","32","32","2","2","True","False","False","Static","6",""
"textures/block/heavy_core.png","block","ImportedVanillaPlaceholder","16","16","16","16","1","1","True","False","False","Static","3",""
"textures/block/honey_block_bottom.png","block","ExistingLastDaysOverride","16","16","32","32","2","2","True","False","False","Static","6",""
"textures/block/honey_block_side.png","block","ExistingLastDaysOverride","16","16","32","32","2","2","True","False","False","Static","6",""
"textures/block/honey_block_top.png","block","ExistingLastDaysOverride","16","16","32","32","2","2","True","False","False","Static","6",""
"textures/block/honeycomb_block.png","block","ExistingLastDaysOverride","16","16","32","32","2","2","True","False","False","Static","6",""
"textures/block/hopper_inside.png","block","ExistingLastDaysOverride","16","16","32","32","2","2","True","False","False","Static","6",""
"textures/block/hopper_outside.png","block","ExistingLastDaysOverride","16","16","32","32","2","2","True","False","False","Static","6",""
"textures/block/hopper_top.png","block","ExistingLastDaysOverride","16","16","32","32","2","2","True","False","False","Static","6",""
"textures/block/horn_coral_block.png","block","ExistingLastDaysOverride","16","16","32","32","2","2","True","False","False","Static","2",""
"textures/block/horn_coral_fan.png","block","ExistingLastDaysOverride","16","16","32","32","2","2","True","False","False","Static","6",""
"textures/block/horn_coral.png","block","ExistingLastDaysOverride","16","16","32","32","2","2","True","False","False","Static","6",""
"textures/block/ice.png","block","ExistingLastDaysOverride","16","16","32","32","2","2","True","False","False","Static","6",""
"textures/block/iron_bars.png","block","ExistingLastDaysOverride","16","16","32","32","2","2","True","False","False","Static","6",""
"textures/block/iron_block.png","block","ExistingLastDaysOverride","16","16","32","32","2","2","True","False","False","Static","6",""
"textures/block/iron_door_bottom.png","block","ExistingLastDaysOverride","16","16","32","32","2","2","True","False","False","Static","2",""
"textures/block/iron_door_top.png","block","ExistingLastDaysOverride","16","16","32","32","2","2","True","False","False","Static","6",""
"textures/block/iron_ore.png","block","ExistingLastDaysOverride","16","16","32","32","2","2","True","False","False","Static","6",""
"textures/block/iron_trapdoor.png","block","ExistingLastDaysOverride","16","16","32","32","2","2","True","False","False","Static","6",""
"textures/block/item_frame.png","block","ExistingLastDaysOverride","16","16","32","32","2","2","True","False","False","Static","6",""
"textures/block/jack_o_lantern.png","block","SupersededByCustomModel","16","16","16","16","1","1","True","False","False","Static","3",""
"textures/block/jigsaw_bottom.png","block","ImportedVanillaPlaceholder","16","16","16","16","1","1","True","False","False","Static","3",""
"textures/block/jigsaw_lock.png","block","ImportedVanillaPlaceholder","16","16","16","16","1","1","True","False","False","Static","3",""
"textures/block/jigsaw_side.png","block","ImportedVanillaPlaceholder","16","16","16","16","1","1","True","False","False","Static","3",""
"textures/block/jigsaw_top.png","block","ImportedVanillaPlaceholder","16","16","16","16","1","1","True","False","False","Static","3",""
"textures/block/jukebox_side.png","block","ExistingLastDaysOverride","16","16","32","32","2","2","True","False","False","Static","6",""
"textures/block/jukebox_top.png","block","ExistingLastDaysOverride","16","16","32","32","2","2","True","False","False","Static","2",""
"textures/block/jungle_door_bottom.png","block","ExistingLastDaysOverride","16","16","32","32","2","2","True","False","False","Static","2",""
"textures/block/jungle_door_top.png","block","ExistingLastDaysOverride","16","16","32","32","2","2","True","False","False","Static","3",""
"textures/block/jungle_leaves.png","block","ExistingLastDaysOverride","16","16","32","32","2","2","True","False","False","Static","6",""
"textures/block/jungle_log_top.png","block","ExistingLastDaysOverride","16","16","32","32","2","2","True","False","False","Static","6",""
"textures/block/jungle_log.png","block","ExistingLastDaysOverride","16","16","32","32","2","2","True","False","False","Static","6",""
"textures/block/jungle_planks.png","block","ExistingLastDaysOverride","16","16","32","32","2","2","True","False","False","Static","6",""
"textures/block/jungle_sapling.png","block","ExistingLastDaysOverride","16","16","32","32","2","2","True","False","False","Static","6",""
"textures/block/jungle_trapdoor.png","block","ExistingLastDaysOverride","16","16","32","32","2","2","True","False","False","Static","6",""
"textures/block/kelp_plant.png","block","ExistingLastDaysOverride","16","320","32","128","2","0.4","False","True","True","Validated","3",""
"textures/block/kelp.png","block","ExistingLastDaysOverride","16","320","32","128","2","0.4","False","True","True","Validated","3",""
"textures/block/ladder.png","block","ExistingLastDaysOverride","16","16","32","32","2","2","True","False","False","Static","6",""
"textures/block/lantern.png","block","ExistingLastDaysOverride","16","48","32","96","2","2","True","True","True","Validated","6",""
"textures/block/lapis_block.png","block","ExistingLastDaysOverride","16","16","32","32","2","2","True","False","False","Static","6",""
"textures/block/lapis_ore.png","block","ExistingLastDaysOverride","16","16","32","832","2","52","False","False","True","ValidatedCustom","6",""
"textures/block/large_amethyst_bud.png","block","ExistingLastDaysOverride","16","16","32","32","2","2","True","False","False","Static","6",""
"textures/block/large_fern_bottom.png","block","ExistingLastDaysOverride","16","16","32","32","2","2","True","False","False","Static","6",""
"textures/block/large_fern_top.png","block","ExistingLastDaysOverride","16","16","32","32","2","2","True","False","False","Static","6",""
"textures/block/lava_flow.png","block","ExistingLastDaysOverride","32","512","64","1024","2","2","True","True","True","Validated","6",""
"textures/block/lava_still.png","block","ExistingLastDaysOverride","16","320","32","256","2","0.8","False","True","True","Validated","2",""
"textures/block/lectern_base.png","block","ExistingLastDaysOverride","16","16","32","32","2","2","True","False","False","Static","6",""
"textures/block/lectern_front.png","block","ExistingLastDaysOverride","16","16","32","32","2","2","True","False","False","Static","6",""
"textures/block/lectern_sides.png","block","ExistingLastDaysOverride","16","16","32","32","2","2","True","False","False","Static","6",""
"textures/block/lectern_top.png","block","ExistingLastDaysOverride","16","16","32","32","2","2","True","False","False","Static","6",""
"textures/block/lever.png","block","ExistingLastDaysOverride","16","16","32","32","2","2","True","False","False","Static","6",""
"textures/block/light_blue_candle_lit.png","block","ExistingLastDaysOverride","16","16","32","32","2","2","True","False","True","ValidatedCustom","6",""
"textures/block/light_blue_candle.png","block","ExistingLastDaysOverride","16","16","32","32","2","2","True","False","False","Static","6",""
"textures/block/light_blue_concrete_powder.png","block","ExistingLastDaysOverride","16","16","32","32","2","2","True","False","False","Static","6",""
"textures/block/light_blue_concrete.png","block","ExistingLastDaysOverride","16","16","32","32","2","2","True","False","False","Static","6",""
"textures/block/light_blue_glazed_terracotta.png","block","ExistingLastDaysOverride","16","16","32","32","2","2","True","False","True","ValidatedCustom","6",""
"textures/block/light_blue_shulker_box.png","block","ExistingLastDaysOverride","16","16","32","32","2","2","True","False","False","Static","6",""
"textures/block/light_blue_stained_glass_pane_top.png","block","ExistingLastDaysOverride","16","16","32","32","2","2","True","False","False","Static","6",""
"textures/block/light_blue_stained_glass.png","block","ExistingLastDaysOverride","16","16","32","32","2","2","True","False","False","Static","6",""
"textures/block/light_blue_terracotta.png","block","ExistingLastDaysOverride","16","16","32","832","2","52","False","False","True","ValidatedCustom","2",""
"textures/block/light_blue_wool.png","block","ExistingLastDaysOverride","16","16","32","32","2","2","True","False","False","Static","2",""
"textures/block/light_gray_candle_lit.png","block","ExistingLastDaysOverride","16","16","32","128","2","8","False","False","True","ValidatedCustom","6",""
"textures/block/light_gray_candle.png","block","ExistingLastDaysOverride","16","16","32","32","2","2","True","False","False","Static","6",""
"textures/block/light_gray_concrete_powder.png","block","ExistingLastDaysOverride","16","16","32","32","2","2","True","False","False","Static","6",""
"textures/block/light_gray_concrete.png","block","ExistingLastDaysOverride","16","16","32","32","2","2","True","False","False","Static","6",""
"textures/block/light_gray_glazed_terracotta.png","block","ExistingLastDaysOverride","16","16","32","32","2","2","True","False","False","Static","6",""
"textures/block/light_gray_shulker_box.png","block","ExistingLastDaysOverride","16","16","32","32","2","2","True","False","False","Static","6",""
"textures/block/light_gray_stained_glass_pane_top.png","block","ExistingLastDaysOverride","16","16","32","32","2","2","True","False","False","Static","6",""
"textures/block/light_gray_stained_glass.png","block","ExistingLastDaysOverride","16","16","32","32","2","2","True","False","False","Static","6",""
"textures/block/light_gray_terracotta.png","block","ExistingLastDaysOverride","16","16","32","32","2","2","True","False","False","Static","6",""
"textures/block/light_gray_wool.png","block","ExistingLastDaysOverride","16","16","32","32","2","2","True","False","False","Static","6",""
"textures/block/lightning_rod_on.png","block","ExistingLastDaysOverride","16","16","32","32","2","2","True","False","False","Static","6",""
"textures/block/lightning_rod.png","block","ExistingLastDaysOverride","16","16","32","32","2","2","True","False","False","Static","6",""
"textures/block/lilac_bottom.png","block","ExistingLastDaysOverride","16","16","32","32","2","2","True","False","False","Static","3",""
"textures/block/lilac_top.png","block","ExistingLastDaysOverride","16","16","32","32","2","2","True","False","False","Static","3",""
"textures/block/lily_of_the_valley.png","block","ExistingLastDaysOverride","16","16","32","32","2","2","True","False","False","Static","6",""
"textures/block/lily_pad.png","block","ExistingLastDaysOverride","16","16","32","32","2","2","True","False","False","Static","6",""
"textures/block/lime_candle_lit.png","block","ExistingLastDaysOverride","16","16","32","32","2","2","True","False","False","Static","6",""
"textures/block/lime_candle.png","block","ExistingLastDaysOverride","16","16","32","32","2","2","True","False","False","Static","6",""
"textures/block/lime_concrete_powder.png","block","ExistingLastDaysOverride","16","16","32","32","2","2","True","False","False","Static","6",""
"textures/block/lime_concrete.png","block","ExistingLastDaysOverride","16","16","32","32","2","2","True","False","False","Static","6",""
"textures/block/lime_glazed_terracotta.png","block","ExistingLastDaysOverride","16","16","32","224","2","14","False","False","True","ValidatedCustom","6",""
"textures/block/lime_shulker_box.png","block","ExistingLastDaysOverride","16","16","32","32","2","2","True","False","False","Static","6",""
"textures/block/lime_stained_glass_pane_top.png","block","ExistingLastDaysOverride","16","16","32","32","2","2","True","False","False","Static","6",""
"textures/block/lime_stained_glass.png","block","ExistingLastDaysOverride","16","16","32","32","2","2","True","False","False","Static","6",""
"textures/block/lime_terracotta.png","block","ExistingLastDaysOverride","16","16","32","2560","2","160","False","False","True","ValidatedCustom","2",""
"textures/block/lime_wool.png","block","ExistingLastDaysOverride","16","16","32","32","2","2","True","False","False","Static","2",""
"textures/block/lodestone_side.png","block","ExistingLastDaysOverride","16","16","32","32","2","2","True","False","False","Static","2",""
"textures/block/lodestone_top.png","block","ExistingLastDaysOverride","16","16","32","32","2","2","True","False","False","Static","2",""
"textures/block/loom_bottom.png","block","ExistingLastDaysOverride","16","16","32","32","2","2","True","False","False","Static","6",""
"textures/block/loom_front.png","block","ExistingLastDaysOverride","16","16","32","32","2","2","True","False","False","Static","6",""
"textures/block/loom_side.png","block","ExistingLastDaysOverride","16","16","32","32","2","2","True","False","False","Static","6",""
"textures/block/loom_top.png","block","ExistingLastDaysOverride","16","16","32","32","2","2","True","False","False","Static","6",""
"textures/block/magenta_candle_lit.png","block","ExistingLastDaysOverride","16","16","32","128","2","8","False","False","True","ValidatedCustom","6",""
"textures/block/magenta_candle.png","block","ExistingLastDaysOverride","16","16","32","32","2","2","True","False","False","Static","6",""
"textures/block/magenta_concrete_powder.png","block","ExistingLastDaysOverride","16","16","32","32","2","2","True","False","False","Static","6",""
"textures/block/magenta_concrete.png","block","ExistingLastDaysOverride","16","16","32","32","2","2","True","False","False","Static","6",""
"textures/block/magenta_glazed_terracotta.png","block","ExistingLastDaysOverride","16","16","32","32","2","2","True","False","False","Static","6",""
"textures/block/magenta_shulker_box.png","block","ExistingLastDaysOverride","16","16","32","32","2","2","True","False","False","Static","6",""
"textures/block/magenta_stained_glass_pane_top.png","block","ExistingLastDaysOverride","16","16","32","32","2","2","True","False","False","Static","6",""
"textures/block/magenta_stained_glass.png","block","ExistingLastDaysOverride","16","16","32","32","2","2","True","False","False","Static","6",""
"textures/block/magenta_terracotta.png","block","ExistingLastDaysOverride","16","16","32","32","2","2","True","False","False","Static","6",""
"textures/block/magenta_wool.png","block","ExistingLastDaysOverride","16","16","32","32","2","2","True","False","False","Static","6",""
"textures/block/magma.png","block","ExistingLastDaysOverride","16","48","32","96","2","2","True","True","True","Validated","6",""
"textures/block/mangrove_door_bottom.png","block","ExistingLastDaysOverride","16","16","32","32","2","2","True","False","False","Static","2",""
"textures/block/mangrove_door_top.png","block","ExistingLastDaysOverride","16","16","32","32","2","2","True","False","False","Static","6",""
"textures/block/mangrove_leaves.png","block","ExistingLastDaysOverride","16","16","32","32","2","2","True","False","False","Static","6",""
"textures/block/mangrove_log_top.png","block","ExistingLastDaysOverride","16","16","32","32","2","2","True","False","False","Static","2",""
"textures/block/mangrove_log.png","block","ExistingLastDaysOverride","16","16","32","32","2","2","True","False","False","Static","2",""
"textures/block/mangrove_planks.png","block","ExistingLastDaysOverride","16","16","32","32","2","2","True","False","False","Static","6",""
"textures/block/mangrove_propagule_hanging.png","block","ExistingLastDaysOverride","16","16","32","32","2","2","True","False","False","Static","6",""
"textures/block/mangrove_propagule.png","block","ExistingLastDaysOverride","16","16","32","32","2","2","True","False","False","Static","6",""
"textures/block/mangrove_roots_side.png","block","ExistingLastDaysOverride","16","16","32","32","2","2","True","False","False","Static","6",""
"textures/block/mangrove_roots_top.png","block","ExistingLastDaysOverride","16","16","32","32","2","2","True","False","False","Static","6",""
"textures/block/mangrove_trapdoor.png","block","ExistingLastDaysOverride","16","16","32","32","2","2","True","False","False","Static","6",""
"textures/block/medium_amethyst_bud.png","block","ExistingLastDaysOverride","16","16","32","32","2","2","True","False","False","Static","6",""
"textures/block/melon_side.png","block","MigratedLegacyOverride","16","16","32","32","2","2","True","False","False","Static","6",""
"textures/block/melon_stem.png","block","ExistingLastDaysOverride","16","16","32","32","2","2","True","False","False","Static","6",""
"textures/block/melon_top.png","block","MigratedLegacyOverride","16","16","32","32","2","2","True","False","False","Static","6",""
"textures/block/moss_block.png","block","ExistingLastDaysOverride","16","16","32","32","2","2","True","False","False","Static","2",""
"textures/block/mossy_cobblestone.png","block","ExistingLastDaysOverride","16","16","32","32","2","2","True","False","False","Static","6",""
"textures/block/mossy_stone_bricks.png","block","ExistingLastDaysOverride","16","16","32","32","2","2","True","False","False","Static","6",""
"textures/block/mud_bricks.png","block","ExistingLastDaysOverride","16","16","32","32","2","2","True","False","False","Static","2",""
"textures/block/mud.png","block","ExistingLastDaysOverride","16","16","32","32","2","2","True","False","False","Static","2",""
"textures/block/muddy_mangrove_roots_side.png","block","ExistingLastDaysOverride","16","16","32","32","2","2","True","False","False","Static","2",""
"textures/block/muddy_mangrove_roots_top.png","block","ExistingLastDaysOverride","16","16","32","32","2","2","True","False","False","Static","2",""
"textures/block/mushroom_block_inside.png","block","ExistingLastDaysOverride","16","16","32","32","2","2","True","False","False","Static","6",""
"textures/block/mushroom_stem.png","block","ExistingLastDaysOverride","16","16","32","32","2","2","True","False","False","Static","6",""
"textures/block/mycelium_side.png","block","ExistingLastDaysOverride","16","16","32","32","2","2","True","False","False","Static","6",""
"textures/block/mycelium_top.png","block","ExistingLastDaysOverride","16","16","32","32","2","2","True","False","False","Static","6",""
"textures/block/nether_bricks.png","block","ExistingLastDaysOverride","16","16","32","32","2","2","True","False","False","Static","6",""
"textures/block/nether_gold_ore.png","block","ExistingLastDaysOverride","16","16","32","32","2","2","True","False","False","Static","6",""
"textures/block/nether_portal.png","block","ExistingLastDaysOverride","16","512","32","512","2","1","False","True","True","Validated","6",""
"textures/block/nether_quartz_ore.png","block","ExistingLastDaysOverride","16","16","32","32","2","2","True","False","False","Static","6",""
"textures/block/nether_sprouts.png","block","ExistingLastDaysOverride","16","16","32","32","2","2","True","False","False","Static","6",""
"textures/block/nether_wart_block.png","block","ExistingLastDaysOverride","16","16","32","32","2","2","True","False","False","Static","6",""
"textures/block/nether_wart_stage0.png","block","ExistingLastDaysOverride","16","16","32","32","2","2","True","False","False","Static","6",""
"textures/block/nether_wart_stage1.png","block","ExistingLastDaysOverride","16","16","32","32","2","2","True","False","False","Static","6",""
"textures/block/nether_wart_stage2.png","block","ExistingLastDaysOverride","16","16","32","32","2","2","True","False","False","Static","6",""
"textures/block/netherite_block.png","block","ExistingLastDaysOverride","16","16","32","32","2","2","True","False","False","Static","6",""
"textures/block/netherrack.png","block","ExistingLastDaysOverride","16","16","32","32","2","2","True","False","False","Static","6",""
"textures/block/note_block.png","block","ExistingLastDaysOverride","16","16","32","32","2","2","True","False","False","Static","6",""
"textures/block/oak_door_bottom.png","block","ExistingLastDaysOverride","16","16","32","32","2","2","True","False","False","Static","6",""
"textures/block/oak_door_top.png","block","ExistingLastDaysOverride","16","16","32","32","2","2","True","False","False","Static","6",""
"textures/block/oak_leaves.png","block","ExistingLastDaysOverride","16","16","32","32","2","2","True","False","False","Static","6",""
"textures/block/oak_log_top.png","block","ExistingLastDaysOverride","16","16","32","32","2","2","True","False","False","Static","6",""
"textures/block/oak_log.png","block","ExistingLastDaysOverride","16","16","32","32","2","2","True","False","False","Static","6",""
"textures/block/oak_planks.png","block","ExistingLastDaysOverride","16","16","32","32","2","2","True","False","False","Static","6",""
"textures/block/oak_sapling.png","block","ExistingLastDaysOverride","16","16","32","32","2","2","True","False","False","Static","6",""
"textures/block/oak_trapdoor.png","block","ExistingLastDaysOverride","16","16","32","32","2","2","True","False","False","Static","6",""
"textures/block/observer_back_on.png","block","ExistingLastDaysOverride","16","16","32","32","2","2","True","False","False","Static","6",""
"textures/block/observer_back.png","block","ExistingLastDaysOverride","16","16","32","32","2","2","True","False","False","Static","6",""
"textures/block/observer_front.png","block","ExistingLastDaysOverride","16","16","32","32","2","2","True","False","False","Static","6",""
"textures/block/observer_side.png","block","ExistingLastDaysOverride","16","16","32","32","2","2","True","False","False","Static","6",""
"textures/block/observer_top.png","block","ExistingLastDaysOverride","16","16","32","32","2","2","True","False","False","Static","6",""
"textures/block/obsidian.png","block","ExistingLastDaysOverride","16","16","32","384","2","24","False","False","True","ValidatedCustom","6",""
"textures/block/ochre_froglight_side.png","block","ExistingLastDaysOverride","16","16","32","32","2","2","True","False","False","Static","2",""
"textures/block/ochre_froglight_top.png","block","ExistingLastDaysOverride","16","16","32","32","2","2","True","False","False","Static","2",""
"textures/block/orange_candle_lit.png","block","ExistingLastDaysOverride","16","16","32","128","2","8","False","False","True","ValidatedCustom","6",""
"textures/block/orange_candle.png","block","ExistingLastDaysOverride","16","16","32","32","2","2","True","False","False","Static","6",""
"textures/block/orange_concrete_powder.png","block","ExistingLastDaysOverride","16","16","32","32","2","2","True","False","False","Static","6",""
"textures/block/orange_concrete.png","block","ExistingLastDaysOverride","16","16","32","32","2","2","True","False","False","Static","6",""
"textures/block/orange_glazed_terracotta.png","block","ExistingLastDaysOverride","16","16","32","96","2","6","False","False","True","ValidatedCustom","6",""
"textures/block/orange_shulker_box.png","block","ExistingLastDaysOverride","16","16","32","32","2","2","True","False","False","Static","6",""
"textures/block/orange_stained_glass_pane_top.png","block","ExistingLastDaysOverride","16","16","32","32","2","2","True","False","False","Static","6",""
"textures/block/orange_stained_glass.png","block","ExistingLastDaysOverride","16","16","32","32","2","2","True","False","False","Static","6",""
"textures/block/orange_terracotta.png","block","ExistingLastDaysOverride","16","16","32","32","2","2","True","False","False","Static","6",""
"textures/block/orange_tulip.png","block","ExistingLastDaysOverride","16","16","32","32","2","2","True","False","False","Static","6",""
"textures/block/orange_wool.png","block","ExistingLastDaysOverride","16","16","32","32","2","2","True","False","False","Static","6",""
"textures/block/oxeye_daisy.png","block","ExistingLastDaysOverride","16","16","32","32","2","2","True","False","False","Static","6",""
"textures/block/oxidized_chiseled_copper.png","block","SynthesizedLastDaysOverride","16","16","32","32","2","2","True","False","False","Static","6",""
"textures/block/oxidized_copper_bulb_lit_powered.png","block","ImportedVanillaPlaceholder","16","16","16","16","1","1","True","False","False","Static","3",""
"textures/block/oxidized_copper_bulb_lit.png","block","ImportedVanillaPlaceholder","16","16","16","16","1","1","True","False","False","Static","3",""
"textures/block/oxidized_copper_bulb_powered.png","block","ImportedVanillaPlaceholder","16","16","16","16","1","1","True","False","False","Static","3",""
"textures/block/oxidized_copper_bulb.png","block","ImportedVanillaPlaceholder","16","16","16","16","1","1","True","False","False","Static","3",""
"textures/block/oxidized_copper_door_bottom.png","block","ImportedVanillaPlaceholder","16","16","16","16","1","1","True","False","False","Static","3",""
"textures/block/oxidized_copper_door_top.png","block","ImportedVanillaPlaceholder","16","16","16","16","1","1","True","False","False","Static","3",""
"textures/block/oxidized_copper_grate.png","block","SynthesizedLastDaysOverride","16","16","32","32","2","2","True","False","False","Static","6",""
"textures/block/oxidized_copper_trapdoor.png","block","SynthesizedLastDaysOverride","16","16","32","32","2","2","True","False","False","Static","6",""
"textures/block/oxidized_copper.png","block","ExistingLastDaysOverride","16","16","32","32","2","2","True","False","False","Static","2",""
"textures/block/oxidized_cut_copper.png","block","ExistingLastDaysOverride","16","16","32","32","2","2","True","False","False","Static","3",""
"textures/block/packed_ice.png","block","ExistingLastDaysOverride","16","16","32","32","2","2","True","False","False","Static","2",""
"textures/block/packed_mud.png","block","ExistingLastDaysOverride","16","16","32","32","2","2","True","False","False","Static","2",""
"textures/block/pearlescent_froglight_side.png","block","ExistingLastDaysOverride","16","16","32","32","2","2","True","False","False","Static","2",""
"textures/block/pearlescent_froglight_top.png","block","ExistingLastDaysOverride","16","16","32","32","2","2","True","False","False","Static","2",""
"textures/block/peony_bottom.png","block","ExistingLastDaysOverride","16","16","32","32","2","2","True","False","False","Static","6",""
"textures/block/peony_top.png","block","ExistingLastDaysOverride","16","16","32","32","2","2","True","False","False","Static","6",""
"textures/block/pink_candle_lit.png","block","ExistingLastDaysOverride","16","16","32","128","2","8","False","False","True","ValidatedCustom","6",""
"textures/block/pink_candle.png","block","ExistingLastDaysOverride","16","16","32","32","2","2","True","False","False","Static","6",""
"textures/block/pink_concrete_powder.png","block","ExistingLastDaysOverride","16","16","32","32","2","2","True","False","False","Static","6",""
"textures/block/pink_concrete.png","block","ExistingLastDaysOverride","16","16","32","32","2","2","True","False","False","Static","6",""
"textures/block/pink_glazed_terracotta.png","block","ExistingLastDaysOverride","16","16","32","32","2","2","True","False","False","Static","6",""
"textures/block/pink_petals_stem.png","block","ExistingVanillaIdentical","16","16","16","16","1","1","True","False","False","Static","4",""
"textures/block/pink_petals.png","block","ExistingLastDaysOverride","16","16","16","16","1","1","True","False","False","Static","6",""
"textures/block/pink_shulker_box.png","block","ExistingLastDaysOverride","16","16","32","32","2","2","True","False","False","Static","6",""
"textures/block/pink_stained_glass_pane_top.png","block","ExistingLastDaysOverride","16","16","32","32","2","2","True","False","False","Static","6",""
"textures/block/pink_stained_glass.png","block","ExistingLastDaysOverride","16","16","32","32","2","2","True","False","False","Static","6",""
"textures/block/pink_terracotta.png","block","ExistingLastDaysOverride","16","16","32","32","2","2","True","False","False","Static","6",""
"textures/block/pink_tulip.png","block","ExistingLastDaysOverride","16","16","32","32","2","2","True","False","False","Static","6",""
"textures/block/pink_wool.png","block","ExistingLastDaysOverride","16","16","32","32","2","2","True","False","False","Static","6",""
"textures/block/piston_bottom.png","block","ExistingLastDaysOverride","16","16","32","32","2","2","True","False","False","Static","6",""
"textures/block/piston_inner.png","block","ExistingLastDaysOverride","16","16","32","32","2","2","True","False","False","Static","6",""
"textures/block/piston_side.png","block","ExistingLastDaysOverride","16","16","32","32","2","2","True","False","False","Static","6",""
"textures/block/piston_top_sticky.png","block","ExistingLastDaysOverride","16","16","32","32","2","2","True","False","False","Static","6",""
"textures/block/piston_top.png","block","ExistingLastDaysOverride","16","16","32","32","2","2","True","False","False","Static","6",""
"textures/block/pitcher_crop_bottom_stage_1.png","block","ExistingLastDaysOverride","16","16","16","16","1","1","True","False","False","Static","6",""
"textures/block/pitcher_crop_bottom_stage_2.png","block","ExistingLastDaysOverride","16","16","16","16","1","1","True","False","False","Static","6",""
"textures/block/pitcher_crop_bottom_stage_3.png","block","ExistingLastDaysOverride","16","16","16","16","1","1","True","False","False","Static","6",""
"textures/block/pitcher_crop_bottom_stage_4.png","block","ExistingLastDaysOverride","16","16","16","16","1","1","True","False","False","Static","6",""
"textures/block/pitcher_crop_bottom.png","block","ExistingLastDaysOverride","16","16","16","16","1","1","True","False","False","Static","6",""
"textures/block/pitcher_crop_side.png","block","ExistingLastDaysOverride","16","16","16","16","1","1","True","False","False","Static","6",""
"textures/block/pitcher_crop_top_stage_3.png","block","ExistingLastDaysOverride","16","16","16","16","1","1","True","False","False","Static","6",""
"textures/block/pitcher_crop_top_stage_4.png","block","ExistingLastDaysOverride","16","16","16","16","1","1","True","False","False","Static","6",""
"textures/block/pitcher_crop_top.png","block","ExistingLastDaysOverride","16","16","16","16","1","1","True","False","False","Static","6",""
"textures/block/podzol_side.png","block","ExistingLastDaysOverride","16","16","32","32","2","2","True","False","False","Static","2",""
"textures/block/podzol_top.png","block","ExistingLastDaysOverride","16","16","32","32","2","2","True","False","False","Static","3",""
"textures/block/pointed_dripstone_down_base.png","block","ExistingLastDaysOverride","16","16","32","32","2","2","True","False","False","Static","6",""
"textures/block/pointed_dripstone_down_frustum.png","block","ExistingLastDaysOverride","16","16","32","32","2","2","True","False","False","Static","6",""
"textures/block/pointed_dripstone_down_middle.png","block","ExistingLastDaysOverride","16","16","32","32","2","2","True","False","False","Static","6",""
"textures/block/pointed_dripstone_down_tip_merge.png","block","ExistingLastDaysOverride","16","16","32","32","2","2","True","False","False","Static","6",""
"textures/block/pointed_dripstone_down_tip.png","block","ExistingLastDaysOverride","16","16","32","32","2","2","True","False","False","Static","6",""
"textures/block/pointed_dripstone_up_base.png","block","ExistingLastDaysOverride","16","16","32","32","2","2","True","False","False","Static","6",""
"textures/block/pointed_dripstone_up_frustum.png","block","ExistingLastDaysOverride","16","16","32","32","2","2","True","False","False","Static","6",""
"textures/block/pointed_dripstone_up_middle.png","block","ExistingLastDaysOverride","16","16","32","32","2","2","True","False","False","Static","6",""
"textures/block/pointed_dripstone_up_tip_merge.png","block","ExistingLastDaysOverride","16","16","32","32","2","2","True","False","False","Static","6",""
"textures/block/pointed_dripstone_up_tip.png","block","ExistingLastDaysOverride","16","16","32","32","2","2","True","False","False","Static","6",""
"textures/block/polished_andesite.png","block","ExistingLastDaysOverride","16","16","32","32","2","2","True","False","False","Static","2",""
"textures/block/polished_basalt_side.png","block","ExistingLastDaysOverride","16","16","32","32","2","2","True","False","False","Static","6",""
"textures/block/polished_basalt_top.png","block","ExistingLastDaysOverride","16","16","32","32","2","2","True","False","False","Static","6",""
"textures/block/polished_blackstone_bricks.png","block","MigratedLegacyOverride","16","16","32","32","2","2","True","False","False","Static","6",""
"textures/block/polished_blackstone.png","block","MigratedLegacyOverride","16","16","32","32","2","2","True","False","False","Static","6",""
"textures/block/polished_deepslate.png","block","ExistingLastDaysOverride","16","16","32","32","2","2","True","False","False","Static","6",""
"textures/block/polished_diorite.png","block","ExistingLastDaysOverride","16","16","32","32","2","2","True","False","False","Static","2",""
"textures/block/polished_granite.png","block","ExistingLastDaysOverride","16","16","32","32","2","2","True","False","False","Static","6",""
"textures/block/polished_tuff.png","block","SynthesizedLastDaysOverride","16","16","32","32","2","2","True","False","False","Static","6",""
"textures/block/poppy.png","block","ExistingLastDaysOverride","16","16","32","32","2","2","True","False","False","Static","6",""
"textures/block/potatoes_stage0.png","block","ExistingLastDaysOverride","16","16","32","32","2","2","True","False","False","Static","6",""
"textures/block/potatoes_stage1.png","block","ExistingLastDaysOverride","16","16","32","32","2","2","True","False","False","Static","6",""
"textures/block/potatoes_stage2.png","block","ExistingLastDaysOverride","16","16","32","32","2","2","True","False","False","Static","6",""
"textures/block/potatoes_stage3.png","block","ExistingLastDaysOverride","16","16","32","32","2","2","True","False","False","Static","6",""
"textures/block/potted_azalea_bush_plant.png","block","ImportedVanillaPlaceholder","16","16","16","16","1","1","True","False","False","Static","3",""
"textures/block/potted_azalea_bush_side.png","block","ImportedVanillaPlaceholder","16","16","16","16","1","1","True","False","False","Static","3",""
"textures/block/potted_azalea_bush_top.png","block","ImportedVanillaPlaceholder","16","16","16","16","1","1","True","False","False","Static","3",""
"textures/block/potted_flowering_azalea_bush_plant.png","block","ImportedVanillaPlaceholder","16","16","16","16","1","1","True","False","False","Static","3",""
"textures/block/potted_flowering_azalea_bush_side.png","block","ImportedVanillaPlaceholder","16","16","16","16","1","1","True","False","False","Static","3",""
"textures/block/potted_flowering_azalea_bush_top.png","block","ImportedVanillaPlaceholder","16","16","16","16","1","1","True","False","False","Static","3",""
"textures/block/powder_snow.png","block","ExistingLastDaysOverride","16","16","32","32","2","2","True","False","False","Static","6",""
"textures/block/powered_rail_on.png","block","ExistingLastDaysOverride","16","16","32","32","2","2","True","False","False","Static","6",""
"textures/block/powered_rail.png","block","ExistingLastDaysOverride","16","16","32","32","2","2","True","False","False","Static","6",""
"textures/block/prismarine_bricks.png","block","ExistingLastDaysOverride","16","16","32","32","2","2","True","False","False","Static","2",""
"textures/block/prismarine.png","block","ExistingLastDaysOverride","16","64","32","128","2","2","True","True","True","Validated","2",""
"textures/block/pumpkin_side.png","block","ExistingLastDaysOverride","16","16","32","32","2","2","True","False","False","Static","6",""
"textures/block/pumpkin_stem.png","block","ExistingLastDaysOverride","16","16","32","32","2","2","True","False","False","Static","6",""
"textures/block/pumpkin_top.png","block","ExistingLastDaysOverride","16","16","32","32","2","2","True","False","False","Static","6",""
"textures/block/purple_candle_lit.png","block","ExistingLastDaysOverride","16","16","32","128","2","8","False","False","True","ValidatedCustom","6",""
"textures/block/purple_candle.png","block","ExistingLastDaysOverride","16","16","32","32","2","2","True","False","False","Static","6",""
"textures/block/purple_concrete_powder.png","block","ExistingLastDaysOverride","16","16","32","32","2","2","True","False","False","Static","6",""
"textures/block/purple_concrete.png","block","ExistingLastDaysOverride","16","16","32","32","2","2","True","False","False","Static","6",""
"textures/block/purple_glazed_terracotta.png","block","ExistingLastDaysOverride","16","16","32","32","2","2","True","False","False","Static","6",""
"textures/block/purple_shulker_box.png","block","ExistingLastDaysOverride","16","16","32","32","2","2","True","False","False","Static","6",""
"textures/block/purple_stained_glass_pane_top.png","block","ExistingLastDaysOverride","16","16","32","32","2","2","True","False","False","Static","6",""
"textures/block/purple_stained_glass.png","block","ExistingLastDaysOverride","16","16","32","32","2","2","True","False","False","Static","6",""
"textures/block/purple_terracotta.png","block","ExistingLastDaysOverride","16","16","32","32","2","2","True","False","False","Static","6",""
"textures/block/purple_wool.png","block","ExistingLastDaysOverride","16","16","32","32","2","2","True","False","False","Static","6",""
"textures/block/purpur_block.png","block","ExistingLastDaysOverride","16","16","32","32","2","2","True","False","False","Static","6",""
"textures/block/purpur_pillar_top.png","block","ExistingLastDaysOverride","16","16","32","32","2","2","True","False","False","Static","6",""
"textures/block/purpur_pillar.png","block","ExistingLastDaysOverride","16","16","32","32","2","2","True","False","False","Static","6",""
"textures/block/quartz_block_bottom.png","block","ExistingLastDaysOverride","16","16","32","32","2","2","True","False","False","Static","6",""
"textures/block/quartz_block_side.png","block","ExistingLastDaysOverride","16","16","32","32","2","2","True","False","False","Static","6",""
"textures/block/quartz_block_top.png","block","ExistingLastDaysOverride","16","16","32","32","2","2","True","False","False","Static","6",""
"textures/block/quartz_bricks.png","block","ExistingLastDaysOverride","16","16","32","32","2","2","True","False","False","Static","6",""
"textures/block/quartz_pillar_top.png","block","ExistingLastDaysOverride","16","16","32","32","2","2","True","False","False","Static","2",""
"textures/block/quartz_pillar.png","block","ExistingLastDaysOverride","16","16","32","32","2","2","True","False","False","Static","2",""
"textures/block/rail_corner.png","block","ExistingLastDaysOverride","16","16","32","32","2","2","True","False","False","Static","6",""
"textures/block/rail.png","block","ExistingLastDaysOverride","16","16","32","32","2","2","True","False","False","Static","6",""
"textures/block/raw_copper_block.png","block","ExistingLastDaysOverride","16","16","32","32","2","2","True","False","False","Static","6",""
"textures/block/raw_gold_block.png","block","ExistingLastDaysOverride","16","16","32","32","2","2","True","False","False","Static","3",""
"textures/block/raw_iron_block.png","block","ExistingLastDaysOverride","16","16","32","32","2","2","True","False","False","Static","6",""
"textures/block/red_candle_lit.png","block","ExistingLastDaysOverride","16","16","64","64","4","4","True","False","False","Static","6",""
"textures/block/red_candle.png","block","ExistingLastDaysOverride","16","16","64","64","4","4","True","False","False","Static","6",""
"textures/block/red_concrete_powder.png","block","ExistingLastDaysOverride","16","16","32","32","2","2","True","False","False","Static","6",""
"textures/block/red_concrete.png","block","ExistingLastDaysOverride","16","16","32","32","2","2","True","False","False","Static","6",""
"textures/block/red_glazed_terracotta.png","block","ExistingLastDaysOverride","16","16","32","32","2","2","True","False","False","Static","6",""
"textures/block/red_mushroom_block.png","block","ExistingLastDaysOverride","16","16","32","32","2","2","True","False","False","Static","6",""
"textures/block/red_mushroom.png","block","ExistingLastDaysOverride","16","16","32","32","2","2","True","False","False","Static","6",""
"textures/block/red_nether_bricks.png","block","ExistingLastDaysOverride","16","16","32","32","2","2","True","False","False","Static","6",""
"textures/block/red_sand.png","block","ExistingLastDaysOverride","16","16","32","32","2","2","True","False","False","Static","3",""
"textures/block/red_sandstone_bottom.png","block","ExistingLastDaysOverride","16","16","32","32","2","2","True","False","False","Static","3",""
"textures/block/red_sandstone_top.png","block","ExistingLastDaysOverride","16","16","32","32","2","2","True","False","False","Static","3",""
"textures/block/red_sandstone.png","block","ExistingLastDaysOverride","16","16","32","32","2","2","True","False","False","Static","3",""
"textures/block/red_shulker_box.png","block","ExistingLastDaysOverride","16","16","32","32","2","2","True","False","False","Static","6",""
"textures/block/red_stained_glass_pane_top.png","block","ExistingLastDaysOverride","16","16","32","32","2","2","True","False","False","Static","6",""
"textures/block/red_stained_glass.png","block","ExistingLastDaysOverride","16","16","32","32","2","2","True","False","False","Static","6",""
"textures/block/red_terracotta.png","block","ExistingLastDaysOverride","16","16","32","32","2","2","True","False","False","Static","2",""
"textures/block/red_tulip.png","block","ExistingLastDaysOverride","16","16","32","1024","2","64","False","False","True","ValidatedCustom","6",""
"textures/block/red_wool.png","block","ExistingLastDaysOverride","16","16","32","32","2","2","True","False","False","Static","6",""
"textures/block/redstone_block.png","block","ExistingLastDaysOverride","16","16","32","32","2","2","True","False","False","Static","6",""
"textures/block/redstone_dust_dot.png","block","ExistingLastDaysOverride","16","16","32","32","2","2","True","False","False","Static","6",""
"textures/block/redstone_dust_line0.png","block","ExistingLastDaysOverride","16","16","32","32","2","2","True","False","False","Static","6",""
"textures/block/redstone_dust_line1.png","block","ExistingLastDaysOverride","16","16","32","32","2","2","True","False","False","Static","6",""
"textures/block/redstone_dust_overlay.png","block","ExistingVanillaIdentical","16","16","16","16","1","1","True","False","False","Static","6",""
"textures/block/redstone_lamp_on.png","block","ExistingLastDaysOverride","16","16","32","32","2","2","True","False","False","Static","2",""
"textures/block/redstone_lamp.png","block","ExistingLastDaysOverride","16","16","32","32","2","2","True","False","False","Static","6",""
"textures/block/redstone_ore.png","block","ExistingLastDaysOverride","16","16","32","1408","2","88","False","False","True","ValidatedCustom","2",""
"textures/block/redstone_torch_off.png","block","ExistingLastDaysOverride","16","16","32","32","2","2","True","False","False","Static","6",""
"textures/block/redstone_torch.png","block","ExistingLastDaysOverride","16","16","32","32","2","2","True","False","False","Static","6",""
"textures/block/reinforced_deepslate_bottom.png","block","ExistingLastDaysOverride","16","16","32","32","2","2","True","False","False","Static","2",""
"textures/block/reinforced_deepslate_side.png","block","ExistingLastDaysOverride","16","16","32","32","2","2","True","False","False","Static","2",""
"textures/block/reinforced_deepslate_top.png","block","ExistingLastDaysOverride","16","16","32","32","2","2","True","False","False","Static","2",""
"textures/block/repeater_on.png","block","ExistingLastDaysOverride","16","16","32","512","2","32","False","False","True","ValidatedCustom","6",""
"textures/block/repeater.png","block","ExistingLastDaysOverride","16","16","32","32","2","2","True","False","False","Static","6",""
"textures/block/repeating_command_block_back.png","block","ExistingLastDaysOverride","16","64","32","32","2","0.5","False","True","True","Validated","6",""
"textures/block/repeating_command_block_conditional.png","block","ExistingLastDaysOverride","16","64","32","32","2","0.5","False","True","True","Validated","6",""
"textures/block/repeating_command_block_front.png","block","ExistingLastDaysOverride","16","64","32","32","2","0.5","False","True","True","Validated","6",""
"textures/block/repeating_command_block_side.png","block","ExistingLastDaysOverride","16","64","32","32","2","0.5","False","True","True","Validated","6",""
"textures/block/respawn_anchor_bottom.png","block","ExistingLastDaysOverride","16","16","32","32","2","2","True","False","False","Static","3",""
"textures/block/respawn_anchor_side0.png","block","ExistingLastDaysOverride","16","16","32","32","2","2","True","False","False","Static","2",""
"textures/block/respawn_anchor_side1.png","block","ExistingLastDaysOverride","16","16","32","32","2","2","True","False","False","Static","2",""
"textures/block/respawn_anchor_side2.png","block","ExistingLastDaysOverride","16","16","32","32","2","2","True","False","False","Static","2",""
"textures/block/respawn_anchor_side3.png","block","ExistingLastDaysOverride","16","16","32","32","2","2","True","False","False","Static","2",""
"textures/block/respawn_anchor_side4.png","block","ExistingLastDaysOverride","16","16","32","32","2","2","True","False","False","Static","2",""
"textures/block/respawn_anchor_top_off.png","block","ExistingLastDaysOverride","16","16","32","32","2","2","True","False","False","Static","6",""
"textures/block/respawn_anchor_top.png","block","ExistingLastDaysOverride","16","512","32","1024","2","2","True","True","True","Validated","6",""
"textures/block/rooted_dirt.png","block","ExistingLastDaysOverride","16","16","32","32","2","2","True","False","False","Static","3",""
"textures/block/rose_bush_bottom.png","block","ExistingLastDaysOverride","16","16","32","32","2","2","True","False","False","Static","6",""
"textures/block/rose_bush_top.png","block","ExistingLastDaysOverride","16","16","32","32","2","2","True","False","False","Static","6",""
"textures/block/sand.png","block","MigratedLegacyOverride","16","16","32","32","2","2","True","False","False","Static","6",""
"textures/block/sandstone_bottom.png","block","ExistingLastDaysOverride","16","16","32","32","2","2","True","False","False","Static","6",""
"textures/block/sandstone_top.png","block","ExistingLastDaysOverride","16","16","32","32","2","2","True","False","False","Static","6",""
"textures/block/sandstone.png","block","ExistingLastDaysOverride","16","16","32","32","2","2","True","False","False","Static","6",""
"textures/block/scaffolding_bottom.png","block","ExistingLastDaysOverride","16","16","32","32","2","2","True","False","False","Static","6",""
"textures/block/scaffolding_side.png","block","ExistingLastDaysOverride","16","16","32","32","2","2","True","False","False","Static","6",""
"textures/block/scaffolding_top.png","block","ExistingLastDaysOverride","16","16","32","32","2","2","True","False","False","Static","6",""
"textures/block/sculk_catalyst_bottom.png","block","ExistingLastDaysOverride","16","16","32","32","2","2","True","False","False","Static","2",""
"textures/block/sculk_catalyst_side_bloom.png","block","ExistingLastDaysOverride","16","128","32","256","2","2","True","True","True","Validated","2",""
"textures/block/sculk_catalyst_side.png","block","ExistingLastDaysOverride","16","16","32","32","2","2","True","False","False","Static","2",""
"textures/block/sculk_catalyst_top_bloom.png","block","ExistingLastDaysOverride","16","128","32","256","2","2","True","True","True","Validated","2",""
"textures/block/sculk_catalyst_top.png","block","ExistingLastDaysOverride","16","16","32","32","2","2","True","False","False","Static","2",""
"textures/block/sculk_sensor_bottom.png","block","ExistingLastDaysOverride","16","16","32","32","2","2","True","False","False","Static","2",""
"textures/block/sculk_sensor_side.png","block","ExistingLastDaysOverride","16","16","32","32","2","2","True","False","False","Static","6",""
"textures/block/sculk_sensor_tendril_active.png","block","ExistingLastDaysOverride","16","256","32","512","2","2","True","True","True","Validated","6",""
"textures/block/sculk_sensor_tendril_inactive.png","block","ExistingLastDaysOverride","16","256","32","512","2","2","True","True","True","Validated","6",""
"textures/block/sculk_sensor_top.png","block","ExistingLastDaysOverride","16","16","32","32","2","2","True","False","False","Static","2",""
"textures/block/sculk_shrieker_bottom.png","block","ExistingLastDaysOverride","16","16","32","32","2","2","True","False","False","Static","2",""
"textures/block/sculk_shrieker_can_summon_inner_top.png","block","ExistingLastDaysOverride","16","160","32","320","2","2","True","True","True","Validated","2",""
"textures/block/sculk_shrieker_inner_top.png","block","ExistingLastDaysOverride","16","160","32","320","2","2","True","True","True","Validated","2",""
"textures/block/sculk_shrieker_side.png","block","ExistingLastDaysOverride","16","16","32","32","2","2","True","False","False","Static","6",""
"textures/block/sculk_shrieker_top.png","block","ExistingLastDaysOverride","16","16","32","32","2","2","True","False","False","Static","6",""
"textures/block/sculk_vein.png","block","ExistingLastDaysOverride","16","64","32","512","2","8","False","True","True","Validated","6",""
"textures/block/sculk.png","block","ExistingLastDaysOverride","16","64","32","128","2","2","True","True","True","Validated","2",""
"textures/block/sea_lantern.png","block","ExistingLastDaysOverride","16","80","32","32","2","0.4","False","True","True","Validated","2",""
"textures/block/sea_pickle.png","block","ExistingLastDaysOverride","16","16","32","32","2","2","True","False","False","Static","6",""
"textures/block/seagrass.png","block","ExistingLastDaysOverride","16","288","32","32","2","0.111","False","True","True","Validated","6",""
"textures/block/short_grass.png","block","MigratedLegacyOverride","16","16","32","32","2","2","True","False","False","Static","6",""
"textures/block/shroomlight.png","block","ExistingLastDaysOverride","16","16","32","32","2","2","True","False","False","Static","6",""
"textures/block/shulker_box.png","block","ExistingLastDaysOverride","16","16","32","32","2","2","True","False","False","Static","6",""
"textures/block/slime_block.png","block","ExistingLastDaysOverride","16","16","32","32","2","2","True","False","False","Static","6",""
"textures/block/small_amethyst_bud.png","block","ExistingLastDaysOverride","16","16","32","32","2","2","True","False","False","Static","6",""
"textures/block/small_dripleaf_side.png","block","ExistingLastDaysOverride","16","16","32","32","2","2","True","False","False","Static","6",""
"textures/block/small_dripleaf_stem_bottom.png","block","ExistingLastDaysOverride","16","16","32","32","2","2","True","False","False","Static","6",""
"textures/block/small_dripleaf_stem_top.png","block","ExistingLastDaysOverride","16","16","32","32","2","2","True","False","False","Static","6",""
"textures/block/small_dripleaf_top.png","block","ExistingLastDaysOverride","16","16","32","32","2","2","True","False","False","Static","6",""
"textures/block/smithing_table_bottom.png","block","ExistingLastDaysOverride","16","16","32","32","2","2","True","False","False","Static","6",""
"textures/block/smithing_table_front.png","block","ExistingLastDaysOverride","16","16","32","32","2","2","True","False","False","Static","6",""
"textures/block/smithing_table_side.png","block","ExistingLastDaysOverride","16","16","32","32","2","2","True","False","False","Static","6",""
"textures/block/smithing_table_top.png","block","ExistingLastDaysOverride","16","16","32","32","2","2","True","False","False","Static","6",""
"textures/block/smoker_bottom.png","block","ExistingLastDaysOverride","16","16","32","32","2","2","True","False","False","Static","6",""
"textures/block/smoker_front_on.png","block","ExistingLastDaysOverride","16","48","32","256","2","5.333","False","True","True","Validated","6",""
"textures/block/smoker_front.png","block","ExistingLastDaysOverride","16","16","32","32","2","2","True","False","False","Static","6",""
"textures/block/smoker_side.png","block","ExistingLastDaysOverride","16","16","32","32","2","2","True","False","False","Static","6",""
"textures/block/smoker_top.png","block","ExistingLastDaysOverride","16","16","32","32","2","2","True","False","False","Static","6",""
"textures/block/smooth_basalt.png","block","ExistingLastDaysOverride","16","16","32","32","2","2","True","False","False","Static","2",""
"textures/block/smooth_stone_slab_side.png","block","SupersededByCustomModel","16","16","16","16","1","1","True","False","False","Static","0",""
"textures/block/smooth_stone.png","block","ExistingLastDaysOverride","16","16","32","32","2","2","True","False","False","Static","6",""
"textures/block/sniffer_egg_not_cracked_bottom.png","block","ExistingLastDaysOverride","16","16","16","16","1","1","True","False","False","Static","6",""
"textures/block/sniffer_egg_not_cracked_east.png","block","ExistingLastDaysOverride","16","16","16","16","1","1","True","False","False","Static","6",""
"textures/block/sniffer_egg_not_cracked_north.png","block","ExistingLastDaysOverride","16","16","16","16","1","1","True","False","False","Static","6",""
"textures/block/sniffer_egg_not_cracked_south.png","block","ExistingLastDaysOverride","16","16","16","16","1","1","True","False","False","Static","6",""
"textures/block/sniffer_egg_not_cracked_top.png","block","ExistingLastDaysOverride","16","16","16","16","1","1","True","False","False","Static","6",""
"textures/block/sniffer_egg_not_cracked_west.png","block","ExistingLastDaysOverride","16","16","16","16","1","1","True","False","False","Static","6",""
"textures/block/sniffer_egg_slightly_cracked_bottom.png","block","ExistingLastDaysOverride","16","16","16","16","1","1","True","False","False","Static","6",""
"textures/block/sniffer_egg_slightly_cracked_east.png","block","ExistingLastDaysOverride","16","16","16","16","1","1","True","False","False","Static","6",""
"textures/block/sniffer_egg_slightly_cracked_north.png","block","ExistingLastDaysOverride","16","16","16","16","1","1","True","False","False","Static","6",""
"textures/block/sniffer_egg_slightly_cracked_south.png","block","ExistingLastDaysOverride","16","16","16","16","1","1","True","False","False","Static","6",""
"textures/block/sniffer_egg_slightly_cracked_top.png","block","ExistingLastDaysOverride","16","16","16","16","1","1","True","False","False","Static","6",""
"textures/block/sniffer_egg_slightly_cracked_west.png","block","ExistingLastDaysOverride","16","16","16","16","1","1","True","False","False","Static","6",""
"textures/block/sniffer_egg_very_cracked_bottom.png","block","ExistingLastDaysOverride","16","16","16","16","1","1","True","False","False","Static","6",""
"textures/block/sniffer_egg_very_cracked_east.png","block","ExistingLastDaysOverride","16","16","16","16","1","1","True","False","False","Static","6",""
"textures/block/sniffer_egg_very_cracked_north.png","block","ExistingLastDaysOverride","16","16","16","16","1","1","True","False","False","Static","6",""
"textures/block/sniffer_egg_very_cracked_south.png","block","ExistingLastDaysOverride","16","16","16","16","1","1","True","False","False","Static","6",""
"textures/block/sniffer_egg_very_cracked_top.png","block","ExistingLastDaysOverride","16","16","16","16","1","1","True","False","False","Static","6",""
"textures/block/sniffer_egg_very_cracked_west.png","block","ExistingLastDaysOverride","16","16","16","16","1","1","True","False","False","Static","6",""
"textures/block/snow.png","block","ExistingLastDaysOverride","16","16","32","32","2","2","True","False","False","Static","6",""
"textures/block/soul_campfire_fire.png","block","ExistingLastDaysOverride","16","128","32","256","2","2","True","True","True","Validated","3",""
"textures/block/soul_campfire_log_lit.png","block","ExistingLastDaysOverride","16","64","32","128","2","2","True","True","True","Validated","2",""
"textures/block/soul_fire_0.png","block","ExistingLastDaysOverride","16","512","32","1344","2","2.625","False","True","True","Validated","6",""
"textures/block/soul_fire_1.png","block","ExistingLastDaysOverride","16","512","32","1344","2","2.625","False","True","True","Validated","6",""
"textures/block/soul_lantern.png","block","ExistingLastDaysOverride","16","48","32","96","2","2","True","True","True","Validated","6",""
"textures/block/soul_sand.png","block","ExistingLastDaysOverride","16","16","32","32","2","2","True","False","False","Static","6",""
"textures/block/soul_soil.png","block","ExistingLastDaysOverride","16","16","32","32","2","2","True","False","False","Static","6",""
"textures/block/soul_torch.png","block","ExistingLastDaysOverride","16","16","32","32","2","2","True","False","False","Static","3",""
"textures/block/spawner.png","block","ExistingLastDaysOverride","16","16","32","32","2","2","True","False","False","Static","6",""
"textures/block/sponge.png","block","ExistingLastDaysOverride","16","16","32","32","2","2","True","False","False","Static","6",""
"textures/block/spore_blossom_base.png","block","ExistingLastDaysOverride","16","16","32","32","2","2","True","False","False","Static","6",""
"textures/block/spore_blossom.png","block","ExistingLastDaysOverride","16","16","32","32","2","2","True","False","False","Static","6",""
"textures/block/spruce_door_bottom.png","block","ExistingLastDaysOverride","16","16","32","32","2","2","True","False","False","Static","2",""
"textures/block/spruce_door_top.png","block","ExistingLastDaysOverride","16","16","32","32","2","2","True","False","False","Static","3",""
"textures/block/spruce_leaves.png","block","ExistingLastDaysOverride","16","16","32","32","2","2","True","False","False","Static","6",""
"textures/block/spruce_log_top.png","block","ExistingLastDaysOverride","16","16","32","32","2","2","True","False","False","Static","6",""
"textures/block/spruce_log.png","block","ExistingLastDaysOverride","16","16","32","32","2","2","True","False","False","Static","6",""
"textures/block/spruce_planks.png","block","ExistingLastDaysOverride","16","16","32","32","2","2","True","False","False","Static","6",""
"textures/block/spruce_sapling.png","block","ExistingLastDaysOverride","16","16","32","32","2","2","True","False","False","Static","6",""
"textures/block/spruce_trapdoor.png","block","ExistingLastDaysOverride","16","16","32","32","2","2","True","False","False","Static","6",""
"textures/block/stone_bricks.png","block","ExistingLastDaysOverride","16","16","32","32","2","2","True","False","False","Static","6",""
"textures/block/stone.png","block","ExistingLastDaysOverride","16","16","32","32","2","2","True","False","False","Static","6",""
"textures/block/stonecutter_bottom.png","block","ExistingLastDaysOverride","16","16","32","32","2","2","True","False","False","Static","6",""
"textures/block/stonecutter_saw.png","block","RecoveredLegacyOverride","16","48","32","96","2","2","True","True","True","Validated","6",""
"textures/block/stonecutter_side.png","block","ExistingLastDaysOverride","16","16","32","32","2","2","True","False","False","Static","6",""
"textures/block/stonecutter_top.png","block","ExistingLastDaysOverride","16","16","32","32","2","2","True","False","False","Static","6",""
"textures/block/stripped_acacia_log_top.png","block","SupersededByCustomModel","16","16","16","16","1","1","True","False","False","Static","3",""
"textures/block/stripped_acacia_log.png","block","ExistingLastDaysOverride","16","16","32","32","2","2","True","False","False","Static","6",""
"textures/block/stripped_bamboo_block_top.png","block","ExistingLastDaysOverride","16","16","32","32","2","2","True","False","False","Static","6",""
"textures/block/stripped_bamboo_block.png","block","ExistingLastDaysOverride","16","16","32","32","2","2","True","False","False","Static","6",""
"textures/block/stripped_birch_log_top.png","block","ExistingLastDaysOverride","16","16","32","32","2","2","True","False","False","Static","6",""
"textures/block/stripped_birch_log.png","block","ExistingLastDaysOverride","16","16","32","32","2","2","True","False","False","Static","6",""
"textures/block/stripped_cherry_log_top.png","block","ExistingLastDaysOverride","16","16","32","32","2","2","True","False","False","Static","6",""
"textures/block/stripped_cherry_log.png","block","ExistingLastDaysOverride","16","16","32","32","2","2","True","False","False","Static","6",""
"textures/block/stripped_crimson_stem_top.png","block","ExistingLastDaysOverride","16","16","32","32","2","2","True","False","False","Static","6",""
"textures/block/stripped_crimson_stem.png","block","ExistingLastDaysOverride","16","16","32","32","2","2","True","False","False","Static","6",""
"textures/block/stripped_dark_oak_log_top.png","block","SupersededByCustomModel","16","16","16","16","1","1","True","False","False","Static","3",""
"textures/block/stripped_dark_oak_log.png","block","ExistingLastDaysOverride","16","16","32","32","2","2","True","False","False","Static","2",""
"textures/block/stripped_jungle_log_top.png","block","ExistingLastDaysOverride","16","16","32","32","2","2","True","False","False","Static","6",""
"textures/block/stripped_jungle_log.png","block","ExistingLastDaysOverride","16","16","32","32","2","2","True","False","False","Static","6",""
"textures/block/stripped_mangrove_log_top.png","block","ExistingLastDaysOverride","16","16","32","32","2","2","True","False","False","Static","2",""
"textures/block/stripped_mangrove_log.png","block","ExistingLastDaysOverride","16","16","32","32","2","2","True","False","False","Static","2",""
"textures/block/stripped_oak_log_top.png","block","ExistingLastDaysOverride","16","16","32","32","2","2","True","False","False","Static","6",""
"textures/block/stripped_oak_log.png","block","ExistingLastDaysOverride","16","16","32","32","2","2","True","False","False","Static","6",""
"textures/block/stripped_spruce_log_top.png","block","ExistingLastDaysOverride","16","16","32","32","2","2","True","False","False","Static","6",""
"textures/block/stripped_spruce_log.png","block","ExistingLastDaysOverride","16","16","32","32","2","2","True","False","False","Static","6",""
"textures/block/stripped_warped_stem_top.png","block","ExistingLastDaysOverride","16","16","32","32","2","2","True","False","False","Static","2",""
"textures/block/stripped_warped_stem.png","block","ExistingLastDaysOverride","16","16","32","32","2","2","True","False","False","Static","6",""
"textures/block/structure_block_corner.png","block","ImportedVanillaPlaceholder","16","16","16","16","1","1","True","False","False","Static","3",""
"textures/block/structure_block_data.png","block","ImportedVanillaPlaceholder","16","16","16","16","1","1","True","False","False","Static","3",""
"textures/block/structure_block_load.png","block","ImportedVanillaPlaceholder","16","16","16","16","1","1","True","False","False","Static","3",""
"textures/block/structure_block_save.png","block","ImportedVanillaPlaceholder","16","16","16","16","1","1","True","False","False","Static","3",""
"textures/block/structure_block.png","block","ImportedVanillaPlaceholder","16","16","16","16","1","1","True","False","False","Static","3",""
"textures/block/sugar_cane.png","block","ExistingLastDaysOverride","16","16","32","32","2","2","True","False","False","Static","6",""
"textures/block/sunflower_back.png","block","ExistingLastDaysOverride","16","16","32","32","2","2","True","False","False","Static","6",""
"textures/block/sunflower_bottom.png","block","ExistingLastDaysOverride","16","16","32","32","2","2","True","False","False","Static","6",""
"textures/block/sunflower_front.png","block","ExistingLastDaysOverride","16","16","32","32","2","2","True","False","False","Static","6",""
"textures/block/sunflower_top.png","block","ExistingLastDaysOverride","16","16","32","32","2","2","True","False","False","Static","6",""
"textures/block/suspicious_gravel_0.png","block","ExistingLastDaysOverride","16","16","32","32","2","2","True","False","False","Static","6",""
"textures/block/suspicious_gravel_1.png","block","ExistingLastDaysOverride","16","16","32","32","2","2","True","False","False","Static","6",""
"textures/block/suspicious_gravel_2.png","block","ExistingLastDaysOverride","16","16","32","32","2","2","True","False","False","Static","6",""
"textures/block/suspicious_gravel_3.png","block","ExistingLastDaysOverride","16","16","32","32","2","2","True","False","False","Static","6",""
"textures/block/suspicious_sand_0.png","block","ExistingLastDaysOverride","16","16","32","32","2","2","True","False","False","Static","6",""
"textures/block/suspicious_sand_1.png","block","ExistingLastDaysOverride","16","16","32","32","2","2","True","False","False","Static","6",""
"textures/block/suspicious_sand_2.png","block","ExistingLastDaysOverride","16","16","32","32","2","2","True","False","False","Static","6",""
"textures/block/suspicious_sand_3.png","block","ExistingLastDaysOverride","16","16","32","32","2","2","True","False","False","Static","6",""
"textures/block/sweet_berry_bush_stage0.png","block","ExistingLastDaysOverride","16","16","32","32","2","2","True","False","False","Static","6",""
"textures/block/sweet_berry_bush_stage1.png","block","ExistingLastDaysOverride","16","16","32","32","2","2","True","False","False","Static","6",""
"textures/block/sweet_berry_bush_stage2.png","block","ExistingLastDaysOverride","16","16","32","32","2","2","True","False","False","Static","6",""
"textures/block/sweet_berry_bush_stage3.png","block","ExistingLastDaysOverride","16","16","32","32","2","2","True","False","False","Static","6",""
"textures/block/tall_grass_bottom.png","block","ExistingLastDaysOverride","16","16","32","32","2","2","True","False","False","Static","6",""
"textures/block/tall_grass_top.png","block","ExistingLastDaysOverride","16","16","32","32","2","2","True","False","False","Static","6",""
"textures/block/tall_seagrass_bottom.png","block","ExistingLastDaysOverride","16","304","32","32","2","0.105","False","True","True","Validated","6",""
"textures/block/tall_seagrass_top.png","block","ExistingLastDaysOverride","16","304","32","32","2","0.105","False","True","True","Validated","6",""
"textures/block/target_side.png","block","ExistingLastDaysOverride","16","16","32","32","2","2","True","False","False","Static","2",""
"textures/block/target_top.png","block","ExistingLastDaysOverride","16","16","32","32","2","2","True","False","False","Static","2",""
"textures/block/terracotta.png","block","ExistingLastDaysOverride","16","16","32","32","2","2","True","False","False","Static","2",""
"textures/block/tinted_glass.png","block","ExistingLastDaysOverride","16","16","32","32","2","2","True","False","False","Static","6",""
"textures/block/tnt_bottom.png","block","ExistingLastDaysOverride","16","16","32","32","2","2","True","False","False","Static","6",""
"textures/block/tnt_side.png","block","ExistingLastDaysOverride","16","16","32","32","2","2","True","False","False","Static","6",""
"textures/block/tnt_top.png","block","ExistingLastDaysOverride","16","16","32","32","2","2","True","False","False","Static","6",""
"textures/block/torch.png","block","ExistingLastDaysOverride","16","16","32","32","2","2","True","False","False","Static","6",""
"textures/block/torchflower_crop_stage0.png","block","ExistingLastDaysOverride","16","16","32","32","2","2","True","False","False","Static","6",""
"textures/block/torchflower_crop_stage1.png","block","ExistingLastDaysOverride","16","16","32","32","2","2","True","False","False","Static","6",""
"textures/block/torchflower.png","block","ExistingLastDaysOverride","16","16","32","32","2","2","True","False","False","Static","6",""
"textures/block/trial_spawner_bottom.png","block","ImportedVanillaPlaceholder","16","16","16","16","1","1","True","False","False","Static","3",""
"textures/block/trial_spawner_side_active_ominous.png","block","ImportedVanillaPlaceholder","16","16","16","16","1","1","True","False","False","Static","3",""
"textures/block/trial_spawner_side_active.png","block","ImportedVanillaPlaceholder","16","16","16","16","1","1","True","False","False","Static","3",""
"textures/block/trial_spawner_side_inactive_ominous.png","block","ImportedVanillaPlaceholder","16","16","16","16","1","1","True","False","False","Static","3",""
"textures/block/trial_spawner_side_inactive.png","block","ImportedVanillaPlaceholder","16","16","16","16","1","1","True","False","False","Static","3",""
"textures/block/trial_spawner_top_active_ominous.png","block","ImportedVanillaPlaceholder","16","16","16","16","1","1","True","False","False","Static","3",""
"textures/block/trial_spawner_top_active.png","block","ImportedVanillaPlaceholder","16","16","16","16","1","1","True","False","False","Static","3",""
"textures/block/trial_spawner_top_ejecting_reward_ominous.png","block","ImportedVanillaPlaceholder","16","16","16","16","1","1","True","False","False","Static","3",""
"textures/block/trial_spawner_top_ejecting_reward.png","block","ImportedVanillaPlaceholder","16","16","16","16","1","1","True","False","False","Static","3",""
"textures/block/trial_spawner_top_inactive_ominous.png","block","ImportedVanillaPlaceholder","16","16","16","16","1","1","True","False","False","Static","3",""
"textures/block/trial_spawner_top_inactive.png","block","ImportedVanillaPlaceholder","16","16","16","16","1","1","True","False","False","Static","3",""
"textures/block/tripwire_hook.png","block","ExistingLastDaysOverride","16","16","32","32","2","2","True","False","False","Static","6",""
"textures/block/tripwire.png","block","ExistingLastDaysOverride","16","16","32","32","2","2","True","False","False","Static","6",""
"textures/block/tube_coral_block.png","block","ExistingLastDaysOverride","16","16","32","32","2","2","True","False","False","Static","2",""
"textures/block/tube_coral_fan.png","block","ExistingLastDaysOverride","16","16","32","32","2","2","True","False","False","Static","6",""
"textures/block/tube_coral.png","block","ExistingLastDaysOverride","16","16","32","32","2","2","True","False","False","Static","6",""
"textures/block/tuff_bricks.png","block","SynthesizedLastDaysOverride","16","16","32","32","2","2","True","False","False","Static","6",""
"textures/block/tuff.png","block","ExistingLastDaysOverride","16","16","32","32","2","2","True","False","False","Static","2",""
"textures/block/turtle_egg_slightly_cracked.png","block","ExistingLastDaysOverride","16","16","32","32","2","2","True","False","False","Static","6",""
"textures/block/turtle_egg_very_cracked.png","block","ExistingLastDaysOverride","16","16","32","32","2","2","True","False","False","Static","6",""
"textures/block/turtle_egg.png","block","ExistingLastDaysOverride","16","16","32","32","2","2","True","False","False","Static","6",""
"textures/block/twisting_vines_plant.png","block","ExistingLastDaysOverride","16","16","32","32","2","2","True","False","False","Static","6",""
"textures/block/twisting_vines.png","block","ExistingLastDaysOverride","16","16","32","32","2","2","True","False","False","Static","6",""
"textures/block/vault_bottom_ominous.png","block","ImportedVanillaPlaceholder","16","16","16","16","1","1","True","False","False","Static","3",""
"textures/block/vault_bottom.png","block","ImportedVanillaPlaceholder","16","16","16","16","1","1","True","False","False","Static","3",""
"textures/block/vault_front_ejecting_ominous.png","block","ImportedVanillaPlaceholder","16","16","16","16","1","1","True","False","False","Static","3",""
"textures/block/vault_front_ejecting.png","block","ImportedVanillaPlaceholder","16","16","16","16","1","1","True","False","False","Static","3",""
"textures/block/vault_front_off_ominous.png","block","ImportedVanillaPlaceholder","16","16","16","16","1","1","True","False","False","Static","3",""
"textures/block/vault_front_off.png","block","ImportedVanillaPlaceholder","16","16","16","16","1","1","True","False","False","Static","3",""
"textures/block/vault_front_on_ominous.png","block","ImportedVanillaPlaceholder","16","16","16","16","1","1","True","False","False","Static","3",""
"textures/block/vault_front_on.png","block","ImportedVanillaPlaceholder","16","16","16","16","1","1","True","False","False","Static","3",""
"textures/block/vault_side_off_ominous.png","block","ImportedVanillaPlaceholder","16","16","16","16","1","1","True","False","False","Static","3",""
"textures/block/vault_side_off.png","block","ImportedVanillaPlaceholder","16","16","16","16","1","1","True","False","False","Static","3",""
"textures/block/vault_side_on_ominous.png","block","ImportedVanillaPlaceholder","16","16","16","16","1","1","True","False","False","Static","3",""
"textures/block/vault_side_on.png","block","ImportedVanillaPlaceholder","16","16","16","16","1","1","True","False","False","Static","3",""
"textures/block/vault_top_ejecting_ominous.png","block","ImportedVanillaPlaceholder","16","16","16","16","1","1","True","False","False","Static","3",""
"textures/block/vault_top_ejecting.png","block","ImportedVanillaPlaceholder","16","16","16","16","1","1","True","False","False","Static","3",""
"textures/block/vault_top_ominous.png","block","ImportedVanillaPlaceholder","16","16","16","16","1","1","True","False","False","Static","3",""
"textures/block/vault_top.png","block","ImportedVanillaPlaceholder","16","16","16","16","1","1","True","False","False","Static","3",""
"textures/block/verdant_froglight_side.png","block","ExistingLastDaysOverride","16","16","32","32","2","2","True","False","False","Static","2",""
"textures/block/verdant_froglight_top.png","block","ExistingLastDaysOverride","16","16","32","32","2","2","True","False","False","Static","2",""
"textures/block/vine.png","block","ExistingLastDaysOverride","16","16","32","32","2","2","True","False","False","Static","6",""
"textures/block/warped_door_bottom.png","block","ExistingLastDaysOverride","16","16","32","32","2","2","True","False","False","Static","2",""
"textures/block/warped_door_top.png","block","ExistingLastDaysOverride","16","16","32","32","2","2","True","False","False","Static","2",""
"textures/block/warped_fungus.png","block","ExistingLastDaysOverride","16","16","32","32","2","2","True","False","False","Static","6",""
"textures/block/warped_nylium_side.png","block","ExistingLastDaysOverride","16","16","32","32","2","2","True","False","False","Static","6",""
"textures/block/warped_nylium.png","block","ExistingLastDaysOverride","16","16","32","32","2","2","True","False","False","Static","6",""
"textures/block/warped_planks.png","block","ExistingLastDaysOverride","16","16","32","32","2","2","True","False","False","Static","6",""
"textures/block/warped_roots_pot.png","block","ExistingLastDaysOverride","16","16","32","32","2","2","True","False","False","Static","6",""
"textures/block/warped_roots.png","block","ExistingLastDaysOverride","16","16","32","32","2","2","True","False","False","Static","6",""
"textures/block/warped_stem_top.png","block","ExistingLastDaysOverride","16","16","32","32","2","2","True","False","False","Static","6",""
"textures/block/warped_stem.png","block","ExistingLastDaysOverride","16","80","32","32","2","0.4","False","True","True","Validated","6",""
"textures/block/warped_trapdoor.png","block","ExistingLastDaysOverride","16","16","32","32","2","2","True","False","False","Static","6",""
"textures/block/warped_wart_block.png","block","ExistingLastDaysOverride","16","16","32","32","2","2","True","False","False","Static","2",""
"textures/block/water_flow.png","block","ExistingLastDaysOverride","32","1024","64","1024","2","1","False","True","True","Validated","6",""
"textures/block/water_overlay.png","block","ImportedVanillaPlaceholder","16","16","16","16","1","1","True","False","False","Static","4",""
"textures/block/water_still.png","block","ExistingLastDaysOverride","16","512","32","224","2","0.438","False","True","True","Validated","6",""
"textures/block/weathered_chiseled_copper.png","block","SynthesizedLastDaysOverride","16","16","32","32","2","2","True","False","False","Static","6",""
"textures/block/weathered_copper_bulb_lit_powered.png","block","ImportedVanillaPlaceholder","16","16","16","16","1","1","True","False","False","Static","3",""
"textures/block/weathered_copper_bulb_lit.png","block","ImportedVanillaPlaceholder","16","16","16","16","1","1","True","False","False","Static","3",""
"textures/block/weathered_copper_bulb_powered.png","block","ImportedVanillaPlaceholder","16","16","16","16","1","1","True","False","False","Static","3",""
"textures/block/weathered_copper_bulb.png","block","ImportedVanillaPlaceholder","16","16","16","16","1","1","True","False","False","Static","3",""
"textures/block/weathered_copper_door_bottom.png","block","ImportedVanillaPlaceholder","16","16","16","16","1","1","True","False","False","Static","3",""
"textures/block/weathered_copper_door_top.png","block","ImportedVanillaPlaceholder","16","16","16","16","1","1","True","False","False","Static","3",""
"textures/block/weathered_copper_grate.png","block","SynthesizedLastDaysOverride","16","16","32","32","2","2","True","False","False","Static","6",""
"textures/block/weathered_copper_trapdoor.png","block","SynthesizedLastDaysOverride","16","16","32","32","2","2","True","False","False","Static","6",""
"textures/block/weathered_copper.png","block","ExistingLastDaysOverride","16","16","32","32","2","2","True","False","False","Static","2",""
"textures/block/weathered_cut_copper.png","block","ExistingLastDaysOverride","16","16","32","32","2","2","True","False","False","Static","3",""
"textures/block/weeping_vines_plant.png","block","ExistingLastDaysOverride","16","16","32","32","2","2","True","False","False","Static","6",""
"textures/block/weeping_vines.png","block","ExistingLastDaysOverride","16","16","32","32","2","2","True","False","False","Static","6",""
"textures/block/wet_sponge.png","block","ExistingLastDaysOverride","16","16","32","32","2","2","True","False","False","Static","2",""
"textures/block/wheat_stage0.png","block","MigratedLegacyOverride","16","16","32","32","2","2","True","False","False","Static","6",""
"textures/block/wheat_stage1.png","block","MigratedLegacyOverride","16","16","32","32","2","2","True","False","False","Static","6",""
"textures/block/wheat_stage2.png","block","MigratedLegacyOverride","16","16","32","32","2","2","True","False","False","Static","6",""
"textures/block/wheat_stage3.png","block","MigratedLegacyOverride","16","16","32","32","2","2","True","False","False","Static","6",""
"textures/block/wheat_stage4.png","block","MigratedLegacyOverride","16","16","32","32","2","2","True","False","False","Static","6",""
"textures/block/wheat_stage5.png","block","MigratedLegacyOverride","16","16","32","32","2","2","True","False","False","Static","6",""
"textures/block/wheat_stage6.png","block","MigratedLegacyOverride","16","16","32","32","2","2","True","False","False","Static","6",""
"textures/block/wheat_stage7.png","block","MigratedLegacyOverride","16","16","32","32","2","2","True","False","False","Static","6",""
"textures/block/white_candle_lit.png","block","ExistingLastDaysOverride","16","16","32","128","2","8","False","False","True","ValidatedCustom","6",""
"textures/block/white_candle.png","block","ExistingLastDaysOverride","16","16","32","32","2","2","True","False","False","Static","6",""
"textures/block/white_concrete_powder.png","block","ExistingLastDaysOverride","16","16","32","32","2","2","True","False","False","Static","6",""
"textures/block/white_concrete.png","block","ExistingLastDaysOverride","16","16","32","32","2","2","True","False","False","Static","6",""
"textures/block/white_glazed_terracotta.png","block","ExistingLastDaysOverride","16","16","32","32","2","2","True","False","False","Static","2",""
"textures/block/white_shulker_box.png","block","ExistingLastDaysOverride","16","16","32","32","2","2","True","False","False","Static","6",""
"textures/block/white_stained_glass_pane_top.png","block","ExistingLastDaysOverride","16","16","32","32","2","2","True","False","False","Static","6",""
"textures/block/white_stained_glass.png","block","ExistingLastDaysOverride","16","16","32","32","2","2","True","False","False","Static","6",""
"textures/block/white_terracotta.png","block","ExistingLastDaysOverride","16","16","32","32","2","2","True","False","False","Static","6",""
"textures/block/white_tulip.png","block","ExistingLastDaysOverride","16","16","32","32","2","2","True","False","False","Static","6",""
"textures/block/white_wool.png","block","ExistingLastDaysOverride","16","16","32","32","2","2","True","False","False","Static","6",""
"textures/block/wither_rose.png","block","ExistingLastDaysOverride","16","16","32","32","2","2","True","False","False","Static","6",""
"textures/block/yellow_candle_lit.png","block","ImportedVanillaPlaceholder","16","16","16","16","1","1","True","False","False","Static","6",""
"textures/block/yellow_candle.png","block","ExistingLastDaysOverride","16","16","64","64","4","4","True","False","False","Static","6",""
"textures/block/yellow_concrete_powder.png","block","ExistingLastDaysOverride","16","16","32","32","2","2","True","False","False","Static","6",""
"textures/block/yellow_concrete.png","block","ExistingLastDaysOverride","16","16","32","32","2","2","True","False","False","Static","6",""
"textures/block/yellow_glazed_terracotta.png","block","ExistingLastDaysOverride","16","16","32","32","2","2","True","False","False","Static","6",""
"textures/block/yellow_shulker_box.png","block","ExistingLastDaysOverride","16","16","32","32","2","2","True","False","False","Static","6",""
"textures/block/yellow_stained_glass_pane_top.png","block","ExistingLastDaysOverride","16","16","32","32","2","2","True","False","False","Static","6",""
"textures/block/yellow_stained_glass.png","block","ExistingLastDaysOverride","16","16","32","32","2","2","True","False","False","Static","6",""
"textures/block/yellow_terracotta.png","block","ExistingLastDaysOverride","16","16","32","32","2","2","True","False","False","Static","6",""
"textures/block/yellow_wool.png","block","ExistingLastDaysOverride","16","16","32","32","2","2","True","False","False","Static","6",""
"textures/colormap/foliage.png","colormap","ExistingLastDaysOverride","256","256","256","256","1","1","True","False","False","Static","2",""
"textures/colormap/grass.png","colormap","ExistingLastDaysOverride","256","256","256","256","1","1","True","False","False","Static","2",""
"textures/effect/dither.png","effect","ExistingLastDaysOverride","4","4","4","4","1","1","True","False","False","Static","2",""
"textures/entity/allay/allay.png","entity","ExistingLastDaysOverride","32","32","64","64","2","2","True","False","False","Static","6",""
"textures/entity/armadillo.png","entity","ImportedVanillaPlaceholder","64","64","64","64","1","1","True","False","False","Static","3",""
"textures/entity/armorstand/wood.png","entity","ExistingLastDaysOverride","64","64","128","128","2","2","True","False","False","Static","6",""
"textures/entity/axolotl/axolotl_blue.png","entity","ExistingLastDaysOverride","64","64","128","128","2","2","True","False","False","Static","6",""
"textures/entity/axolotl/axolotl_cyan.png","entity","ExistingLastDaysOverride","64","64","128","128","2","2","True","False","False","Static","6",""
"textures/entity/axolotl/axolotl_gold.png","entity","ExistingLastDaysOverride","64","64","128","128","2","2","True","False","False","Static","6",""
"textures/entity/axolotl/axolotl_lucy.png","entity","ExistingLastDaysOverride","64","64","128","128","2","2","True","False","False","Static","6",""
"textures/entity/axolotl/axolotl_wild.png","entity","ExistingLastDaysOverride","64","64","128","128","2","2","True","False","False","Static","6",""
"textures/entity/banner_base.png","entity","ExistingLastDaysOverride","64","64","128","128","2","2","True","False","False","Static","6",""
"textures/entity/banner/base.png","entity","ExistingLastDaysOverride","64","64","128","128","2","2","True","False","False","Static","6",""
"textures/entity/banner/border.png","entity","ExistingLastDaysOverride","64","64","128","128","2","2","True","False","False","Static","6",""
"textures/entity/banner/bricks.png","entity","ExistingLastDaysOverride","64","64","128","128","2","2","True","False","False","Static","6",""
"textures/entity/banner/circle.png","entity","ExistingLastDaysOverride","64","64","128","128","2","2","True","False","False","Static","6",""
"textures/entity/banner/creeper.png","entity","ExistingLastDaysOverride","64","64","128","128","2","2","True","False","False","Static","6",""
"textures/entity/banner/cross.png","entity","ExistingLastDaysOverride","64","64","128","128","2","2","True","False","False","Static","6",""
"textures/entity/banner/curly_border.png","entity","ExistingLastDaysOverride","64","64","128","128","2","2","True","False","False","Static","6",""
"textures/entity/banner/diagonal_left.png","entity","ExistingLastDaysOverride","64","64","128","128","2","2","True","False","False","Static","6",""
"textures/entity/banner/diagonal_right.png","entity","ExistingLastDaysOverride","64","64","128","128","2","2","True","False","False","Static","6",""
"textures/entity/banner/diagonal_up_left.png","entity","ExistingLastDaysOverride","64","64","128","128","2","2","True","False","False","Static","6",""
"textures/entity/banner/diagonal_up_right.png","entity","ExistingLastDaysOverride","64","64","128","128","2","2","True","False","False","Static","6",""
"textures/entity/banner/flow.png","entity","ImportedVanillaPlaceholder","64","64","64","64","1","1","True","False","False","Static","4",""
"textures/entity/banner/flower.png","entity","ExistingLastDaysOverride","64","64","128","128","2","2","True","False","False","Static","6",""
"textures/entity/banner/globe.png","entity","ExistingLastDaysOverride","64","64","128","128","2","2","True","False","False","Static","6",""
"textures/entity/banner/gradient_up.png","entity","ExistingLastDaysOverride","64","64","128","128","2","2","True","False","False","Static","6",""
"textures/entity/banner/gradient.png","entity","ExistingLastDaysOverride","64","64","128","128","2","2","True","False","False","Static","6",""
"textures/entity/banner/guster.png","entity","ImportedVanillaPlaceholder","64","64","64","64","1","1","True","False","False","Static","4",""
"textures/entity/banner/half_horizontal_bottom.png","entity","ExistingLastDaysOverride","64","64","128","128","2","2","True","False","False","Static","6",""
"textures/entity/banner/half_horizontal.png","entity","ExistingLastDaysOverride","64","64","128","128","2","2","True","False","False","Static","6",""
"textures/entity/banner/half_vertical_right.png","entity","ExistingLastDaysOverride","64","64","128","128","2","2","True","False","False","Static","6",""
"textures/entity/banner/half_vertical.png","entity","ExistingLastDaysOverride","64","64","128","128","2","2","True","False","False","Static","6",""
"textures/entity/banner/mojang.png","entity","ExistingLastDaysOverride","64","64","128","128","2","2","True","False","False","Static","6",""
"textures/entity/banner/piglin.png","entity","ExistingLastDaysOverride","64","64","128","128","2","2","True","False","False","Static","6",""
"textures/entity/banner/rhombus.png","entity","ExistingLastDaysOverride","64","64","128","128","2","2","True","False","False","Static","6",""
"textures/entity/banner/skull.png","entity","ExistingLastDaysOverride","64","64","128","128","2","2","True","False","False","Static","6",""
"textures/entity/banner/small_stripes.png","entity","ExistingLastDaysOverride","64","64","128","128","2","2","True","False","False","Static","6",""
"textures/entity/banner/square_bottom_left.png","entity","ExistingLastDaysOverride","64","64","128","128","2","2","True","False","False","Static","6",""
"textures/entity/banner/square_bottom_right.png","entity","ExistingLastDaysOverride","64","64","128","128","2","2","True","False","False","Static","6",""
"textures/entity/banner/square_top_left.png","entity","ExistingLastDaysOverride","64","64","128","128","2","2","True","False","False","Static","6",""
"textures/entity/banner/square_top_right.png","entity","ExistingLastDaysOverride","64","64","128","128","2","2","True","False","False","Static","6",""
"textures/entity/banner/straight_cross.png","entity","ExistingLastDaysOverride","64","64","128","128","2","2","True","False","False","Static","6",""
"textures/entity/banner/stripe_bottom.png","entity","ExistingLastDaysOverride","64","64","128","128","2","2","True","False","False","Static","6",""
"textures/entity/banner/stripe_center.png","entity","ExistingLastDaysOverride","64","64","128","128","2","2","True","False","False","Static","6",""
"textures/entity/banner/stripe_downleft.png","entity","ExistingLastDaysOverride","64","64","128","128","2","2","True","False","False","Static","6",""
"textures/entity/banner/stripe_downright.png","entity","ExistingLastDaysOverride","64","64","128","128","2","2","True","False","False","Static","6",""
"textures/entity/banner/stripe_left.png","entity","ExistingLastDaysOverride","64","64","128","128","2","2","True","False","False","Static","6",""
"textures/entity/banner/stripe_middle.png","entity","ExistingLastDaysOverride","64","64","128","128","2","2","True","False","False","Static","6",""
"textures/entity/banner/stripe_right.png","entity","ExistingLastDaysOverride","64","64","128","128","2","2","True","False","False","Static","6",""
"textures/entity/banner/stripe_top.png","entity","ExistingLastDaysOverride","64","64","128","128","2","2","True","False","False","Static","6",""
"textures/entity/banner/triangle_bottom.png","entity","ExistingLastDaysOverride","64","64","128","128","2","2","True","False","False","Static","6",""
"textures/entity/banner/triangle_top.png","entity","ExistingLastDaysOverride","64","64","128","128","2","2","True","False","False","Static","6",""
"textures/entity/banner/triangles_bottom.png","entity","ExistingLastDaysOverride","64","64","128","128","2","2","True","False","False","Static","6",""
"textures/entity/banner/triangles_top.png","entity","ExistingLastDaysOverride","64","64","128","128","2","2","True","False","False","Static","6",""
"textures/entity/bat.png","entity","ExistingLastDaysOverride","32","32","128","128","4","4","True","False","False","Static","6",""
"textures/entity/beacon_beam.png","entity","ExistingLastDaysOverride","16","16","32","32","2","2","True","False","False","Static","6",""
"textures/entity/bear/polarbear.png","entity","ExistingLastDaysOverride","128","64","256","128","2","2","True","False","False","Static","6",""
"textures/entity/bed/black.png","entity","ExistingLastDaysOverride","64","64","128","128","2","2","True","False","False","Static","6",""
"textures/entity/bed/blue.png","entity","ExistingLastDaysOverride","64","64","128","128","2","2","True","False","False","Static","6",""
"textures/entity/bed/brown.png","entity","ExistingLastDaysOverride","64","64","128","128","2","2","True","False","False","Static","6",""
"textures/entity/bed/cyan.png","entity","ExistingLastDaysOverride","64","64","128","128","2","2","True","False","False","Static","6",""
"textures/entity/bed/gray.png","entity","ExistingLastDaysOverride","64","64","128","128","2","2","True","False","False","Static","6",""
"textures/entity/bed/green.png","entity","ExistingLastDaysOverride","64","64","128","128","2","2","True","False","False","Static","6",""
"textures/entity/bed/light_blue.png","entity","ExistingLastDaysOverride","64","64","128","128","2","2","True","False","False","Static","6",""
"textures/entity/bed/light_gray.png","entity","ExistingLastDaysOverride","64","64","128","128","2","2","True","False","False","Static","6",""
"textures/entity/bed/lime.png","entity","ExistingLastDaysOverride","64","64","128","128","2","2","True","False","False","Static","6",""
"textures/entity/bed/magenta.png","entity","ExistingLastDaysOverride","64","64","128","128","2","2","True","False","False","Static","6",""
"textures/entity/bed/orange.png","entity","ExistingLastDaysOverride","64","64","128","128","2","2","True","False","False","Static","6",""
"textures/entity/bed/pink.png","entity","ExistingLastDaysOverride","64","64","128","128","2","2","True","False","False","Static","6",""
"textures/entity/bed/purple.png","entity","ExistingLastDaysOverride","64","64","128","128","2","2","True","False","False","Static","6",""
"textures/entity/bed/red.png","entity","ExistingLastDaysOverride","64","64","128","128","2","2","True","False","False","Static","6",""
"textures/entity/bed/white.png","entity","ExistingLastDaysOverride","64","64","128","128","2","2","True","False","False","Static","6",""
"textures/entity/bed/yellow.png","entity","ExistingLastDaysOverride","64","64","128","128","2","2","True","False","False","Static","6",""
"textures/entity/bee/bee_angry_nectar.png","entity","ExistingLastDaysOverride","64","64","128","128","2","2","True","False","False","Static","6",""
"textures/entity/bee/bee_angry.png","entity","ExistingLastDaysOverride","64","64","128","128","2","2","True","False","False","Static","6",""
"textures/entity/bee/bee_nectar.png","entity","ExistingLastDaysOverride","64","64","128","128","2","2","True","False","False","Static","6",""
"textures/entity/bee/bee_stinger.png","entity","ExistingLastDaysOverride","16","16","32","32","2","2","True","False","False","Static","6",""
"textures/entity/bee/bee.png","entity","ExistingLastDaysOverride","64","64","128","128","2","2","True","False","False","Static","6",""
"textures/entity/bell/bell_body.png","entity","ExistingLastDaysOverride","32","32","64","64","2","2","True","False","False","Static","6",""
"textures/entity/blaze.png","entity","ExistingLastDaysOverride","64","32","128","64","2","2","True","False","False","Static","6",""
"textures/entity/boat/acacia.png","entity","ExistingLastDaysOverride","128","64","256","128","2","2","True","False","False","Static","6",""
"textures/entity/boat/bamboo.png","entity","ImportedVanillaPlaceholder","128","64","128","64","1","1","True","False","False","Static","3",""
"textures/entity/boat/birch.png","entity","ExistingLastDaysOverride","128","64","256","128","2","2","True","False","False","Static","6",""
"textures/entity/boat/cherry.png","entity","ExistingLastDaysOverride","128","64","256","128","2","2","True","False","False","Static","6",""
"textures/entity/boat/dark_oak.png","entity","ExistingLastDaysOverride","128","64","256","128","2","2","True","False","False","Static","6",""
"textures/entity/boat/jungle.png","entity","ExistingLastDaysOverride","128","64","256","128","2","2","True","False","False","Static","6",""
"textures/entity/boat/mangrove.png","entity","ExistingLastDaysOverride","128","64","256","128","2","2","True","False","False","Static","6",""
"textures/entity/boat/oak.png","entity","ExistingLastDaysOverride","128","64","256","128","2","2","True","False","False","Static","6",""
"textures/entity/boat/spruce.png","entity","ExistingLastDaysOverride","128","64","256","128","2","2","True","False","False","Static","6",""
"textures/entity/breeze/breeze_eyes.png","entity","ImportedVanillaPlaceholder","32","32","32","32","1","1","True","False","False","Static","3",""
"textures/entity/breeze/breeze_wind.png","entity","ImportedVanillaPlaceholder","128","128","128","128","1","1","True","False","False","Static","3",""
"textures/entity/breeze/breeze.png","entity","ImportedVanillaPlaceholder","32","32","32","32","1","1","True","False","False","Static","3",""
"textures/entity/camel/camel.png","entity","ExistingLastDaysOverride","128","128","129","129","1.008","1.008","True","False","False","Static","6",""
"textures/entity/cat/all_black.png","entity","ExistingLastDaysOverride","64","32","128","64","2","2","True","False","False","Static","6",""
"textures/entity/cat/black.png","entity","ExistingLastDaysOverride","64","32","128","64","2","2","True","False","False","Static","6",""
"textures/entity/cat/british_shorthair.png","entity","ExistingLastDaysOverride","64","32","128","64","2","2","True","False","False","Static","6",""
"textures/entity/cat/calico.png","entity","ExistingLastDaysOverride","64","32","128","64","2","2","True","False","False","Static","6",""
"textures/entity/cat/cat_collar.png","entity","ExistingLastDaysOverride","64","32","128","64","2","2","True","False","False","Static","6",""
"textures/entity/cat/jellie.png","entity","ExistingLastDaysOverride","64","32","128","64","2","2","True","False","False","Static","6",""
"textures/entity/cat/ocelot.png","entity","ExistingLastDaysOverride","64","32","128","64","2","2","True","False","False","Static","6",""
"textures/entity/cat/persian.png","entity","ExistingLastDaysOverride","64","32","128","64","2","2","True","False","False","Static","6",""
"textures/entity/cat/ragdoll.png","entity","ExistingLastDaysOverride","64","32","128","64","2","2","True","False","False","Static","6",""
"textures/entity/cat/red.png","entity","ExistingLastDaysOverride","64","32","128","64","2","2","True","False","False","Static","6",""
"textures/entity/cat/siamese.png","entity","ExistingLastDaysOverride","64","32","128","64","2","2","True","False","False","Static","6",""
"textures/entity/cat/tabby.png","entity","ExistingLastDaysOverride","64","32","128","64","2","2","True","False","False","Static","6",""
"textures/entity/cat/white.png","entity","ExistingLastDaysOverride","64","32","128","64","2","2","True","False","False","Static","6",""
"textures/entity/chest_boat/acacia.png","entity","ExistingLastDaysOverride","128","128","256","256","2","2","True","False","False","Static","6",""
"textures/entity/chest_boat/bamboo.png","entity","ImportedVanillaPlaceholder","128","128","128","128","1","1","True","False","False","Static","3",""
"textures/entity/chest_boat/birch.png","entity","ExistingLastDaysOverride","128","128","256","256","2","2","True","False","False","Static","6",""
"textures/entity/chest_boat/cherry.png","entity","ImportedVanillaPlaceholder","128","128","128","128","1","1","True","False","False","Static","3",""
"textures/entity/chest_boat/dark_oak.png","entity","ExistingLastDaysOverride","128","128","256","256","2","2","True","False","False","Static","6",""
"textures/entity/chest_boat/jungle.png","entity","ExistingLastDaysOverride","128","128","256","256","2","2","True","False","False","Static","6",""
"textures/entity/chest_boat/mangrove.png","entity","ExistingLastDaysOverride","128","128","256","256","2","2","True","False","False","Static","6",""
"textures/entity/chest_boat/oak.png","entity","ExistingLastDaysOverride","128","128","256","256","2","2","True","False","False","Static","6",""
"textures/entity/chest_boat/spruce.png","entity","ExistingLastDaysOverride","128","128","256","256","2","2","True","False","False","Static","6",""
"textures/entity/chest/christmas_left.png","entity","ExistingLastDaysOverride","64","64","64","64","1","1","True","False","False","Static","6",""
"textures/entity/chest/christmas_right.png","entity","ExistingLastDaysOverride","64","64","64","64","1","1","True","False","False","Static","6",""
"textures/entity/chest/christmas.png","entity","ExistingLastDaysOverride","64","64","128","128","2","2","True","False","False","Static","6",""
"textures/entity/chest/ender.png","entity","ExistingLastDaysOverride","64","64","128","128","2","2","True","False","False","Static","6",""
"textures/entity/chest/normal_left.png","entity","ExistingLastDaysOverride","64","64","128","128","2","2","True","False","False","Static","6",""
"textures/entity/chest/normal_right.png","entity","ExistingLastDaysOverride","64","64","128","128","2","2","True","False","False","Static","6",""
"textures/entity/chest/normal.png","entity","ExistingLastDaysOverride","64","64","128","128","2","2","True","False","False","Static","6",""
"textures/entity/chest/trapped_left.png","entity","ExistingLastDaysOverride","64","64","128","128","2","2","True","False","False","Static","6",""
"textures/entity/chest/trapped_right.png","entity","ExistingLastDaysOverride","64","64","128","128","2","2","True","False","False","Static","6",""
"textures/entity/chest/trapped.png","entity","ExistingLastDaysOverride","64","64","128","128","2","2","True","False","False","Static","6",""
"textures/entity/chicken.png","entity","ExistingLastDaysOverride","64","32","128","64","2","2","True","False","False","Static","6",""
"textures/entity/conduit/base.png","entity","ExistingLastDaysOverride","32","16","64","32","2","2","True","False","False","Static","6",""
"textures/entity/conduit/break_particle.png","entity","ExistingLastDaysOverride","16","16","32","32","2","2","True","False","False","Static","6",""
"textures/entity/conduit/cage.png","entity","ExistingLastDaysOverride","32","16","64","32","2","2","True","False","False","Static","6",""
"textures/entity/conduit/closed_eye.png","entity","ExistingLastDaysOverride","16","16","16","16","1","1","True","False","False","Static","6",""
"textures/entity/conduit/open_eye.png","entity","ExistingLastDaysOverride","16","16","16","16","1","1","True","False","False","Static","6",""
"textures/entity/conduit/wind_vertical.png","entity","ExistingLastDaysOverride","64","704","64","1024","1","1.455","False","True","True","Validated","6",""
"textures/entity/conduit/wind.png","entity","ExistingLastDaysOverride","64","704","64","1024","1","1.455","False","True","True","Validated","6",""
"textures/entity/cow/brown_mooshroom.png","entity","ExistingLastDaysOverride","64","32","128","64","2","2","True","False","False","Static","6",""
"textures/entity/cow/cow.png","entity","ExistingLastDaysOverride","64","32","128","64","2","2","True","False","False","Static","6",""
"textures/entity/cow/red_mooshroom.png","entity","ExistingLastDaysOverride","64","32","128","64","2","2","True","False","False","Static","6",""
"textures/entity/creeper/creeper_armor.png","entity","ExistingLastDaysOverride","64","32","128","64","2","2","True","False","False","Static","3",""
"textures/entity/creeper/creeper.png","entity","ExistingLastDaysOverride","64","32","128","64","2","2","True","False","False","Static","6",""
"textures/entity/decorated_pot/angler_pottery_pattern.png","entity","ExistingLastDaysOverride","16","16","16","16","1","1","True","False","False","Static","6",""
"textures/entity/decorated_pot/archer_pottery_pattern.png","entity","ExistingLastDaysOverride","16","16","16","16","1","1","True","False","False","Static","6",""
"textures/entity/decorated_pot/arms_up_pottery_pattern.png","entity","ExistingLastDaysOverride","16","16","16","16","1","1","True","False","False","Static","6",""
"textures/entity/decorated_pot/blade_pottery_pattern.png","entity","ExistingLastDaysOverride","16","16","16","16","1","1","True","False","False","Static","6",""
"textures/entity/decorated_pot/brewer_pottery_pattern.png","entity","ExistingLastDaysOverride","16","16","16","16","1","1","True","False","False","Static","6",""
"textures/entity/decorated_pot/burn_pottery_pattern.png","entity","ExistingLastDaysOverride","16","16","16","16","1","1","True","False","False","Static","6",""
"textures/entity/decorated_pot/danger_pottery_pattern.png","entity","ExistingLastDaysOverride","16","16","16","16","1","1","True","False","False","Static","6",""
"textures/entity/decorated_pot/decorated_pot_base.png","entity","ExistingLastDaysOverride","32","32","32","32","1","1","True","False","False","Static","6",""
"textures/entity/decorated_pot/decorated_pot_side.png","entity","ExistingLastDaysOverride","16","16","16","16","1","1","True","False","False","Static","6",""
"textures/entity/decorated_pot/explorer_pottery_pattern.png","entity","ExistingLastDaysOverride","16","16","16","16","1","1","True","False","False","Static","6",""
"textures/entity/decorated_pot/flow_pottery_pattern.png","entity","ImportedVanillaPlaceholder","16","16","16","16","1","1","True","False","False","Static","3",""
"textures/entity/decorated_pot/friend_pottery_pattern.png","entity","ExistingLastDaysOverride","16","16","16","16","1","1","True","False","False","Static","6",""
"textures/entity/decorated_pot/guster_pottery_pattern.png","entity","ImportedVanillaPlaceholder","16","16","16","16","1","1","True","False","False","Static","3",""
"textures/entity/decorated_pot/heart_pottery_pattern.png","entity","ExistingLastDaysOverride","16","16","16","16","1","1","True","False","False","Static","6",""
"textures/entity/decorated_pot/heartbreak_pottery_pattern.png","entity","ExistingLastDaysOverride","16","16","16","16","1","1","True","False","False","Static","6",""
"textures/entity/decorated_pot/howl_pottery_pattern.png","entity","ExistingLastDaysOverride","16","16","16","16","1","1","True","False","False","Static","6",""
"textures/entity/decorated_pot/miner_pottery_pattern.png","entity","ExistingLastDaysOverride","16","16","16","16","1","1","True","False","False","Static","6",""
"textures/entity/decorated_pot/mourner_pottery_pattern.png","entity","ExistingLastDaysOverride","16","16","16","16","1","1","True","False","False","Static","6",""
"textures/entity/decorated_pot/plenty_pottery_pattern.png","entity","ExistingLastDaysOverride","16","16","16","16","1","1","True","False","False","Static","6",""
"textures/entity/decorated_pot/prize_pottery_pattern.png","entity","ExistingLastDaysOverride","16","16","16","16","1","1","True","False","False","Static","6",""
"textures/entity/decorated_pot/scrape_pottery_pattern.png","entity","ImportedVanillaPlaceholder","16","16","16","16","1","1","True","False","False","Static","3",""
"textures/entity/decorated_pot/sheaf_pottery_pattern.png","entity","ExistingLastDaysOverride","16","16","16","16","1","1","True","False","False","Static","6",""
"textures/entity/decorated_pot/shelter_pottery_pattern.png","entity","ExistingLastDaysOverride","16","16","16","16","1","1","True","False","False","Static","6",""
"textures/entity/decorated_pot/skull_pottery_pattern.png","entity","ExistingLastDaysOverride","16","16","16","16","1","1","True","False","False","Static","6",""
"textures/entity/decorated_pot/snort_pottery_pattern.png","entity","ExistingLastDaysOverride","16","16","16","16","1","1","True","False","False","Static","6",""
"textures/entity/dolphin.png","entity","ExistingLastDaysOverride","64","64","128","128","2","2","True","False","False","Static","6",""
"textures/entity/elytra.png","entity","ExistingLastDaysOverride","64","32","128","64","2","2","True","False","False","Static","6",""
"textures/entity/enchanting_table_book.png","entity","ExistingLastDaysOverride","64","32","128","64","2","2","True","False","False","Static","6",""
"textures/entity/end_crystal/end_crystal_beam.png","entity","ExistingLastDaysOverride","16","256","16","256","1","1","True","False","False","Static","6",""
"textures/entity/end_crystal/end_crystal.png","entity","ExistingLastDaysOverride","128","64","256","128","2","2","True","False","False","Static","6",""
"textures/entity/end_gateway_beam.png","entity","ExistingLastDaysOverride","16","16","32","32","2","2","True","False","False","Static","6",""
"textures/entity/end_portal.png","entity","ExistingLastDaysOverride","256","256","512","512","2","2","True","False","False","Static","3",""
"textures/entity/enderdragon/dragon_exploding.png","entity","ExistingLastDaysOverride","256","256","256","256","1","1","True","False","False","Static","6",""
"textures/entity/enderdragon/dragon_eyes.png","entity","ExistingLastDaysOverride","256","256","512","512","2","2","True","False","False","Static","6",""
"textures/entity/enderdragon/dragon_fireball.png","entity","ExistingLastDaysOverride","16","16","16","16","1","1","True","False","False","Static","6",""
"textures/entity/enderdragon/dragon.png","entity","ExistingLastDaysOverride","256","256","512","512","2","2","True","False","False","Static","6",""
"textures/entity/enderman/enderman_eyes.png","entity","ExistingLastDaysOverride","64","32","128","64","2","2","True","False","False","Static","6",""
"textures/entity/enderman/enderman.png","entity","ExistingLastDaysOverride","64","32","128","64","2","2","True","False","False","Static","6",""
"textures/entity/endermite.png","entity","ExistingLastDaysOverride","64","32","128","64","2","2","True","False","False","Static","6",""
"textures/entity/experience_orb.png","entity","ExistingLastDaysOverride","64","64","128","128","2","2","True","False","False","Static","6",""
"textures/entity/fish/cod.png","entity","ExistingLastDaysOverride","32","32","64","64","2","2","True","False","False","Static","6",""
"textures/entity/fish/pufferfish.png","entity","ExistingLastDaysOverride","32","32","64","64","2","2","True","False","False","Static","6",""
"textures/entity/fish/salmon.png","entity","ExistingLastDaysOverride","32","32","64","64","2","2","True","False","False","Static","6",""
"textures/entity/fish/tropical_a_pattern_1.png","entity","ExistingLastDaysOverride","32","32","128","128","4","4","True","False","False","Static","6",""
"textures/entity/fish/tropical_a_pattern_2.png","entity","ExistingLastDaysOverride","32","32","128","128","4","4","True","False","False","Static","6",""
"textures/entity/fish/tropical_a_pattern_3.png","entity","ExistingLastDaysOverride","32","32","128","128","4","4","True","False","False","Static","6",""
"textures/entity/fish/tropical_a_pattern_4.png","entity","ExistingLastDaysOverride","32","32","128","128","4","4","True","False","False","Static","6",""
"textures/entity/fish/tropical_a_pattern_5.png","entity","ExistingLastDaysOverride","32","32","128","128","4","4","True","False","False","Static","6",""
"textures/entity/fish/tropical_a_pattern_6.png","entity","ExistingLastDaysOverride","32","32","128","128","4","4","True","False","False","Static","6",""
"textures/entity/fish/tropical_a.png","entity","ExistingLastDaysOverride","32","32","128","128","4","4","True","False","False","Static","6",""
"textures/entity/fish/tropical_b_pattern_1.png","entity","ExistingLastDaysOverride","32","32","128","128","4","4","True","False","False","Static","6",""
"textures/entity/fish/tropical_b_pattern_2.png","entity","ExistingLastDaysOverride","32","32","128","128","4","4","True","False","False","Static","6",""
"textures/entity/fish/tropical_b_pattern_3.png","entity","ExistingLastDaysOverride","32","32","128","128","4","4","True","False","False","Static","6",""
"textures/entity/fish/tropical_b_pattern_4.png","entity","ExistingLastDaysOverride","32","32","128","128","4","4","True","False","False","Static","6",""
"textures/entity/fish/tropical_b_pattern_5.png","entity","ExistingLastDaysOverride","32","32","128","128","4","4","True","False","False","Static","6",""
"textures/entity/fish/tropical_b_pattern_6.png","entity","ExistingLastDaysOverride","32","32","128","128","4","4","True","False","False","Static","6",""
"textures/entity/fish/tropical_b.png","entity","ExistingLastDaysOverride","32","32","128","128","4","4","True","False","False","Static","6",""
"textures/entity/fishing_hook.png","entity","ExistingLastDaysOverride","8","8","16","16","2","2","True","False","False","Static","6",""
"textures/entity/fox/fox_sleep.png","entity","ExistingLastDaysOverride","48","32","96","64","2","2","True","False","False","Static","6",""
"textures/entity/fox/fox.png","entity","ExistingLastDaysOverride","48","32","96","64","2","2","True","False","False","Static","6",""
"textures/entity/fox/snow_fox_sleep.png","entity","ExistingLastDaysOverride","48","32","96","64","2","2","True","False","False","Static","6",""
"textures/entity/fox/snow_fox.png","entity","ExistingLastDaysOverride","48","32","96","64","2","2","True","False","False","Static","6",""
"textures/entity/frog/cold_frog.png","entity","ExistingLastDaysOverride","48","48","96","96","2","2","True","False","False","Static","6",""
"textures/entity/frog/temperate_frog.png","entity","ExistingLastDaysOverride","48","48","96","96","2","2","True","False","False","Static","6",""
"textures/entity/frog/warm_frog.png","entity","ExistingLastDaysOverride","48","48","96","96","2","2","True","False","False","Static","6",""
"textures/entity/ghast/ghast_shooting.png","entity","ExistingLastDaysOverride","64","32","128","64","2","2","True","False","False","Static","6",""
"textures/entity/ghast/ghast.png","entity","ExistingLastDaysOverride","64","32","128","64","2","2","True","False","False","Static","6",""
"textures/entity/goat/goat.png","entity","ExistingLastDaysOverride","64","64","128","128","2","2","True","False","False","Static","6",""
"textures/entity/guardian_beam.png","entity","ExistingLastDaysOverride","32","32","32","32","1","1","True","False","False","Static","3",""
"textures/entity/guardian_elder.png","entity","ExistingLastDaysOverride","64","64","128","128","2","2","True","False","False","Static","6",""
"textures/entity/guardian.png","entity","ExistingLastDaysOverride","64","64","128","128","2","2","True","False","False","Static","6",""
"textures/entity/hoglin/hoglin.png","entity","ExistingLastDaysOverride","128","64","256","128","2","2","True","False","False","Static","6",""
"textures/entity/hoglin/zoglin.png","entity","ExistingLastDaysOverride","128","64","256","128","2","2","True","False","False","Static","6",""
"textures/entity/horse/armor/horse_armor_diamond.png","entity","ExistingLastDaysOverride","64","64","128","128","2","2","True","False","False","Static","3",""
"textures/entity/horse/armor/horse_armor_gold.png","entity","ExistingLastDaysOverride","64","64","128","128","2","2","True","False","False","Static","6",""
"textures/entity/horse/armor/horse_armor_iron.png","entity","ExistingLastDaysOverride","64","64","128","128","2","2","True","False","False","Static","6",""
"textures/entity/horse/armor/horse_armor_leather.png","entity","ExistingLastDaysOverride","64","64","128","128","2","2","True","False","False","Static","6",""
"textures/entity/horse/donkey.png","entity","ExistingLastDaysOverride","64","64","128","128","2","2","True","False","False","Static","6",""
"textures/entity/horse/horse_black.png","entity","ExistingLastDaysOverride","64","64","128","128","2","2","True","False","False","Static","6",""
"textures/entity/horse/horse_brown.png","entity","ExistingLastDaysOverride","64","64","128","128","2","2","True","False","False","Static","6",""
"textures/entity/horse/horse_chestnut.png","entity","ExistingLastDaysOverride","64","64","128","128","2","2","True","False","False","Static","6",""
"textures/entity/horse/horse_creamy.png","entity","ExistingLastDaysOverride","64","64","128","128","2","2","True","False","False","Static","6",""
"textures/entity/horse/horse_darkbrown.png","entity","ExistingLastDaysOverride","64","64","128","128","2","2","True","False","False","Static","6",""
"textures/entity/horse/horse_gray.png","entity","ExistingLastDaysOverride","64","64","128","128","2","2","True","False","False","Static","6",""
"textures/entity/horse/horse_markings_blackdots.png","entity","ExistingLastDaysOverride","64","64","128","128","2","2","True","False","False","Static","6",""
"textures/entity/horse/horse_markings_white.png","entity","ExistingLastDaysOverride","64","64","128","128","2","2","True","False","False","Static","6",""
"textures/entity/horse/horse_markings_whitedots.png","entity","ExistingLastDaysOverride","64","64","128","128","2","2","True","False","False","Static","6",""
"textures/entity/horse/horse_markings_whitefield.png","entity","ExistingLastDaysOverride","64","64","128","128","2","2","True","False","False","Static","6",""
"textures/entity/horse/horse_skeleton.png","entity","ExistingLastDaysOverride","64","64","128","128","2","2","True","False","False","Static","6",""
"textures/entity/horse/horse_white.png","entity","ExistingLastDaysOverride","64","64","128","128","2","2","True","False","False","Static","6",""
"textures/entity/horse/horse_zombie.png","entity","ExistingLastDaysOverride","64","64","128","128","2","2","True","False","False","Static","6",""
"textures/entity/horse/mule.png","entity","ExistingLastDaysOverride","64","64","128","128","2","2","True","False","False","Static","6",""
"textures/entity/illager/evoker_fangs.png","entity","ExistingLastDaysOverride","64","32","128","64","2","2","True","False","False","Static","6",""
"textures/entity/illager/evoker.png","entity","ExistingLastDaysOverride","64","64","256","256","4","4","True","False","False","Static","6",""
"textures/entity/illager/illusioner.png","entity","ExistingLastDaysOverride","64","64","256","256","4","4","True","False","False","Static","6",""
"textures/entity/illager/pillager.png","entity","ExistingLastDaysOverride","64","64","256","256","4","4","True","False","False","Static","6",""
"textures/entity/illager/ravager.png","entity","ExistingLastDaysOverride","128","128","128","128","1","1","True","False","False","Static","6",""
"textures/entity/illager/vex_charging.png","entity","ExistingLastDaysOverride","32","32","128","128","4","4","True","False","False","Static","6",""
"textures/entity/illager/vex.png","entity","ExistingLastDaysOverride","32","32","128","128","4","4","True","False","False","Static","6",""
"textures/entity/illager/vindicator.png","entity","ExistingLastDaysOverride","64","64","256","256","4","4","True","False","False","Static","6",""
"textures/entity/iron_golem/iron_golem_crackiness_high.png","entity","ExistingLastDaysOverride","128","128","256","256","2","2","True","False","False","Static","6",""
"textures/entity/iron_golem/iron_golem_crackiness_low.png","entity","ExistingLastDaysOverride","128","128","256","256","2","2","True","False","False","Static","6",""
"textures/entity/iron_golem/iron_golem_crackiness_medium.png","entity","ExistingLastDaysOverride","128","128","256","256","2","2","True","False","False","Static","6",""
"textures/entity/iron_golem/iron_golem.png","entity","ExistingLastDaysOverride","128","128","256","256","2","2","True","False","False","Static","6",""
"textures/entity/lead_knot.png","entity","ExistingLastDaysOverride","32","32","64","64","2","2","True","False","False","Static","6",""
"textures/entity/llama/brown.png","entity","ExistingLastDaysOverride","128","64","256","128","2","2","True","False","False","Static","6",""
"textures/entity/llama/creamy.png","entity","ExistingLastDaysOverride","128","64","256","128","2","2","True","False","False","Static","6",""
"textures/entity/llama/decor/black.png","entity","ExistingLastDaysOverride","128","64","256","128","2","2","True","False","False","Static","6",""
"textures/entity/llama/decor/blue.png","entity","ExistingLastDaysOverride","128","64","256","128","2","2","True","False","False","Static","6",""
"textures/entity/llama/decor/brown.png","entity","ExistingLastDaysOverride","128","64","256","128","2","2","True","False","False","Static","6",""
"textures/entity/llama/decor/cyan.png","entity","ExistingLastDaysOverride","128","64","256","128","2","2","True","False","False","Static","6",""
"textures/entity/llama/decor/gray.png","entity","ExistingLastDaysOverride","128","64","256","128","2","2","True","False","False","Static","6",""
"textures/entity/llama/decor/green.png","entity","ExistingLastDaysOverride","128","64","256","128","2","2","True","False","False","Static","6",""
"textures/entity/llama/decor/light_blue.png","entity","ExistingLastDaysOverride","128","64","256","128","2","2","True","False","False","Static","6",""
"textures/entity/llama/decor/light_gray.png","entity","ExistingLastDaysOverride","128","64","256","128","2","2","True","False","False","Static","6",""
"textures/entity/llama/decor/lime.png","entity","ExistingLastDaysOverride","128","64","256","128","2","2","True","False","False","Static","6",""
"textures/entity/llama/decor/magenta.png","entity","ExistingLastDaysOverride","128","64","256","128","2","2","True","False","False","Static","6",""
"textures/entity/llama/decor/orange.png","entity","ExistingLastDaysOverride","128","64","256","128","2","2","True","False","False","Static","6",""
"textures/entity/llama/decor/pink.png","entity","ExistingLastDaysOverride","128","64","256","128","2","2","True","False","False","Static","6",""
"textures/entity/llama/decor/purple.png","entity","ExistingLastDaysOverride","128","64","256","128","2","2","True","False","False","Static","6",""
"textures/entity/llama/decor/red.png","entity","ExistingLastDaysOverride","128","64","256","128","2","2","True","False","False","Static","6",""
"textures/entity/llama/decor/trader_llama.png","entity","ExistingLastDaysOverride","128","64","256","128","2","2","True","False","False","Static","6",""
"textures/entity/llama/decor/white.png","entity","ExistingLastDaysOverride","128","64","256","128","2","2","True","False","False","Static","6",""
"textures/entity/llama/decor/yellow.png","entity","ExistingLastDaysOverride","128","64","256","128","2","2","True","False","False","Static","6",""
"textures/entity/llama/gray.png","entity","ExistingLastDaysOverride","128","64","256","128","2","2","True","False","False","Static","6",""
"textures/entity/llama/spit.png","entity","ExistingLastDaysOverride","64","32","64","32","1","1","True","False","False","Static","6",""
"textures/entity/llama/white.png","entity","ExistingLastDaysOverride","128","64","256","128","2","2","True","False","False","Static","6",""
"textures/entity/minecart.png","entity","ExistingLastDaysOverride","64","32","64","32","1","1","True","False","False","Static","6",""
"textures/entity/panda/aggressive_panda.png","entity","ExistingLastDaysOverride","64","64","128","128","2","2","True","False","False","Static","6",""
"textures/entity/panda/brown_panda.png","entity","ExistingLastDaysOverride","64","64","128","128","2","2","True","False","False","Static","6",""
"textures/entity/panda/lazy_panda.png","entity","ExistingLastDaysOverride","64","64","128","128","2","2","True","False","False","Static","6",""
"textures/entity/panda/panda.png","entity","ExistingLastDaysOverride","64","64","128","128","2","2","True","False","False","Static","6",""
"textures/entity/panda/playful_panda.png","entity","ExistingLastDaysOverride","64","64","128","128","2","2","True","False","False","Static","6",""
"textures/entity/panda/weak_panda.png","entity","ExistingLastDaysOverride","64","64","128","128","2","2","True","False","False","Static","6",""
"textures/entity/panda/worried_panda.png","entity","ExistingLastDaysOverride","64","64","128","128","2","2","True","False","False","Static","6",""
"textures/entity/parrot/parrot_blue.png","entity","ExistingLastDaysOverride","32","32","128","128","4","4","True","False","False","Static","6",""
"textures/entity/parrot/parrot_green.png","entity","ExistingLastDaysOverride","32","32","128","128","4","4","True","False","False","Static","6",""
"textures/entity/parrot/parrot_grey.png","entity","ExistingLastDaysOverride","32","32","128","128","4","4","True","False","False","Static","6",""
"textures/entity/parrot/parrot_red_blue.png","entity","ExistingLastDaysOverride","32","32","128","128","4","4","True","False","False","Static","6",""
"textures/entity/parrot/parrot_yellow_blue.png","entity","ExistingLastDaysOverride","32","32","128","128","4","4","True","False","False","Static","6",""
"textures/entity/phantom_eyes.png","entity","ExistingLastDaysOverride","64","64","256","256","4","4","True","False","False","Static","3",""
"textures/entity/phantom.png","entity","ExistingLastDaysOverride","64","64","256","256","4","4","True","False","False","Static","6",""
"textures/entity/pig/pig_saddle.png","entity","ExistingLastDaysOverride","64","32","128","64","2","2","True","False","False","Static","6",""
"textures/entity/pig/pig.png","entity","ExistingLastDaysOverride","64","32","128","64","2","2","True","False","False","Static","6",""
"textures/entity/piglin/piglin_brute.png","entity","ExistingLastDaysOverride","64","64","128","128","2","2","True","False","False","Static","6",""
"textures/entity/piglin/piglin.png","entity","ExistingLastDaysOverride","64","64","128","128","2","2","True","False","False","Static","6",""
"textures/entity/piglin/zombified_piglin.png","entity","ExistingLastDaysOverride","64","64","128","128","2","2","True","False","False","Static","6",""
"textures/entity/player/slim/alex.png","entity","ImportedVanillaPlaceholder","64","64","64","64","1","1","True","False","False","Static","3",""
"textures/entity/player/slim/ari.png","entity","ImportedVanillaPlaceholder","64","64","64","64","1","1","True","False","False","Static","3",""
"textures/entity/player/slim/efe.png","entity","ImportedVanillaPlaceholder","64","64","64","64","1","1","True","False","False","Static","3",""
"textures/entity/player/slim/kai.png","entity","ImportedVanillaPlaceholder","64","64","64","64","1","1","True","False","False","Static","3",""
"textures/entity/player/slim/makena.png","entity","ImportedVanillaPlaceholder","64","64","64","64","1","1","True","False","False","Static","3",""
"textures/entity/player/slim/noor.png","entity","ImportedVanillaPlaceholder","64","64","64","64","1","1","True","False","False","Static","3",""
"textures/entity/player/slim/steve.png","entity","ImportedVanillaPlaceholder","64","64","64","64","1","1","True","False","False","Static","3",""
"textures/entity/player/slim/sunny.png","entity","ImportedVanillaPlaceholder","64","64","64","64","1","1","True","False","False","Static","3",""
"textures/entity/player/slim/zuri.png","entity","ImportedVanillaPlaceholder","64","64","64","64","1","1","True","False","False","Static","3",""
"textures/entity/player/wide/alex.png","entity","ImportedVanillaPlaceholder","64","64","64","64","1","1","True","False","False","Static","3",""
"textures/entity/player/wide/ari.png","entity","ImportedVanillaPlaceholder","64","64","64","64","1","1","True","False","False","Static","3",""
"textures/entity/player/wide/efe.png","entity","ImportedVanillaPlaceholder","64","64","64","64","1","1","True","False","False","Static","3",""
"textures/entity/player/wide/kai.png","entity","ImportedVanillaPlaceholder","64","64","64","64","1","1","True","False","False","Static","3",""
"textures/entity/player/wide/makena.png","entity","ImportedVanillaPlaceholder","64","64","64","64","1","1","True","False","False","Static","3",""
"textures/entity/player/wide/noor.png","entity","ImportedVanillaPlaceholder","64","64","64","64","1","1","True","False","False","Static","3",""
"textures/entity/player/wide/steve.png","entity","ExistingLastDaysOverride","64","64","128","128","2","2","True","False","False","Static","6",""
"textures/entity/player/wide/sunny.png","entity","ImportedVanillaPlaceholder","64","64","64","64","1","1","True","False","False","Static","3",""
"textures/entity/player/wide/zuri.png","entity","ImportedVanillaPlaceholder","64","64","64","64","1","1","True","False","False","Static","3",""
"textures/entity/projectiles/arrow.png","entity","ExistingLastDaysOverride","32","32","64","64","2","2","True","False","False","Static","6",""
"textures/entity/projectiles/spectral_arrow.png","entity","ExistingLastDaysOverride","32","32","64","64","2","2","True","False","False","Static","6",""
"textures/entity/projectiles/tipped_arrow.png","entity","ExistingLastDaysOverride","32","32","64","64","2","2","True","False","False","Static","6",""
"textures/entity/projectiles/wind_charge.png","entity","ImportedVanillaPlaceholder","64","32","64","32","1","1","True","False","False","Static","3",""
"textures/entity/rabbit/black.png","entity","ExistingLastDaysOverride","64","32","128","64","2","2","True","False","False","Static","6",""
"textures/entity/rabbit/brown.png","entity","ExistingLastDaysOverride","64","32","128","64","2","2","True","False","False","Static","6",""
"textures/entity/rabbit/caerbannog.png","entity","ExistingLastDaysOverride","64","32","128","64","2","2","True","False","False","Static","6",""
"textures/entity/rabbit/gold.png","entity","ExistingLastDaysOverride","64","32","128","64","2","2","True","False","False","Static","6",""
"textures/entity/rabbit/salt.png","entity","ExistingLastDaysOverride","64","32","128","64","2","2","True","False","False","Static","6",""
"textures/entity/rabbit/toast.png","entity","ExistingLastDaysOverride","64","32","128","64","2","2","True","False","False","Static","6",""
"textures/entity/rabbit/white_splotched.png","entity","ExistingLastDaysOverride","64","32","128","64","2","2","True","False","False","Static","6",""
"textures/entity/rabbit/white.png","entity","ExistingLastDaysOverride","64","32","128","64","2","2","True","False","False","Static","6",""
"textures/entity/sheep/sheep_fur.png","entity","ExistingLastDaysOverride","64","32","128","64","2","2","True","False","False","Static","6",""
"textures/entity/sheep/sheep.png","entity","ExistingLastDaysOverride","64","32","128","64","2","2","True","False","False","Static","6",""
"textures/entity/shield_base_nopattern.png","entity","ExistingLastDaysOverride","64","64","128","128","2","2","True","False","False","Static","6",""
"textures/entity/shield_base.png","entity","ExistingLastDaysOverride","64","64","128","128","2","2","True","False","False","Static","6",""
"textures/entity/shield/base.png","entity","ExistingLastDaysOverride","64","64","128","128","2","2","True","False","False","Static","3",""
"textures/entity/shield/border.png","entity","ExistingLastDaysOverride","64","64","128","128","2","2","True","False","False","Static","6",""
"textures/entity/shield/bricks.png","entity","ExistingLastDaysOverride","64","64","128","128","2","2","True","False","False","Static","6",""
"textures/entity/shield/circle.png","entity","ExistingLastDaysOverride","64","64","128","128","2","2","True","False","False","Static","6",""
"textures/entity/shield/creeper.png","entity","ExistingLastDaysOverride","64","64","128","128","2","2","True","False","False","Static","6",""
"textures/entity/shield/cross.png","entity","ExistingLastDaysOverride","64","64","128","128","2","2","True","False","False","Static","6",""
"textures/entity/shield/curly_border.png","entity","ExistingLastDaysOverride","64","64","128","128","2","2","True","False","False","Static","6",""
"textures/entity/shield/diagonal_left.png","entity","ExistingLastDaysOverride","64","64","128","128","2","2","True","False","False","Static","6",""
"textures/entity/shield/diagonal_right.png","entity","ExistingLastDaysOverride","64","64","128","128","2","2","True","False","False","Static","6",""
"textures/entity/shield/diagonal_up_left.png","entity","ExistingLastDaysOverride","64","64","128","128","2","2","True","False","False","Static","6",""
"textures/entity/shield/diagonal_up_right.png","entity","ExistingLastDaysOverride","64","64","128","128","2","2","True","False","False","Static","6",""
"textures/entity/shield/flow.png","entity","ImportedVanillaPlaceholder","64","64","64","64","1","1","True","False","False","Static","6",""
"textures/entity/shield/flower.png","entity","ExistingLastDaysOverride","64","64","128","128","2","2","True","False","False","Static","6",""
"textures/entity/shield/globe.png","entity","ExistingLastDaysOverride","64","64","128","128","2","2","True","False","False","Static","6",""
"textures/entity/shield/gradient_up.png","entity","ExistingLastDaysOverride","64","64","128","128","2","2","True","False","False","Static","6",""
"textures/entity/shield/gradient.png","entity","ExistingLastDaysOverride","64","64","128","128","2","2","True","False","False","Static","6",""
"textures/entity/shield/guster.png","entity","ImportedVanillaPlaceholder","64","64","64","64","1","1","True","False","False","Static","6",""
"textures/entity/shield/half_horizontal_bottom.png","entity","ExistingLastDaysOverride","64","64","128","128","2","2","True","False","False","Static","6",""
"textures/entity/shield/half_horizontal.png","entity","ExistingLastDaysOverride","64","64","128","128","2","2","True","False","False","Static","6",""
"textures/entity/shield/half_vertical_right.png","entity","ExistingLastDaysOverride","64","64","128","128","2","2","True","False","False","Static","6",""
"textures/entity/shield/half_vertical.png","entity","ExistingLastDaysOverride","64","64","128","128","2","2","True","False","False","Static","6",""
"textures/entity/shield/mojang.png","entity","ExistingLastDaysOverride","64","64","128","128","2","2","True","False","False","Static","6",""
"textures/entity/shield/piglin.png","entity","ExistingLastDaysOverride","64","64","128","128","2","2","True","False","False","Static","6",""
"textures/entity/shield/rhombus.png","entity","ExistingLastDaysOverride","64","64","128","128","2","2","True","False","False","Static","6",""
"textures/entity/shield/skull.png","entity","ExistingLastDaysOverride","64","64","128","128","2","2","True","False","False","Static","6",""
"textures/entity/shield/small_stripes.png","entity","ExistingLastDaysOverride","64","64","128","128","2","2","True","False","False","Static","6",""
"textures/entity/shield/square_bottom_left.png","entity","ExistingLastDaysOverride","64","64","128","128","2","2","True","False","False","Static","6",""
"textures/entity/shield/square_bottom_right.png","entity","ExistingLastDaysOverride","64","64","128","128","2","2","True","False","False","Static","6",""
"textures/entity/shield/square_top_left.png","entity","ExistingLastDaysOverride","64","64","128","128","2","2","True","False","False","Static","6",""
"textures/entity/shield/square_top_right.png","entity","ExistingLastDaysOverride","64","64","128","128","2","2","True","False","False","Static","6",""
"textures/entity/shield/straight_cross.png","entity","ExistingLastDaysOverride","64","64","128","128","2","2","True","False","False","Static","6",""
"textures/entity/shield/stripe_bottom.png","entity","ExistingLastDaysOverride","64","64","128","128","2","2","True","False","False","Static","6",""
"textures/entity/shield/stripe_center.png","entity","ExistingLastDaysOverride","64","64","128","128","2","2","True","False","False","Static","6",""
"textures/entity/shield/stripe_downleft.png","entity","ExistingLastDaysOverride","64","64","128","128","2","2","True","False","False","Static","6",""
"textures/entity/shield/stripe_downright.png","entity","ExistingLastDaysOverride","64","64","128","128","2","2","True","False","False","Static","6",""
"textures/entity/shield/stripe_left.png","entity","ExistingLastDaysOverride","64","64","128","128","2","2","True","False","False","Static","6",""
"textures/entity/shield/stripe_middle.png","entity","ExistingLastDaysOverride","64","64","128","128","2","2","True","False","False","Static","6",""
"textures/entity/shield/stripe_right.png","entity","ExistingLastDaysOverride","64","64","128","128","2","2","True","False","False","Static","6",""
"textures/entity/shield/stripe_top.png","entity","ExistingLastDaysOverride","64","64","128","128","2","2","True","False","False","Static","6",""
"textures/entity/shield/triangle_bottom.png","entity","ExistingLastDaysOverride","64","64","128","128","2","2","True","False","False","Static","6",""
"textures/entity/shield/triangle_top.png","entity","ExistingLastDaysOverride","64","64","128","128","2","2","True","False","False","Static","6",""
"textures/entity/shield/triangles_bottom.png","entity","ExistingLastDaysOverride","64","64","128","128","2","2","True","False","False","Static","6",""
"textures/entity/shield/triangles_top.png","entity","ExistingLastDaysOverride","64","64","128","128","2","2","True","False","False","Static","6",""
"textures/entity/shulker/shulker_black.png","entity","ExistingLastDaysOverride","64","64","128","128","2","2","True","False","False","Static","6",""
"textures/entity/shulker/shulker_blue.png","entity","ExistingLastDaysOverride","64","64","128","128","2","2","True","False","False","Static","6",""
"textures/entity/shulker/shulker_brown.png","entity","ExistingLastDaysOverride","64","64","128","128","2","2","True","False","False","Static","6",""
"textures/entity/shulker/shulker_cyan.png","entity","ExistingLastDaysOverride","64","64","128","128","2","2","True","False","False","Static","6",""
"textures/entity/shulker/shulker_gray.png","entity","ExistingLastDaysOverride","64","64","128","128","2","2","True","False","False","Static","6",""
"textures/entity/shulker/shulker_green.png","entity","ExistingLastDaysOverride","64","64","128","128","2","2","True","False","False","Static","6",""
"textures/entity/shulker/shulker_light_blue.png","entity","ExistingLastDaysOverride","64","64","128","128","2","2","True","False","False","Static","6",""
"textures/entity/shulker/shulker_light_gray.png","entity","ExistingLastDaysOverride","64","64","128","128","2","2","True","False","False","Static","6",""
"textures/entity/shulker/shulker_lime.png","entity","ExistingLastDaysOverride","64","64","128","128","2","2","True","False","False","Static","6",""
"textures/entity/shulker/shulker_magenta.png","entity","ExistingLastDaysOverride","64","64","128","128","2","2","True","False","False","Static","6",""
"textures/entity/shulker/shulker_orange.png","entity","ExistingLastDaysOverride","64","64","128","128","2","2","True","False","False","Static","6",""
"textures/entity/shulker/shulker_pink.png","entity","ExistingLastDaysOverride","64","64","128","128","2","2","True","False","False","Static","6",""
"textures/entity/shulker/shulker_purple.png","entity","ExistingLastDaysOverride","64","64","128","128","2","2","True","False","False","Static","6",""
"textures/entity/shulker/shulker_red.png","entity","ExistingLastDaysOverride","64","64","128","128","2","2","True","False","False","Static","6",""
"textures/entity/shulker/shulker_white.png","entity","ExistingLastDaysOverride","64","64","128","128","2","2","True","False","False","Static","6",""
"textures/entity/shulker/shulker_yellow.png","entity","ExistingLastDaysOverride","64","64","128","128","2","2","True","False","False","Static","6",""
"textures/entity/shulker/shulker.png","entity","ExistingLastDaysOverride","64","64","128","128","2","2","True","False","False","Static","6",""
"textures/entity/shulker/spark.png","entity","ExistingLastDaysOverride","64","32","128","64","2","2","True","False","False","Static","6",""
"textures/entity/signs/acacia.png","entity","ExistingLastDaysOverride","64","32","128","64","2","2","True","False","False","Static","6",""
"textures/entity/signs/bamboo.png","entity","ImportedVanillaPlaceholder","64","32","64","32","1","1","True","False","False","Static","3",""
"textures/entity/signs/birch.png","entity","ExistingLastDaysOverride","64","32","128","64","2","2","True","False","False","Static","6",""
"textures/entity/signs/cherry.png","entity","ExistingLastDaysOverride","64","32","128","64","2","2","True","False","False","Static","6",""
"textures/entity/signs/crimson.png","entity","ExistingLastDaysOverride","64","32","128","64","2","2","True","False","False","Static","6",""
"textures/entity/signs/dark_oak.png","entity","ExistingLastDaysOverride","64","32","128","64","2","2","True","False","False","Static","6",""
"textures/entity/signs/hanging/acacia.png","entity","ExistingLastDaysOverride","64","32","64","32","1","1","True","False","False","Static","6",""
"textures/entity/signs/hanging/bamboo.png","entity","ExistingLastDaysOverride","64","32","64","32","1","1","True","False","False","Static","6",""
"textures/entity/signs/hanging/birch.png","entity","ExistingLastDaysOverride","64","32","64","32","1","1","True","False","False","Static","6",""
"textures/entity/signs/hanging/cherry.png","entity","ExistingLastDaysOverride","64","32","64","32","1","1","True","False","False","Static","6",""
"textures/entity/signs/hanging/crimson.png","entity","ExistingLastDaysOverride","64","32","64","32","1","1","True","False","False","Static","6",""
"textures/entity/signs/hanging/dark_oak.png","entity","ExistingLastDaysOverride","64","32","64","32","1","1","True","False","False","Static","6",""
"textures/entity/signs/hanging/jungle.png","entity","ExistingLastDaysOverride","64","32","64","32","1","1","True","False","False","Static","6",""
"textures/entity/signs/hanging/mangrove.png","entity","ExistingLastDaysOverride","64","32","64","32","1","1","True","False","False","Static","6",""
"textures/entity/signs/hanging/oak.png","entity","ExistingLastDaysOverride","64","32","64","32","1","1","True","False","False","Static","6",""
"textures/entity/signs/hanging/spruce.png","entity","ExistingLastDaysOverride","64","32","64","32","1","1","True","False","False","Static","6",""
"textures/entity/signs/hanging/warped.png","entity","ExistingLastDaysOverride","64","32","64","32","1","1","True","False","False","Static","6",""
"textures/entity/signs/jungle.png","entity","ExistingLastDaysOverride","64","32","128","64","2","2","True","False","False","Static","6",""
"textures/entity/signs/mangrove.png","entity","ExistingLastDaysOverride","64","32","128","64","2","2","True","False","False","Static","6",""
"textures/entity/signs/oak.png","entity","ExistingLastDaysOverride","64","32","128","64","2","2","True","False","False","Static","6",""
"textures/entity/signs/spruce.png","entity","ExistingLastDaysOverride","64","32","128","64","2","2","True","False","False","Static","6",""
"textures/entity/signs/warped.png","entity","ExistingLastDaysOverride","64","32","128","64","2","2","True","False","False","Static","6",""
"textures/entity/silverfish.png","entity","ExistingLastDaysOverride","64","32","128","64","2","2","True","False","False","Static","6",""
"textures/entity/skeleton/bogged_overlay.png","entity","ImportedVanillaPlaceholder","64","32","64","32","1","1","True","False","False","Static","3",""
"textures/entity/skeleton/bogged.png","entity","ImportedVanillaPlaceholder","64","32","64","32","1","1","True","False","False","Static","3",""
"textures/entity/skeleton/skeleton.png","entity","ExistingLastDaysOverride","64","32","256","128","4","4","True","False","False","Static","6",""
"textures/entity/skeleton/stray_overlay.png","entity","ExistingLastDaysOverride","64","32","256","128","4","4","True","False","False","Static","6",""
"textures/entity/skeleton/stray.png","entity","ExistingLastDaysOverride","64","32","256","128","4","4","True","False","False","Static","6",""
"textures/entity/skeleton/wither_skeleton.png","entity","ExistingLastDaysOverride","64","32","128","64","2","2","True","False","False","Static","6",""
"textures/entity/slime/magmacube.png","entity","ExistingLastDaysOverride","64","32","256","128","4","4","True","False","False","Static","6",""
"textures/entity/slime/slime.png","entity","ExistingLastDaysOverride","64","32","128","64","2","2","True","False","False","Static","6",""
"textures/entity/sniffer/sniffer.png","entity","ExistingLastDaysOverride","192","192","192","192","1","1","True","False","False","Static","6",""
"textures/entity/snow_golem.png","entity","ExistingLastDaysOverride","64","64","128","128","2","2","True","False","False","Static","6",""
"textures/entity/spider_eyes.png","entity","ExistingLastDaysOverride","64","32","256","128","4","4","True","False","False","Static","6",""
"textures/entity/spider/cave_spider.png","entity","ExistingLastDaysOverride","64","32","128","64","2","2","True","False","False","Static","6",""
"textures/entity/spider/spider.png","entity","ExistingLastDaysOverride","64","32","256","128","4","4","True","False","False","Static","6",""
"textures/entity/squid/glow_squid.png","entity","ExistingLastDaysOverride","64","32","128","64","2","2","True","False","False","Static","6",""
"textures/entity/squid/squid.png","entity","ExistingLastDaysOverride","64","32","128","64","2","2","True","False","False","Static","6",""
"textures/entity/strider/strider_cold.png","entity","ExistingLastDaysOverride","64","128","128","256","2","2","True","False","False","Static","6",""
"textures/entity/strider/strider_saddle.png","entity","ExistingLastDaysOverride","64","128","128","256","2","2","True","False","False","Static","6",""
"textures/entity/strider/strider.png","entity","ExistingLastDaysOverride","64","128","128","256","2","2","True","False","False","Static","6",""
"textures/entity/tadpole/tadpole.png","entity","ExistingLastDaysOverride","16","16","32","32","2","2","True","False","False","Static","6",""
"textures/entity/trident_riptide.png","entity","ExistingLastDaysOverride","64","64","64","64","1","1","True","False","False","Static","6",""
"textures/entity/trident.png","entity","ExistingLastDaysOverride","32","32","64","64","2","2","True","False","False","Static","6",""
"textures/entity/turtle/big_sea_turtle.png","entity","ExistingLastDaysOverride","128","64","256","128","2","2","True","False","False","Static","6",""
"textures/entity/villager/profession_level/diamond.png","entity","ExistingLastDaysOverride","64","64","256","256","4","4","True","False","False","Static","6",""
"textures/entity/villager/profession_level/emerald.png","entity","ExistingLastDaysOverride","64","64","256","256","4","4","True","False","False","Static","6",""
"textures/entity/villager/profession_level/gold.png","entity","ExistingLastDaysOverride","64","64","256","256","4","4","True","False","False","Static","6",""
"textures/entity/villager/profession_level/iron.png","entity","ExistingLastDaysOverride","64","64","256","256","4","4","True","False","False","Static","6",""
"textures/entity/villager/profession_level/stone.png","entity","ExistingLastDaysOverride","64","64","256","256","4","4","True","False","False","Static","6",""
"textures/entity/villager/profession/armorer.png","entity","ExistingLastDaysOverride","64","64","256","256","4","4","True","False","False","Static","6",""
"textures/entity/villager/profession/butcher.png","entity","ExistingLastDaysOverride","64","64","256","256","4","4","True","False","False","NotAnimation","6",""
"textures/entity/villager/profession/cartographer.png","entity","ExistingLastDaysOverride","64","64","256","256","4","4","True","False","False","Static","6",""
"textures/entity/villager/profession/cleric.png","entity","ExistingLastDaysOverride","64","64","256","256","4","4","True","False","False","Static","6",""
"textures/entity/villager/profession/farmer.png","entity","ExistingLastDaysOverride","64","64","256","256","4","4","True","False","False","NotAnimation","6",""
"textures/entity/villager/profession/fisherman.png","entity","ExistingLastDaysOverride","64","64","256","256","4","4","True","False","False","NotAnimation","6",""
"textures/entity/villager/profession/fletcher.png","entity","ExistingLastDaysOverride","64","64","256","256","4","4","True","False","False","NotAnimation","6",""
"textures/entity/villager/profession/leatherworker.png","entity","ExistingLastDaysOverride","64","64","256","256","4","4","True","False","False","Static","6",""
"textures/entity/villager/profession/librarian.png","entity","ExistingLastDaysOverride","64","64","256","256","4","4","True","False","False","NotAnimation","6",""
"textures/entity/villager/profession/mason.png","entity","ExistingLastDaysOverride","64","64","256","256","4","4","True","False","False","Static","6",""
"textures/entity/villager/profession/nitwit.png","entity","ExistingLastDaysOverride","64","64","256","256","4","4","True","False","False","Static","6",""
"textures/entity/villager/profession/shepherd.png","entity","ExistingLastDaysOverride","64","64","256","256","4","4","True","False","False","NotAnimation","6",""
"textures/entity/villager/profession/toolsmith.png","entity","ExistingLastDaysOverride","64","64","256","256","4","4","True","False","False","Static","6",""
"textures/entity/villager/profession/weaponsmith.png","entity","ExistingLastDaysOverride","64","64","256","256","4","4","True","False","False","Static","6",""
"textures/entity/villager/type/desert.png","entity","ExistingLastDaysOverride","64","64","256","256","4","4","True","False","False","NotAnimation","6",""
"textures/entity/villager/type/jungle.png","entity","ExistingLastDaysOverride","64","64","256","256","4","4","True","False","False","Static","6",""
"textures/entity/villager/type/plains.png","entity","ExistingLastDaysOverride","64","64","256","256","4","4","True","False","False","Static","6",""
"textures/entity/villager/type/savanna.png","entity","ExistingLastDaysOverride","64","64","256","256","4","4","True","False","False","Static","6",""
"textures/entity/villager/type/snow.png","entity","ExistingLastDaysOverride","64","64","256","256","4","4","True","False","False","NotAnimation","6",""
"textures/entity/villager/type/swamp.png","entity","ExistingLastDaysOverride","64","64","256","256","4","4","True","False","False","Static","6",""
"textures/entity/villager/type/taiga.png","entity","ExistingLastDaysOverride","64","64","256","256","4","4","True","False","False","Static","6",""
"textures/entity/villager/villager.png","entity","ExistingLastDaysOverride","64","64","256","256","4","4","True","False","False","Static","6",""
"textures/entity/wandering_trader.png","entity","ExistingLastDaysOverride","64","64","256","256","4","4","True","False","False","Static","6",""
"textures/entity/warden/warden_bioluminescent_layer.png","entity","ExistingLastDaysOverride","128","128","256","256","2","2","True","False","False","Static","6",""
"textures/entity/warden/warden_heart.png","entity","ExistingLastDaysOverride","128","128","256","256","2","2","True","False","False","Static","6",""
"textures/entity/warden/warden_pulsating_spots_1.png","entity","ExistingLastDaysOverride","128","128","256","256","2","2","True","False","False","Static","6",""
"textures/entity/warden/warden_pulsating_spots_2.png","entity","ExistingLastDaysOverride","128","128","256","256","2","2","True","False","False","Static","6",""
"textures/entity/warden/warden.png","entity","ExistingLastDaysOverride","128","128","256","256","2","2","True","False","False","Static","6",""
"textures/entity/witch.png","entity","ExistingLastDaysOverride","64","128","256","512","4","4","True","False","False","Static","6",""
"textures/entity/wither/wither_armor.png","entity","ExistingLastDaysOverride","64","64","128","128","2","2","True","False","False","Static","6",""
"textures/entity/wither/wither_invulnerable.png","entity","ExistingLastDaysOverride","64","64","128","128","2","2","True","False","False","Static","6",""
"textures/entity/wither/wither.png","entity","ExistingLastDaysOverride","64","64","128","128","2","2","True","False","False","Static","6",""
"textures/entity/wolf/wolf_angry.png","entity","ExistingLastDaysOverride","64","32","128","64","2","2","True","False","False","Static","6",""
"textures/entity/wolf/wolf_armor_crackiness_high.png","entity","ImportedVanillaPlaceholder","64","32","64","32","1","1","True","False","False","Static","3",""
"textures/entity/wolf/wolf_armor_crackiness_low.png","entity","ImportedVanillaPlaceholder","64","32","64","32","1","1","True","False","False","Static","3",""
"textures/entity/wolf/wolf_armor_crackiness_medium.png","entity","ImportedVanillaPlaceholder","64","32","64","32","1","1","True","False","False","Static","3",""
"textures/entity/wolf/wolf_armor_overlay.png","entity","ImportedVanillaPlaceholder","64","32","64","32","1","1","True","False","False","Static","3",""
"textures/entity/wolf/wolf_armor.png","entity","ImportedVanillaPlaceholder","64","32","64","32","1","1","True","False","False","Static","3",""
"textures/entity/wolf/wolf_ashen_angry.png","entity","ImportedVanillaPlaceholder","64","32","64","32","1","1","True","False","False","Static","3",""
"textures/entity/wolf/wolf_ashen_tame.png","entity","ImportedVanillaPlaceholder","64","32","64","32","1","1","True","False","False","Static","3",""
"textures/entity/wolf/wolf_ashen.png","entity","ImportedVanillaPlaceholder","64","32","64","32","1","1","True","False","False","Static","3",""
"textures/entity/wolf/wolf_black_angry.png","entity","ImportedVanillaPlaceholder","64","32","64","32","1","1","True","False","False","Static","3",""
"textures/entity/wolf/wolf_black_tame.png","entity","ImportedVanillaPlaceholder","64","32","64","32","1","1","True","False","False","Static","3",""
"textures/entity/wolf/wolf_black.png","entity","ImportedVanillaPlaceholder","64","32","64","32","1","1","True","False","False","Static","3",""
"textures/entity/wolf/wolf_chestnut_angry.png","entity","ImportedVanillaPlaceholder","64","32","64","32","1","1","True","False","False","Static","3",""
"textures/entity/wolf/wolf_chestnut_tame.png","entity","ImportedVanillaPlaceholder","64","32","64","32","1","1","True","False","False","Static","3",""
"textures/entity/wolf/wolf_chestnut.png","entity","ImportedVanillaPlaceholder","64","32","64","32","1","1","True","False","False","Static","3",""
"textures/entity/wolf/wolf_collar.png","entity","ExistingLastDaysOverride","64","32","128","64","2","2","True","False","False","Static","3",""
"textures/entity/wolf/wolf_rusty_angry.png","entity","ImportedVanillaPlaceholder","64","32","64","32","1","1","True","False","False","Static","3",""
"textures/entity/wolf/wolf_rusty_tame.png","entity","ImportedVanillaPlaceholder","64","32","64","32","1","1","True","False","False","Static","3",""
"textures/entity/wolf/wolf_rusty.png","entity","ImportedVanillaPlaceholder","64","32","64","32","1","1","True","False","False","Static","3",""
"textures/entity/wolf/wolf_snowy_angry.png","entity","ImportedVanillaPlaceholder","64","32","64","32","1","1","True","False","False","Static","3",""
"textures/entity/wolf/wolf_snowy_tame.png","entity","ImportedVanillaPlaceholder","64","32","64","32","1","1","True","False","False","Static","3",""
"textures/entity/wolf/wolf_snowy.png","entity","ImportedVanillaPlaceholder","64","32","64","32","1","1","True","False","False","Static","3",""
"textures/entity/wolf/wolf_spotted_angry.png","entity","ImportedVanillaPlaceholder","64","32","64","32","1","1","True","False","False","Static","3",""
"textures/entity/wolf/wolf_spotted_tame.png","entity","ImportedVanillaPlaceholder","64","32","64","32","1","1","True","False","False","Static","3",""
"textures/entity/wolf/wolf_spotted.png","entity","ImportedVanillaPlaceholder","64","32","64","32","1","1","True","False","False","Static","3",""
"textures/entity/wolf/wolf_striped_angry.png","entity","ImportedVanillaPlaceholder","64","32","64","32","1","1","True","False","False","Static","3",""
"textures/entity/wolf/wolf_striped_tame.png","entity","ImportedVanillaPlaceholder","64","32","64","32","1","1","True","False","False","Static","3",""
"textures/entity/wolf/wolf_striped.png","entity","ImportedVanillaPlaceholder","64","32","64","32","1","1","True","False","False","Static","3",""
"textures/entity/wolf/wolf_tame.png","entity","ExistingLastDaysOverride","64","32","128","64","2","2","True","False","False","Static","6",""
"textures/entity/wolf/wolf_woods_angry.png","entity","ImportedVanillaPlaceholder","64","32","64","32","1","1","True","False","False","Static","3",""
"textures/entity/wolf/wolf_woods_tame.png","entity","ImportedVanillaPlaceholder","64","32","64","32","1","1","True","False","False","Static","3",""
"textures/entity/wolf/wolf_woods.png","entity","ImportedVanillaPlaceholder","64","32","64","32","1","1","True","False","False","Static","3",""
"textures/entity/wolf/wolf.png","entity","ExistingLastDaysOverride","64","32","128","64","2","2","True","False","False","Static","6",""
"textures/entity/zombie_villager/profession_level/diamond.png","entity","ExistingLastDaysOverride","64","64","256","256","4","4","True","False","False","Static","6",""
"textures/entity/zombie_villager/profession_level/emerald.png","entity","ExistingLastDaysOverride","64","64","256","256","4","4","True","False","False","Static","6",""
"textures/entity/zombie_villager/profession_level/gold.png","entity","ExistingLastDaysOverride","64","64","256","256","4","4","True","False","False","Static","6",""
"textures/entity/zombie_villager/profession_level/iron.png","entity","ExistingLastDaysOverride","64","64","256","256","4","4","True","False","False","Static","6",""
"textures/entity/zombie_villager/profession_level/stone.png","entity","ExistingLastDaysOverride","64","64","256","256","4","4","True","False","False","Static","6",""
"textures/entity/zombie_villager/profession/armorer.png","entity","ExistingLastDaysOverride","64","64","256","256","4","4","True","False","False","Static","6",""
"textures/entity/zombie_villager/profession/butcher.png","entity","ExistingLastDaysOverride","64","64","256","256","4","4","True","False","False","NotAnimation","6",""
"textures/entity/zombie_villager/profession/cartographer.png","entity","ExistingLastDaysOverride","64","64","256","256","4","4","True","False","False","Static","6",""
"textures/entity/zombie_villager/profession/cleric.png","entity","ExistingLastDaysOverride","64","64","256","256","4","4","True","False","False","Static","6",""
"textures/entity/zombie_villager/profession/farmer.png","entity","ExistingLastDaysOverride","64","64","256","256","4","4","True","False","False","NotAnimation","6",""
"textures/entity/zombie_villager/profession/fisherman.png","entity","ExistingLastDaysOverride","64","64","256","256","4","4","True","False","False","NotAnimation","6",""
"textures/entity/zombie_villager/profession/fletcher.png","entity","ExistingLastDaysOverride","64","64","64","64","1","1","True","False","False","NotAnimation","6",""
"textures/entity/zombie_villager/profession/leatherworker.png","entity","ExistingLastDaysOverride","64","64","256","256","4","4","True","False","False","Static","6",""
"textures/entity/zombie_villager/profession/librarian.png","entity","ExistingLastDaysOverride","64","64","256","256","4","4","True","False","False","NotAnimation","6",""
"textures/entity/zombie_villager/profession/mason.png","entity","ExistingLastDaysOverride","64","64","256","256","4","4","True","False","False","Static","6",""
"textures/entity/zombie_villager/profession/nitwit.png","entity","ExistingLastDaysOverride","64","64","256","256","4","4","True","False","False","Static","6",""
"textures/entity/zombie_villager/profession/shepherd.png","entity","ExistingLastDaysOverride","64","64","256","256","4","4","True","False","False","NotAnimation","6",""
"textures/entity/zombie_villager/profession/toolsmith.png","entity","ExistingLastDaysOverride","64","64","256","256","4","4","True","False","False","Static","6",""
"textures/entity/zombie_villager/profession/weaponsmith.png","entity","ExistingLastDaysOverride","64","64","256","256","4","4","True","False","False","Static","6",""
"textures/entity/zombie_villager/type/desert.png","entity","ExistingLastDaysOverride","64","64","256","256","4","4","True","False","False","Static","6",""
"textures/entity/zombie_villager/type/jungle.png","entity","ExistingLastDaysOverride","64","64","256","256","4","4","True","False","False","Static","6",""
"textures/entity/zombie_villager/type/plains.png","entity","ExistingLastDaysOverride","64","64","256","256","4","4","True","False","False","Static","6",""
"textures/entity/zombie_villager/type/savanna.png","entity","ExistingLastDaysOverride","64","64","256","256","4","4","True","False","False","Static","6",""
"textures/entity/zombie_villager/type/snow.png","entity","ExistingLastDaysOverride","64","64","256","256","4","4","True","False","False","Static","6",""
"textures/entity/zombie_villager/type/swamp.png","entity","ExistingLastDaysOverride","64","64","256","256","4","4","True","False","False","Static","6",""
"textures/entity/zombie_villager/type/taiga.png","entity","ExistingLastDaysOverride","64","64","256","256","4","4","True","False","False","Static","6",""
"textures/entity/zombie_villager/zombie_villager.png","entity","ExistingLastDaysOverride","64","64","256","256","4","4","True","False","False","Static","6",""
"textures/entity/zombie/drowned_outer_layer.png","entity","ExistingLastDaysOverride","64","64","256","256","4","4","True","False","False","Static","3",""
"textures/entity/zombie/drowned.png","entity","ExistingLastDaysOverride","64","64","256","256","4","4","True","False","False","Static","6",""
"textures/entity/zombie/husk.png","entity","ExistingLastDaysOverride","64","64","256","256","4","4","True","False","False","Static","6",""
"textures/entity/zombie/zombie.png","entity","ExistingLastDaysOverride","64","64","256","256","4","4","True","False","False","Static","6",""
"textures/environment/clouds.png","environment","ExistingLastDaysOverride","256","256","256","256","1","1","True","False","False","Static","6",""
"textures/environment/end_sky.png","environment","ExistingLastDaysOverride","128","128","2048","2048","16","16","True","False","False","Static","6",""
"textures/environment/moon_phases.png","environment","ExistingLastDaysOverride","128","64","1024","512","8","8","True","False","False","Static","2",""
"textures/environment/rain.png","environment","ExistingLastDaysOverride","64","256","64","256","1","1","True","False","False","Static","6",""
"textures/environment/snow.png","environment","ExistingLastDaysOverride","64","256","64","256","1","1","True","False","False","Static","6",""
"textures/environment/sun.png","environment","ExistingLastDaysOverride","32","32","256","256","8","8","True","False","False","Static","2",""
"textures/font/accented.png","font","ImportedVanillaPlaceholder","144","900","144","900","1","1","True","False","False","Static","3",""
"textures/font/ascii_sga.png","font","ExistingLastDaysOverride","128","128","256","256","2","2","True","False","False","Static","6",""
"textures/font/ascii.png","font","ExistingLastDaysOverride","128","128","256","256","2","2","True","False","False","Static","6",""
"textures/font/asciillager.png","font","ImportedVanillaPlaceholder","128","40","128","40","1","1","True","False","False","Static","3",""
"textures/font/nonlatin_european.png","font","ImportedVanillaPlaceholder","128","536","128","536","1","1","True","False","False","Static","3",""
"textures/gui/advancements/backgrounds/adventure.png","gui","ExistingLastDaysOverride","16","16","32","32","2","2","True","False","False","Static","6",""
"textures/gui/advancements/backgrounds/end.png","gui","ExistingLastDaysOverride","16","16","32","32","2","2","True","False","False","Static","6",""
"textures/gui/advancements/backgrounds/husbandry.png","gui","ExistingLastDaysOverride","16","16","32","32","2","2","True","False","False","Static","6",""
"textures/gui/advancements/backgrounds/nether.png","gui","ExistingLastDaysOverride","16","16","32","32","2","2","True","False","False","Static","6",""
"textures/gui/advancements/backgrounds/stone.png","gui","ExistingLastDaysOverride","16","16","32","32","2","2","True","False","False","Static","6",""
"textures/gui/advancements/window.png","gui","ExistingLastDaysOverride","256","256","512","512","2","2","True","False","False","Static","6",""
"textures/gui/book.png","gui","ExistingLastDaysOverride","256","256","512","512","2","2","True","False","False","Static","6",""
"textures/gui/container/anvil.png","gui","ExistingLastDaysOverride","256","256","512","512","2","2","True","False","False","Static","6",""
"textures/gui/container/beacon.png","gui","ExistingLastDaysOverride","256","256","512","512","2","2","True","False","False","Static","6",""
"textures/gui/container/blast_furnace.png","gui","ExistingLastDaysOverride","256","256","512","512","2","2","True","False","False","Static","6",""
"textures/gui/container/brewing_stand.png","gui","ExistingLastDaysOverride","256","256","512","512","2","2","True","False","False","Static","6",""
"textures/gui/container/cartography_table.png","gui","ExistingLastDaysOverride","256","256","512","512","2","2","True","False","False","Static","6",""
"textures/gui/container/crafter.png","gui","ImportedVanillaPlaceholder","256","256","256","256","1","1","True","False","False","Static","6",""
"textures/gui/container/crafting_table.png","gui","ExistingLastDaysOverride","256","256","512","512","2","2","True","False","False","Static","6",""
"textures/gui/container/creative_inventory/tab_inventory.png","gui","ExistingLastDaysOverride","256","256","512","512","2","2","True","False","False","Static","6",""
"textures/gui/container/creative_inventory/tab_item_search.png","gui","ExistingLastDaysOverride","256","256","512","512","2","2","True","False","False","Static","6",""
"textures/gui/container/creative_inventory/tab_items.png","gui","ExistingLastDaysOverride","256","256","512","512","2","2","True","False","False","Static","6",""
"textures/gui/container/dispenser.png","gui","ExistingLastDaysOverride","256","256","512","512","2","2","True","False","False","Static","6",""
"textures/gui/container/enchanting_table.png","gui","ExistingLastDaysOverride","256","256","512","512","2","2","True","False","False","Static","6",""
"textures/gui/container/furnace.png","gui","ExistingLastDaysOverride","256","256","512","512","2","2","True","False","False","Static","6",""
"textures/gui/container/gamemode_switcher.png","gui","ExistingLastDaysOverride","128","128","128","128","1","1","True","False","False","Static","6",""
"textures/gui/container/generic_54.png","gui","ExistingLastDaysOverride","256","256","512","512","2","2","True","False","False","Static","6",""
"textures/gui/container/grindstone.png","gui","ExistingLastDaysOverride","256","256","512","512","2","2","True","False","False","Static","6",""
"textures/gui/container/hopper.png","gui","ExistingLastDaysOverride","256","256","512","512","2","2","True","False","False","Static","6",""
"textures/gui/container/horse.png","gui","ExistingLastDaysOverride","256","256","512","512","2","2","True","False","False","Static","3",""
"textures/gui/container/inventory.png","gui","ExistingLastDaysOverride","256","256","512","512","2","2","True","False","False","Static","6",""
"textures/gui/container/loom.png","gui","ExistingLastDaysOverride","256","256","512","512","2","2","True","False","False","Static","6",""
"textures/gui/container/shulker_box.png","gui","ExistingLastDaysOverride","256","256","512","512","2","2","True","False","False","Static","6",""
"textures/gui/container/smithing.png","gui","ExistingLastDaysOverride","256","256","512","512","2","2","True","False","False","Static","6",""
"textures/gui/container/smoker.png","gui","ExistingLastDaysOverride","256","256","512","512","2","2","True","False","False","Static","6",""
"textures/gui/container/stonecutter.png","gui","ExistingLastDaysOverride","256","256","512","512","2","2","True","False","False","Static","6",""
"textures/gui/container/villager.png","gui","ImportedVanillaPlaceholder","512","256","512","256","1","1","True","False","False","Static","3",""
"textures/gui/demo_background.png","gui","ExistingLastDaysOverride","256","256","512","512","2","2","True","False","False","Static","6",""
"textures/gui/footer_separator.png","gui","ImportedVanillaPlaceholder","32","2","32","2","1","1","True","False","False","Static","3",""
"textures/gui/hanging_signs/acacia.png","gui","ExtractedLegacyGuiSprite","16","16","16","16","1","1","True","False","False","Static","6",""
"textures/gui/hanging_signs/bamboo.png","gui","ExtractedLegacyGuiSprite","16","16","16","16","1","1","True","False","False","Static","6",""
"textures/gui/hanging_signs/birch.png","gui","ExtractedLegacyGuiSprite","16","16","16","16","1","1","True","False","False","Static","6",""
"textures/gui/hanging_signs/cherry.png","gui","ExtractedLegacyGuiSprite","16","16","16","16","1","1","True","False","False","Static","6",""
"textures/gui/hanging_signs/crimson.png","gui","ExtractedLegacyGuiSprite","16","16","16","16","1","1","True","False","False","Static","6",""
"textures/gui/hanging_signs/dark_oak.png","gui","ExtractedLegacyGuiSprite","16","16","16","16","1","1","True","False","False","Static","6",""
"textures/gui/hanging_signs/jungle.png","gui","ExtractedLegacyGuiSprite","16","16","16","16","1","1","True","False","False","Static","6",""
"textures/gui/hanging_signs/mangrove.png","gui","ExtractedLegacyGuiSprite","16","16","16","16","1","1","True","False","False","Static","6",""
"textures/gui/hanging_signs/oak.png","gui","ExtractedLegacyGuiSprite","16","16","16","16","1","1","True","False","False","Static","6",""
"textures/gui/hanging_signs/spruce.png","gui","ExtractedLegacyGuiSprite","16","16","16","16","1","1","True","False","False","Static","6",""
"textures/gui/hanging_signs/warped.png","gui","ExtractedLegacyGuiSprite","16","16","16","16","1","1","True","False","False","Static","6",""
"textures/gui/header_separator.png","gui","ImportedVanillaPlaceholder","32","2","32","2","1","1","True","False","False","Static","3",""
"textures/gui/inworld_footer_separator.png","gui","ImportedVanillaPlaceholder","32","2","32","2","1","1","True","False","False","Static","3",""
"textures/gui/inworld_header_separator.png","gui","ImportedVanillaPlaceholder","32","2","32","2","1","1","True","False","False","Static","3",""
"textures/gui/inworld_menu_background.png","gui","ImportedVanillaPlaceholder","16","16","16","16","1","1","True","False","False","Static","3",""
"textures/gui/inworld_menu_list_background.png","gui","ImportedVanillaPlaceholder","16","16","16","16","1","1","True","False","False","Static","3",""
"textures/gui/menu_background.png","gui","ImportedVanillaPlaceholder","16","16","16","16","1","1","True","False","False","Static","3",""
"textures/gui/menu_list_background.png","gui","ImportedVanillaPlaceholder","16","16","16","16","1","1","True","False","False","Static","3",""
"textures/gui/presets/isles.png","gui","ExistingLastDaysOverride","256","256","256","256","1","1","True","False","False","Static","6",""
"textures/gui/realms/adventure.png","gui","ImportedVanillaPlaceholder","256","256","256","256","1","1","True","False","False","Static","2",""
"textures/gui/realms/empty_frame.png","gui","ImportedVanillaPlaceholder","16","16","16","16","1","1","True","False","False","Static","3",""
"textures/gui/realms/experience.png","gui","ImportedVanillaPlaceholder","256","256","256","256","1","1","True","False","False","Static","2",""
"textures/gui/realms/inspiration.png","gui","ImportedVanillaPlaceholder","256","256","256","256","1","1","True","False","False","Static","2",""
"textures/gui/realms/new_world.png","gui","ImportedVanillaPlaceholder","256","256","256","256","1","1","True","False","False","Static","2",""
"textures/gui/realms/no_realms.png","gui","ImportedVanillaPlaceholder","130","64","130","64","1","1","True","False","False","Static","3",""
"textures/gui/realms/snapshot_realms.png","gui","ImportedVanillaPlaceholder","130","64","130","64","1","1","True","False","False","Static","3",""
"textures/gui/realms/survival_spawn.png","gui","ImportedVanillaPlaceholder","256","256","256","256","1","1","True","False","False","Static","2",""
"textures/gui/realms/upload.png","gui","ImportedVanillaPlaceholder","256","256","256","256","1","1","True","False","False","Static","6",""
"textures/gui/recipe_book.png","gui","ExistingLastDaysOverride","256","256","512","512","2","2","True","False","False","Static","6",""
"textures/gui/sprites/advancements/box_obtained.png","gui","ExtractedLegacyGuiSprite","200","26","200","26","1","1","True","False","False","Static","6",""
"textures/gui/sprites/advancements/box_unobtained.png","gui","ExtractedLegacyGuiSprite","200","26","200","26","1","1","True","False","False","Static","6",""
"textures/gui/sprites/advancements/challenge_frame_obtained.png","gui","ExtractedLegacyGuiSprite","26","26","26","26","1","1","True","False","False","Static","6",""
"textures/gui/sprites/advancements/challenge_frame_unobtained.png","gui","ExtractedLegacyGuiSprite","26","26","26","26","1","1","True","False","False","Static","6",""
"textures/gui/sprites/advancements/goal_frame_obtained.png","gui","ExtractedLegacyGuiSprite","26","26","26","26","1","1","True","False","False","Static","6",""
"textures/gui/sprites/advancements/goal_frame_unobtained.png","gui","ExtractedLegacyGuiSprite","26","26","26","26","1","1","True","False","False","Static","6",""
"textures/gui/sprites/advancements/tab_above_left_selected.png","gui","ExtractedLegacyGuiSprite","28","32","56","64","2","2","True","False","False","Static","6",""
"textures/gui/sprites/advancements/tab_above_left.png","gui","ExtractedLegacyGuiSprite","28","32","56","64","2","2","True","False","False","Static","6",""
"textures/gui/sprites/advancements/tab_above_middle_selected.png","gui","ExtractedLegacyGuiSprite","28","32","56","64","2","2","True","False","False","Static","6",""
"textures/gui/sprites/advancements/tab_above_middle.png","gui","ExtractedLegacyGuiSprite","28","32","56","64","2","2","True","False","False","Static","6",""
"textures/gui/sprites/advancements/tab_above_right_selected.png","gui","ExtractedLegacyGuiSprite","28","32","56","64","2","2","True","False","False","Static","6",""
"textures/gui/sprites/advancements/tab_above_right.png","gui","ExtractedLegacyGuiSprite","28","32","56","64","2","2","True","False","False","Static","6",""
"textures/gui/sprites/advancements/tab_below_left_selected.png","gui","ExtractedLegacyGuiSprite","28","32","56","64","2","2","True","False","False","Static","6",""
"textures/gui/sprites/advancements/tab_below_left.png","gui","ExtractedLegacyGuiSprite","28","32","56","64","2","2","True","False","False","Static","6",""
"textures/gui/sprites/advancements/tab_below_middle_selected.png","gui","ExtractedLegacyGuiSprite","28","32","56","64","2","2","True","False","False","Static","6",""
"textures/gui/sprites/advancements/tab_below_middle.png","gui","ExtractedLegacyGuiSprite","28","32","56","64","2","2","True","False","False","Static","6",""
"textures/gui/sprites/advancements/tab_below_right_selected.png","gui","ExtractedLegacyGuiSprite","28","32","56","64","2","2","True","False","False","Static","6",""
"textures/gui/sprites/advancements/tab_below_right.png","gui","ExtractedLegacyGuiSprite","28","32","56","64","2","2","True","False","False","Static","6",""
"textures/gui/sprites/advancements/tab_left_bottom_selected.png","gui","ExtractedLegacyGuiSprite","32","28","64","56","2","2","True","False","False","Static","6",""
"textures/gui/sprites/advancements/tab_left_bottom.png","gui","ImportedVanillaPlaceholder","32","28","32","28","1","1","True","False","False","Static","3",""
"textures/gui/sprites/advancements/tab_left_middle_selected.png","gui","ExtractedLegacyGuiSprite","32","28","64","56","2","2","True","False","False","Static","6",""
"textures/gui/sprites/advancements/tab_left_middle.png","gui","ImportedVanillaPlaceholder","32","28","32","28","1","1","True","False","False","Static","3",""
"textures/gui/sprites/advancements/tab_left_top_selected.png","gui","ExtractedLegacyGuiSprite","32","28","64","56","2","2","True","False","False","Static","6",""
"textures/gui/sprites/advancements/tab_left_top.png","gui","ImportedVanillaPlaceholder","32","28","32","28","1","1","True","False","False","Static","3",""
"textures/gui/sprites/advancements/tab_right_bottom_selected.png","gui","ExtractedLegacyGuiSprite","32","28","64","56","2","2","True","False","False","Static","6",""
"textures/gui/sprites/advancements/tab_right_bottom.png","gui","ImportedVanillaPlaceholder","32","28","32","28","1","1","True","False","False","Static","3",""
"textures/gui/sprites/advancements/tab_right_middle_selected.png","gui","ExtractedLegacyGuiSprite","32","28","64","56","2","2","True","False","False","Static","6",""
"textures/gui/sprites/advancements/tab_right_middle.png","gui","ImportedVanillaPlaceholder","32","28","32","28","1","1","True","False","False","Static","3",""
"textures/gui/sprites/advancements/tab_right_top_selected.png","gui","ExtractedLegacyGuiSprite","32","28","64","56","2","2","True","False","False","Static","6",""
"textures/gui/sprites/advancements/tab_right_top.png","gui","ImportedVanillaPlaceholder","32","28","32","28","1","1","True","False","False","Static","3",""
"textures/gui/sprites/advancements/task_frame_obtained.png","gui","ExtractedLegacyGuiSprite","26","26","26","26","1","1","True","False","False","Static","6",""
"textures/gui/sprites/advancements/task_frame_unobtained.png","gui","ExtractedLegacyGuiSprite","26","26","26","26","1","1","True","False","False","Static","6",""
"textures/gui/sprites/advancements/title_box.png","gui","ExtractedLegacyGuiSprite","200","26","200","26","1","1","True","False","False","NotAnimation","6",""
"textures/gui/sprites/boss_bar/blue_background.png","gui","ExtractedLegacyGuiSprite","182","5","364","10","2","2","True","False","False","Static","6",""
"textures/gui/sprites/boss_bar/blue_progress.png","gui","ExtractedLegacyGuiSprite","182","5","364","10","2","2","True","False","False","Static","6",""
"textures/gui/sprites/boss_bar/green_background.png","gui","ExtractedLegacyGuiSprite","182","5","364","10","2","2","True","False","False","Static","6",""
"textures/gui/sprites/boss_bar/green_progress.png","gui","ExtractedLegacyGuiSprite","182","5","364","10","2","2","True","False","False","Static","6",""
"textures/gui/sprites/boss_bar/notched_10_background.png","gui","ExtractedLegacyGuiSprite","182","5","364","10","2","2","True","False","False","Static","6",""
"textures/gui/sprites/boss_bar/notched_10_progress.png","gui","ExtractedLegacyGuiSprite","182","5","364","10","2","2","True","False","False","Static","6",""
"textures/gui/sprites/boss_bar/notched_12_background.png","gui","ExtractedLegacyGuiSprite","182","5","364","10","2","2","True","False","False","Static","6",""
"textures/gui/sprites/boss_bar/notched_12_progress.png","gui","ExtractedLegacyGuiSprite","182","5","364","10","2","2","True","False","False","Static","6",""
"textures/gui/sprites/boss_bar/notched_20_background.png","gui","ExtractedLegacyGuiSprite","182","5","364","10","2","2","True","False","False","Static","6",""
"textures/gui/sprites/boss_bar/notched_20_progress.png","gui","ExtractedLegacyGuiSprite","182","5","364","10","2","2","True","False","False","Static","6",""
"textures/gui/sprites/boss_bar/notched_6_background.png","gui","ExtractedLegacyGuiSprite","182","5","364","10","2","2","True","False","False","Static","6",""
"textures/gui/sprites/boss_bar/notched_6_progress.png","gui","ExtractedLegacyGuiSprite","182","5","364","10","2","2","True","False","False","Static","6",""
"textures/gui/sprites/boss_bar/pink_background.png","gui","ImportedVanillaPlaceholder","182","5","182","5","1","1","True","False","False","Static","3",""
"textures/gui/sprites/boss_bar/pink_progress.png","gui","ImportedVanillaPlaceholder","182","5","182","5","1","1","True","False","False","Static","3",""
"textures/gui/sprites/boss_bar/purple_background.png","gui","ExtractedLegacyGuiSprite","182","5","364","10","2","2","True","False","False","Static","6",""
"textures/gui/sprites/boss_bar/purple_progress.png","gui","ExtractedLegacyGuiSprite","182","5","364","10","2","2","True","False","False","Static","6",""
"textures/gui/sprites/boss_bar/red_background.png","gui","ExtractedLegacyGuiSprite","182","5","364","10","2","2","True","False","False","Static","6",""
"textures/gui/sprites/boss_bar/red_progress.png","gui","ExtractedLegacyGuiSprite","182","5","364","10","2","2","True","False","False","Static","6",""
"textures/gui/sprites/boss_bar/white_background.png","gui","ExtractedLegacyGuiSprite","182","5","364","10","2","2","True","False","False","Static","6",""
"textures/gui/sprites/boss_bar/white_progress.png","gui","ExtractedLegacyGuiSprite","182","5","364","10","2","2","True","False","False","Static","6",""
"textures/gui/sprites/boss_bar/yellow_background.png","gui","ExtractedLegacyGuiSprite","182","5","364","10","2","2","True","False","False","Static","6",""
"textures/gui/sprites/boss_bar/yellow_progress.png","gui","ExtractedLegacyGuiSprite","182","5","364","10","2","2","True","False","False","Static","6",""
"textures/gui/sprites/container/anvil/error.png","gui","ImportedVanillaPlaceholder","28","21","28","21","1","1","True","False","False","Static","3",""
"textures/gui/sprites/container/anvil/text_field_disabled.png","gui","ExtractedLegacyGuiSprite","110","16","220","32","2","2","True","False","False","Static","6",""
"textures/gui/sprites/container/anvil/text_field.png","gui","ExtractedLegacyGuiSprite","110","16","220","32","2","2","True","False","False","Static","6",""
"textures/gui/sprites/container/beacon/button_disabled.png","gui","ExtractedLegacyGuiSprite","22","22","44","44","2","2","True","False","False","Static","6",""
"textures/gui/sprites/container/beacon/button_highlighted.png","gui","ExtractedLegacyGuiSprite","22","22","44","44","2","2","True","False","False","Static","6",""
"textures/gui/sprites/container/beacon/button_selected.png","gui","ExtractedLegacyGuiSprite","22","22","44","44","2","2","True","False","False","Static","6",""
"textures/gui/sprites/container/beacon/button.png","gui","ExtractedLegacyGuiSprite","22","22","44","44","2","2","True","False","False","Static","6",""
"textures/gui/sprites/container/beacon/cancel.png","gui","ExtractedLegacyGuiSprite","18","18","36","36","2","2","True","False","False","Static","6",""
"textures/gui/sprites/container/beacon/confirm.png","gui","ExtractedLegacyGuiSprite","18","18","36","36","2","2","True","False","False","Static","6",""
"textures/gui/sprites/container/blast_furnace/burn_progress.png","gui","ImportedVanillaPlaceholder","24","16","24","16","1","1","True","False","False","Static","3",""
"textures/gui/sprites/container/blast_furnace/lit_progress.png","gui","ImportedVanillaPlaceholder","14","14","14","14","1","1","True","False","False","Static","3",""
"textures/gui/sprites/container/brewing_stand/brew_progress.png","gui","ExtractedLegacyGuiSprite","9","28","18","56","2","2","True","False","False","Static","6",""
"textures/gui/sprites/container/brewing_stand/bubbles.png","gui","ExtractedLegacyGuiSprite","12","29","24","58","2","2","True","False","False","Static","6",""
"textures/gui/sprites/container/brewing_stand/fuel_length.png","gui","ExtractedLegacyGuiSprite","18","4","36","8","2","2","True","False","False","Static","6",""
"textures/gui/sprites/container/bundle/background.png","gui","ImportedVanillaPlaceholder","32","32","32","32","1","1","True","False","False","NotAnimation","3",""
"textures/gui/sprites/container/bundle/blocked_slot.png","gui","ImportedVanillaPlaceholder","18","20","18","20","1","1","True","False","False","Static","3",""
"textures/gui/sprites/container/bundle/slot.png","gui","ImportedVanillaPlaceholder","18","20","18","20","1","1","True","False","False","Static","3",""
"textures/gui/sprites/container/cartography_table/duplicated_map.png","gui","ExtractedLegacyGuiSprite","50","66","100","132","2","2","True","False","False","Static","6",""
"textures/gui/sprites/container/cartography_table/error.png","gui","ImportedVanillaPlaceholder","28","21","28","21","1","1","True","False","False","Static","3",""
"textures/gui/sprites/container/cartography_table/locked.png","gui","ExtractedLegacyGuiSprite","10","14","20","28","2","2","True","False","False","Static","6",""
"textures/gui/sprites/container/cartography_table/map.png","gui","ExtractedLegacyGuiSprite","66","66","132","132","2","2","True","False","False","Static","6",""
"textures/gui/sprites/container/cartography_table/scaled_map.png","gui","ExtractedLegacyGuiSprite","66","66","132","132","2","2","True","False","False","Static","6",""
"textures/gui/sprites/container/crafter/disabled_slot.png","gui","ImportedVanillaPlaceholder","18","18","18","18","1","1","True","False","False","Static","6",""
"textures/gui/sprites/container/crafter/powered_redstone.png","gui","ImportedVanillaPlaceholder","16","16","16","16","1","1","True","False","False","Static","6",""
"textures/gui/sprites/container/crafter/unpowered_redstone.png","gui","ImportedVanillaPlaceholder","16","16","16","16","1","1","True","False","False","Static","6",""
"textures/gui/sprites/container/creative_inventory/scroller_disabled.png","gui","ImportedVanillaPlaceholder","12","15","12","15","1","1","True","False","False","Static","3",""
"textures/gui/sprites/container/creative_inventory/scroller.png","gui","ImportedVanillaPlaceholder","12","15","12","15","1","1","True","False","False","Static","3",""
"textures/gui/sprites/container/creative_inventory/tab_bottom_selected_1.png","gui","ExtractedLegacyGuiSprite","26","32","52","64","2","2","True","False","False","Static","6",""
"textures/gui/sprites/container/creative_inventory/tab_bottom_selected_2.png","gui","ImportedVanillaPlaceholder","26","32","26","32","1","1","True","False","False","Static","3",""
"textures/gui/sprites/container/creative_inventory/tab_bottom_selected_3.png","gui","ImportedVanillaPlaceholder","26","32","26","32","1","1","True","False","False","Static","3",""
"textures/gui/sprites/container/creative_inventory/tab_bottom_selected_4.png","gui","ImportedVanillaPlaceholder","26","32","26","32","1","1","True","False","False","Static","3",""
"textures/gui/sprites/container/creative_inventory/tab_bottom_selected_5.png","gui","ImportedVanillaPlaceholder","26","32","26","32","1","1","True","False","False","Static","3",""
"textures/gui/sprites/container/creative_inventory/tab_bottom_selected_6.png","gui","ImportedVanillaPlaceholder","26","32","26","32","1","1","True","False","False","Static","3",""
"textures/gui/sprites/container/creative_inventory/tab_bottom_selected_7.png","gui","ExtractedLegacyGuiSprite","26","32","52","64","2","2","True","False","False","Static","6",""
"textures/gui/sprites/container/creative_inventory/tab_bottom_unselected_1.png","gui","ImportedVanillaPlaceholder","26","32","26","32","1","1","True","False","False","Static","3",""
"textures/gui/sprites/container/creative_inventory/tab_bottom_unselected_2.png","gui","ImportedVanillaPlaceholder","26","32","26","32","1","1","True","False","False","Static","3",""
"textures/gui/sprites/container/creative_inventory/tab_bottom_unselected_3.png","gui","ImportedVanillaPlaceholder","26","32","26","32","1","1","True","False","False","Static","3",""
"textures/gui/sprites/container/creative_inventory/tab_bottom_unselected_4.png","gui","ImportedVanillaPlaceholder","26","32","26","32","1","1","True","False","False","Static","3",""
"textures/gui/sprites/container/creative_inventory/tab_bottom_unselected_5.png","gui","ImportedVanillaPlaceholder","26","32","26","32","1","1","True","False","False","Static","3",""
"textures/gui/sprites/container/creative_inventory/tab_bottom_unselected_6.png","gui","ImportedVanillaPlaceholder","26","32","26","32","1","1","True","False","False","Static","3",""
"textures/gui/sprites/container/creative_inventory/tab_bottom_unselected_7.png","gui","ImportedVanillaPlaceholder","26","32","26","32","1","1","True","False","False","Static","3",""
"textures/gui/sprites/container/creative_inventory/tab_top_selected_1.png","gui","ExtractedLegacyGuiSprite","26","32","52","64","2","2","True","False","False","Static","6",""
"textures/gui/sprites/container/creative_inventory/tab_top_selected_2.png","gui","ImportedVanillaPlaceholder","26","32","26","32","1","1","True","False","False","Static","3",""
"textures/gui/sprites/container/creative_inventory/tab_top_selected_3.png","gui","ImportedVanillaPlaceholder","26","32","26","32","1","1","True","False","False","Static","3",""
"textures/gui/sprites/container/creative_inventory/tab_top_selected_4.png","gui","ImportedVanillaPlaceholder","26","32","26","32","1","1","True","False","False","Static","3",""
"textures/gui/sprites/container/creative_inventory/tab_top_selected_5.png","gui","ImportedVanillaPlaceholder","26","32","26","32","1","1","True","False","False","Static","3",""
"textures/gui/sprites/container/creative_inventory/tab_top_selected_6.png","gui","ImportedVanillaPlaceholder","26","32","26","32","1","1","True","False","False","Static","3",""
"textures/gui/sprites/container/creative_inventory/tab_top_selected_7.png","gui","ExtractedLegacyGuiSprite","26","32","52","64","2","2","True","False","False","Static","6",""
"textures/gui/sprites/container/creative_inventory/tab_top_unselected_1.png","gui","ImportedVanillaPlaceholder","26","32","26","32","1","1","True","False","False","Static","3",""
"textures/gui/sprites/container/creative_inventory/tab_top_unselected_2.png","gui","ImportedVanillaPlaceholder","26","32","26","32","1","1","True","False","False","Static","3",""
"textures/gui/sprites/container/creative_inventory/tab_top_unselected_3.png","gui","ImportedVanillaPlaceholder","26","32","26","32","1","1","True","False","False","Static","3",""
"textures/gui/sprites/container/creative_inventory/tab_top_unselected_4.png","gui","ImportedVanillaPlaceholder","26","32","26","32","1","1","True","False","False","Static","3",""
"textures/gui/sprites/container/creative_inventory/tab_top_unselected_5.png","gui","ImportedVanillaPlaceholder","26","32","26","32","1","1","True","False","False","Static","3",""
"textures/gui/sprites/container/creative_inventory/tab_top_unselected_6.png","gui","ImportedVanillaPlaceholder","26","32","26","32","1","1","True","False","False","Static","3",""
"textures/gui/sprites/container/creative_inventory/tab_top_unselected_7.png","gui","ImportedVanillaPlaceholder","26","32","26","32","1","1","True","False","False","Static","3",""
"textures/gui/sprites/container/enchanting_table/enchantment_slot_disabled.png","gui","ExtractedLegacyGuiSprite","108","19","216","38","2","2","True","False","False","Static","6",""
"textures/gui/sprites/container/enchanting_table/enchantment_slot_highlighted.png","gui","ExtractedLegacyGuiSprite","108","19","216","38","2","2","True","False","False","Static","6",""
"textures/gui/sprites/container/enchanting_table/enchantment_slot.png","gui","ExtractedLegacyGuiSprite","108","19","216","38","2","2","True","False","False","Static","6",""
"textures/gui/sprites/container/enchanting_table/level_1_disabled.png","gui","ExtractedLegacyGuiSprite","16","16","32","32","2","2","True","False","False","Static","6",""
"textures/gui/sprites/container/enchanting_table/level_1.png","gui","ExtractedLegacyGuiSprite","16","16","32","32","2","2","True","False","False","Static","6",""
"textures/gui/sprites/container/enchanting_table/level_2_disabled.png","gui","ImportedVanillaPlaceholder","16","16","16","16","1","1","True","False","False","Static","3",""
"textures/gui/sprites/container/enchanting_table/level_2.png","gui","ExtractedLegacyGuiSprite","16","16","32","32","2","2","True","False","False","Static","6",""
"textures/gui/sprites/container/enchanting_table/level_3_disabled.png","gui","ImportedVanillaPlaceholder","16","16","16","16","1","1","True","False","False","Static","3",""
"textures/gui/sprites/container/enchanting_table/level_3.png","gui","ExtractedLegacyGuiSprite","16","16","32","32","2","2","True","False","False","Static","6",""
"textures/gui/sprites/container/furnace/burn_progress.png","gui","ImportedVanillaPlaceholder","24","16","24","16","1","1","True","False","False","Static","3",""
"textures/gui/sprites/container/furnace/lit_progress.png","gui","ImportedVanillaPlaceholder","14","14","14","14","1","1","True","False","False","Static","3",""
"textures/gui/sprites/container/grindstone/error.png","gui","ImportedVanillaPlaceholder","28","21","28","21","1","1","True","False","False","Static","3",""
"textures/gui/sprites/container/horse/armor_slot.png","gui","ExtractedLegacyGuiSprite","18","18","36","36","2","2","True","False","False","Static","6",""
"textures/gui/sprites/container/horse/chest_slots.png","gui","ImportedVanillaPlaceholder","90","54","90","54","1","1","True","False","False","Static","3",""
"textures/gui/sprites/container/horse/llama_armor_slot.png","gui","ExtractedLegacyGuiSprite","18","18","36","36","2","2","True","False","False","Static","6",""
"textures/gui/sprites/container/horse/saddle_slot.png","gui","ExtractedLegacyGuiSprite","18","18","36","36","2","2","True","False","False","Static","6",""
"textures/gui/sprites/container/inventory/effect_background_large.png","gui","ExtractedLegacyGuiSprite","120","32","240","64","2","2","True","False","False","Static","6",""
"textures/gui/sprites/container/inventory/effect_background_small.png","gui","ImportedVanillaPlaceholder","32","32","32","32","1","1","True","False","False","Static","3",""
"textures/gui/sprites/container/loom/banner_slot.png","gui","ExtractedLegacyGuiSprite","16","16","32","32","2","2","True","False","False","Static","6",""
"textures/gui/sprites/container/loom/dye_slot.png","gui","ExtractedLegacyGuiSprite","16","16","32","32","2","2","True","False","False","Static","6",""
"textures/gui/sprites/container/loom/error.png","gui","ImportedVanillaPlaceholder","26","26","26","26","1","1","True","False","False","Static","3",""
"textures/gui/sprites/container/loom/pattern_highlighted.png","gui","ExtractedLegacyGuiSprite","14","14","28","28","2","2","True","False","False","Static","6",""
"textures/gui/sprites/container/loom/pattern_selected.png","gui","ExtractedLegacyGuiSprite","14","14","28","28","2","2","True","False","False","Static","6",""
"textures/gui/sprites/container/loom/pattern_slot.png","gui","ExtractedLegacyGuiSprite","16","16","32","32","2","2","True","False","False","Static","6",""
"textures/gui/sprites/container/loom/pattern.png","gui","ExtractedLegacyGuiSprite","14","14","28","28","2","2","True","False","False","Static","6",""
"textures/gui/sprites/container/loom/scroller_disabled.png","gui","ImportedVanillaPlaceholder","12","15","12","15","1","1","True","False","False","Static","0",""
"textures/gui/sprites/container/loom/scroller.png","gui","ImportedVanillaPlaceholder","12","15","12","15","1","1","True","False","False","Static","0",""
"textures/gui/sprites/container/slot.png","gui","ImportedVanillaPlaceholder","18","18","18","18","1","1","True","False","False","Static","3",""
"textures/gui/sprites/container/smithing/error.png","gui","ImportedVanillaPlaceholder","28","21","28","21","1","1","True","False","False","Static","3",""
"textures/gui/sprites/container/smoker/burn_progress.png","gui","ImportedVanillaPlaceholder","24","16","24","16","1","1","True","False","False","Static","3",""
"textures/gui/sprites/container/smoker/lit_progress.png","gui","ImportedVanillaPlaceholder","14","14","14","14","1","1","True","False","False","Static","3",""
"textures/gui/sprites/container/stonecutter/recipe_highlighted.png","gui","ExtractedLegacyGuiSprite","16","18","32","36","2","2","True","False","False","Static","6",""
"textures/gui/sprites/container/stonecutter/recipe_selected.png","gui","ExtractedLegacyGuiSprite","16","18","32","36","2","2","True","False","False","Static","6",""
"textures/gui/sprites/container/stonecutter/recipe.png","gui","ExtractedLegacyGuiSprite","16","18","32","36","2","2","True","False","False","Static","6",""
"textures/gui/sprites/container/stonecutter/scroller_disabled.png","gui","ImportedVanillaPlaceholder","12","15","12","15","1","1","True","False","False","Static","0",""
"textures/gui/sprites/container/stonecutter/scroller.png","gui","ImportedVanillaPlaceholder","12","15","12","15","1","1","True","False","False","Static","0",""
"textures/gui/sprites/container/villager/discount_strikethrough.png","gui","ExtractedLegacyGuiSprite","9","2","18","4","2","2","True","False","False","Static","6",""
"textures/gui/sprites/container/villager/experience_bar_background.png","gui","ExtractedLegacyGuiSprite","102","5","204","10","2","2","True","False","False","Static","6",""
"textures/gui/sprites/container/villager/experience_bar_current.png","gui","ExtractedLegacyGuiSprite","102","5","204","10","2","2","True","False","False","Static","6",""
"textures/gui/sprites/container/villager/experience_bar_result.png","gui","ImportedVanillaPlaceholder","102","5","102","5","1","1","True","False","False","Static","3",""
"textures/gui/sprites/container/villager/out_of_stock.png","gui","ExtractedLegacyGuiSprite","28","21","56","42","2","2","True","False","False","Static","6",""
"textures/gui/sprites/container/villager/scroller_disabled.png","gui","ExtractedLegacyGuiSprite","6","27","12","54","2","2","True","False","False","Static","6",""
"textures/gui/sprites/container/villager/scroller.png","gui","ExtractedLegacyGuiSprite","6","27","12","54","2","2","True","False","False","Static","6",""
"textures/gui/sprites/container/villager/trade_arrow_out_of_stock.png","gui","ExtractedLegacyGuiSprite","10","9","20","18","2","2","True","False","False","Static","6",""
"textures/gui/sprites/container/villager/trade_arrow.png","gui","ExtractedLegacyGuiSprite","10","9","20","18","2","2","True","False","False","Static","6",""
"textures/gui/sprites/gamemode_switcher/selection.png","gui","ExtractedLegacyGuiSprite","26","26","26","26","1","1","True","False","False","Static","6",""
"textures/gui/sprites/gamemode_switcher/slot.png","gui","ExtractedLegacyGuiSprite","26","26","26","26","1","1","True","False","False","Static","6",""
"textures/gui/sprites/hud/air_bursting.png","gui","ExtractedLegacyGuiSprite","9","9","18","18","2","2","True","False","False","Static","6",""
"textures/gui/sprites/hud/air.png","gui","ExtractedLegacyGuiSprite","9","9","18","18","2","2","True","False","False","Static","6",""
"textures/gui/sprites/hud/armor_empty.png","gui","ExtractedLegacyGuiSprite","9","9","18","18","2","2","True","False","False","Static","6",""
"textures/gui/sprites/hud/armor_full.png","gui","ImportedVanillaPlaceholder","9","9","9","9","1","1","True","False","False","Static","6",""
"textures/gui/sprites/hud/armor_half.png","gui","ExtractedLegacyGuiSprite","9","9","18","18","2","2","True","False","False","Static","6",""
"textures/gui/sprites/hud/crosshair_attack_indicator_background.png","gui","ExtractedLegacyGuiSprite","16","4","32","8","2","2","True","False","False","Static","6",""
"textures/gui/sprites/hud/crosshair_attack_indicator_full.png","gui","ExtractedLegacyGuiSprite","16","16","32","32","2","2","True","False","False","Static","6",""
"textures/gui/sprites/hud/crosshair_attack_indicator_progress.png","gui","ExtractedLegacyGuiSprite","16","4","32","8","2","2","True","False","False","Static","6",""
"textures/gui/sprites/hud/crosshair.png","gui","ImportedVanillaPlaceholder","15","15","15","15","1","1","True","False","False","Static","6",""
"textures/gui/sprites/hud/effect_background_ambient.png","gui","ExtractedLegacyGuiSprite","24","24","48","48","2","2","True","False","False","Static","6",""
"textures/gui/sprites/hud/effect_background.png","gui","ExtractedLegacyGuiSprite","24","24","48","48","2","2","True","False","False","Static","6",""
"textures/gui/sprites/hud/experience_bar_background.png","gui","ExtractedLegacyGuiSprite","182","5","364","10","2","2","True","False","False","Static","6",""
"textures/gui/sprites/hud/experience_bar_progress.png","gui","ExtractedLegacyGuiSprite","182","5","364","10","2","2","True","False","False","Static","6",""
"textures/gui/sprites/hud/food_empty_hunger.png","gui","ExtractedLegacyGuiSprite","9","9","18","18","2","2","True","False","False","Static","6",""
"textures/gui/sprites/hud/food_empty.png","gui","ExtractedLegacyGuiSprite","9","9","18","18","2","2","True","False","False","Static","6",""
"textures/gui/sprites/hud/food_full_hunger.png","gui","ExtractedLegacyGuiSprite","9","9","18","18","2","2","True","False","False","Static","6",""
"textures/gui/sprites/hud/food_full.png","gui","ExtractedLegacyGuiSprite","9","9","18","18","2","2","True","False","False","Static","6",""
"textures/gui/sprites/hud/food_half_hunger.png","gui","ExtractedLegacyGuiSprite","9","9","18","18","2","2","True","False","False","Static","6",""
"textures/gui/sprites/hud/food_half.png","gui","ExtractedLegacyGuiSprite","9","9","18","18","2","2","True","False","False","Static","6",""
"textures/gui/sprites/hud/heart/absorbing_full_blinking.png","gui","ExtractedLegacyGuiSprite","9","9","18","18","2","2","True","False","False","Static","6",""
"textures/gui/sprites/hud/heart/absorbing_full.png","gui","ExtractedLegacyGuiSprite","9","9","18","18","2","2","True","False","False","Static","6",""
"textures/gui/sprites/hud/heart/absorbing_half_blinking.png","gui","ExtractedLegacyGuiSprite","9","9","18","18","2","2","True","False","False","Static","6",""
"textures/gui/sprites/hud/heart/absorbing_half.png","gui","ExtractedLegacyGuiSprite","9","9","18","18","2","2","True","False","False","Static","6",""
"textures/gui/sprites/hud/heart/absorbing_hardcore_full_blinking.png","gui","ExtractedLegacyGuiSprite","9","9","18","18","2","2","True","False","False","Static","6",""
"textures/gui/sprites/hud/heart/absorbing_hardcore_full.png","gui","ExtractedLegacyGuiSprite","9","9","18","18","2","2","True","False","False","Static","6",""
"textures/gui/sprites/hud/heart/absorbing_hardcore_half_blinking.png","gui","ExtractedLegacyGuiSprite","9","9","18","18","2","2","True","False","False","Static","6",""
"textures/gui/sprites/hud/heart/absorbing_hardcore_half.png","gui","ExtractedLegacyGuiSprite","9","9","18","18","2","2","True","False","False","Static","6",""
"textures/gui/sprites/hud/heart/container_blinking.png","gui","ImportedVanillaPlaceholder","9","9","9","9","1","1","True","False","False","Static","6",""
"textures/gui/sprites/hud/heart/container_hardcore_blinking.png","gui","ImportedVanillaPlaceholder","9","9","9","9","1","1","True","False","False","Static","6",""
"textures/gui/sprites/hud/heart/container_hardcore.png","gui","ImportedVanillaPlaceholder","9","9","9","9","1","1","True","False","False","Static","6",""
"textures/gui/sprites/hud/heart/container.png","gui","ImportedVanillaPlaceholder","9","9","9","9","1","1","True","False","False","Static","6",""
"textures/gui/sprites/hud/heart/frozen_full_blinking.png","gui","ExtractedLegacyGuiSprite","9","9","18","18","2","2","True","False","False","Static","6",""
"textures/gui/sprites/hud/heart/frozen_full.png","gui","ExtractedLegacyGuiSprite","9","9","18","18","2","2","True","False","False","Static","6",""
"textures/gui/sprites/hud/heart/frozen_half_blinking.png","gui","ExtractedLegacyGuiSprite","9","9","18","18","2","2","True","False","False","Static","6",""
"textures/gui/sprites/hud/heart/frozen_half.png","gui","ExtractedLegacyGuiSprite","9","9","18","18","2","2","True","False","False","Static","6",""
"textures/gui/sprites/hud/heart/frozen_hardcore_full_blinking.png","gui","ExtractedLegacyGuiSprite","9","9","18","18","2","2","True","False","False","Static","6",""
"textures/gui/sprites/hud/heart/frozen_hardcore_full.png","gui","ExtractedLegacyGuiSprite","9","9","18","18","2","2","True","False","False","Static","6",""
"textures/gui/sprites/hud/heart/frozen_hardcore_half_blinking.png","gui","ExtractedLegacyGuiSprite","9","9","18","18","2","2","True","False","False","Static","6",""
"textures/gui/sprites/hud/heart/frozen_hardcore_half.png","gui","ExtractedLegacyGuiSprite","9","9","18","18","2","2","True","False","False","Static","6",""
"textures/gui/sprites/hud/heart/full_blinking.png","gui","ExtractedLegacyGuiSprite","9","9","18","18","2","2","True","False","False","Static","6",""
"textures/gui/sprites/hud/heart/full.png","gui","ExtractedLegacyGuiSprite","9","9","18","18","2","2","True","False","False","Static","6",""
"textures/gui/sprites/hud/heart/half_blinking.png","gui","ExtractedLegacyGuiSprite","9","9","18","18","2","2","True","False","False","Static","6",""
"textures/gui/sprites/hud/heart/half.png","gui","ExtractedLegacyGuiSprite","9","9","18","18","2","2","True","False","False","Static","6",""
"textures/gui/sprites/hud/heart/hardcore_full_blinking.png","gui","ExtractedLegacyGuiSprite","9","9","18","18","2","2","True","False","False","Static","6",""
"textures/gui/sprites/hud/heart/hardcore_full.png","gui","ExtractedLegacyGuiSprite","9","9","18","18","2","2","True","False","False","Static","6",""
"textures/gui/sprites/hud/heart/hardcore_half_blinking.png","gui","ExtractedLegacyGuiSprite","9","9","18","18","2","2","True","False","False","Static","6",""
"textures/gui/sprites/hud/heart/hardcore_half.png","gui","ExtractedLegacyGuiSprite","9","9","18","18","2","2","True","False","False","Static","6",""
"textures/gui/sprites/hud/heart/poisoned_full_blinking.png","gui","ExtractedLegacyGuiSprite","9","9","18","18","2","2","True","False","False","Static","6",""
"textures/gui/sprites/hud/heart/poisoned_full.png","gui","ExtractedLegacyGuiSprite","9","9","18","18","2","2","True","False","False","Static","6",""
"textures/gui/sprites/hud/heart/poisoned_half_blinking.png","gui","ExtractedLegacyGuiSprite","9","9","18","18","2","2","True","False","False","Static","6",""
"textures/gui/sprites/hud/heart/poisoned_half.png","gui","ExtractedLegacyGuiSprite","9","9","18","18","2","2","True","False","False","Static","6",""
"textures/gui/sprites/hud/heart/poisoned_hardcore_full_blinking.png","gui","ExtractedLegacyGuiSprite","9","9","18","18","2","2","True","False","False","Static","6",""
"textures/gui/sprites/hud/heart/poisoned_hardcore_full.png","gui","ExtractedLegacyGuiSprite","9","9","18","18","2","2","True","False","False","Static","6",""
"textures/gui/sprites/hud/heart/poisoned_hardcore_half_blinking.png","gui","ExtractedLegacyGuiSprite","9","9","18","18","2","2","True","False","False","Static","6",""
"textures/gui/sprites/hud/heart/poisoned_hardcore_half.png","gui","ExtractedLegacyGuiSprite","9","9","18","18","2","2","True","False","False","Static","6",""
"textures/gui/sprites/hud/heart/vehicle_container.png","gui","ExtractedLegacyGuiSprite","9","9","18","18","2","2","True","False","False","Static","6",""
"textures/gui/sprites/hud/heart/vehicle_full.png","gui","ExtractedLegacyGuiSprite","9","9","18","18","2","2","True","False","False","Static","6",""
"textures/gui/sprites/hud/heart/vehicle_half.png","gui","ExtractedLegacyGuiSprite","9","9","18","18","2","2","True","False","False","Static","6",""
"textures/gui/sprites/hud/heart/withered_full_blinking.png","gui","ExtractedLegacyGuiSprite","9","9","18","18","2","2","True","False","False","Static","6",""
"textures/gui/sprites/hud/heart/withered_full.png","gui","ExtractedLegacyGuiSprite","9","9","18","18","2","2","True","False","False","Static","6",""
"textures/gui/sprites/hud/heart/withered_half_blinking.png","gui","ExtractedLegacyGuiSprite","9","9","18","18","2","2","True","False","False","Static","6",""
"textures/gui/sprites/hud/heart/withered_half.png","gui","ExtractedLegacyGuiSprite","9","9","18","18","2","2","True","False","False","Static","6",""
"textures/gui/sprites/hud/heart/withered_hardcore_full_blinking.png","gui","ExtractedLegacyGuiSprite","9","9","18","18","2","2","True","False","False","Static","6",""
"textures/gui/sprites/hud/heart/withered_hardcore_full.png","gui","ExtractedLegacyGuiSprite","9","9","18","18","2","2","True","False","False","Static","6",""
"textures/gui/sprites/hud/heart/withered_hardcore_half_blinking.png","gui","ExtractedLegacyGuiSprite","9","9","18","18","2","2","True","False","False","Static","6",""
"textures/gui/sprites/hud/heart/withered_hardcore_half.png","gui","ExtractedLegacyGuiSprite","9","9","18","18","2","2","True","False","False","Static","6",""
"textures/gui/sprites/hud/hotbar_attack_indicator_background.png","gui","ExtractedLegacyGuiSprite","18","18","36","36","2","2","True","False","False","Static","6",""
"textures/gui/sprites/hud/hotbar_attack_indicator_progress.png","gui","ExtractedLegacyGuiSprite","18","18","36","36","2","2","True","False","False","Static","6",""
"textures/gui/sprites/hud/hotbar_offhand_left.png","gui","ExtractedLegacyGuiSprite","29","24","58","48","2","2","True","False","False","Static","6",""
"textures/gui/sprites/hud/hotbar_offhand_right.png","gui","ExtractedLegacyGuiSprite","29","24","58","48","2","2","True","False","False","Static","6",""
"textures/gui/sprites/hud/hotbar_selection.png","gui","ExtractedLegacyGuiSprite","24","23","48","46","2","2","True","False","False","Static","6",""
"textures/gui/sprites/hud/hotbar.png","gui","ExtractedLegacyGuiSprite","182","22","364","44","2","2","True","False","False","Static","6",""
"textures/gui/sprites/hud/jump_bar_background.png","gui","ExtractedLegacyGuiSprite","182","5","364","10","2","2","True","False","False","Static","6",""
"textures/gui/sprites/hud/jump_bar_cooldown.png","gui","ImportedVanillaPlaceholder","182","5","182","5","1","1","True","False","False","Static","3",""
"textures/gui/sprites/hud/jump_bar_progress.png","gui","ExtractedLegacyGuiSprite","182","5","364","10","2","2","True","False","False","Static","6",""
"textures/gui/sprites/icon/accessibility.png","gui","ImportedVanillaPlaceholder","15","15","15","15","1","1","True","False","False","Static","3",""
"textures/gui/sprites/icon/chat_modified.png","gui","ImportedVanillaPlaceholder","9","9","9","9","1","1","True","False","False","Static","3",""
"textures/gui/sprites/icon/checkmark.png","gui","ImportedVanillaPlaceholder","9","8","9","8","1","1","True","False","False","Static","6",""
"textures/gui/sprites/icon/draft_report.png","gui","ExtractedLegacyGuiSprite","15","15","30","30","2","2","True","False","False","Static","6",""
"textures/gui/sprites/icon/info.png","gui","ImportedVanillaPlaceholder","20","20","20","20","1","1","True","False","False","Static","3",""
"textures/gui/sprites/icon/invite.png","gui","ImportedVanillaPlaceholder","14","14","14","14","1","1","True","False","False","Static","3",""
"textures/gui/sprites/icon/language.png","gui","ImportedVanillaPlaceholder","15","15","15","15","1","1","True","False","False","Static","3",""
"textures/gui/sprites/icon/link_highlighted.png","gui","ImportedVanillaPlaceholder","15","15","15","15","1","1","True","False","False","Static","3",""
"textures/gui/sprites/icon/link.png","gui","ImportedVanillaPlaceholder","15","15","15","15","1","1","True","False","False","Static","3",""
"textures/gui/sprites/icon/new_realm.png","gui","ImportedVanillaPlaceholder","40","20","40","20","1","1","True","False","False","Static","3",""
"textures/gui/sprites/icon/news.png","gui","ImportedVanillaPlaceholder","14","14","14","14","1","1","True","False","False","Static","3",""
"textures/gui/sprites/icon/ping_1.png","gui","ImportedVanillaPlaceholder","10","8","10","8","1","1","True","False","False","Static","6",""
"textures/gui/sprites/icon/ping_2.png","gui","ImportedVanillaPlaceholder","10","8","10","8","1","1","True","False","False","Static","6",""
"textures/gui/sprites/icon/ping_3.png","gui","ImportedVanillaPlaceholder","10","8","10","8","1","1","True","False","False","Static","6",""
"textures/gui/sprites/icon/ping_4.png","gui","ImportedVanillaPlaceholder","10","8","10","8","1","1","True","False","False","Static","6",""
"textures/gui/sprites/icon/ping_5.png","gui","ImportedVanillaPlaceholder","10","8","10","8","1","1","True","False","False","Static","6",""
"textures/gui/sprites/icon/ping_unknown.png","gui","ImportedVanillaPlaceholder","10","8","10","8","1","1","True","False","False","Static","6",""
"textures/gui/sprites/icon/search.png","gui","ExtractedLegacyGuiSprite","12","12","12","12","1","1","True","False","False","Static","6",""
"textures/gui/sprites/icon/trial_available.png","gui","ImportedVanillaPlaceholder","8","48","8","48","1","1","True","True","True","Validated","3",""
"textures/gui/sprites/icon/unseen_notification.png","gui","ImportedVanillaPlaceholder","10","10","10","10","1","1","True","False","False","Static","2",""
"textures/gui/sprites/icon/video_link_highlighted.png","gui","ImportedVanillaPlaceholder","15","15","15","15","1","1","True","False","False","Static","3",""
"textures/gui/sprites/icon/video_link.png","gui","ImportedVanillaPlaceholder","15","15","15","15","1","1","True","False","False","Static","6",""
"textures/gui/sprites/notification/1.png","gui","ExtractedLegacyGuiSprite","8","8","16","16","2","2","True","False","False","Static","6",""
"textures/gui/sprites/notification/2.png","gui","ExtractedLegacyGuiSprite","8","8","16","16","2","2","True","False","False","Static","6",""
"textures/gui/sprites/notification/3.png","gui","ExtractedLegacyGuiSprite","8","8","16","16","2","2","True","False","False","Static","6",""
"textures/gui/sprites/notification/4.png","gui","ExtractedLegacyGuiSprite","8","8","16","16","2","2","True","False","False","Static","6",""
"textures/gui/sprites/notification/5.png","gui","ExtractedLegacyGuiSprite","8","8","16","16","2","2","True","False","False","Static","6",""
"textures/gui/sprites/notification/more.png","gui","ImportedVanillaPlaceholder","8","8","8","8","1","1","True","False","False","Static","3",""
"textures/gui/sprites/pending_invite/accept_highlighted.png","gui","ImportedVanillaPlaceholder","18","18","18","18","1","1","True","False","False","Static","3",""
"textures/gui/sprites/pending_invite/accept.png","gui","ImportedVanillaPlaceholder","18","18","18","18","1","1","True","False","False","Static","3",""
"textures/gui/sprites/pending_invite/reject_highlighted.png","gui","ImportedVanillaPlaceholder","18","18","18","18","1","1","True","False","False","Static","3",""
"textures/gui/sprites/pending_invite/reject.png","gui","ImportedVanillaPlaceholder","18","18","18","18","1","1","True","False","False","Static","3",""
"textures/gui/sprites/player_list/make_operator.png","gui","ImportedVanillaPlaceholder","8","7","8","7","1","1","True","False","False","Static","6",""
"textures/gui/sprites/player_list/remove_operator.png","gui","ImportedVanillaPlaceholder","8","7","8","7","1","1","True","False","False","Static","6",""
"textures/gui/sprites/player_list/remove_player.png","gui","ImportedVanillaPlaceholder","8","7","8","7","1","1","True","False","False","Static","6",""
"textures/gui/sprites/popup/background.png","gui","ImportedVanillaPlaceholder","236","34","236","34","1","1","True","False","False","NotAnimation","3",""
"textures/gui/sprites/realm_status/closed.png","gui","ImportedVanillaPlaceholder","10","28","10","28","1","1","True","False","False","Static","6",""
"textures/gui/sprites/realm_status/expired.png","gui","ImportedVanillaPlaceholder","10","28","10","28","1","1","True","False","False","Static","6",""
"textures/gui/sprites/realm_status/expires_soon.png","gui","ImportedVanillaPlaceholder","10","56","10","56","1","1","True","True","True","Validated","2",""
"textures/gui/sprites/realm_status/open.png","gui","ImportedVanillaPlaceholder","10","28","10","28","1","1","True","False","False","Static","6",""
"textures/gui/sprites/recipe_book/button_highlighted.png","gui","ExtractedLegacyGuiSprite","20","18","20","18","1","1","True","False","False","Static","6",""
"textures/gui/sprites/recipe_book/button.png","gui","ExtractedLegacyGuiSprite","20","18","20","18","1","1","True","False","False","Static","6",""
"textures/gui/sprites/recipe_book/crafting_overlay_disabled_highlighted.png","gui","ExtractedLegacyGuiSprite","24","24","48","48","2","2","True","False","False","Static","6",""
"textures/gui/sprites/recipe_book/crafting_overlay_disabled.png","gui","ExtractedLegacyGuiSprite","24","24","48","48","2","2","True","False","False","Static","6",""
"textures/gui/sprites/recipe_book/crafting_overlay_highlighted.png","gui","ExtractedLegacyGuiSprite","24","24","48","48","2","2","True","False","False","Static","6",""
"textures/gui/sprites/recipe_book/crafting_overlay.png","gui","ExtractedLegacyGuiSprite","24","24","48","48","2","2","True","False","False","Static","6",""
"textures/gui/sprites/recipe_book/filter_disabled_highlighted.png","gui","ExtractedLegacyGuiSprite","26","16","52","32","2","2","True","False","False","Static","6",""
"textures/gui/sprites/recipe_book/filter_disabled.png","gui","ExtractedLegacyGuiSprite","26","16","52","32","2","2","True","False","False","Static","6",""
"textures/gui/sprites/recipe_book/filter_enabled_highlighted.png","gui","ExtractedLegacyGuiSprite","26","16","52","32","2","2","True","False","False","Static","6",""
"textures/gui/sprites/recipe_book/filter_enabled.png","gui","ExtractedLegacyGuiSprite","26","16","52","32","2","2","True","False","False","Static","6",""
"textures/gui/sprites/recipe_book/furnace_filter_disabled_highlighted.png","gui","ExtractedLegacyGuiSprite","26","16","52","32","2","2","True","False","False","Static","6",""
"textures/gui/sprites/recipe_book/furnace_filter_disabled.png","gui","ExtractedLegacyGuiSprite","26","16","52","32","2","2","True","False","False","Static","6",""
"textures/gui/sprites/recipe_book/furnace_filter_enabled_highlighted.png","gui","ExtractedLegacyGuiSprite","26","16","52","32","2","2","True","False","False","Static","6",""
"textures/gui/sprites/recipe_book/furnace_filter_enabled.png","gui","ExtractedLegacyGuiSprite","26","16","52","32","2","2","True","False","False","Static","6",""
"textures/gui/sprites/recipe_book/furnace_overlay_disabled_highlighted.png","gui","ExtractedLegacyGuiSprite","24","24","48","48","2","2","True","False","False","Static","6",""
"textures/gui/sprites/recipe_book/furnace_overlay_disabled.png","gui","ExtractedLegacyGuiSprite","24","24","48","48","2","2","True","False","False","Static","6",""
"textures/gui/sprites/recipe_book/furnace_overlay_highlighted.png","gui","ExtractedLegacyGuiSprite","24","24","48","48","2","2","True","False","False","Static","6",""
"textures/gui/sprites/recipe_book/furnace_overlay.png","gui","ExtractedLegacyGuiSprite","24","24","48","48","2","2","True","False","False","Static","6",""
"textures/gui/sprites/recipe_book/overlay_recipe.png","gui","ExtractedLegacyGuiSprite","32","32","64","64","2","2","True","False","False","NotAnimation","6",""
"textures/gui/sprites/recipe_book/page_backward_highlighted.png","gui","ExtractedLegacyGuiSprite","12","17","24","34","2","2","True","False","False","Static","6",""
"textures/gui/sprites/recipe_book/page_backward.png","gui","ExtractedLegacyGuiSprite","12","17","24","34","2","2","True","False","False","Static","6",""
"textures/gui/sprites/recipe_book/page_forward_highlighted.png","gui","ExtractedLegacyGuiSprite","12","17","24","34","2","2","True","False","False","Static","6",""
"textures/gui/sprites/recipe_book/page_forward.png","gui","ExtractedLegacyGuiSprite","12","17","24","34","2","2","True","False","False","Static","6",""
"textures/gui/sprites/recipe_book/slot_craftable.png","gui","ExtractedLegacyGuiSprite","25","25","50","50","2","2","True","False","False","Static","6",""
"textures/gui/sprites/recipe_book/slot_many_craftable.png","gui","ExtractedLegacyGuiSprite","25","25","50","50","2","2","True","False","False","Static","6",""
"textures/gui/sprites/recipe_book/slot_many_uncraftable.png","gui","ImportedVanillaPlaceholder","25","25","25","25","1","1","True","False","False","Static","3",""
"textures/gui/sprites/recipe_book/slot_uncraftable.png","gui","ImportedVanillaPlaceholder","25","25","25","25","1","1","True","False","False","Static","3",""
"textures/gui/sprites/recipe_book/tab_selected.png","gui","ExtractedLegacyGuiSprite","35","27","70","54","2","2","True","False","False","Static","6",""
"textures/gui/sprites/recipe_book/tab.png","gui","ExtractedLegacyGuiSprite","35","27","70","54","2","2","True","False","False","Static","6",""
"textures/gui/sprites/server_list/incompatible.png","gui","ImportedVanillaPlaceholder","10","8","10","8","1","1","True","False","False","Static","6",""
"textures/gui/sprites/server_list/join_highlighted.png","gui","ExtractedLegacyGuiSprite","32","32","64","64","2","2","True","False","False","Static","6",""
"textures/gui/sprites/server_list/join.png","gui","ExtractedLegacyGuiSprite","32","32","64","64","2","2","True","False","False","Static","6",""
"textures/gui/sprites/server_list/move_down_highlighted.png","gui","ExtractedLegacyGuiSprite","32","32","64","64","2","2","True","False","False","Static","6",""
"textures/gui/sprites/server_list/move_down.png","gui","ExtractedLegacyGuiSprite","32","32","64","64","2","2","True","False","False","Static","6",""
"textures/gui/sprites/server_list/move_up_highlighted.png","gui","ImportedVanillaPlaceholder","32","32","32","32","1","1","True","False","False","Static","6",""
"textures/gui/sprites/server_list/move_up.png","gui","ExtractedLegacyGuiSprite","32","32","64","64","2","2","True","False","False","Static","6",""
"textures/gui/sprites/server_list/ping_1.png","gui","ImportedVanillaPlaceholder","10","8","10","8","1","1","True","False","False","Static","6",""
"textures/gui/sprites/server_list/ping_2.png","gui","ImportedVanillaPlaceholder","10","8","10","8","1","1","True","False","False","Static","6",""
"textures/gui/sprites/server_list/ping_3.png","gui","ImportedVanillaPlaceholder","10","8","10","8","1","1","True","False","False","Static","6",""
"textures/gui/sprites/server_list/ping_4.png","gui","ImportedVanillaPlaceholder","10","8","10","8","1","1","True","False","False","Static","6",""
"textures/gui/sprites/server_list/ping_5.png","gui","ImportedVanillaPlaceholder","10","8","10","8","1","1","True","False","False","Static","6",""
"textures/gui/sprites/server_list/pinging_1.png","gui","ExtractedLegacyGuiSprite","10","8","20","16","2","2","True","False","False","Static","6",""
"textures/gui/sprites/server_list/pinging_2.png","gui","ExtractedLegacyGuiSprite","10","8","20","16","2","2","True","False","False","Static","6",""
"textures/gui/sprites/server_list/pinging_3.png","gui","ExtractedLegacyGuiSprite","10","8","20","16","2","2","True","False","False","Static","6",""
"textures/gui/sprites/server_list/pinging_4.png","gui","ExtractedLegacyGuiSprite","10","8","20","16","2","2","True","False","False","Static","6",""
"textures/gui/sprites/server_list/pinging_5.png","gui","ExtractedLegacyGuiSprite","10","8","20","16","2","2","True","False","False","Static","6",""
"textures/gui/sprites/server_list/unreachable.png","gui","ImportedVanillaPlaceholder","10","8","10","8","1","1","True","False","False","Static","6",""
"textures/gui/sprites/social_interactions/background.png","gui","ExtractedLegacyGuiSprite","236","34","236","34","1","1","True","False","False","NotAnimation","6",""
"textures/gui/sprites/social_interactions/mute_button_highlighted.png","gui","ExtractedLegacyGuiSprite","20","20","20","20","1","1","True","False","False","Static","6",""
"textures/gui/sprites/social_interactions/mute_button.png","gui","ExtractedLegacyGuiSprite","20","20","20","20","1","1","True","False","False","Static","6",""
"textures/gui/sprites/social_interactions/report_button_disabled.png","gui","ImportedVanillaPlaceholder","20","20","20","20","1","1","True","False","False","Static","3",""
"textures/gui/sprites/social_interactions/report_button_highlighted.png","gui","ImportedVanillaPlaceholder","20","20","20","20","1","1","True","False","False","Static","3",""
"textures/gui/sprites/social_interactions/report_button.png","gui","ImportedVanillaPlaceholder","20","20","20","20","1","1","True","False","False","Static","3",""
"textures/gui/sprites/social_interactions/unmute_button_highlighted.png","gui","ExtractedLegacyGuiSprite","20","20","20","20","1","1","True","False","False","Static","6",""
"textures/gui/sprites/social_interactions/unmute_button.png","gui","ExtractedLegacyGuiSprite","20","20","20","20","1","1","True","False","False","Static","6",""
"textures/gui/sprites/spectator/close.png","gui","ExtractedLegacyGuiSprite","16","16","16","16","1","1","True","False","False","Static","6",""
"textures/gui/sprites/spectator/scroll_left.png","gui","ExtractedLegacyGuiSprite","16","16","16","16","1","1","True","False","False","Static","6",""
"textures/gui/sprites/spectator/scroll_right.png","gui","ExtractedLegacyGuiSprite","16","16","16","16","1","1","True","False","False","Static","6",""
"textures/gui/sprites/spectator/teleport_to_player.png","gui","ExtractedLegacyGuiSprite","16","16","16","16","1","1","True","False","False","Static","6",""
"textures/gui/sprites/spectator/teleport_to_team.png","gui","ExtractedLegacyGuiSprite","16","16","16","16","1","1","True","False","False","Static","6",""
"textures/gui/sprites/statistics/block_mined.png","gui","ExtractedLegacyGuiSprite","18","18","36","36","2","2","True","False","False","Static","6",""
"textures/gui/sprites/statistics/header.png","gui","ExtractedLegacyGuiSprite","18","18","36","36","2","2","True","False","False","Static","6",""
"textures/gui/sprites/statistics/item_broken.png","gui","ExtractedLegacyGuiSprite","18","18","36","36","2","2","True","False","False","Static","6",""
"textures/gui/sprites/statistics/item_crafted.png","gui","ExtractedLegacyGuiSprite","18","18","36","36","2","2","True","False","False","Static","6",""
"textures/gui/sprites/statistics/item_dropped.png","gui","ExtractedLegacyGuiSprite","18","18","36","36","2","2","True","False","False","Static","6",""
"textures/gui/sprites/statistics/item_picked_up.png","gui","ExtractedLegacyGuiSprite","18","18","36","36","2","2","True","False","False","Static","6",""
"textures/gui/sprites/statistics/item_used.png","gui","ExtractedLegacyGuiSprite","18","18","36","36","2","2","True","False","False","Static","6",""
"textures/gui/sprites/statistics/sort_down.png","gui","ImportedVanillaPlaceholder","18","18","18","18","1","1","True","False","False","Static","3",""
"textures/gui/sprites/statistics/sort_up.png","gui","ImportedVanillaPlaceholder","18","18","18","18","1","1","True","False","False","Static","3",""
"textures/gui/sprites/toast/advancement.png","gui","ImportedVanillaPlaceholder","160","32","160","32","1","1","True","False","False","Static","3",""
"textures/gui/sprites/toast/mouse.png","gui","ImportedVanillaPlaceholder","20","20","20","20","1","1","True","False","False","Static","3",""
"textures/gui/sprites/toast/movement_keys.png","gui","ImportedVanillaPlaceholder","20","20","20","20","1","1","True","False","False","Static","0",""
"textures/gui/sprites/toast/recipe_book.png","gui","ImportedVanillaPlaceholder","20","20","20","20","1","1","True","False","False","Static","3",""
"textures/gui/sprites/toast/recipe.png","gui","ImportedVanillaPlaceholder","160","32","160","32","1","1","True","False","False","Static","3",""
"textures/gui/sprites/toast/right_click.png","gui","ImportedVanillaPlaceholder","20","20","20","20","1","1","True","False","False","Static","3",""
"textures/gui/sprites/toast/social_interactions.png","gui","ImportedVanillaPlaceholder","20","20","20","20","1","1","True","False","False","Static","3",""
"textures/gui/sprites/toast/system.png","gui","ImportedVanillaPlaceholder","160","32","160","32","1","1","True","False","False","Static","3",""
"textures/gui/sprites/toast/tree.png","gui","ImportedVanillaPlaceholder","20","20","20","20","1","1","True","False","False","Static","3",""
"textures/gui/sprites/toast/tutorial.png","gui","ImportedVanillaPlaceholder","160","32","160","32","1","1","True","False","False","Static","0",""
"textures/gui/sprites/toast/wooden_planks.png","gui","ImportedVanillaPlaceholder","20","20","20","20","1","1","True","False","False","Static","3",""
"textures/gui/sprites/transferable_list/move_down_highlighted.png","gui","ExtractedLegacyGuiSprite","32","32","64","64","2","2","True","False","False","Static","6",""
"textures/gui/sprites/transferable_list/move_down.png","gui","ExtractedLegacyGuiSprite","32","32","64","64","2","2","True","False","False","Static","6",""
"textures/gui/sprites/transferable_list/move_up_highlighted.png","gui","ExtractedLegacyGuiSprite","32","32","64","64","2","2","True","False","False","Static","6",""
"textures/gui/sprites/transferable_list/move_up.png","gui","ExtractedLegacyGuiSprite","32","32","64","64","2","2","True","False","False","Static","6",""
"textures/gui/sprites/transferable_list/select_highlighted.png","gui","ExtractedLegacyGuiSprite","32","32","64","64","2","2","True","False","False","Static","6",""
"textures/gui/sprites/transferable_list/select.png","gui","ExtractedLegacyGuiSprite","32","32","64","64","2","2","True","False","False","Static","6",""
"textures/gui/sprites/transferable_list/unselect_highlighted.png","gui","ImportedVanillaPlaceholder","32","32","32","32","1","1","True","False","False","Static","3",""
"textures/gui/sprites/transferable_list/unselect.png","gui","ImportedVanillaPlaceholder","32","32","32","32","1","1","True","False","False","Static","3",""
"textures/gui/sprites/widget/button_disabled.png","gui","ExtractedLegacyGuiSprite","200","20","400","40","2","2","True","False","False","NotAnimation","6",""
"textures/gui/sprites/widget/button_highlighted.png","gui","ExtractedLegacyGuiSprite","200","20","400","40","2","2","True","False","False","NotAnimation","6",""
"textures/gui/sprites/widget/button.png","gui","ExtractedLegacyGuiSprite","200","20","400","40","2","2","True","False","False","NotAnimation","6",""
"textures/gui/sprites/widget/checkbox_highlighted.png","gui","ImportedVanillaPlaceholder","20","20","20","20","1","1","True","False","False","Static","3",""
"textures/gui/sprites/widget/checkbox_selected_highlighted.png","gui","ImportedVanillaPlaceholder","20","20","20","20","1","1","True","False","False","Static","3",""
"textures/gui/sprites/widget/checkbox_selected.png","gui","ExtractedLegacyGuiSprite","20","20","20","20","1","1","True","False","False","Static","6",""
"textures/gui/sprites/widget/checkbox.png","gui","ExtractedLegacyGuiSprite","20","20","20","20","1","1","True","False","False","Static","6",""
"textures/gui/sprites/widget/cross_button_highlighted.png","gui","ImportedVanillaPlaceholder","14","14","14","14","1","1","True","False","False","Static","3",""
"textures/gui/sprites/widget/cross_button.png","gui","ImportedVanillaPlaceholder","14","14","14","14","1","1","True","False","False","Static","3",""
"textures/gui/sprites/widget/locked_button_disabled.png","gui","ExtractedLegacyGuiSprite","20","20","40","40","2","2","True","False","False","Static","6",""
"textures/gui/sprites/widget/locked_button_highlighted.png","gui","ExtractedLegacyGuiSprite","20","20","40","40","2","2","True","False","False","Static","6",""
"textures/gui/sprites/widget/locked_button.png","gui","ExtractedLegacyGuiSprite","20","20","40","40","2","2","True","False","False","Static","6",""
"textures/gui/sprites/widget/page_backward_highlighted.png","gui","ExtractedLegacyGuiSprite","23","13","46","26","2","2","True","False","False","Static","6",""
"textures/gui/sprites/widget/page_backward.png","gui","ExtractedLegacyGuiSprite","23","13","46","26","2","2","True","False","False","Static","6",""
"textures/gui/sprites/widget/page_forward_highlighted.png","gui","ExtractedLegacyGuiSprite","23","13","46","26","2","2","True","False","False","Static","6",""
"textures/gui/sprites/widget/page_forward.png","gui","ExtractedLegacyGuiSprite","23","13","46","26","2","2","True","False","False","Static","6",""
"textures/gui/sprites/widget/scroller_background.png","gui","ImportedVanillaPlaceholder","6","32","6","32","1","1","True","False","False","NotAnimation","0",""
"textures/gui/sprites/widget/scroller.png","gui","ImportedVanillaPlaceholder","6","32","6","32","1","1","True","False","False","NotAnimation","3",""
"textures/gui/sprites/widget/slider_handle_highlighted.png","gui","ImportedVanillaPlaceholder","8","20","8","20","1","1","True","False","False","NotAnimation","3",""
"textures/gui/sprites/widget/slider_handle.png","gui","ImportedVanillaPlaceholder","8","20","8","20","1","1","True","False","False","NotAnimation","3",""
"textures/gui/sprites/widget/slider_highlighted.png","gui","ImportedVanillaPlaceholder","200","20","200","20","1","1","True","False","False","NotAnimation","0",""
"textures/gui/sprites/widget/slider.png","gui","ExtractedLegacyGuiSprite","200","20","400","40","2","2","True","False","False","NotAnimation","6",""
"textures/gui/sprites/widget/slot_frame.png","gui","ImportedVanillaPlaceholder","80","80","80","80","1","1","True","False","False","Static","3",""
"textures/gui/sprites/widget/tab_highlighted.png","gui","ImportedVanillaPlaceholder","130","24","130","24","1","1","True","False","False","NotAnimation","3",""
"textures/gui/sprites/widget/tab_selected_highlighted.png","gui","ImportedVanillaPlaceholder","130","24","130","24","1","1","True","False","False","NotAnimation","3",""
"textures/gui/sprites/widget/tab_selected.png","gui","ImportedVanillaPlaceholder","130","24","130","24","1","1","True","False","False","NotAnimation","3",""
"textures/gui/sprites/widget/tab.png","gui","ImportedVanillaPlaceholder","130","24","130","24","1","1","True","False","False","NotAnimation","3",""
"textures/gui/sprites/widget/text_field_highlighted.png","gui","ImportedVanillaPlaceholder","200","20","200","20","1","1","True","False","False","NotAnimation","3",""
"textures/gui/sprites/widget/text_field.png","gui","ImportedVanillaPlaceholder","200","20","200","20","1","1","True","False","False","NotAnimation","3",""
"textures/gui/sprites/widget/unlocked_button_disabled.png","gui","ExtractedLegacyGuiSprite","20","20","40","40","2","2","True","False","False","Static","6",""
"textures/gui/sprites/widget/unlocked_button_highlighted.png","gui","ExtractedLegacyGuiSprite","20","20","40","40","2","2","True","False","False","Static","6",""
"textures/gui/sprites/widget/unlocked_button.png","gui","ExtractedLegacyGuiSprite","20","20","40","40","2","2","True","False","False","Static","6",""
"textures/gui/sprites/world_list/error_highlighted.png","gui","ExtractedLegacyGuiSprite","32","32","64","64","2","2","True","False","False","Static","6",""
"textures/gui/sprites/world_list/error.png","gui","ExtractedLegacyGuiSprite","32","32","64","64","2","2","True","False","False","Static","6",""
"textures/gui/sprites/world_list/join_highlighted.png","gui","ImportedVanillaPlaceholder","32","32","32","32","1","1","True","False","False","Static","3",""
"textures/gui/sprites/world_list/join.png","gui","ImportedVanillaPlaceholder","32","32","32","32","1","1","True","False","False","Static","3",""
"textures/gui/sprites/world_list/marked_join_highlighted.png","gui","ExtractedLegacyGuiSprite","32","32","64","64","2","2","True","False","False","Static","6",""
"textures/gui/sprites/world_list/marked_join.png","gui","ExtractedLegacyGuiSprite","32","32","64","64","2","2","True","False","False","Static","6",""
"textures/gui/sprites/world_list/warning_highlighted.png","gui","ExtractedLegacyGuiSprite","32","32","64","64","2","2","True","False","False","Static","6",""
"textures/gui/sprites/world_list/warning.png","gui","ExtractedLegacyGuiSprite","32","32","64","64","2","2","True","False","False","Static","6",""
"textures/gui/tab_header_background.png","gui","ImportedVanillaPlaceholder","16","16","16","16","1","1","True","False","False","Static","6",""
"textures/gui/title/background/panorama_0.png","gui","ExistingLastDaysOverride","1","1","255","253","255","253","False","False","False","Static","2",""
"textures/gui/title/background/panorama_1.png","gui","ExistingLastDaysOverride","1","1","255","253","255","253","False","False","False","Static","2",""
"textures/gui/title/background/panorama_2.png","gui","ExistingLastDaysOverride","1","1","251","248","251","248","False","False","False","Static","2",""
"textures/gui/title/background/panorama_3.png","gui","ExistingLastDaysOverride","1","1","255","253","255","253","False","False","False","Static","2",""
"textures/gui/title/background/panorama_4.png","gui","ExistingLastDaysOverride","1","1","255","253","255","253","False","False","False","Static","3",""
"textures/gui/title/background/panorama_5.png","gui","ExistingLastDaysOverride","1","1","255","253","255","253","False","False","False","Static","2",""
"textures/gui/title/background/panorama_overlay.png","gui","ExistingLastDaysOverride","1","1","16","128","16","128","False","False","False","Static","6",""
"textures/gui/title/edition.png","gui","ExistingLastDaysOverride","512","64","705","251","1.377","3.922","False","False","False","NotAnimation","6",""
"textures/gui/title/minceraft.png","gui","ExtractedLegacyGuiSprite","1024","256","1024","256","1","1","True","False","False","NotAnimation","6",""
"textures/gui/title/minecraft.png","gui","ExistingLastDaysOverride","1024","256","1024","1024","1","4","False","False","False","NotAnimation","6",""
"textures/gui/title/mojangstudios.png","gui","ExistingLastDaysOverride","512","512","512","512","1","1","True","False","False","Static","6",""
"textures/gui/title/realms.png","gui","ImportedVanillaPlaceholder","512","256","512","256","1","1","True","False","False","NotAnimation","6",""
"textures/item/acacia_boat.png","item","ExistingLastDaysOverride","16","16","32","32","2","2","True","False","False","Static","6",""
"textures/item/acacia_chest_boat.png","item","ExistingLastDaysOverride","16","16","32","32","2","2","True","False","False","Static","6",""
"textures/item/acacia_door.png","item","ExistingLastDaysOverride","16","16","32","32","2","2","True","False","False","Static","3",""
"textures/item/acacia_hanging_sign.png","item","ImportedVanillaPlaceholder","16","16","16","16","1","1","True","False","False","Static","3",""
"textures/item/acacia_sign.png","item","ExistingLastDaysOverride","16","16","32","32","2","2","True","False","False","Static","6",""
"textures/item/amethyst_shard.png","item","ExistingLastDaysOverride","16","16","32","32","2","2","True","False","False","Static","3",""
"textures/item/angler_pottery_sherd.png","item","MigratedLegacyOverride","16","16","16","16","1","1","True","False","False","Static","6",""
"textures/item/apple.png","item","ExistingLastDaysOverride","16","16","32","32","2","2","True","False","False","Static","6",""
"textures/item/archer_pottery_sherd.png","item","MigratedLegacyOverride","16","16","16","16","1","1","True","False","False","Static","6",""
"textures/item/armadillo_scute.png","item","ImportedVanillaPlaceholder","16","16","16","16","1","1","True","False","False","Static","3",""
"textures/item/armor_stand.png","item","ExistingLastDaysOverride","16","16","32","32","2","2","True","False","False","Static","3",""
"textures/item/arms_up_pottery_sherd.png","item","MigratedLegacyOverride","16","16","16","16","1","1","True","False","False","Static","6",""
"textures/item/arrow.png","item","ExistingLastDaysOverride","16","16","32","32","2","2","True","False","False","Static","6",""
"textures/item/axolotl_bucket.png","item","ExistingLastDaysOverride","16","16","32","32","2","2","True","False","False","Static","6",""
"textures/item/baked_potato.png","item","ExistingLastDaysOverride","16","16","32","32","2","2","True","False","False","Static","6",""
"textures/item/bamboo_chest_raft.png","item","ImportedVanillaPlaceholder","16","16","16","16","1","1","True","False","False","Static","3",""
"textures/item/bamboo_door.png","item","ImportedVanillaPlaceholder","16","16","16","16","1","1","True","False","False","Static","3",""
"textures/item/bamboo_hanging_sign.png","item","ImportedVanillaPlaceholder","16","16","16","16","1","1","True","False","False","Static","3",""
"textures/item/bamboo_raft.png","item","ImportedVanillaPlaceholder","16","16","16","16","1","1","True","False","False","Static","3",""
"textures/item/bamboo_sign.png","item","ImportedVanillaPlaceholder","16","16","16","16","1","1","True","False","False","Static","3",""
"textures/item/bamboo.png","item","ExistingLastDaysOverride","16","16","32","32","2","2","True","False","False","Static","6",""
"textures/item/barrier.png","item","ExistingLastDaysOverride","16","16","32","32","2","2","True","False","False","Static","6",""
"textures/item/beef.png","item","ExistingLastDaysOverride","16","16","32","32","2","2","True","False","False","Static","6",""
"textures/item/beetroot_seeds.png","item","ExistingLastDaysOverride","16","16","32","32","2","2","True","False","False","Static","6",""
"textures/item/beetroot_soup.png","item","ExistingLastDaysOverride","16","16","32","32","2","2","True","False","False","Static","6",""
"textures/item/beetroot.png","item","ExistingLastDaysOverride","16","16","32","32","2","2","True","False","False","Static","6",""
"textures/item/bell.png","item","ExistingLastDaysOverride","16","16","32","32","2","2","True","False","False","Static","6",""
"textures/item/birch_boat.png","item","ExistingLastDaysOverride","16","16","32","32","2","2","True","False","False","Static","6",""
"textures/item/birch_chest_boat.png","item","ExistingLastDaysOverride","16","16","32","32","2","2","True","False","False","Static","6",""
"textures/item/birch_door.png","item","ExistingLastDaysOverride","16","16","32","32","2","2","True","False","False","Static","3",""
"textures/item/birch_hanging_sign.png","item","ImportedVanillaPlaceholder","16","16","16","16","1","1","True","False","False","Static","3",""
"textures/item/birch_sign.png","item","ExistingLastDaysOverride","16","16","32","32","2","2","True","False","False","Static","6",""
"textures/item/black_candle.png","item","ExistingLastDaysOverride","16","16","32","32","2","2","True","False","False","Static","6",""
"textures/item/black_dye.png","item","ExistingLastDaysOverride","16","16","32","32","2","2","True","False","False","Static","6",""
"textures/item/blade_pottery_sherd.png","item","MigratedLegacyOverride","16","16","16","16","1","1","True","False","False","Static","6",""
"textures/item/blaze_powder.png","item","ExistingLastDaysOverride","16","16","32","32","2","2","True","False","False","Static","6",""
"textures/item/blaze_rod.png","item","ExistingLastDaysOverride","16","16","32","32","2","2","True","False","False","Static","6",""
"textures/item/blue_candle.png","item","ExistingLastDaysOverride","16","16","32","32","2","2","True","False","False","Static","6",""
"textures/item/blue_dye.png","item","ExistingLastDaysOverride","16","16","32","32","2","2","True","False","False","Static","6",""
"textures/item/bolt_armor_trim_smithing_template.png","item","ImportedVanillaPlaceholder","16","16","16","16","1","1","True","False","False","Static","3",""
"textures/item/bone_meal.png","item","ExistingLastDaysOverride","16","16","32","32","2","2","True","False","False","Static","6",""
"textures/item/bone.png","item","ExistingLastDaysOverride","16","16","32","32","2","2","True","False","False","Static","6",""
"textures/item/book.png","item","ExistingLastDaysOverride","16","16","32","32","2","2","True","False","False","Static","6",""
"textures/item/bow_pulling_0.png","item","ExistingLastDaysOverride","16","16","32","32","2","2","True","False","False","Static","6",""
"textures/item/bow_pulling_1.png","item","ExistingLastDaysOverride","16","16","32","32","2","2","True","False","False","Static","6",""
"textures/item/bow_pulling_2.png","item","ExistingLastDaysOverride","16","16","32","32","2","2","True","False","False","Static","6",""
"textures/item/bow.png","item","ExistingLastDaysOverride","16","16","32","32","2","2","True","False","False","Static","6",""
"textures/item/bowl.png","item","ExistingLastDaysOverride","16","16","32","32","2","2","True","False","False","Static","6",""
"textures/item/bread.png","item","ExistingLastDaysOverride","16","16","32","32","2","2","True","False","False","Static","6",""
"textures/item/breeze_rod.png","item","ImportedVanillaPlaceholder","16","16","16","16","1","1","True","False","False","Static","3",""
"textures/item/brewer_pottery_sherd.png","item","MigratedLegacyOverride","16","16","16","16","1","1","True","False","False","Static","6",""
"textures/item/brewing_stand.png","item","ExistingLastDaysOverride","16","16","32","32","2","2","True","False","False","Static","6",""
"textures/item/brick.png","item","ExistingLastDaysOverride","16","16","32","32","2","2","True","False","False","Static","6",""
"textures/item/broken_elytra.png","item","ImportedVanillaPlaceholder","16","16","16","16","1","1","True","False","False","Static","3",""
"textures/item/brown_candle.png","item","ExistingLastDaysOverride","16","16","32","32","2","2","True","False","False","Static","6",""
"textures/item/brown_dye.png","item","ExistingLastDaysOverride","16","16","32","32","2","2","True","False","False","Static","6",""
"textures/item/brush.png","item","ExistingLastDaysOverride","16","16","32","32","2","2","True","False","False","Static","6",""
"textures/item/bucket.png","item","ExistingLastDaysOverride","16","16","32","32","2","2","True","False","False","Static","6",""
"textures/item/bundle_filled.png","item","ExistingLastDaysOverride","16","16","32","32","2","2","True","False","False","Static","6",""
"textures/item/bundle.png","item","ExistingLastDaysOverride","16","16","32","32","2","2","True","False","False","Static","6",""
"textures/item/burn_pottery_sherd.png","item","MigratedLegacyOverride","16","16","16","16","1","1","True","False","False","Static","6",""
"textures/item/cake.png","item","ExistingLastDaysOverride","16","16","32","32","2","2","True","False","False","Static","6",""
"textures/item/campfire.png","item","ExistingLastDaysOverride","16","16","32","32","2","2","True","False","False","Static","6",""
"textures/item/candle.png","item","ExistingLastDaysOverride","16","16","32","32","2","2","True","False","False","Static","6",""
"textures/item/carrot_on_a_stick.png","item","ExistingLastDaysOverride","16","16","32","32","2","2","True","False","False","Static","6",""
"textures/item/carrot.png","item","ExistingLastDaysOverride","16","16","32","32","2","2","True","False","False","Static","6",""
"textures/item/cauldron.png","item","ExistingLastDaysOverride","16","16","32","32","2","2","True","False","False","Static","6",""
"textures/item/chain.png","item","ExistingLastDaysOverride","16","16","32","32","2","2","True","False","False","Static","6",""
"textures/item/chainmail_boots.png","item","ExistingLastDaysOverride","16","16","32","32","2","2","True","False","False","Static","6",""
"textures/item/chainmail_chestplate.png","item","ExistingLastDaysOverride","16","16","32","32","2","2","True","False","False","Static","6",""
"textures/item/chainmail_helmet.png","item","ExistingLastDaysOverride","16","16","32","32","2","2","True","False","False","Static","6",""
"textures/item/chainmail_leggings.png","item","ExistingLastDaysOverride","16","16","32","32","2","2","True","False","False","Static","6",""
"textures/item/charcoal.png","item","ExistingLastDaysOverride","16","16","32","32","2","2","True","False","False","Static","6",""
"textures/item/cherry_boat.png","item","ExistingLastDaysOverride","16","16","16","16","1","1","True","False","False","Static","6",""
"textures/item/cherry_chest_boat.png","item","ExistingLastDaysOverride","16","16","16","16","1","1","True","False","False","Static","6",""
"textures/item/cherry_door.png","item","ExistingLastDaysOverride","16","16","16","16","1","1","True","False","False","Static","6",""
"textures/item/cherry_hanging_sign.png","item","ExistingLastDaysOverride","16","16","16","16","1","1","True","False","False","Static","6",""
"textures/item/cherry_sign.png","item","ExistingLastDaysOverride","16","16","16","16","1","1","True","False","False","Static","6",""
"textures/item/chest_minecart.png","item","ExistingLastDaysOverride","16","16","32","32","2","2","True","False","False","Static","6",""
"textures/item/chicken.png","item","ExistingLastDaysOverride","16","16","32","32","2","2","True","False","False","Static","6",""
"textures/item/chorus_fruit.png","item","ExistingLastDaysOverride","16","16","32","32","2","2","True","False","False","Static","6",""
"textures/item/clay_ball.png","item","ExistingLastDaysOverride","16","16","32","32","2","2","True","False","False","Static","6",""
"textures/item/clock_00.png","item","MigratedLegacyOverride","16","16","32","32","2","2","True","False","False","Static","6",""
"textures/item/clock_01.png","item","MigratedLegacyOverride","16","16","32","32","2","2","True","False","False","Static","6",""
"textures/item/clock_02.png","item","MigratedLegacyOverride","16","16","32","32","2","2","True","False","False","Static","6",""
"textures/item/clock_03.png","item","MigratedLegacyOverride","16","16","32","32","2","2","True","False","False","Static","6",""
"textures/item/clock_04.png","item","MigratedLegacyOverride","16","16","32","32","2","2","True","False","False","Static","6",""
"textures/item/clock_05.png","item","MigratedLegacyOverride","16","16","32","32","2","2","True","False","False","Static","6",""
"textures/item/clock_06.png","item","MigratedLegacyOverride","16","16","32","32","2","2","True","False","False","Static","6",""
"textures/item/clock_07.png","item","MigratedLegacyOverride","16","16","32","32","2","2","True","False","False","Static","6",""
"textures/item/clock_08.png","item","MigratedLegacyOverride","16","16","32","32","2","2","True","False","False","Static","6",""
"textures/item/clock_09.png","item","MigratedLegacyOverride","16","16","32","32","2","2","True","False","False","Static","6",""
"textures/item/clock_10.png","item","MigratedLegacyOverride","16","16","32","32","2","2","True","False","False","Static","6",""
"textures/item/clock_11.png","item","MigratedLegacyOverride","16","16","32","32","2","2","True","False","False","Static","6",""
"textures/item/clock_12.png","item","MigratedLegacyOverride","16","16","32","32","2","2","True","False","False","Static","6",""
"textures/item/clock_13.png","item","MigratedLegacyOverride","16","16","32","32","2","2","True","False","False","Static","6",""
"textures/item/clock_14.png","item","MigratedLegacyOverride","16","16","32","32","2","2","True","False","False","Static","6",""
"textures/item/clock_15.png","item","MigratedLegacyOverride","16","16","32","32","2","2","True","False","False","Static","6",""
"textures/item/clock_16.png","item","MigratedLegacyOverride","16","16","32","32","2","2","True","False","False","Static","6",""
"textures/item/clock_17.png","item","MigratedLegacyOverride","16","16","32","32","2","2","True","False","False","Static","6",""
"textures/item/clock_18.png","item","MigratedLegacyOverride","16","16","32","32","2","2","True","False","False","Static","6",""
"textures/item/clock_19.png","item","MigratedLegacyOverride","16","16","32","32","2","2","True","False","False","Static","6",""
"textures/item/clock_20.png","item","MigratedLegacyOverride","16","16","32","32","2","2","True","False","False","Static","6",""
"textures/item/clock_21.png","item","MigratedLegacyOverride","16","16","32","32","2","2","True","False","False","Static","6",""
"textures/item/clock_22.png","item","MigratedLegacyOverride","16","16","32","32","2","2","True","False","False","Static","6",""
"textures/item/clock_23.png","item","MigratedLegacyOverride","16","16","32","32","2","2","True","False","False","Static","6",""
"textures/item/clock_24.png","item","MigratedLegacyOverride","16","16","32","32","2","2","True","False","False","Static","6",""
"textures/item/clock_25.png","item","MigratedLegacyOverride","16","16","32","32","2","2","True","False","False","Static","6",""
"textures/item/clock_26.png","item","MigratedLegacyOverride","16","16","32","32","2","2","True","False","False","Static","6",""
"textures/item/clock_27.png","item","MigratedLegacyOverride","16","16","32","32","2","2","True","False","False","Static","6",""
"textures/item/clock_28.png","item","MigratedLegacyOverride","16","16","32","32","2","2","True","False","False","Static","6",""
"textures/item/clock_29.png","item","MigratedLegacyOverride","16","16","32","32","2","2","True","False","False","Static","6",""
"textures/item/clock_30.png","item","MigratedLegacyOverride","16","16","32","32","2","2","True","False","False","Static","6",""
"textures/item/clock_31.png","item","MigratedLegacyOverride","16","16","32","32","2","2","True","False","False","Static","6",""
"textures/item/clock_32.png","item","MigratedLegacyOverride","16","16","32","32","2","2","True","False","False","Static","6",""
"textures/item/clock_33.png","item","MigratedLegacyOverride","16","16","32","32","2","2","True","False","False","Static","6",""
"textures/item/clock_34.png","item","MigratedLegacyOverride","16","16","32","32","2","2","True","False","False","Static","6",""
"textures/item/clock_35.png","item","MigratedLegacyOverride","16","16","32","32","2","2","True","False","False","Static","6",""
"textures/item/clock_36.png","item","MigratedLegacyOverride","16","16","32","32","2","2","True","False","False","Static","6",""
"textures/item/clock_37.png","item","MigratedLegacyOverride","16","16","32","32","2","2","True","False","False","Static","6",""
"textures/item/clock_38.png","item","MigratedLegacyOverride","16","16","32","32","2","2","True","False","False","Static","6",""
"textures/item/clock_39.png","item","MigratedLegacyOverride","16","16","32","32","2","2","True","False","False","Static","6",""
"textures/item/clock_40.png","item","MigratedLegacyOverride","16","16","32","32","2","2","True","False","False","Static","6",""
"textures/item/clock_41.png","item","MigratedLegacyOverride","16","16","32","32","2","2","True","False","False","Static","6",""
"textures/item/clock_42.png","item","MigratedLegacyOverride","16","16","32","32","2","2","True","False","False","Static","6",""
"textures/item/clock_43.png","item","MigratedLegacyOverride","16","16","32","32","2","2","True","False","False","Static","6",""
"textures/item/clock_44.png","item","MigratedLegacyOverride","16","16","32","32","2","2","True","False","False","Static","6",""
"textures/item/clock_45.png","item","MigratedLegacyOverride","16","16","32","32","2","2","True","False","False","Static","6",""
"textures/item/clock_46.png","item","MigratedLegacyOverride","16","16","32","32","2","2","True","False","False","Static","6",""
"textures/item/clock_47.png","item","MigratedLegacyOverride","16","16","32","32","2","2","True","False","False","Static","6",""
"textures/item/clock_48.png","item","MigratedLegacyOverride","16","16","32","32","2","2","True","False","False","Static","6",""
"textures/item/clock_49.png","item","MigratedLegacyOverride","16","16","32","32","2","2","True","False","False","Static","6",""
"textures/item/clock_50.png","item","MigratedLegacyOverride","16","16","32","32","2","2","True","False","False","Static","6",""
"textures/item/clock_51.png","item","MigratedLegacyOverride","16","16","32","32","2","2","True","False","False","Static","6",""
"textures/item/clock_52.png","item","MigratedLegacyOverride","16","16","32","32","2","2","True","False","False","Static","6",""
"textures/item/clock_53.png","item","MigratedLegacyOverride","16","16","32","32","2","2","True","False","False","Static","6",""
"textures/item/clock_54.png","item","MigratedLegacyOverride","16","16","32","32","2","2","True","False","False","Static","6",""
"textures/item/clock_55.png","item","MigratedLegacyOverride","16","16","32","32","2","2","True","False","False","Static","6",""
"textures/item/clock_56.png","item","MigratedLegacyOverride","16","16","32","32","2","2","True","False","False","Static","6",""
"textures/item/clock_57.png","item","MigratedLegacyOverride","16","16","32","32","2","2","True","False","False","Static","6",""
"textures/item/clock_58.png","item","MigratedLegacyOverride","16","16","32","32","2","2","True","False","False","Static","6",""
"textures/item/clock_59.png","item","MigratedLegacyOverride","16","16","32","32","2","2","True","False","False","Static","6",""
"textures/item/clock_60.png","item","MigratedLegacyOverride","16","16","32","32","2","2","True","False","False","Static","6",""
"textures/item/clock_61.png","item","MigratedLegacyOverride","16","16","32","32","2","2","True","False","False","Static","6",""
"textures/item/clock_62.png","item","MigratedLegacyOverride","16","16","32","32","2","2","True","False","False","Static","6",""
"textures/item/clock_63.png","item","MigratedLegacyOverride","16","16","32","32","2","2","True","False","False","Static","6",""
"textures/item/coal.png","item","ExistingLastDaysOverride","16","16","32","32","2","2","True","False","False","Static","6",""
"textures/item/coast_armor_trim_smithing_template.png","item","ExistingLastDaysOverride","16","16","16","16","1","1","True","False","False","Static","6",""
"textures/item/cocoa_beans.png","item","ExistingLastDaysOverride","16","16","32","32","2","2","True","False","False","Static","6",""
"textures/item/cod_bucket.png","item","ExistingLastDaysOverride","16","16","32","32","2","2","True","False","False","Static","6",""
"textures/item/cod.png","item","ExistingLastDaysOverride","16","16","32","32","2","2","True","False","False","Static","6",""
"textures/item/command_block_minecart.png","item","ExistingLastDaysOverride","16","16","32","32","2","2","True","False","False","Static","6",""
"textures/item/comparator.png","item","ExistingLastDaysOverride","16","16","32","32","2","2","True","False","False","Static","6",""
"textures/item/compass_00.png","item","MigratedLegacyOverride","16","16","32","32","2","2","True","False","False","Static","6",""
"textures/item/compass_01.png","item","MigratedLegacyOverride","16","16","32","32","2","2","True","False","False","Static","6",""
"textures/item/compass_02.png","item","MigratedLegacyOverride","16","16","32","32","2","2","True","False","False","Static","6",""
"textures/item/compass_03.png","item","MigratedLegacyOverride","16","16","32","32","2","2","True","False","False","Static","6",""
"textures/item/compass_04.png","item","MigratedLegacyOverride","16","16","32","32","2","2","True","False","False","Static","6",""
"textures/item/compass_05.png","item","MigratedLegacyOverride","16","16","32","32","2","2","True","False","False","Static","6",""
"textures/item/compass_06.png","item","MigratedLegacyOverride","16","16","32","32","2","2","True","False","False","Static","6",""
"textures/item/compass_07.png","item","MigratedLegacyOverride","16","16","32","32","2","2","True","False","False","Static","6",""
"textures/item/compass_08.png","item","MigratedLegacyOverride","16","16","32","32","2","2","True","False","False","Static","6",""
"textures/item/compass_09.png","item","MigratedLegacyOverride","16","16","32","32","2","2","True","False","False","Static","6",""
"textures/item/compass_10.png","item","MigratedLegacyOverride","16","16","32","32","2","2","True","False","False","Static","6",""
"textures/item/compass_11.png","item","MigratedLegacyOverride","16","16","32","32","2","2","True","False","False","Static","6",""
"textures/item/compass_12.png","item","MigratedLegacyOverride","16","16","32","32","2","2","True","False","False","Static","6",""
"textures/item/compass_13.png","item","MigratedLegacyOverride","16","16","32","32","2","2","True","False","False","Static","6",""
"textures/item/compass_14.png","item","MigratedLegacyOverride","16","16","32","32","2","2","True","False","False","Static","6",""
"textures/item/compass_15.png","item","MigratedLegacyOverride","16","16","32","32","2","2","True","False","False","Static","6",""
"textures/item/compass_16.png","item","MigratedLegacyOverride","16","16","32","32","2","2","True","False","False","Static","6",""
"textures/item/compass_17.png","item","MigratedLegacyOverride","16","16","32","32","2","2","True","False","False","Static","6",""
"textures/item/compass_18.png","item","MigratedLegacyOverride","16","16","32","32","2","2","True","False","False","Static","6",""
"textures/item/compass_19.png","item","MigratedLegacyOverride","16","16","32","32","2","2","True","False","False","Static","6",""
"textures/item/compass_20.png","item","MigratedLegacyOverride","16","16","32","32","2","2","True","False","False","Static","6",""
"textures/item/compass_21.png","item","MigratedLegacyOverride","16","16","32","32","2","2","True","False","False","Static","6",""
"textures/item/compass_22.png","item","MigratedLegacyOverride","16","16","32","32","2","2","True","False","False","Static","6",""
"textures/item/compass_23.png","item","MigratedLegacyOverride","16","16","32","32","2","2","True","False","False","Static","6",""
"textures/item/compass_24.png","item","MigratedLegacyOverride","16","16","32","32","2","2","True","False","False","Static","6",""
"textures/item/compass_25.png","item","MigratedLegacyOverride","16","16","32","32","2","2","True","False","False","Static","6",""
"textures/item/compass_26.png","item","MigratedLegacyOverride","16","16","32","32","2","2","True","False","False","Static","6",""
"textures/item/compass_27.png","item","MigratedLegacyOverride","16","16","32","32","2","2","True","False","False","Static","6",""
"textures/item/compass_28.png","item","MigratedLegacyOverride","16","16","32","32","2","2","True","False","False","Static","6",""
"textures/item/compass_29.png","item","MigratedLegacyOverride","16","16","32","32","2","2","True","False","False","Static","6",""
"textures/item/compass_30.png","item","MigratedLegacyOverride","16","16","32","32","2","2","True","False","False","Static","6",""
"textures/item/compass_31.png","item","MigratedLegacyOverride","16","16","32","32","2","2","True","False","False","Static","6",""
"textures/item/cooked_beef.png","item","ExistingLastDaysOverride","16","16","32","32","2","2","True","False","False","Static","6",""
"textures/item/cooked_chicken.png","item","ExistingLastDaysOverride","16","16","32","32","2","2","True","False","False","Static","6",""
"textures/item/cooked_cod.png","item","ExistingLastDaysOverride","16","16","32","32","2","2","True","False","False","Static","6",""
"textures/item/cooked_mutton.png","item","ExistingLastDaysOverride","16","16","32","32","2","2","True","False","False","Static","6",""
"textures/item/cooked_porkchop.png","item","ExistingLastDaysOverride","16","16","32","32","2","2","True","False","False","Static","6",""
"textures/item/cooked_rabbit.png","item","ExistingLastDaysOverride","16","16","32","32","2","2","True","False","False","Static","6",""
"textures/item/cooked_salmon.png","item","ExistingLastDaysOverride","16","16","32","32","2","2","True","False","False","Static","6",""
"textures/item/cookie.png","item","ExistingLastDaysOverride","16","16","32","32","2","2","True","False","False","Static","6",""
"textures/item/copper_door.png","item","ImportedVanillaPlaceholder","16","16","16","16","1","1","True","False","False","Static","6",""
"textures/item/copper_ingot.png","item","ExistingLastDaysOverride","16","16","32","32","2","2","True","False","False","Static","6",""
"textures/item/creeper_banner_pattern.png","item","ExistingLastDaysOverride","16","16","32","32","2","2","True","False","False","Static","6",""
"textures/item/crimson_door.png","item","ExistingLastDaysOverride","16","16","32","32","2","2","True","False","False","Static","3",""
"textures/item/crimson_hanging_sign.png","item","ImportedVanillaPlaceholder","16","16","16","16","1","1","True","False","False","Static","3",""
"textures/item/crimson_sign.png","item","ExistingLastDaysOverride","16","16","32","32","2","2","True","False","False","Static","6",""
"textures/item/crossbow_arrow.png","item","ExistingLastDaysOverride","16","16","32","32","2","2","True","False","False","Static","6",""
"textures/item/crossbow_firework.png","item","ExistingLastDaysOverride","16","16","32","32","2","2","True","False","False","Static","6",""
"textures/item/crossbow_pulling_0.png","item","ExistingLastDaysOverride","16","16","32","32","2","2","True","False","False","Static","6",""
"textures/item/crossbow_pulling_1.png","item","ExistingLastDaysOverride","16","16","32","32","2","2","True","False","False","Static","6",""
"textures/item/crossbow_pulling_2.png","item","ExistingLastDaysOverride","16","16","32","32","2","2","True","False","False","Static","6",""
"textures/item/crossbow_standby.png","item","ExistingLastDaysOverride","16","16","32","32","2","2","True","False","False","Static","6",""
"textures/item/cyan_candle.png","item","ExistingLastDaysOverride","16","16","32","32","2","2","True","False","False","Static","6",""
"textures/item/cyan_dye.png","item","ExistingLastDaysOverride","16","16","32","32","2","2","True","False","False","Static","6",""
"textures/item/danger_pottery_sherd.png","item","MigratedLegacyOverride","16","16","16","16","1","1","True","False","False","Static","6",""
"textures/item/dark_oak_boat.png","item","ExistingLastDaysOverride","16","16","32","32","2","2","True","False","False","Static","6",""
"textures/item/dark_oak_chest_boat.png","item","ExistingLastDaysOverride","16","16","32","32","2","2","True","False","False","Static","6",""
"textures/item/dark_oak_door.png","item","ExistingLastDaysOverride","16","16","32","32","2","2","True","False","False","Static","6",""
"textures/item/dark_oak_hanging_sign.png","item","ImportedVanillaPlaceholder","16","16","16","16","1","1","True","False","False","Static","3",""
"textures/item/dark_oak_sign.png","item","ExistingLastDaysOverride","16","16","32","32","2","2","True","False","False","Static","6",""
"textures/item/diamond_axe.png","item","ExistingLastDaysOverride","16","16","32","32","2","2","True","False","False","Static","6",""
"textures/item/diamond_boots.png","item","ExistingLastDaysOverride","16","16","32","32","2","2","True","False","False","Static","6",""
"textures/item/diamond_chestplate.png","item","ExistingLastDaysOverride","16","16","32","32","2","2","True","False","False","Static","6",""
"textures/item/diamond_helmet.png","item","ExistingLastDaysOverride","16","16","32","32","2","2","True","False","False","Static","6",""
"textures/item/diamond_hoe.png","item","ExistingLastDaysOverride","16","16","32","32","2","2","True","False","False","Static","6",""
"textures/item/diamond_horse_armor.png","item","ExistingLastDaysOverride","16","16","32","32","2","2","True","False","False","Static","6",""
"textures/item/diamond_leggings.png","item","ExistingLastDaysOverride","16","16","32","32","2","2","True","False","False","Static","6",""
"textures/item/diamond_pickaxe.png","item","ExistingLastDaysOverride","16","16","32","32","2","2","True","False","False","Static","6",""
"textures/item/diamond_shovel.png","item","ExistingLastDaysOverride","16","16","32","32","2","2","True","False","False","Static","6",""
"textures/item/diamond_sword.png","item","ExistingLastDaysOverride","16","16","32","32","2","2","True","False","False","Static","6",""
"textures/item/diamond.png","item","ExistingLastDaysOverride","16","16","32","32","2","2","True","False","False","Static","6",""
"textures/item/disc_fragment_5.png","item","ExistingLastDaysOverride","16","16","32","32","2","2","True","False","False","Static","6",""
"textures/item/dragon_breath.png","item","ExistingLastDaysOverride","16","16","32","32","2","2","True","False","False","Static","6",""
"textures/item/dried_kelp.png","item","ExistingLastDaysOverride","16","16","32","32","2","2","True","False","False","Static","6",""
"textures/item/dune_armor_trim_smithing_template.png","item","ExistingLastDaysOverride","16","16","16","16","1","1","True","False","False","Static","6",""
"textures/item/echo_shard.png","item","ExistingLastDaysOverride","16","16","32","32","2","2","True","False","False","Static","6",""
"textures/item/egg.png","item","ExistingLastDaysOverride","16","16","32","32","2","2","True","False","False","Static","6",""
"textures/item/elytra.png","item","ExistingLastDaysOverride","16","16","32","32","2","2","True","False","False","Static","6",""
"textures/item/emerald.png","item","ExistingLastDaysOverride","16","16","32","32","2","2","True","False","False","Static","6",""
"textures/item/empty_armor_slot_boots.png","item","ExistingLastDaysOverride","16","16","32","32","2","2","True","False","False","Static","6",""
"textures/item/empty_armor_slot_chestplate.png","item","ExistingLastDaysOverride","16","16","32","32","2","2","True","False","False","Static","6",""
"textures/item/empty_armor_slot_helmet.png","item","ExistingLastDaysOverride","16","16","32","32","2","2","True","False","False","Static","6",""
"textures/item/empty_armor_slot_leggings.png","item","ExistingLastDaysOverride","16","16","32","32","2","2","True","False","False","Static","6",""
"textures/item/empty_armor_slot_shield.png","item","ExistingLastDaysOverride","16","16","32","32","2","2","True","False","False","Static","6",""
"textures/item/empty_slot_amethyst_shard.png","item","ImportedVanillaPlaceholder","16","16","16","16","1","1","True","False","False","Static","6",""
"textures/item/empty_slot_axe.png","item","ImportedVanillaPlaceholder","16","16","16","16","1","1","True","False","False","Static","6",""
"textures/item/empty_slot_diamond.png","item","ImportedVanillaPlaceholder","16","16","16","16","1","1","True","False","False","Static","6",""
"textures/item/empty_slot_emerald.png","item","ImportedVanillaPlaceholder","16","16","16","16","1","1","True","False","False","Static","6",""
"textures/item/empty_slot_hoe.png","item","ImportedVanillaPlaceholder","16","16","16","16","1","1","True","False","False","Static","6",""
"textures/item/empty_slot_ingot.png","item","ImportedVanillaPlaceholder","16","16","16","16","1","1","True","False","False","Static","3",""
"textures/item/empty_slot_lapis_lazuli.png","item","ImportedVanillaPlaceholder","16","16","16","16","1","1","True","False","False","Static","6",""
"textures/item/empty_slot_pickaxe.png","item","ImportedVanillaPlaceholder","16","16","16","16","1","1","True","False","False","Static","6",""
"textures/item/empty_slot_quartz.png","item","ImportedVanillaPlaceholder","16","16","16","16","1","1","True","False","False","Static","3",""
"textures/item/empty_slot_redstone_dust.png","item","ImportedVanillaPlaceholder","16","16","16","16","1","1","True","False","False","Static","6",""
"textures/item/empty_slot_shovel.png","item","ImportedVanillaPlaceholder","16","16","16","16","1","1","True","False","False","Static","6",""
"textures/item/empty_slot_smithing_template_armor_trim.png","item","ExistingLastDaysOverride","16","16","16","16","1","1","True","False","False","Static","6",""
"textures/item/empty_slot_smithing_template_netherite_upgrade.png","item","ExistingLastDaysOverride","16","16","16","16","1","1","True","False","False","Static","6",""
"textures/item/empty_slot_sword.png","item","ImportedVanillaPlaceholder","16","16","16","16","1","1","True","False","False","Static","6",""
"textures/item/enchanted_book.png","item","ExistingLastDaysOverride","16","16","32","32","2","2","True","False","False","Static","6",""
"textures/item/end_crystal.png","item","ExistingLastDaysOverride","16","16","156","624","9.75","39","False","False","True","ValidatedCustom","6",""
"textures/item/ender_eye.png","item","ExistingLastDaysOverride","16","16","32","32","2","2","True","False","False","Static","6",""
"textures/item/ender_pearl.png","item","ExistingLastDaysOverride","16","16","32","32","2","2","True","False","False","Static","6",""
"textures/item/experience_bottle.png","item","ExistingLastDaysOverride","16","16","32","32","2","2","True","False","False","Static","6",""
"textures/item/explorer_pottery_sherd.png","item","MigratedLegacyOverride","16","16","16","16","1","1","True","False","False","Static","6",""
"textures/item/exposed_copper_door.png","item","ImportedVanillaPlaceholder","16","16","16","16","1","1","True","False","False","Static","3",""
"textures/item/eye_armor_trim_smithing_template.png","item","ExistingLastDaysOverride","16","16","16","16","1","1","True","False","False","Static","6",""
"textures/item/feather.png","item","ExistingLastDaysOverride","16","16","32","32","2","2","True","False","False","Static","6",""
"textures/item/fermented_spider_eye.png","item","ExistingLastDaysOverride","16","16","32","32","2","2","True","False","False","Static","6",""
"textures/item/filled_map_markings.png","item","ExistingLastDaysOverride","16","16","32","32","2","2","True","False","False","Static","6",""
"textures/item/filled_map.png","item","ExistingLastDaysOverride","16","16","32","32","2","2","True","False","False","Static","6",""
"textures/item/fire_charge.png","item","ExistingLastDaysOverride","16","16","32","32","2","2","True","False","False","Static","6",""
"textures/item/firework_rocket.png","item","ExistingLastDaysOverride","16","16","32","32","2","2","True","False","False","Static","6",""
"textures/item/firework_star_overlay.png","item","ExistingLastDaysOverride","16","16","32","32","2","2","True","False","False","Static","6",""
"textures/item/firework_star.png","item","ExistingLastDaysOverride","16","16","32","32","2","2","True","False","False","Static","6",""
"textures/item/fishing_rod_cast.png","item","ExistingLastDaysOverride","16","16","32","32","2","2","True","False","False","Static","6",""
"textures/item/fishing_rod.png","item","ExistingLastDaysOverride","16","16","32","32","2","2","True","False","False","Static","6",""
"textures/item/flint_and_steel.png","item","ExistingLastDaysOverride","16","16","32","32","2","2","True","False","False","Static","6",""
"textures/item/flint.png","item","ExistingLastDaysOverride","16","16","32","32","2","2","True","False","False","Static","6",""
"textures/item/flow_armor_trim_smithing_template.png","item","ImportedVanillaPlaceholder","16","16","16","16","1","1","True","False","False","Static","6",""
"textures/item/flow_banner_pattern.png","item","ImportedVanillaPlaceholder","16","16","16","16","1","1","True","False","False","Static","6",""
"textures/item/flow_pottery_sherd.png","item","ImportedVanillaPlaceholder","16","16","16","16","1","1","True","False","False","Static","3",""
"textures/item/flower_banner_pattern.png","item","ExistingLastDaysOverride","16","16","32","32","2","2","True","False","False","Static","6",""
"textures/item/flower_pot.png","item","ExistingLastDaysOverride","16","16","32","32","2","2","True","False","False","Static","6",""
"textures/item/friend_pottery_sherd.png","item","MigratedLegacyOverride","16","16","16","16","1","1","True","False","False","Static","6",""
"textures/item/furnace_minecart.png","item","ExistingLastDaysOverride","16","16","32","32","2","2","True","False","False","Static","6",""
"textures/item/ghast_tear.png","item","ExistingLastDaysOverride","16","16","32","32","2","2","True","False","False","Static","6",""
"textures/item/glass_bottle.png","item","ExistingLastDaysOverride","16","16","32","32","2","2","True","False","False","Static","6",""
"textures/item/glistering_melon_slice.png","item","ExistingLastDaysOverride","16","16","32","32","2","2","True","False","False","Static","6",""
"textures/item/globe_banner_pattern.png","item","ExistingLastDaysOverride","16","16","32","32","2","2","True","False","False","Static","6",""
"textures/item/glow_berries.png","item","ExistingLastDaysOverride","16","16","32","32","2","2","True","False","False","Static","3",""
"textures/item/glow_ink_sac.png","item","ExistingLastDaysOverride","16","16","32","32","2","2","True","False","False","Static","6",""
"textures/item/glow_item_frame.png","item","ExistingLastDaysOverride","16","16","32","32","2","2","True","False","False","Static","6",""
"textures/item/glowstone_dust.png","item","ExistingLastDaysOverride","16","16","32","32","2","2","True","False","False","Static","6",""
"textures/item/goat_horn.png","item","ExistingLastDaysOverride","16","16","32","32","2","2","True","False","False","Static","6",""
"textures/item/gold_ingot.png","item","ExistingLastDaysOverride","16","16","32","32","2","2","True","False","False","Static","6",""
"textures/item/gold_nugget.png","item","ExistingLastDaysOverride","16","16","32","32","2","2","True","False","False","Static","6",""
"textures/item/golden_apple.png","item","ExistingLastDaysOverride","16","16","32","32","2","2","True","False","False","Static","6",""
"textures/item/golden_axe.png","item","ExistingLastDaysOverride","16","16","32","32","2","2","True","False","False","Static","6",""
"textures/item/golden_boots.png","item","ExistingLastDaysOverride","16","16","32","32","2","2","True","False","False","Static","6",""
"textures/item/golden_carrot.png","item","ExistingLastDaysOverride","16","16","32","32","2","2","True","False","False","Static","6",""
"textures/item/golden_chestplate.png","item","ExistingLastDaysOverride","16","16","32","32","2","2","True","False","False","Static","6",""
"textures/item/golden_helmet.png","item","ExistingLastDaysOverride","16","16","32","32","2","2","True","False","False","Static","6",""
"textures/item/golden_hoe.png","item","ExistingLastDaysOverride","16","16","32","32","2","2","True","False","False","Static","6",""
"textures/item/golden_horse_armor.png","item","ExistingLastDaysOverride","16","16","32","32","2","2","True","False","False","Static","6",""
"textures/item/golden_leggings.png","item","ExistingLastDaysOverride","16","16","32","32","2","2","True","False","False","Static","6",""
"textures/item/golden_pickaxe.png","item","ExistingLastDaysOverride","16","16","32","32","2","2","True","False","False","Static","6",""
"textures/item/golden_shovel.png","item","ExistingLastDaysOverride","16","16","32","32","2","2","True","False","False","Static","6",""
"textures/item/golden_sword.png","item","ExistingLastDaysOverride","16","16","32","32","2","2","True","False","False","Static","6",""
"textures/item/gray_candle.png","item","ExistingLastDaysOverride","16","16","32","32","2","2","True","False","False","Static","6",""
"textures/item/gray_dye.png","item","ExistingLastDaysOverride","16","16","32","32","2","2","True","False","False","Static","6",""
"textures/item/green_candle.png","item","ExistingLastDaysOverride","16","16","32","32","2","2","True","False","False","Static","6",""
"textures/item/green_dye.png","item","ExistingLastDaysOverride","16","16","32","32","2","2","True","False","False","Static","6",""
"textures/item/gunpowder.png","item","ExistingLastDaysOverride","16","16","32","32","2","2","True","False","False","Static","6",""
"textures/item/guster_banner_pattern.png","item","ImportedVanillaPlaceholder","16","16","16","16","1","1","True","False","False","Static","6",""
"textures/item/guster_pottery_sherd.png","item","ImportedVanillaPlaceholder","16","16","16","16","1","1","True","False","False","Static","3",""
"textures/item/heart_of_the_sea.png","item","ExistingLastDaysOverride","16","16","32","32","2","2","True","False","False","Static","6",""
"textures/item/heart_pottery_sherd.png","item","MigratedLegacyOverride","16","16","16","16","1","1","True","False","False","Static","6",""
"textures/item/heartbreak_pottery_sherd.png","item","MigratedLegacyOverride","16","16","16","16","1","1","True","False","False","Static","6",""
"textures/item/honey_bottle.png","item","ExistingLastDaysOverride","16","16","32","32","2","2","True","False","False","Static","6",""
"textures/item/honeycomb.png","item","ExistingLastDaysOverride","16","16","32","32","2","2","True","False","False","Static","6",""
"textures/item/hopper_minecart.png","item","ExistingLastDaysOverride","16","16","32","32","2","2","True","False","False","Static","6",""
"textures/item/hopper.png","item","ExistingLastDaysOverride","16","16","32","32","2","2","True","False","False","Static","6",""
"textures/item/host_armor_trim_smithing_template.png","item","ExistingLastDaysOverride","16","16","16","16","1","1","True","False","False","Static","6",""
"textures/item/howl_pottery_sherd.png","item","MigratedLegacyOverride","16","16","16","16","1","1","True","False","False","Static","6",""
"textures/item/ink_sac.png","item","ExistingLastDaysOverride","16","16","32","32","2","2","True","False","False","Static","6",""
"textures/item/iron_axe.png","item","ExistingLastDaysOverride","16","16","32","32","2","2","True","False","False","Static","6",""
"textures/item/iron_boots.png","item","ExistingLastDaysOverride","16","16","32","32","2","2","True","False","False","Static","6",""
"textures/item/iron_chestplate.png","item","ExistingLastDaysOverride","16","16","32","32","2","2","True","False","False","Static","6",""
"textures/item/iron_door.png","item","ExistingLastDaysOverride","16","16","32","32","2","2","True","False","False","Static","6",""
"textures/item/iron_helmet.png","item","ExistingLastDaysOverride","16","16","32","32","2","2","True","False","False","Static","6",""
"textures/item/iron_hoe.png","item","ExistingLastDaysOverride","16","16","32","32","2","2","True","False","False","Static","6",""
"textures/item/iron_horse_armor.png","item","ExistingLastDaysOverride","16","16","32","32","2","2","True","False","False","Static","6",""
"textures/item/iron_ingot.png","item","ExistingLastDaysOverride","16","16","32","32","2","2","True","False","False","Static","6",""
"textures/item/iron_leggings.png","item","ExistingLastDaysOverride","16","16","32","32","2","2","True","False","False","Static","6",""
"textures/item/iron_nugget.png","item","ExistingLastDaysOverride","16","16","32","32","2","2","True","False","False","Static","3",""
"textures/item/iron_pickaxe.png","item","ExistingLastDaysOverride","16","16","32","32","2","2","True","False","False","Static","6",""
"textures/item/iron_shovel.png","item","ExistingLastDaysOverride","16","16","32","32","2","2","True","False","False","Static","6",""
"textures/item/iron_sword.png","item","ExistingLastDaysOverride","16","16","32","32","2","2","True","False","False","Static","6",""
"textures/item/item_frame.png","item","ExistingLastDaysOverride","16","16","32","32","2","2","True","False","False","Static","6",""
"textures/item/jungle_boat.png","item","ExistingLastDaysOverride","16","16","32","32","2","2","True","False","False","Static","6",""
"textures/item/jungle_chest_boat.png","item","ExistingLastDaysOverride","16","16","32","32","2","2","True","False","False","Static","6",""
"textures/item/jungle_door.png","item","ExistingLastDaysOverride","16","16","32","32","2","2","True","False","False","Static","6",""
"textures/item/jungle_hanging_sign.png","item","ImportedVanillaPlaceholder","16","16","16","16","1","1","True","False","False","Static","3",""
"textures/item/jungle_sign.png","item","ExistingLastDaysOverride","16","16","32","32","2","2","True","False","False","Static","6",""
"textures/item/kelp.png","item","ExistingLastDaysOverride","16","16","32","32","2","2","True","False","False","Static","6",""
"textures/item/knowledge_book.png","item","ExistingLastDaysOverride","16","16","16","16","1","1","True","False","False","Static","6",""
"textures/item/lantern.png","item","ExistingLastDaysOverride","16","16","32","32","2","2","True","False","False","Static","6",""
"textures/item/lapis_lazuli.png","item","ExistingLastDaysOverride","16","16","32","32","2","2","True","False","False","Static","6",""
"textures/item/lava_bucket.png","item","ExistingLastDaysOverride","16","16","32","32","2","2","True","False","False","Static","6",""
"textures/item/lead.png","item","ExistingLastDaysOverride","16","16","32","32","2","2","True","False","False","Static","6",""
"textures/item/leather_boots_overlay.png","item","ExistingLastDaysOverride","16","16","32","32","2","2","True","False","False","Static","6",""
"textures/item/leather_boots.png","item","ExistingLastDaysOverride","16","16","32","32","2","2","True","False","False","Static","6",""
"textures/item/leather_chestplate_overlay.png","item","ExistingLastDaysOverride","16","16","32","32","2","2","True","False","False","Static","6",""
"textures/item/leather_chestplate.png","item","ExistingLastDaysOverride","16","16","32","32","2","2","True","False","False","Static","6",""
"textures/item/leather_helmet_overlay.png","item","ExistingLastDaysOverride","16","16","32","32","2","2","True","False","False","Static","6",""
"textures/item/leather_helmet.png","item","ExistingLastDaysOverride","16","16","32","32","2","2","True","False","False","Static","6",""
"textures/item/leather_horse_armor.png","item","ExistingLastDaysOverride","16","16","32","32","2","2","True","False","False","Static","6",""
"textures/item/leather_leggings_overlay.png","item","ExistingLastDaysOverride","16","16","32","32","2","2","True","False","False","Static","6",""
"textures/item/leather_leggings.png","item","ExistingLastDaysOverride","16","16","32","32","2","2","True","False","False","Static","6",""
"textures/item/leather.png","item","ExistingLastDaysOverride","16","16","32","32","2","2","True","False","False","Static","6",""
"textures/item/light_00.png","item","ExistingLastDaysOverride","16","16","32","32","2","2","True","False","False","Static","6",""
"textures/item/light_01.png","item","ExistingLastDaysOverride","16","16","32","32","2","2","True","False","False","Static","6",""
"textures/item/light_02.png","item","ExistingLastDaysOverride","16","16","32","32","2","2","True","False","False","Static","6",""
"textures/item/light_03.png","item","ExistingLastDaysOverride","16","16","32","32","2","2","True","False","False","Static","6",""
"textures/item/light_04.png","item","ExistingLastDaysOverride","16","16","32","32","2","2","True","False","False","Static","6",""
"textures/item/light_05.png","item","ExistingLastDaysOverride","16","16","32","32","2","2","True","False","False","Static","6",""
"textures/item/light_06.png","item","ExistingLastDaysOverride","16","16","32","32","2","2","True","False","False","Static","6",""
"textures/item/light_07.png","item","ExistingLastDaysOverride","16","16","32","32","2","2","True","False","False","Static","6",""
"textures/item/light_08.png","item","ExistingLastDaysOverride","16","16","32","32","2","2","True","False","False","Static","6",""
"textures/item/light_09.png","item","ExistingLastDaysOverride","16","16","32","32","2","2","True","False","False","Static","6",""
"textures/item/light_10.png","item","ExistingLastDaysOverride","16","16","32","32","2","2","True","False","False","Static","6",""
"textures/item/light_11.png","item","ExistingLastDaysOverride","16","16","32","32","2","2","True","False","False","Static","6",""
"textures/item/light_12.png","item","ExistingLastDaysOverride","16","16","32","32","2","2","True","False","False","Static","6",""
"textures/item/light_13.png","item","ExistingLastDaysOverride","16","16","32","32","2","2","True","False","False","Static","6",""
"textures/item/light_14.png","item","ExistingLastDaysOverride","16","16","32","32","2","2","True","False","False","Static","6",""
"textures/item/light_15.png","item","ExistingLastDaysOverride","16","16","32","32","2","2","True","False","False","Static","6",""
"textures/item/light_blue_candle.png","item","ExistingLastDaysOverride","16","16","32","32","2","2","True","False","False","Static","6",""
"textures/item/light_blue_dye.png","item","ExistingLastDaysOverride","16","16","32","32","2","2","True","False","False","Static","6",""
"textures/item/light_gray_candle.png","item","ExistingLastDaysOverride","16","16","32","32","2","2","True","False","False","Static","6",""
"textures/item/light_gray_dye.png","item","ExistingLastDaysOverride","16","16","32","32","2","2","True","False","False","Static","6",""
"textures/item/light.png","item","ExistingLastDaysOverride","16","16","32","32","2","2","True","False","False","Static","3",""
"textures/item/lime_candle.png","item","ExistingLastDaysOverride","16","16","32","32","2","2","True","False","False","Static","6",""
"textures/item/lime_dye.png","item","ExistingLastDaysOverride","16","16","32","32","2","2","True","False","False","Static","6",""
"textures/item/lingering_potion.png","item","ExistingLastDaysOverride","16","16","32","32","2","2","True","False","False","Static","6",""
"textures/item/mace.png","item","ImportedVanillaPlaceholder","16","16","16","16","1","1","True","False","False","Static","3",""
"textures/item/magenta_candle.png","item","ExistingLastDaysOverride","16","16","32","32","2","2","True","False","False","Static","6",""
"textures/item/magenta_dye.png","item","ExistingLastDaysOverride","16","16","32","32","2","2","True","False","False","Static","6",""
"textures/item/magma_cream.png","item","ExistingLastDaysOverride","16","16","32","32","2","2","True","False","False","Static","6",""
"textures/item/mangrove_boat.png","item","ExistingLastDaysOverride","16","16","32","32","2","2","True","False","False","Static","3",""
"textures/item/mangrove_chest_boat.png","item","ExistingLastDaysOverride","16","16","32","32","2","2","True","False","False","Static","6",""
"textures/item/mangrove_door.png","item","ExistingLastDaysOverride","16","16","32","32","2","2","True","False","False","Static","6",""
"textures/item/mangrove_hanging_sign.png","item","ImportedVanillaPlaceholder","16","16","16","16","1","1","True","False","False","Static","3",""
"textures/item/mangrove_propagule.png","item","ExistingLastDaysOverride","16","16","32","32","2","2","True","False","False","Static","6",""
"textures/item/mangrove_sign.png","item","ExistingLastDaysOverride","16","16","32","32","2","2","True","False","False","Static","6",""
"textures/item/map.png","item","ExistingLastDaysOverride","16","16","32","32","2","2","True","False","False","Static","6",""
"textures/item/melon_seeds.png","item","ExistingLastDaysOverride","16","16","32","32","2","2","True","False","False","Static","6",""
"textures/item/melon_slice.png","item","ExistingLastDaysOverride","16","16","32","32","2","2","True","False","False","Static","6",""
"textures/item/milk_bucket.png","item","ExistingLastDaysOverride","16","16","32","32","2","2","True","False","False","Static","6",""
"textures/item/minecart.png","item","ExistingLastDaysOverride","16","16","32","32","2","2","True","False","False","Static","6",""
"textures/item/miner_pottery_sherd.png","item","MigratedLegacyOverride","16","16","16","16","1","1","True","False","False","Static","6",""
"textures/item/mojang_banner_pattern.png","item","ExistingLastDaysOverride","16","16","32","32","2","2","True","False","False","Static","6",""
"textures/item/mourner_pottery_sherd.png","item","MigratedLegacyOverride","16","16","16","16","1","1","True","False","False","Static","6",""
"textures/item/mushroom_stew.png","item","ExistingLastDaysOverride","16","16","32","32","2","2","True","False","False","Static","6",""
"textures/item/music_disc_11.png","item","ExistingLastDaysOverride","16","16","32","32","2","2","True","False","False","Static","6",""
"textures/item/music_disc_13.png","item","ExistingLastDaysOverride","16","16","32","32","2","2","True","False","False","Static","6",""
"textures/item/music_disc_5.png","item","ExistingLastDaysOverride","16","16","32","32","2","2","True","False","False","Static","6",""
"textures/item/music_disc_blocks.png","item","ExistingLastDaysOverride","16","16","32","32","2","2","True","False","False","Static","6",""
"textures/item/music_disc_cat.png","item","ExistingLastDaysOverride","16","16","32","32","2","2","True","False","False","Static","6",""
"textures/item/music_disc_chirp.png","item","ExistingLastDaysOverride","16","16","32","32","2","2","True","False","False","Static","6",""
"textures/item/music_disc_creator_music_box.png","item","ImportedVanillaPlaceholder","16","16","16","16","1","1","True","False","False","Static","3",""
"textures/item/music_disc_creator.png","item","ImportedVanillaPlaceholder","16","16","16","16","1","1","True","False","False","Static","3",""
"textures/item/music_disc_far.png","item","ExistingLastDaysOverride","16","16","32","32","2","2","True","False","False","Static","6",""
"textures/item/music_disc_mall.png","item","ExistingLastDaysOverride","16","16","32","32","2","2","True","False","False","Static","6",""
"textures/item/music_disc_mellohi.png","item","ExistingLastDaysOverride","16","16","32","32","2","2","True","False","False","Static","6",""
"textures/item/music_disc_otherside.png","item","ExistingLastDaysOverride","16","16","32","32","2","2","True","False","False","Static","6",""
"textures/item/music_disc_pigstep.png","item","ExistingLastDaysOverride","16","16","32","32","2","2","True","False","False","Static","6",""
"textures/item/music_disc_precipice.png","item","ImportedVanillaPlaceholder","16","16","16","16","1","1","True","False","False","Static","3",""
"textures/item/music_disc_relic.png","item","ImportedVanillaPlaceholder","16","16","16","16","1","1","True","False","False","Static","3",""
"textures/item/music_disc_stal.png","item","ExistingLastDaysOverride","16","16","32","32","2","2","True","False","False","Static","6",""
"textures/item/music_disc_strad.png","item","ExistingLastDaysOverride","16","16","32","32","2","2","True","False","False","Static","6",""
"textures/item/music_disc_wait.png","item","ExistingLastDaysOverride","16","16","32","32","2","2","True","False","False","Static","6",""
"textures/item/music_disc_ward.png","item","ExistingLastDaysOverride","16","16","32","32","2","2","True","False","False","Static","6",""
"textures/item/mutton.png","item","ExistingLastDaysOverride","16","16","32","32","2","2","True","False","False","Static","6",""
"textures/item/name_tag.png","item","ExistingLastDaysOverride","16","16","32","32","2","2","True","False","False","Static","6",""
"textures/item/nautilus_shell.png","item","ExistingLastDaysOverride","16","16","32","32","2","2","True","False","False","Static","6",""
"textures/item/nether_brick.png","item","ExistingLastDaysOverride","16","16","32","32","2","2","True","False","False","Static","6",""
"textures/item/nether_sprouts.png","item","ExistingLastDaysOverride","16","16","32","32","2","2","True","False","False","Static","6",""
"textures/item/nether_star.png","item","ExistingLastDaysOverride","16","16","32","32","2","2","True","False","False","Static","6",""
"textures/item/nether_wart.png","item","ExistingLastDaysOverride","16","16","32","32","2","2","True","False","False","Static","6",""
"textures/item/netherite_axe.png","item","ExistingLastDaysOverride","16","16","32","32","2","2","True","False","False","Static","6",""
"textures/item/netherite_boots.png","item","ExistingLastDaysOverride","16","16","32","32","2","2","True","False","False","Static","6",""
"textures/item/netherite_chestplate.png","item","ExistingLastDaysOverride","16","16","32","32","2","2","True","False","False","Static","6",""
"textures/item/netherite_helmet.png","item","ExistingLastDaysOverride","16","16","32","32","2","2","True","False","False","Static","6",""
"textures/item/netherite_hoe.png","item","ExistingLastDaysOverride","16","16","32","32","2","2","True","False","False","Static","6",""
"textures/item/netherite_ingot.png","item","ExistingLastDaysOverride","16","16","32","32","2","2","True","False","False","Static","6",""
"textures/item/netherite_leggings.png","item","ExistingLastDaysOverride","16","16","32","32","2","2","True","False","False","Static","6",""
"textures/item/netherite_pickaxe.png","item","ExistingLastDaysOverride","16","16","32","32","2","2","True","False","False","Static","6",""
"textures/item/netherite_scrap.png","item","ExistingLastDaysOverride","16","16","32","32","2","2","True","False","False","Static","6",""
"textures/item/netherite_shovel.png","item","ExistingLastDaysOverride","16","16","32","32","2","2","True","False","False","Static","6",""
"textures/item/netherite_sword.png","item","ExistingLastDaysOverride","16","16","32","1024","2","64","False","False","True","ValidatedCustom","6",""
"textures/item/netherite_upgrade_smithing_template.png","item","ExistingLastDaysOverride","16","16","16","16","1","1","True","False","False","Static","6",""
"textures/item/oak_boat.png","item","ExistingLastDaysOverride","16","16","32","32","2","2","True","False","False","Static","6",""
"textures/item/oak_chest_boat.png","item","ExistingLastDaysOverride","16","16","32","32","2","2","True","False","False","Static","6",""
"textures/item/oak_door.png","item","ExistingLastDaysOverride","16","16","32","32","2","2","True","False","False","Static","6",""
"textures/item/oak_hanging_sign.png","item","ImportedVanillaPlaceholder","16","16","16","16","1","1","True","False","False","Static","3",""
"textures/item/oak_sign.png","item","ExistingLastDaysOverride","16","16","32","32","2","2","True","False","False","Static","6",""
"textures/item/ominous_bottle.png","item","ImportedVanillaPlaceholder","16","16","16","16","1","1","True","False","False","Static","3",""
"textures/item/ominous_trial_key.png","item","ImportedVanillaPlaceholder","16","16","16","16","1","1","True","False","False","Static","3",""
"textures/item/orange_candle.png","item","ExistingLastDaysOverride","16","16","32","32","2","2","True","False","False","Static","6",""
"textures/item/orange_dye.png","item","ExistingLastDaysOverride","16","16","32","32","2","2","True","False","False","Static","6",""
"textures/item/oxidized_copper_door.png","item","ImportedVanillaPlaceholder","16","16","16","16","1","1","True","False","False","Static","6",""
"textures/item/painting.png","item","ExistingLastDaysOverride","16","16","32","32","2","2","True","False","False","Static","6",""
"textures/item/paper.png","item","ExistingLastDaysOverride","16","16","32","32","2","2","True","False","False","Static","6",""
"textures/item/phantom_membrane.png","item","ExistingLastDaysOverride","16","16","32","32","2","2","True","False","False","Static","6",""
"textures/item/piglin_banner_pattern.png","item","ExistingLastDaysOverride","16","16","32","32","2","2","True","False","False","Static","6",""
"textures/item/pink_candle.png","item","ExistingLastDaysOverride","16","16","32","32","2","2","True","False","False","Static","6",""
"textures/item/pink_dye.png","item","ExistingLastDaysOverride","16","16","32","32","2","2","True","False","False","Static","6",""
"textures/item/pink_petals.png","item","ImportedVanillaPlaceholder","16","16","16","16","1","1","True","False","False","Static","3",""
"textures/item/pitcher_plant.png","item","ExistingLastDaysOverride","16","16","16","16","1","1","True","False","False","Static","6",""
"textures/item/pitcher_pod.png","item","ExistingLastDaysOverride","16","16","16","16","1","1","True","False","False","Static","6",""
"textures/item/plenty_pottery_sherd.png","item","MigratedLegacyOverride","16","16","16","16","1","1","True","False","False","Static","6",""
"textures/item/pointed_dripstone.png","item","ExistingLastDaysOverride","16","16","32","32","2","2","True","False","False","Static","3",""
"textures/item/poisonous_potato.png","item","ExistingLastDaysOverride","16","16","32","32","2","2","True","False","False","Static","6",""
"textures/item/popped_chorus_fruit.png","item","ExistingLastDaysOverride","16","16","32","32","2","2","True","False","False","Static","6",""
"textures/item/porkchop.png","item","ExistingLastDaysOverride","16","16","32","32","2","2","True","False","False","Static","6",""
"textures/item/potato.png","item","ExistingLastDaysOverride","16","16","32","32","2","2","True","False","False","Static","6",""
"textures/item/potion_overlay.png","item","ExistingLastDaysOverride","16","16","32","32","2","2","True","False","False","Static","6",""
"textures/item/potion.png","item","ExistingLastDaysOverride","16","16","32","32","2","2","True","False","False","Static","6",""
"textures/item/powder_snow_bucket.png","item","ExistingLastDaysOverride","16","16","32","32","2","2","True","False","False","Static","6",""
"textures/item/prismarine_crystals.png","item","ExistingLastDaysOverride","16","16","32","32","2","2","True","False","False","Static","3",""
"textures/item/prismarine_shard.png","item","ExistingLastDaysOverride","16","16","32","32","2","2","True","False","False","Static","6",""
"textures/item/prize_pottery_sherd.png","item","MigratedLegacyOverride","16","16","16","16","1","1","True","False","False","Static","6",""
"textures/item/pufferfish_bucket.png","item","ExistingLastDaysOverride","16","16","32","32","2","2","True","False","False","Static","6",""
"textures/item/pufferfish.png","item","ExistingLastDaysOverride","16","16","32","32","2","2","True","False","False","Static","6",""
"textures/item/pumpkin_pie.png","item","ExistingLastDaysOverride","16","16","32","32","2","2","True","False","False","Static","6",""
"textures/item/pumpkin_seeds.png","item","ExistingLastDaysOverride","16","16","32","32","2","2","True","False","False","Static","6",""
"textures/item/purple_candle.png","item","ExistingLastDaysOverride","16","16","32","32","2","2","True","False","False","Static","6",""
"textures/item/purple_dye.png","item","ExistingLastDaysOverride","16","16","32","32","2","2","True","False","False","Static","6",""
"textures/item/quartz.png","item","ExistingLastDaysOverride","16","16","32","32","2","2","True","False","False","Static","6",""
"textures/item/rabbit_foot.png","item","ExistingLastDaysOverride","16","16","32","32","2","2","True","False","False","Static","6",""
"textures/item/rabbit_hide.png","item","ExistingLastDaysOverride","16","16","32","32","2","2","True","False","False","Static","6",""
"textures/item/rabbit_stew.png","item","ExistingLastDaysOverride","16","16","32","32","2","2","True","False","False","Static","6",""
"textures/item/rabbit.png","item","ExistingLastDaysOverride","16","16","32","32","2","2","True","False","False","Static","6",""
"textures/item/raiser_armor_trim_smithing_template.png","item","ExistingLastDaysOverride","16","16","16","16","1","1","True","False","False","Static","6",""
"textures/item/raw_copper.png","item","ExistingLastDaysOverride","16","16","32","32","2","2","True","False","False","Static","6",""
"textures/item/raw_gold.png","item","ExistingLastDaysOverride","16","16","32","32","2","2","True","False","False","Static","6",""
"textures/item/raw_iron.png","item","ExistingLastDaysOverride","16","16","32","32","2","2","True","False","False","Static","6",""
"textures/item/recovery_compass_00.png","item","ExistingLastDaysOverride","16","16","32","32","2","2","True","False","False","Static","6",""
"textures/item/recovery_compass_01.png","item","ExistingLastDaysOverride","16","16","32","32","2","2","True","False","False","Static","6",""
"textures/item/recovery_compass_02.png","item","ExistingLastDaysOverride","16","16","32","32","2","2","True","False","False","Static","6",""
"textures/item/recovery_compass_03.png","item","ExistingLastDaysOverride","16","16","32","32","2","2","True","False","False","Static","6",""
"textures/item/recovery_compass_04.png","item","ExistingLastDaysOverride","16","16","32","32","2","2","True","False","False","Static","6",""
"textures/item/recovery_compass_05.png","item","ExistingLastDaysOverride","16","16","32","32","2","2","True","False","False","Static","6",""
"textures/item/recovery_compass_06.png","item","ExistingLastDaysOverride","16","16","32","32","2","2","True","False","False","Static","6",""
"textures/item/recovery_compass_07.png","item","ExistingLastDaysOverride","16","16","32","32","2","2","True","False","False","Static","6",""
"textures/item/recovery_compass_08.png","item","ExistingLastDaysOverride","16","16","32","32","2","2","True","False","False","Static","6",""
"textures/item/recovery_compass_09.png","item","ExistingLastDaysOverride","16","16","32","32","2","2","True","False","False","Static","6",""
"textures/item/recovery_compass_10.png","item","ExistingLastDaysOverride","16","16","32","32","2","2","True","False","False","Static","6",""
"textures/item/recovery_compass_11.png","item","ExistingLastDaysOverride","16","16","32","32","2","2","True","False","False","Static","6",""
"textures/item/recovery_compass_12.png","item","ExistingLastDaysOverride","16","16","32","32","2","2","True","False","False","Static","6",""
"textures/item/recovery_compass_13.png","item","ExistingLastDaysOverride","16","16","32","32","2","2","True","False","False","Static","6",""
"textures/item/recovery_compass_14.png","item","ExistingLastDaysOverride","16","16","32","32","2","2","True","False","False","Static","6",""
"textures/item/recovery_compass_15.png","item","ExistingLastDaysOverride","16","16","32","32","2","2","True","False","False","Static","6",""
"textures/item/recovery_compass_16.png","item","ExistingLastDaysOverride","16","16","32","32","2","2","True","False","False","Static","6",""
"textures/item/recovery_compass_17.png","item","ExistingLastDaysOverride","16","16","32","32","2","2","True","False","False","Static","6",""
"textures/item/recovery_compass_18.png","item","ExistingLastDaysOverride","16","16","32","32","2","2","True","False","False","Static","6",""
"textures/item/recovery_compass_19.png","item","ExistingLastDaysOverride","16","16","32","32","2","2","True","False","False","Static","6",""
"textures/item/recovery_compass_20.png","item","ExistingLastDaysOverride","16","16","32","32","2","2","True","False","False","Static","6",""
"textures/item/recovery_compass_21.png","item","ExistingLastDaysOverride","16","16","32","32","2","2","True","False","False","Static","6",""
"textures/item/recovery_compass_22.png","item","ExistingLastDaysOverride","16","16","32","32","2","2","True","False","False","Static","6",""
"textures/item/recovery_compass_23.png","item","ExistingLastDaysOverride","16","16","32","32","2","2","True","False","False","Static","6",""
"textures/item/recovery_compass_24.png","item","ExistingLastDaysOverride","16","16","32","32","2","2","True","False","False","Static","6",""
"textures/item/recovery_compass_25.png","item","ExistingLastDaysOverride","16","16","32","32","2","2","True","False","False","Static","6",""
"textures/item/recovery_compass_26.png","item","ExistingLastDaysOverride","16","16","32","32","2","2","True","False","False","Static","6",""
"textures/item/recovery_compass_27.png","item","ExistingLastDaysOverride","16","16","32","32","2","2","True","False","False","Static","6",""
"textures/item/recovery_compass_28.png","item","ExistingLastDaysOverride","16","16","32","32","2","2","True","False","False","Static","6",""
"textures/item/recovery_compass_29.png","item","ExistingLastDaysOverride","16","16","32","32","2","2","True","False","False","Static","6",""
"textures/item/recovery_compass_30.png","item","ExistingLastDaysOverride","16","16","32","32","2","2","True","False","False","Static","6",""
"textures/item/recovery_compass_31.png","item","ExistingLastDaysOverride","16","16","32","32","2","2","True","False","False","Static","6",""
"textures/item/red_candle.png","item","ExistingLastDaysOverride","16","16","32","32","2","2","True","False","False","Static","6",""
"textures/item/red_dye.png","item","ExistingLastDaysOverride","16","16","32","32","2","2","True","False","False","Static","6",""
"textures/item/redstone.png","item","ExistingLastDaysOverride","16","16","32","32","2","2","True","False","False","Static","6",""
"textures/item/repeater.png","item","ExistingLastDaysOverride","16","16","32","32","2","2","True","False","False","Static","6",""
"textures/item/rib_armor_trim_smithing_template.png","item","ExistingLastDaysOverride","16","16","16","16","1","1","True","False","False","Static","6",""
"textures/item/rotten_flesh.png","item","ExistingLastDaysOverride","16","16","32","32","2","2","True","False","False","Static","6",""
"textures/item/saddle.png","item","ExistingLastDaysOverride","16","16","32","32","2","2","True","False","False","Static","6",""
"textures/item/salmon_bucket.png","item","ExistingLastDaysOverride","16","16","32","32","2","2","True","False","False","Static","6",""
"textures/item/salmon.png","item","ExistingLastDaysOverride","16","16","32","32","2","2","True","False","False","Static","6",""
"textures/item/scrape_pottery_sherd.png","item","ImportedVanillaPlaceholder","16","16","16","16","1","1","True","False","False","Static","3",""
"textures/item/sea_pickle.png","item","ExistingLastDaysOverride","16","16","32","32","2","2","True","False","False","Static","6",""
"textures/item/seagrass.png","item","ExistingLastDaysOverride","16","16","32","32","2","2","True","False","False","Static","6",""
"textures/item/sentry_armor_trim_smithing_template.png","item","ExistingLastDaysOverride","16","16","16","16","1","1","True","False","False","Static","6",""
"textures/item/shaper_armor_trim_smithing_template.png","item","ExistingLastDaysOverride","16","16","16","16","1","1","True","False","False","Static","6",""
"textures/item/sheaf_pottery_sherd.png","item","MigratedLegacyOverride","16","16","16","16","1","1","True","False","False","Static","6",""
"textures/item/shears.png","item","ExistingLastDaysOverride","16","16","32","32","2","2","True","False","False","Static","6",""
"textures/item/shelter_pottery_sherd.png","item","MigratedLegacyOverride","16","16","16","16","1","1","True","False","False","Static","6",""
"textures/item/shulker_shell.png","item","ExistingLastDaysOverride","16","16","32","32","2","2","True","False","False","Static","6",""
"textures/item/silence_armor_trim_smithing_template.png","item","ExistingLastDaysOverride","16","16","16","16","1","1","True","False","False","Static","6",""
"textures/item/skull_banner_pattern.png","item","ExistingLastDaysOverride","16","16","32","32","2","2","True","False","False","Static","6",""
"textures/item/skull_pottery_sherd.png","item","MigratedLegacyOverride","16","16","16","16","1","1","True","False","False","Static","6",""
"textures/item/slime_ball.png","item","ExistingLastDaysOverride","16","16","32","32","2","2","True","False","False","Static","6",""
"textures/item/sniffer_egg.png","item","ExistingLastDaysOverride","16","16","16","16","1","1","True","False","False","Static","6",""
"textures/item/snort_pottery_sherd.png","item","MigratedLegacyOverride","16","16","16","16","1","1","True","False","False","Static","6",""
"textures/item/snout_armor_trim_smithing_template.png","item","ExistingLastDaysOverride","16","16","16","16","1","1","True","False","False","Static","6",""
"textures/item/snowball.png","item","ExistingLastDaysOverride","16","16","32","32","2","2","True","False","False","Static","6",""
"textures/item/soul_campfire.png","item","ExistingLastDaysOverride","16","16","32","32","2","2","True","False","False","Static","6",""
"textures/item/soul_lantern.png","item","ExistingLastDaysOverride","16","16","32","32","2","2","True","False","False","Static","6",""
"textures/item/spawn_egg_overlay.png","item","ExistingLastDaysOverride","16","16","32","32","2","2","True","False","False","Static","6",""
"textures/item/spawn_egg.png","item","ExistingLastDaysOverride","16","16","32","32","2","2","True","False","False","Static","6",""
"textures/item/spectral_arrow.png","item","ExistingLastDaysOverride","16","16","32","32","2","2","True","False","False","Static","6",""
"textures/item/spider_eye.png","item","ExistingLastDaysOverride","16","16","32","32","2","2","True","False","False","Static","6",""
"textures/item/spire_armor_trim_smithing_template.png","item","ExistingLastDaysOverride","16","16","16","16","1","1","True","False","False","Static","6",""
"textures/item/splash_potion.png","item","ExistingLastDaysOverride","16","16","32","32","2","2","True","False","False","Static","6",""
"textures/item/spruce_boat.png","item","ExistingLastDaysOverride","16","16","32","32","2","2","True","False","False","Static","6",""
"textures/item/spruce_chest_boat.png","item","ExistingLastDaysOverride","16","16","32","32","2","2","True","False","False","Static","6",""
"textures/item/spruce_door.png","item","ExistingLastDaysOverride","16","16","32","32","2","2","True","False","False","Static","6",""
"textures/item/spruce_hanging_sign.png","item","ImportedVanillaPlaceholder","16","16","16","16","1","1","True","False","False","Static","3",""
"textures/item/spruce_sign.png","item","ExistingLastDaysOverride","16","16","32","32","2","2","True","False","False","Static","6",""
"textures/item/spyglass_model.png","item","ExistingLastDaysOverride","16","16","32","32","2","2","True","False","False","Static","3",""
"textures/item/spyglass.png","item","ExistingLastDaysOverride","16","16","32","32","2","2","True","False","False","Static","3",""
"textures/item/stick.png","item","ExistingLastDaysOverride","16","16","32","32","2","2","True","False","False","Static","6",""
"textures/item/stone_axe.png","item","ExistingLastDaysOverride","16","16","32","32","2","2","True","False","False","Static","6",""
"textures/item/stone_hoe.png","item","ExistingLastDaysOverride","16","16","32","32","2","2","True","False","False","Static","6",""
"textures/item/stone_pickaxe.png","item","ExistingLastDaysOverride","16","16","32","32","2","2","True","False","False","Static","6",""
"textures/item/stone_shovel.png","item","ExistingLastDaysOverride","16","16","32","32","2","2","True","False","False","Static","6",""
"textures/item/stone_sword.png","item","ExistingLastDaysOverride","16","16","32","32","2","2","True","False","False","Static","6",""
"textures/item/string.png","item","ExistingLastDaysOverride","16","16","32","32","2","2","True","False","False","Static","6",""
"textures/item/structure_void.png","item","ExistingLastDaysOverride","16","16","32","32","2","2","True","False","False","Static","6",""
"textures/item/sugar_cane.png","item","ExistingLastDaysOverride","16","16","32","32","2","2","True","False","False","Static","6",""
"textures/item/sugar.png","item","ExistingLastDaysOverride","16","16","32","32","2","2","True","False","False","Static","6",""
"textures/item/suspicious_stew.png","item","ExistingLastDaysOverride","16","16","32","32","2","2","True","False","False","Static","6",""
"textures/item/sweet_berries.png","item","ExistingLastDaysOverride","16","16","32","32","2","2","True","False","False","Static","6",""
"textures/item/tadpole_bucket.png","item","ExistingLastDaysOverride","16","16","32","32","2","2","True","False","False","Static","6",""
"textures/item/tide_armor_trim_smithing_template.png","item","ExistingLastDaysOverride","16","16","16","16","1","1","True","False","False","Static","6",""
"textures/item/tipped_arrow_base.png","item","ExistingLastDaysOverride","16","16","32","32","2","2","True","False","False","Static","6",""
"textures/item/tipped_arrow_head.png","item","ExistingLastDaysOverride","16","16","32","32","2","2","True","False","False","Static","6",""
"textures/item/tnt_minecart.png","item","ExistingLastDaysOverride","16","16","32","32","2","2","True","False","False","Static","6",""
"textures/item/torchflower_seeds.png","item","ExistingLastDaysOverride","16","16","32","32","2","2","True","False","False","Static","6",""
"textures/item/totem_of_undying.png","item","ExistingLastDaysOverride","16","16","32","32","2","2","True","False","False","Static","6",""
"textures/item/trial_key.png","item","ImportedVanillaPlaceholder","16","16","16","16","1","1","True","False","False","Static","3",""
"textures/item/trident.png","item","ExistingLastDaysOverride","16","16","32","32","2","2","True","False","False","Static","6",""
"textures/item/tropical_fish_bucket.png","item","ExistingLastDaysOverride","16","16","32","32","2","2","True","False","False","Static","6",""
"textures/item/tropical_fish.png","item","ExistingLastDaysOverride","16","16","32","32","2","2","True","False","False","Static","3",""
"textures/item/turtle_egg.png","item","ExistingLastDaysOverride","16","16","32","32","2","2","True","False","False","Static","6",""
"textures/item/turtle_helmet.png","item","ExistingLastDaysOverride","16","16","32","32","2","2","True","False","False","Static","6",""
"textures/item/turtle_scute.png","item","MigratedLegacyOverride","16","16","32","32","2","2","True","False","False","Static","6",""
"textures/item/vex_armor_trim_smithing_template.png","item","ExistingLastDaysOverride","16","16","16","16","1","1","True","False","False","Static","6",""
"textures/item/ward_armor_trim_smithing_template.png","item","ExistingLastDaysOverride","16","16","16","16","1","1","True","False","False","Static","6",""
"textures/item/warped_door.png","item","ExistingLastDaysOverride","16","16","32","32","2","2","True","False","False","Static","6",""
"textures/item/warped_fungus_on_a_stick.png","item","ExistingLastDaysOverride","16","16","32","32","2","2","True","False","False","Static","3",""
"textures/item/warped_hanging_sign.png","item","ImportedVanillaPlaceholder","16","16","16","16","1","1","True","False","False","Static","3",""
"textures/item/warped_sign.png","item","ExistingLastDaysOverride","16","16","32","32","2","2","True","False","False","Static","3",""
"textures/item/water_bucket.png","item","ExistingLastDaysOverride","16","16","32","32","2","2","True","False","False","Static","6",""
"textures/item/wayfinder_armor_trim_smithing_template.png","item","ExistingLastDaysOverride","16","16","16","16","1","1","True","False","False","Static","6",""
"textures/item/weathered_copper_door.png","item","ImportedVanillaPlaceholder","16","16","16","16","1","1","True","False","False","Static","6",""
"textures/item/wheat_seeds.png","item","ExistingLastDaysOverride","16","16","32","32","2","2","True","False","False","Static","6",""
"textures/item/wheat.png","item","ExistingLastDaysOverride","16","16","32","32","2","2","True","False","False","Static","6",""
"textures/item/white_candle.png","item","ExistingLastDaysOverride","16","16","32","32","2","2","True","False","False","Static","6",""
"textures/item/white_dye.png","item","ExistingLastDaysOverride","16","16","32","32","2","2","True","False","False","Static","6",""
"textures/item/wild_armor_trim_smithing_template.png","item","ExistingLastDaysOverride","16","16","16","16","1","1","True","False","False","Static","6",""
"textures/item/wind_charge.png","item","ImportedVanillaPlaceholder","16","16","16","16","1","1","True","False","False","Static","3",""
"textures/item/wolf_armor_overlay.png","item","ImportedVanillaPlaceholder","16","16","16","16","1","1","True","False","False","Static","3",""
"textures/item/wolf_armor.png","item","ImportedVanillaPlaceholder","16","16","16","16","1","1","True","False","False","Static","3",""
"textures/item/wooden_axe.png","item","ExistingLastDaysOverride","16","16","32","32","2","2","True","False","False","Static","6",""
"textures/item/wooden_hoe.png","item","ExistingLastDaysOverride","16","16","32","32","2","2","True","False","False","Static","6",""
"textures/item/wooden_pickaxe.png","item","ExistingLastDaysOverride","16","16","32","32","2","2","True","False","False","Static","6",""
"textures/item/wooden_shovel.png","item","ExistingLastDaysOverride","16","16","32","32","2","2","True","False","False","Static","6",""
"textures/item/wooden_sword.png","item","ExistingLastDaysOverride","16","16","32","32","2","2","True","False","False","Static","6",""
"textures/item/writable_book.png","item","ExistingLastDaysOverride","16","16","32","32","2","2","True","False","False","Static","6",""
"textures/item/written_book.png","item","ExistingLastDaysOverride","16","16","32","32","2","2","True","False","False","Static","6",""
"textures/item/yellow_candle.png","item","ExistingLastDaysOverride","16","16","32","32","2","2","True","False","False","Static","6",""
"textures/item/yellow_dye.png","item","ExistingLastDaysOverride","16","16","32","32","2","2","True","False","False","Static","6",""
"textures/map/decorations/black_banner.png","map","ImportedVanillaPlaceholder","8","8","8","8","1","1","True","False","False","Static","3",""
"textures/map/decorations/blue_banner.png","map","ImportedVanillaPlaceholder","8","8","8","8","1","1","True","False","False","Static","3",""
"textures/map/decorations/blue_marker.png","map","ImportedVanillaPlaceholder","8","8","8","8","1","1","True","False","False","Static","3",""
"textures/map/decorations/brown_banner.png","map","ImportedVanillaPlaceholder","8","8","8","8","1","1","True","False","False","Static","3",""
"textures/map/decorations/cyan_banner.png","map","ImportedVanillaPlaceholder","8","8","8","8","1","1","True","False","False","Static","3",""
"textures/map/decorations/desert_village.png","map","ImportedVanillaPlaceholder","8","8","8","8","1","1","True","False","False","Static","3",""
"textures/map/decorations/frame.png","map","ImportedVanillaPlaceholder","8","8","8","8","1","1","True","False","False","Static","3",""
"textures/map/decorations/gray_banner.png","map","ImportedVanillaPlaceholder","8","8","8","8","1","1","True","False","False","Static","3",""
"textures/map/decorations/green_banner.png","map","ImportedVanillaPlaceholder","8","8","8","8","1","1","True","False","False","Static","3",""
"textures/map/decorations/jungle_temple.png","map","ImportedVanillaPlaceholder","8","8","8","8","1","1","True","False","False","Static","3",""
"textures/map/decorations/light_blue_banner.png","map","ImportedVanillaPlaceholder","8","8","8","8","1","1","True","False","False","Static","3",""
"textures/map/decorations/light_gray_banner.png","map","ImportedVanillaPlaceholder","8","8","8","8","1","1","True","False","False","Static","3",""
"textures/map/decorations/lime_banner.png","map","ImportedVanillaPlaceholder","8","8","8","8","1","1","True","False","False","Static","3",""
"textures/map/decorations/magenta_banner.png","map","ImportedVanillaPlaceholder","8","8","8","8","1","1","True","False","False","Static","3",""
"textures/map/decorations/ocean_monument.png","map","ImportedVanillaPlaceholder","8","8","8","8","1","1","True","False","False","Static","3",""
"textures/map/decorations/orange_banner.png","map","ImportedVanillaPlaceholder","8","8","8","8","1","1","True","False","False","Static","3",""
"textures/map/decorations/pink_banner.png","map","ImportedVanillaPlaceholder","8","8","8","8","1","1","True","False","False","Static","3",""
"textures/map/decorations/plains_village.png","map","ImportedVanillaPlaceholder","8","8","8","8","1","1","True","False","False","Static","3",""
"textures/map/decorations/player_off_limits.png","map","ImportedVanillaPlaceholder","8","8","8","8","1","1","True","False","False","Static","3",""
"textures/map/decorations/player_off_map.png","map","ImportedVanillaPlaceholder","8","8","8","8","1","1","True","False","False","Static","3",""
"textures/map/decorations/player.png","map","ImportedVanillaPlaceholder","8","8","8","8","1","1","True","False","False","Static","3",""
"textures/map/decorations/purple_banner.png","map","ImportedVanillaPlaceholder","8","8","8","8","1","1","True","False","False","Static","3",""
"textures/map/decorations/red_banner.png","map","ImportedVanillaPlaceholder","8","8","8","8","1","1","True","False","False","Static","3",""
"textures/map/decorations/red_marker.png","map","ImportedVanillaPlaceholder","8","8","8","8","1","1","True","False","False","Static","3",""
"textures/map/decorations/red_x.png","map","ImportedVanillaPlaceholder","8","8","8","8","1","1","True","False","False","Static","3",""
"textures/map/decorations/savanna_village.png","map","ImportedVanillaPlaceholder","8","8","8","8","1","1","True","False","False","Static","3",""
"textures/map/decorations/snowy_village.png","map","ImportedVanillaPlaceholder","8","8","8","8","1","1","True","False","False","Static","3",""
"textures/map/decorations/swamp_hut.png","map","ImportedVanillaPlaceholder","8","8","8","8","1","1","True","False","False","Static","3",""
"textures/map/decorations/taiga_village.png","map","ImportedVanillaPlaceholder","8","8","8","8","1","1","True","False","False","Static","3",""
"textures/map/decorations/target_point.png","map","ImportedVanillaPlaceholder","8","8","8","8","1","1","True","False","False","Static","3",""
"textures/map/decorations/target_x.png","map","ImportedVanillaPlaceholder","8","8","8","8","1","1","True","False","False","Static","3",""
"textures/map/decorations/trial_chambers.png","map","ImportedVanillaPlaceholder","8","8","8","8","1","1","True","False","False","Static","3",""
"textures/map/decorations/white_banner.png","map","ImportedVanillaPlaceholder","8","8","8","8","1","1","True","False","False","Static","3",""
"textures/map/decorations/woodland_mansion.png","map","ImportedVanillaPlaceholder","8","8","8","8","1","1","True","False","False","Static","3",""
"textures/map/decorations/yellow_banner.png","map","ImportedVanillaPlaceholder","8","8","8","8","1","1","True","False","False","Static","3",""
"textures/map/map_background_checkerboard.png","map","ExistingLastDaysOverride","128","128","128","128","1","1","True","False","False","Static","6",""
"textures/map/map_background.png","map","ExistingLastDaysOverride","64","64","128","128","2","2","True","False","False","Static","6",""
"textures/misc/credits_vignette.png","misc","ImportedVanillaPlaceholder","256","256","256","256","1","1","True","False","False","NotAnimation","0",""
"textures/misc/enchanted_glint_entity.png","misc","ImportedVanillaPlaceholder","128","128","128","128","1","1","True","False","False","Static","3",""
"textures/misc/enchanted_glint_item.png","misc","ImportedVanillaPlaceholder","128","128","128","128","1","1","True","False","False","Static","2",""
"textures/misc/forcefield.png","misc","ExistingLastDaysOverride","16","16","32","32","2","2","True","False","False","Static","6",""
"textures/misc/nausea.png","misc","ExistingLastDaysOverride","256","256","256","256","1","1","True","False","False","Static","0",""
"textures/misc/powder_snow_outline.png","misc","ExistingLastDaysOverride","256","256","512","512","2","2","True","False","False","Static","6",""
"textures/misc/pumpkinblur.png","misc","ExistingLastDaysOverride","256","256","512","512","2","2","True","False","False","NotAnimation","6",""
"textures/misc/shadow.png","misc","ExistingLastDaysOverride","64","64","64","64","1","1","True","False","False","NotAnimation","6",""
"textures/misc/spyglass_scope.png","misc","ExistingLastDaysOverride","256","256","512","512","2","2","True","False","False","Static","6",""
"textures/misc/underwater.png","misc","ExistingLastDaysOverride","16","16","32","32","2","2","True","False","False","Static","6",""
"textures/misc/unknown_pack.png","misc","ExistingLastDaysOverride","128","128","128","128","1","1","True","False","False","Static","6",""
"textures/misc/unknown_server.png","misc","ExistingLastDaysOverride","128","128","128","128","1","1","True","False","False","Static","6",""
"textures/misc/vignette.png","misc","ExistingLastDaysOverride","256","256","256","256","1","1","True","False","False","NotAnimation","6",""
"textures/misc/white.png","misc","ImportedVanillaPlaceholder","4","4","4","4","1","1","True","False","False","Static","2",""
"textures/mob_effect/absorption.png","mob_effect","RecoveredLegacyOverride","18","18","36","36","2","2","True","False","False","Static","6",""
"textures/mob_effect/bad_omen.png","mob_effect","RecoveredLegacyOverride","18","18","36","36","2","2","True","False","False","Static","6",""
"textures/mob_effect/blindness.png","mob_effect","RecoveredLegacyOverride","18","18","36","36","2","2","True","False","False","Static","6",""
"textures/mob_effect/conduit_power.png","mob_effect","RecoveredLegacyOverride","18","18","36","36","2","2","True","False","False","Static","6",""
"textures/mob_effect/darkness.png","mob_effect","ImportedVanillaPlaceholder","18","18","18","18","1","1","True","False","False","Static","3",""
"textures/mob_effect/dolphins_grace.png","mob_effect","ExistingLastDaysOverride","18","18","36","36","2","2","True","False","False","Static","6",""
"textures/mob_effect/fire_resistance.png","mob_effect","RecoveredLegacyOverride","18","18","36","36","2","2","True","False","False","Static","6",""
"textures/mob_effect/glowing.png","mob_effect","ExistingLastDaysOverride","18","18","36","36","2","2","True","False","False","Static","6",""
"textures/mob_effect/haste.png","mob_effect","RecoveredLegacyOverride","18","18","36","36","2","2","True","False","False","Static","6",""
"textures/mob_effect/health_boost.png","mob_effect","RecoveredLegacyOverride","18","18","36","36","2","2","True","False","False","Static","6",""
"textures/mob_effect/hero_of_the_village.png","mob_effect","RecoveredLegacyOverride","18","18","36","36","2","2","True","False","False","Static","6",""
"textures/mob_effect/hunger.png","mob_effect","RecoveredLegacyOverride","18","18","36","36","2","2","True","False","False","Static","6",""
"textures/mob_effect/infested.png","mob_effect","ImportedVanillaPlaceholder","18","18","18","18","1","1","True","False","False","Static","3",""
"textures/mob_effect/instant_damage.png","mob_effect","ExistingLastDaysOverride","18","18","36","36","2","2","True","False","False","Static","6",""
"textures/mob_effect/instant_health.png","mob_effect","ExistingLastDaysOverride","18","18","36","36","2","2","True","False","False","Static","6",""
"textures/mob_effect/invisibility.png","mob_effect","RecoveredLegacyOverride","18","18","36","36","2","2","True","False","False","Static","6",""
"textures/mob_effect/jump_boost.png","mob_effect","RecoveredLegacyOverride","18","18","36","36","2","2","True","False","False","Static","6",""
"textures/mob_effect/levitation.png","mob_effect","RecoveredLegacyOverride","18","18","36","36","2","2","True","False","False","Static","6",""
"textures/mob_effect/luck.png","mob_effect","RecoveredLegacyOverride","18","18","36","36","2","2","True","False","False","Static","6",""
"textures/mob_effect/mining_fatigue.png","mob_effect","RecoveredLegacyOverride","18","18","36","36","2","2","True","False","False","Static","6",""
"textures/mob_effect/nausea.png","mob_effect","RecoveredLegacyOverride","18","18","36","36","2","2","True","False","False","Static","6",""
"textures/mob_effect/night_vision.png","mob_effect","RecoveredLegacyOverride","18","18","36","36","2","2","True","False","False","Static","6",""
"textures/mob_effect/oozing.png","mob_effect","ImportedVanillaPlaceholder","18","18","18","18","1","1","True","False","False","Static","3",""
"textures/mob_effect/poison.png","mob_effect","RecoveredLegacyOverride","18","18","36","36","2","2","True","False","False","Static","6",""
"textures/mob_effect/raid_omen.png","mob_effect","ImportedVanillaPlaceholder","18","18","18","18","1","1","True","False","False","Static","3",""
"textures/mob_effect/regeneration.png","mob_effect","RecoveredLegacyOverride","18","18","36","36","2","2","True","False","False","Static","6",""
"textures/mob_effect/resistance.png","mob_effect","RecoveredLegacyOverride","18","18","36","36","2","2","True","False","False","Static","6",""
"textures/mob_effect/saturation.png","mob_effect","RecoveredLegacyOverride","18","18","36","36","2","2","True","False","False","Static","6",""
"textures/mob_effect/slow_falling.png","mob_effect","RecoveredLegacyOverride","18","18","36","36","2","2","True","False","False","Static","6",""
"textures/mob_effect/slowness.png","mob_effect","RecoveredLegacyOverride","18","18","36","36","2","2","True","False","False","Static","6",""
"textures/mob_effect/speed.png","mob_effect","RecoveredLegacyOverride","18","18","36","36","2","2","True","False","False","Static","6",""
"textures/mob_effect/strength.png","mob_effect","RecoveredLegacyOverride","18","18","36","36","2","2","True","False","False","Static","6",""
"textures/mob_effect/trial_omen.png","mob_effect","ImportedVanillaPlaceholder","18","18","18","18","1","1","True","False","False","Static","3",""
"textures/mob_effect/unluck.png","mob_effect","RecoveredLegacyOverride","18","18","36","36","2","2","True","False","False","Static","6",""
"textures/mob_effect/water_breathing.png","mob_effect","RecoveredLegacyOverride","18","18","36","36","2","2","True","False","False","Static","6",""
"textures/mob_effect/weakness.png","mob_effect","RecoveredLegacyOverride","18","18","36","36","2","2","True","False","False","Static","6",""
"textures/mob_effect/weaving.png","mob_effect","ImportedVanillaPlaceholder","18","18","18","18","1","1","True","False","False","Static","3",""
"textures/mob_effect/wind_charged.png","mob_effect","ImportedVanillaPlaceholder","18","18","18","18","1","1","True","False","False","Static","3",""
"textures/mob_effect/wither.png","mob_effect","RecoveredLegacyOverride","18","18","36","36","2","2","True","False","False","Static","6",""
"textures/models/armor/chainmail_layer_1.png","models","ExistingLastDaysOverride","64","32","128","64","2","2","True","False","False","Static","6",""
"textures/models/armor/chainmail_layer_2.png","models","ExistingLastDaysOverride","64","32","128","64","2","2","True","False","False","Static","6",""
"textures/models/armor/diamond_layer_1.png","models","ExistingLastDaysOverride","64","32","128","64","2","2","True","False","False","Static","6",""
"textures/models/armor/diamond_layer_2.png","models","ExistingLastDaysOverride","64","32","128","64","2","2","True","False","False","Static","6",""
"textures/models/armor/gold_layer_1.png","models","ExistingLastDaysOverride","64","32","128","64","2","2","True","False","False","Static","6",""
"textures/models/armor/gold_layer_2.png","models","ExistingLastDaysOverride","64","32","128","64","2","2","True","False","False","Static","6",""
"textures/models/armor/iron_layer_1.png","models","ExistingLastDaysOverride","64","32","128","64","2","2","True","False","False","Static","6",""
"textures/models/armor/iron_layer_2.png","models","ExistingLastDaysOverride","64","32","128","64","2","2","True","False","False","Static","6",""
"textures/models/armor/leather_layer_1_overlay.png","models","ExistingLastDaysOverride","64","32","128","64","2","2","True","False","False","Static","6",""
"textures/models/armor/leather_layer_1.png","models","ExistingLastDaysOverride","64","32","128","64","2","2","True","False","False","Static","6",""
"textures/models/armor/leather_layer_2_overlay.png","models","ExistingLastDaysOverride","64","32","128","64","2","2","True","False","False","Static","6",""
"textures/models/armor/leather_layer_2.png","models","ExistingLastDaysOverride","64","32","128","64","2","2","True","False","False","Static","6",""
"textures/models/armor/netherite_layer_1.png","models","ExistingLastDaysOverride","64","32","128","64","2","2","True","False","False","Static","6",""
"textures/models/armor/netherite_layer_2.png","models","ExistingLastDaysOverride","64","32","128","64","2","2","True","False","False","Static","6",""
"textures/models/armor/turtle_layer_1.png","models","ExistingLastDaysOverride","64","32","128","64","2","2","True","False","False","Static","6",""
"textures/painting/alban.png","painting","ExistingLastDaysOverride","16","16","32","32","2","2","True","False","False","Static","6",""
"textures/painting/aztec.png","painting","ExistingLastDaysOverride","16","16","32","32","2","2","True","False","False","Static","6",""
"textures/painting/aztec2.png","painting","ExistingLastDaysOverride","16","16","32","32","2","2","True","False","False","Static","6",""
"textures/painting/back.png","painting","ExistingLastDaysOverride","16","16","1","1","0.062","0.062","True","False","False","Static","6",""
"textures/painting/backyard.png","painting","ImportedVanillaPlaceholder","48","64","48","64","1","1","True","False","False","Static","2",""
"textures/painting/baroque.png","painting","ImportedVanillaPlaceholder","32","32","32","32","1","1","True","False","False","Static","2",""
"textures/painting/bomb.png","painting","ExistingLastDaysOverride","16","16","32","32","2","2","True","False","False","Static","6",""
"textures/painting/bouquet.png","painting","ImportedVanillaPlaceholder","48","48","48","48","1","1","True","False","False","Static","2",""
"textures/painting/burning_skull.png","painting","ExistingLastDaysOverride","64","64","128","128","2","2","True","False","False","Static","6",""
"textures/painting/bust.png","painting","ExistingLastDaysOverride","32","32","64","64","2","2","True","False","False","Static","6",""
"textures/painting/cavebird.png","painting","ImportedVanillaPlaceholder","48","48","48","48","1","1","True","False","False","Static","2",""
"textures/painting/changing.png","painting","ImportedVanillaPlaceholder","64","32","64","32","1","1","True","False","False","Static","2",""
"textures/painting/cotan.png","painting","ImportedVanillaPlaceholder","48","48","48","48","1","1","True","False","False","Static","2",""
"textures/painting/courbet.png","painting","ExistingLastDaysOverride","32","16","64","32","2","2","True","False","False","Static","6",""
"textures/painting/creebet.png","painting","ExistingLastDaysOverride","32","16","64","32","2","2","True","False","False","Static","6",""
"textures/painting/donkey_kong.png","painting","ExistingLastDaysOverride","64","48","128","96","2","2","True","False","False","Static","6",""
"textures/painting/earth.png","painting","ImportedVanillaPlaceholder","32","32","32","32","1","1","True","False","False","Static","3",""
"textures/painting/endboss.png","painting","ImportedVanillaPlaceholder","48","48","48","48","1","1","True","False","False","Static","2",""
"textures/painting/fern.png","painting","ImportedVanillaPlaceholder","48","48","48","48","1","1","True","False","False","Static","2",""
"textures/painting/fighters.png","painting","ExistingLastDaysOverride","64","32","128","64","2","2","True","False","False","Static","6",""
"textures/painting/finding.png","painting","ImportedVanillaPlaceholder","64","32","64","32","1","1","True","False","False","Static","2",""
"textures/painting/fire.png","painting","ImportedVanillaPlaceholder","32","32","32","32","1","1","True","False","False","Static","3",""
"textures/painting/graham.png","painting","ExistingLastDaysOverride","16","32","32","64","2","2","True","False","False","Static","2",""
"textures/painting/humble.png","painting","ImportedVanillaPlaceholder","32","32","32","32","1","1","True","False","False","Static","2",""
"textures/painting/kebab.png","painting","ExistingLastDaysOverride","16","16","32","32","2","2","True","False","False","Static","6",""
"textures/painting/lowmist.png","painting","ImportedVanillaPlaceholder","64","32","64","32","1","1","True","False","False","Static","2",""
"textures/painting/match.png","painting","ExistingLastDaysOverride","32","32","64","2176","2","68","False","False","True","ValidatedCustom","6",""
"textures/painting/meditative.png","painting","ImportedVanillaPlaceholder","16","16","16","16","1","1","True","False","False","Static","2",""
"textures/painting/orb.png","painting","ImportedVanillaPlaceholder","64","64","64","64","1","1","True","False","False","Static","2",""
"textures/painting/owlemons.png","painting","ImportedVanillaPlaceholder","48","48","48","48","1","1","True","False","False","Static","2",""
"textures/painting/passage.png","painting","ImportedVanillaPlaceholder","64","32","64","32","1","1","True","False","False","Static","2",""
"textures/painting/pigscene.png","painting","ExistingLastDaysOverride","64","64","128","128","2","2","True","False","False","Static","6",""
"textures/painting/plant.png","painting","ExistingLastDaysOverride","16","16","32","32","2","2","True","False","False","Static","6",""
"textures/painting/pointer.png","painting","ExistingLastDaysOverride","64","64","128","128","2","2","True","False","False","Static","6",""
"textures/painting/pond.png","painting","ImportedVanillaPlaceholder","48","64","48","64","1","1","True","False","False","Static","2",""
"textures/painting/pool.png","painting","ExistingLastDaysOverride","32","16","64","32","2","2","True","False","False","Static","6",""
"textures/painting/prairie_ride.png","painting","ImportedVanillaPlaceholder","16","32","16","32","1","1","True","False","False","Static","2",""
"textures/painting/sea.png","painting","ExistingLastDaysOverride","32","16","64","32","2","2","True","False","False","Static","6",""
"textures/painting/skeleton.png","painting","ExistingLastDaysOverride","64","48","128","96","2","2","True","False","False","Static","6",""
"textures/painting/skull_and_roses.png","painting","ExistingLastDaysOverride","32","32","64","64","2","2","True","False","False","Static","6",""
"textures/painting/stage.png","painting","ExistingLastDaysOverride","32","32","64","64","2","2","True","False","False","Static","6",""
"textures/painting/sunflowers.png","painting","ImportedVanillaPlaceholder","48","48","48","48","1","1","True","False","False","Static","2",""
"textures/painting/sunset.png","painting","ExistingLastDaysOverride","32","16","64","32","2","2","True","False","False","Static","2",""
"textures/painting/tides.png","painting","ImportedVanillaPlaceholder","48","48","48","48","1","1","True","False","False","Static","2",""
"textures/painting/unpacked.png","painting","ImportedVanillaPlaceholder","64","64","64","64","1","1","True","False","False","Static","2",""
"textures/painting/void.png","painting","ExistingLastDaysOverride","32","32","64","64","2","2","True","False","False","Static","6",""
"textures/painting/wanderer.png","painting","ExistingLastDaysOverride","16","32","32","64","2","2","True","False","False","Static","6",""
"textures/painting/wasteland.png","painting","ExistingLastDaysOverride","16","16","32","32","2","2","True","False","False","Static","6",""
"textures/painting/water.png","painting","ImportedVanillaPlaceholder","32","32","32","32","1","1","True","False","False","Static","3",""
"textures/painting/wind.png","painting","ImportedVanillaPlaceholder","32","32","32","32","1","1","True","False","False","Static","3",""
"textures/painting/wither.png","painting","ExistingLastDaysOverride","32","32","64","1152","2","36","False","False","True","ValidatedCustom","6",""
"textures/particle/angry.png","particle","ExistingLastDaysOverride","8","8","16","16","2","2","True","False","False","Static","6",""
"textures/particle/big_smoke_0.png","particle","ExistingLastDaysOverride","16","16","32","32","2","2","True","False","False","Static","6",""
"textures/particle/big_smoke_1.png","particle","ExistingLastDaysOverride","16","16","32","32","2","2","True","False","False","Static","6",""
"textures/particle/big_smoke_10.png","particle","ExistingLastDaysOverride","16","16","32","32","2","2","True","False","False","Static","6",""
"textures/particle/big_smoke_11.png","particle","ExistingLastDaysOverride","16","16","32","32","2","2","True","False","False","Static","6",""
"textures/particle/big_smoke_2.png","particle","ExistingLastDaysOverride","16","16","32","32","2","2","True","False","False","Static","6",""
"textures/particle/big_smoke_3.png","particle","ExistingLastDaysOverride","16","16","32","32","2","2","True","False","False","Static","6",""
"textures/particle/big_smoke_4.png","particle","ExistingLastDaysOverride","16","16","32","32","2","2","True","False","False","Static","6",""
"textures/particle/big_smoke_5.png","particle","ExistingLastDaysOverride","16","16","32","32","2","2","True","False","False","Static","6",""
"textures/particle/big_smoke_6.png","particle","ExistingLastDaysOverride","16","16","32","32","2","2","True","False","False","Static","6",""
"textures/particle/big_smoke_7.png","particle","ExistingLastDaysOverride","16","16","32","32","2","2","True","False","False","Static","6",""
"textures/particle/big_smoke_8.png","particle","ExistingLastDaysOverride","16","16","32","32","2","2","True","False","False","Static","6",""
"textures/particle/big_smoke_9.png","particle","ExistingLastDaysOverride","16","16","32","32","2","2","True","False","False","Static","6",""
"textures/particle/bubble_pop_0.png","particle","ExistingVanillaIdentical","16","16","16","16","1","1","True","False","False","Static","6",""
"textures/particle/bubble_pop_1.png","particle","ExistingVanillaIdentical","16","16","16","16","1","1","True","False","False","Static","6",""
"textures/particle/bubble_pop_2.png","particle","ExistingVanillaIdentical","16","16","16","16","1","1","True","False","False","Static","6",""
"textures/particle/bubble_pop_3.png","particle","ExistingVanillaIdentical","16","16","16","16","1","1","True","False","False","Static","6",""
"textures/particle/bubble_pop_4.png","particle","ExistingVanillaIdentical","16","16","16","16","1","1","True","False","False","Static","6",""
"textures/particle/bubble.png","particle","ExistingLastDaysOverride","8","8","16","16","2","2","True","False","False","Static","6",""
"textures/particle/cherry_0.png","particle","ExistingLastDaysOverride","3","3","4","4","1.333","1.333","True","False","False","Static","6",""
"textures/particle/cherry_1.png","particle","ExistingLastDaysOverride","3","3","4","4","1.333","1.333","True","False","False","Static","6",""
"textures/particle/cherry_10.png","particle","ExistingLastDaysOverride","3","3","4","4","1.333","1.333","True","False","False","Static","6",""
"textures/particle/cherry_11.png","particle","ExistingLastDaysOverride","3","3","4","4","1.333","1.333","True","False","False","Static","6",""
"textures/particle/cherry_2.png","particle","ExistingLastDaysOverride","3","3","4","4","1.333","1.333","True","False","False","Static","6",""
"textures/particle/cherry_3.png","particle","ExistingLastDaysOverride","3","3","4","4","1.333","1.333","True","False","False","Static","6",""
"textures/particle/cherry_4.png","particle","ExistingLastDaysOverride","3","3","4","4","1.333","1.333","True","False","False","Static","6",""
"textures/particle/cherry_5.png","particle","ExistingLastDaysOverride","3","3","4","4","1.333","1.333","True","False","False","Static","6",""
"textures/particle/cherry_6.png","particle","ExistingLastDaysOverride","3","3","4","4","1.333","1.333","True","False","False","Static","6",""
"textures/particle/cherry_7.png","particle","ExistingLastDaysOverride","3","3","4","4","1.333","1.333","True","False","False","Static","6",""
"textures/particle/cherry_8.png","particle","ExistingLastDaysOverride","3","3","4","4","1.333","1.333","True","False","False","Static","6",""
"textures/particle/cherry_9.png","particle","ExistingLastDaysOverride","3","3","4","4","1.333","1.333","True","False","False","Static","6",""
"textures/particle/critical_hit.png","particle","ExistingLastDaysOverride","8","8","16","16","2","2","True","False","False","Static","6",""
"textures/particle/damage.png","particle","ExistingLastDaysOverride","8","8","16","16","2","2","True","False","False","Static","6",""
"textures/particle/drip_fall.png","particle","ExistingLastDaysOverride","8","8","16","16","2","2","True","False","False","Static","6",""
"textures/particle/drip_hang.png","particle","ExistingLastDaysOverride","8","8","16","16","2","2","True","False","False","Static","6",""
"textures/particle/drip_land.png","particle","ExistingLastDaysOverride","8","8","16","16","2","2","True","False","False","Static","6",""
"textures/particle/effect_0.png","particle","ExistingLastDaysOverride","8","8","16","16","2","2","True","False","False","Static","6",""
"textures/particle/effect_1.png","particle","ExistingLastDaysOverride","8","8","16","16","2","2","True","False","False","Static","6",""
"textures/particle/effect_2.png","particle","ExistingLastDaysOverride","8","8","16","16","2","2","True","False","False","Static","6",""
"textures/particle/effect_3.png","particle","ExistingLastDaysOverride","8","8","16","16","2","2","True","False","False","Static","6",""
"textures/particle/effect_4.png","particle","ExistingLastDaysOverride","8","8","16","16","2","2","True","False","False","Static","6",""
"textures/particle/effect_5.png","particle","ExistingLastDaysOverride","8","8","16","16","2","2","True","False","False","Static","6",""
"textures/particle/effect_6.png","particle","ExistingLastDaysOverride","8","8","16","16","2","2","True","False","False","Static","6",""
"textures/particle/effect_7.png","particle","ExistingLastDaysOverride","8","8","16","16","2","2","True","False","False","Static","6",""
"textures/particle/enchanted_hit.png","particle","ExistingLastDaysOverride","8","8","16","16","2","2","True","False","False","Static","6",""
"textures/particle/explosion_0.png","particle","ExistingLastDaysOverride","32","32","32","32","1","1","True","False","False","Static","6",""
"textures/particle/explosion_1.png","particle","ExistingLastDaysOverride","32","32","32","32","1","1","True","False","False","Static","6",""
"textures/particle/explosion_10.png","particle","ExistingVanillaIdentical","32","32","32","32","1","1","True","False","False","Static","6",""
"textures/particle/explosion_11.png","particle","ExistingVanillaIdentical","32","32","32","32","1","1","True","False","False","Static","6",""
"textures/particle/explosion_12.png","particle","ExistingLastDaysOverride","32","32","32","32","1","1","True","False","False","Static","6",""
"textures/particle/explosion_13.png","particle","ExistingLastDaysOverride","32","32","32","32","1","1","True","False","False","Static","6",""
"textures/particle/explosion_14.png","particle","ExistingVanillaIdentical","32","32","32","32","1","1","True","False","False","Static","6",""
"textures/particle/explosion_15.png","particle","ExistingVanillaIdentical","32","32","32","32","1","1","True","False","False","Static","6",""
"textures/particle/explosion_2.png","particle","ExistingLastDaysOverride","32","32","32","32","1","1","True","False","False","Static","6",""
"textures/particle/explosion_3.png","particle","ExistingLastDaysOverride","32","32","32","32","1","1","True","False","False","Static","6",""
"textures/particle/explosion_4.png","particle","ExistingLastDaysOverride","32","32","32","32","1","1","True","False","False","Static","6",""
"textures/particle/explosion_5.png","particle","ExistingLastDaysOverride","32","32","32","32","1","1","True","False","False","Static","6",""
"textures/particle/explosion_6.png","particle","ExistingVanillaIdentical","32","32","32","32","1","1","True","False","False","Static","6",""
"textures/particle/explosion_7.png","particle","ExistingLastDaysOverride","32","32","32","32","1","1","True","False","False","Static","6",""
"textures/particle/explosion_8.png","particle","ExistingLastDaysOverride","32","32","32","32","1","1","True","False","False","Static","6",""
"textures/particle/explosion_9.png","particle","ExistingLastDaysOverride","32","32","32","32","1","1","True","False","False","Static","6",""
"textures/particle/flame.png","particle","ExistingLastDaysOverride","8","8","16","16","2","2","True","False","False","Static","6",""
"textures/particle/flash.png","particle","ExistingVanillaIdentical","32","32","32","32","1","1","True","False","False","Static","6",""
"textures/particle/generic_0.png","particle","ExistingLastDaysOverride","8","8","16","16","2","2","True","False","False","Static","6",""
"textures/particle/generic_1.png","particle","ExistingLastDaysOverride","8","8","16","16","2","2","True","False","False","Static","6",""
"textures/particle/generic_2.png","particle","ExistingLastDaysOverride","8","8","16","16","2","2","True","False","False","Static","6",""
"textures/particle/generic_3.png","particle","ExistingLastDaysOverride","8","8","16","16","2","2","True","False","False","Static","6",""
"textures/particle/generic_4.png","particle","ExistingLastDaysOverride","8","8","16","16","2","2","True","False","False","Static","6",""
"textures/particle/generic_5.png","particle","ExistingLastDaysOverride","8","8","16","16","2","2","True","False","False","Static","6",""
"textures/particle/generic_6.png","particle","ExistingLastDaysOverride","8","8","16","16","2","2","True","False","False","Static","6",""
"textures/particle/generic_7.png","particle","ExistingLastDaysOverride","8","8","16","16","2","2","True","False","False","Static","6",""
"textures/particle/glint.png","particle","ExistingLastDaysOverride","8","8","16","16","2","2","True","False","False","Static","6",""
"textures/particle/glitter_0.png","particle","ExistingLastDaysOverride","8","8","16","16","2","2","True","False","False","Static","6",""
"textures/particle/glitter_1.png","particle","ExistingLastDaysOverride","8","8","16","16","2","2","True","False","False","Static","6",""
"textures/particle/glitter_2.png","particle","ExistingLastDaysOverride","8","8","16","16","2","2","True","False","False","Static","6",""
"textures/particle/glitter_3.png","particle","ExistingLastDaysOverride","8","8","16","16","2","2","True","False","False","Static","6",""
"textures/particle/glitter_4.png","particle","ExistingLastDaysOverride","8","8","16","16","2","2","True","False","False","Static","6",""
"textures/particle/glitter_5.png","particle","ExistingLastDaysOverride","8","8","16","16","2","2","True","False","False","Static","6",""
"textures/particle/glitter_6.png","particle","ExistingLastDaysOverride","8","8","16","16","2","2","True","False","False","Static","6",""
"textures/particle/glitter_7.png","particle","ExistingLastDaysOverride","8","8","16","16","2","2","True","False","False","Static","6",""
"textures/particle/glow.png","particle","ImportedVanillaPlaceholder","8","8","8","8","1","1","True","False","False","Static","4",""
"textures/particle/goldheart_0.png","particle","ImportedVanillaPlaceholder","8","7","8","7","1","1","True","False","False","Static","6",""
"textures/particle/goldheart_1.png","particle","ImportedVanillaPlaceholder","8","7","8","7","1","1","True","False","False","Static","6",""
"textures/particle/goldheart_2.png","particle","ImportedVanillaPlaceholder","8","7","8","7","1","1","True","False","False","Static","6",""
"textures/particle/gust_0.png","particle","ImportedVanillaPlaceholder","32","32","32","32","1","1","True","False","False","Static","3",""
"textures/particle/gust_1.png","particle","ImportedVanillaPlaceholder","32","32","32","32","1","1","True","False","False","Static","3",""
"textures/particle/gust_10.png","particle","ImportedVanillaPlaceholder","32","32","32","32","1","1","True","False","False","Static","3",""
"textures/particle/gust_11.png","particle","ImportedVanillaPlaceholder","32","32","32","32","1","1","True","False","False","Static","3",""
"textures/particle/gust_2.png","particle","ImportedVanillaPlaceholder","32","32","32","32","1","1","True","False","False","Static","3",""
"textures/particle/gust_3.png","particle","ImportedVanillaPlaceholder","32","32","32","32","1","1","True","False","False","Static","3",""
"textures/particle/gust_4.png","particle","ImportedVanillaPlaceholder","32","32","32","32","1","1","True","False","False","Static","3",""
"textures/particle/gust_5.png","particle","ImportedVanillaPlaceholder","32","32","32","32","1","1","True","False","False","Static","3",""
"textures/particle/gust_6.png","particle","ImportedVanillaPlaceholder","32","32","32","32","1","1","True","False","False","Static","3",""
"textures/particle/gust_7.png","particle","ImportedVanillaPlaceholder","32","32","32","32","1","1","True","False","False","Static","3",""
"textures/particle/gust_8.png","particle","ImportedVanillaPlaceholder","32","32","32","32","1","1","True","False","False","Static","3",""
"textures/particle/gust_9.png","particle","ImportedVanillaPlaceholder","32","32","32","32","1","1","True","False","False","Static","3",""
"textures/particle/heart.png","particle","ExistingLastDaysOverride","8","8","16","16","2","2","True","False","False","Static","6",""
"textures/particle/infested.png","particle","ImportedVanillaPlaceholder","8","8","8","8","1","1","True","False","False","Static","6",""
"textures/particle/lava.png","particle","ExistingLastDaysOverride","8","8","16","16","2","2","True","False","False","Static","6",""
"textures/particle/nautilus.png","particle","ExistingVanillaIdentical","8","8","8","8","1","1","True","False","False","Static","6",""
"textures/particle/note.png","particle","ExistingLastDaysOverride","8","8","16","16","2","2","True","False","False","Static","6",""
"textures/particle/ominous_spawning.png","particle","ImportedVanillaPlaceholder","16","16","16","16","1","1","True","False","False","Static","6",""
"textures/particle/raid_omen.png","particle","ImportedVanillaPlaceholder","5","5","5","5","1","1","True","False","False","Static","6",""
"textures/particle/sculk_charge_0.png","particle","ExistingLastDaysOverride","16","16","32","32","2","2","True","False","False","Static","6",""
"textures/particle/sculk_charge_1.png","particle","ExistingLastDaysOverride","16","16","32","32","2","2","True","False","False","Static","6",""
"textures/particle/sculk_charge_2.png","particle","ExistingLastDaysOverride","16","16","32","32","2","2","True","False","False","Static","6",""
"textures/particle/sculk_charge_3.png","particle","ExistingLastDaysOverride","16","16","32","32","2","2","True","False","False","Static","6",""
"textures/particle/sculk_charge_4.png","particle","ExistingLastDaysOverride","16","16","32","32","2","2","True","False","False","Static","6",""
"textures/particle/sculk_charge_5.png","particle","ExistingLastDaysOverride","16","16","32","32","2","2","True","False","False","Static","6",""
"textures/particle/sculk_charge_6.png","particle","ExistingLastDaysOverride","16","16","32","32","2","2","True","False","False","Static","6",""
"textures/particle/sculk_charge_pop_0.png","particle","ExistingLastDaysOverride","16","16","32","32","2","2","True","False","False","Static","6",""
"textures/particle/sculk_charge_pop_1.png","particle","ExistingLastDaysOverride","16","16","32","32","2","2","True","False","False","Static","6",""
"textures/particle/sculk_charge_pop_2.png","particle","ExistingLastDaysOverride","16","16","32","32","2","2","True","False","False","Static","6",""
"textures/particle/sculk_charge_pop_3.png","particle","ExistingLastDaysOverride","16","16","32","32","2","2","True","False","False","Static","6",""
"textures/particle/sculk_soul_0.png","particle","ExistingLastDaysOverride","16","16","32","32","2","2","True","False","False","Static","6",""
"textures/particle/sculk_soul_1.png","particle","ExistingLastDaysOverride","16","16","32","32","2","2","True","False","False","Static","6",""
"textures/particle/sculk_soul_10.png","particle","ExistingLastDaysOverride","16","16","32","32","2","2","True","False","False","Static","6",""
"textures/particle/sculk_soul_2.png","particle","ExistingLastDaysOverride","16","16","32","32","2","2","True","False","False","Static","6",""
"textures/particle/sculk_soul_3.png","particle","ExistingLastDaysOverride","16","16","32","32","2","2","True","False","False","Static","6",""
"textures/particle/sculk_soul_4.png","particle","ExistingLastDaysOverride","16","16","32","32","2","2","True","False","False","Static","6",""
"textures/particle/sculk_soul_5.png","particle","ExistingLastDaysOverride","16","16","32","32","2","2","True","False","False","Static","6",""
"textures/particle/sculk_soul_6.png","particle","ExistingLastDaysOverride","16","16","32","32","2","2","True","False","False","Static","6",""
"textures/particle/sculk_soul_7.png","particle","ExistingLastDaysOverride","16","16","32","32","2","2","True","False","False","Static","6",""
"textures/particle/sculk_soul_8.png","particle","ExistingLastDaysOverride","16","16","32","32","2","2","True","False","False","Static","6",""
"textures/particle/sculk_soul_9.png","particle","ExistingLastDaysOverride","16","16","32","32","2","2","True","False","False","Static","6",""
"textures/particle/sga_a.png","particle","ExistingLastDaysOverride","8","8","16","16","2","2","True","False","False","Static","6",""
"textures/particle/sga_b.png","particle","ExistingLastDaysOverride","8","8","16","16","2","2","True","False","False","Static","6",""
"textures/particle/sga_c.png","particle","ExistingLastDaysOverride","8","8","16","16","2","2","True","False","False","Static","6",""
"textures/particle/sga_d.png","particle","ExistingLastDaysOverride","8","8","16","16","2","2","True","False","False","Static","6",""
"textures/particle/sga_e.png","particle","ExistingLastDaysOverride","8","8","16","16","2","2","True","False","False","Static","6",""
"textures/particle/sga_f.png","particle","ExistingLastDaysOverride","8","8","16","16","2","2","True","False","False","Static","6",""
"textures/particle/sga_g.png","particle","ExistingLastDaysOverride","8","8","16","16","2","2","True","False","False","Static","6",""
"textures/particle/sga_h.png","particle","ExistingLastDaysOverride","8","8","16","16","2","2","True","False","False","Static","6",""
"textures/particle/sga_i.png","particle","ExistingLastDaysOverride","8","8","16","16","2","2","True","False","False","Static","6",""
"textures/particle/sga_j.png","particle","ExistingLastDaysOverride","8","8","16","16","2","2","True","False","False","Static","6",""
"textures/particle/sga_k.png","particle","ExistingLastDaysOverride","8","8","16","16","2","2","True","False","False","Static","6",""
"textures/particle/sga_l.png","particle","ExistingLastDaysOverride","8","8","16","16","2","2","True","False","False","Static","6",""
"textures/particle/sga_m.png","particle","ExistingLastDaysOverride","8","8","16","16","2","2","True","False","False","Static","6",""
"textures/particle/sga_n.png","particle","ExistingLastDaysOverride","8","8","16","16","2","2","True","False","False","Static","6",""
"textures/particle/sga_o.png","particle","ExistingLastDaysOverride","8","8","16","16","2","2","True","False","False","Static","6",""
"textures/particle/sga_p.png","particle","ExistingLastDaysOverride","8","8","16","16","2","2","True","False","False","Static","6",""
"textures/particle/sga_q.png","particle","ExistingLastDaysOverride","8","8","16","16","2","2","True","False","False","Static","6",""
"textures/particle/sga_r.png","particle","ExistingLastDaysOverride","8","8","16","16","2","2","True","False","False","Static","6",""
"textures/particle/sga_s.png","particle","ExistingLastDaysOverride","8","8","16","16","2","2","True","False","False","Static","6",""
"textures/particle/sga_t.png","particle","ExistingLastDaysOverride","8","8","16","16","2","2","True","False","False","Static","6",""
"textures/particle/sga_u.png","particle","ExistingLastDaysOverride","8","8","16","16","2","2","True","False","False","Static","6",""
"textures/particle/sga_v.png","particle","ExistingLastDaysOverride","8","8","16","16","2","2","True","False","False","Static","6",""
"textures/particle/sga_w.png","particle","ExistingLastDaysOverride","8","8","16","16","2","2","True","False","False","Static","6",""
"textures/particle/sga_x.png","particle","ExistingLastDaysOverride","8","8","16","16","2","2","True","False","False","Static","6",""
"textures/particle/sga_y.png","particle","ExistingLastDaysOverride","8","8","16","16","2","2","True","False","False","Static","6",""
"textures/particle/sga_z.png","particle","ExistingLastDaysOverride","8","8","16","16","2","2","True","False","False","Static","6",""
"textures/particle/shriek.png","particle","ExistingLastDaysOverride","13","13","26","26","2","2","True","False","False","Static","6",""
"textures/particle/small_gust_0.png","particle","ImportedVanillaPlaceholder","8","8","8","8","1","1","True","False","False","Static","6",""
"textures/particle/small_gust_1.png","particle","ImportedVanillaPlaceholder","8","8","8","8","1","1","True","False","False","Static","6",""
"textures/particle/small_gust_2.png","particle","ImportedVanillaPlaceholder","8","8","8","8","1","1","True","False","False","Static","6",""
"textures/particle/small_gust_3.png","particle","ImportedVanillaPlaceholder","8","8","8","8","1","1","True","False","False","Static","6",""
"textures/particle/small_gust_4.png","particle","ImportedVanillaPlaceholder","8","8","8","8","1","1","True","False","False","Static","6",""
"textures/particle/small_gust_5.png","particle","ImportedVanillaPlaceholder","8","8","8","8","1","1","True","False","False","Static","6",""
"textures/particle/small_gust_6.png","particle","ImportedVanillaPlaceholder","8","8","8","8","1","1","True","False","False","Static","6",""
"textures/particle/sonic_boom_0.png","particle","ExistingLastDaysOverride","32","32","64","64","2","2","True","False","False","Static","6",""
"textures/particle/sonic_boom_1.png","particle","ExistingLastDaysOverride","32","32","64","64","2","2","True","False","False","Static","6",""
"textures/particle/sonic_boom_10.png","particle","ExistingLastDaysOverride","32","32","64","64","2","2","True","False","False","Static","6",""
"textures/particle/sonic_boom_11.png","particle","ExistingLastDaysOverride","32","32","64","64","2","2","True","False","False","Static","6",""
"textures/particle/sonic_boom_12.png","particle","ExistingLastDaysOverride","32","32","64","64","2","2","True","False","False","Static","6",""
"textures/particle/sonic_boom_13.png","particle","ExistingLastDaysOverride","32","32","64","64","2","2","True","False","False","Static","6",""
"textures/particle/sonic_boom_14.png","particle","ExistingLastDaysOverride","32","32","64","64","2","2","True","False","False","Static","6",""
"textures/particle/sonic_boom_15.png","particle","ExistingLastDaysOverride","32","32","64","64","2","2","True","False","False","Static","6",""
"textures/particle/sonic_boom_2.png","particle","ExistingLastDaysOverride","32","32","64","64","2","2","True","False","False","Static","6",""
"textures/particle/sonic_boom_3.png","particle","ExistingLastDaysOverride","32","32","64","64","2","2","True","False","False","Static","6",""
"textures/particle/sonic_boom_4.png","particle","ExistingLastDaysOverride","32","32","64","64","2","2","True","False","False","Static","6",""
"textures/particle/sonic_boom_5.png","particle","ExistingLastDaysOverride","32","32","64","64","2","2","True","False","False","Static","6",""
"textures/particle/sonic_boom_6.png","particle","ExistingLastDaysOverride","32","32","64","64","2","2","True","False","False","Static","6",""
"textures/particle/sonic_boom_7.png","particle","ExistingLastDaysOverride","32","32","64","64","2","2","True","False","False","Static","6",""
"textures/particle/sonic_boom_8.png","particle","ExistingLastDaysOverride","32","32","64","64","2","2","True","False","False","Static","6",""
"textures/particle/sonic_boom_9.png","particle","ExistingLastDaysOverride","32","32","64","64","2","2","True","False","False","Static","6",""
"textures/particle/soul_0.png","particle","ExistingVanillaIdentical","16","16","16","16","1","1","True","False","False","Static","6",""
"textures/particle/soul_1.png","particle","ExistingVanillaIdentical","16","16","16","16","1","1","True","False","False","Static","6",""
"textures/particle/soul_10.png","particle","ExistingVanillaIdentical","16","16","16","16","1","1","True","False","False","Static","6",""
"textures/particle/soul_2.png","particle","ExistingVanillaIdentical","16","16","16","16","1","1","True","False","False","Static","6",""
"textures/particle/soul_3.png","particle","ExistingVanillaIdentical","16","16","16","16","1","1","True","False","False","Static","6",""
"textures/particle/soul_4.png","particle","ExistingVanillaIdentical","16","16","16","16","1","1","True","False","False","Static","6",""
"textures/particle/soul_5.png","particle","ExistingVanillaIdentical","16","16","16","16","1","1","True","False","False","Static","6",""
"textures/particle/soul_6.png","particle","ExistingLastDaysOverride","16","16","16","16","1","1","True","False","False","Static","6",""
"textures/particle/soul_7.png","particle","ExistingLastDaysOverride","16","16","16","16","1","1","True","False","False","Static","6",""
"textures/particle/soul_8.png","particle","ExistingVanillaIdentical","16","16","16","16","1","1","True","False","False","Static","6",""
"textures/particle/soul_9.png","particle","ExistingVanillaIdentical","16","16","16","16","1","1","True","False","False","Static","6",""
"textures/particle/soul_fire_flame.png","particle","ExistingLastDaysOverride","8","8","16","16","2","2","True","False","False","Static","6",""
"textures/particle/spark_0.png","particle","ExistingLastDaysOverride","8","8","16","16","2","2","True","False","False","Static","6",""
"textures/particle/spark_1.png","particle","ExistingLastDaysOverride","8","8","16","16","2","2","True","False","False","Static","6",""
"textures/particle/spark_2.png","particle","ExistingLastDaysOverride","8","8","16","16","2","2","True","False","False","Static","6",""
"textures/particle/spark_3.png","particle","ExistingLastDaysOverride","8","8","16","16","2","2","True","False","False","Static","6",""
"textures/particle/spark_4.png","particle","ExistingLastDaysOverride","8","8","16","16","2","2","True","False","False","Static","6",""
"textures/particle/spark_5.png","particle","ExistingLastDaysOverride","8","8","16","16","2","2","True","False","False","Static","6",""
"textures/particle/spark_6.png","particle","ExistingLastDaysOverride","8","8","16","16","2","2","True","False","False","Static","6",""
"textures/particle/spark_7.png","particle","ExistingLastDaysOverride","8","8","16","16","2","2","True","False","False","Static","6",""
"textures/particle/spell_0.png","particle","ExistingLastDaysOverride","8","8","16","16","2","2","True","False","False","Static","6",""
"textures/particle/spell_1.png","particle","ExistingLastDaysOverride","8","8","16","16","2","2","True","False","False","Static","6",""
"textures/particle/spell_2.png","particle","ExistingLastDaysOverride","8","8","16","16","2","2","True","False","False","Static","6",""
"textures/particle/spell_3.png","particle","ExistingLastDaysOverride","8","8","16","16","2","2","True","False","False","Static","6",""
"textures/particle/spell_4.png","particle","ExistingLastDaysOverride","8","8","16","16","2","2","True","False","False","Static","6",""
"textures/particle/spell_5.png","particle","ExistingLastDaysOverride","8","8","16","16","2","2","True","False","False","Static","6",""
"textures/particle/spell_6.png","particle","ExistingLastDaysOverride","8","8","16","16","2","2","True","False","False","Static","6",""
"textures/particle/spell_7.png","particle","ExistingLastDaysOverride","8","8","16","16","2","2","True","False","False","Static","6",""
"textures/particle/splash_0.png","particle","ExistingLastDaysOverride","8","8","16","16","2","2","True","False","False","Static","6",""
"textures/particle/splash_1.png","particle","ExistingLastDaysOverride","8","8","16","16","2","2","True","False","False","Static","6",""
"textures/particle/splash_2.png","particle","ExistingLastDaysOverride","8","8","16","16","2","2","True","False","False","Static","6",""
"textures/particle/splash_3.png","particle","ExistingLastDaysOverride","8","8","16","16","2","2","True","False","False","Static","6",""
"textures/particle/sweep_0.png","particle","ExistingLastDaysOverride","32","32","32","32","1","1","True","False","False","Static","6",""
"textures/particle/sweep_1.png","particle","ExistingLastDaysOverride","32","32","32","32","1","1","True","False","False","Static","6",""
"textures/particle/sweep_2.png","particle","ExistingLastDaysOverride","32","32","32","32","1","1","True","False","False","Static","6",""
"textures/particle/sweep_3.png","particle","ExistingLastDaysOverride","32","32","32","32","1","1","True","False","False","Static","6",""
"textures/particle/sweep_4.png","particle","ExistingLastDaysOverride","32","32","32","32","1","1","True","False","False","Static","6",""
"textures/particle/sweep_5.png","particle","ExistingLastDaysOverride","32","32","32","32","1","1","True","False","False","Static","6",""
"textures/particle/sweep_6.png","particle","ExistingLastDaysOverride","32","32","32","32","1","1","True","False","False","Static","6",""
"textures/particle/sweep_7.png","particle","ExistingLastDaysOverride","32","32","32","32","1","1","True","False","False","Static","6",""
"textures/particle/trial_omen.png","particle","ImportedVanillaPlaceholder","5","5","5","5","1","1","True","False","False","Static","6",""
"textures/particle/trial_spawner_detection_0.png","particle","ImportedVanillaPlaceholder","8","8","8","8","1","1","True","False","False","Static","6",""
"textures/particle/trial_spawner_detection_1.png","particle","ImportedVanillaPlaceholder","8","8","8","8","1","1","True","False","False","Static","6",""
"textures/particle/trial_spawner_detection_2.png","particle","ImportedVanillaPlaceholder","8","8","8","8","1","1","True","False","False","Static","6",""
"textures/particle/trial_spawner_detection_3.png","particle","ImportedVanillaPlaceholder","8","8","8","8","1","1","True","False","False","Static","6",""
"textures/particle/trial_spawner_detection_4.png","particle","ImportedVanillaPlaceholder","8","8","8","8","1","1","True","False","False","Static","6",""
"textures/particle/trial_spawner_detection_ominous_0.png","particle","ImportedVanillaPlaceholder","8","8","8","8","1","1","True","False","False","Static","6",""
"textures/particle/trial_spawner_detection_ominous_1.png","particle","ImportedVanillaPlaceholder","8","8","8","8","1","1","True","False","False","Static","6",""
"textures/particle/trial_spawner_detection_ominous_2.png","particle","ImportedVanillaPlaceholder","8","8","8","8","1","1","True","False","False","Static","6",""
"textures/particle/trial_spawner_detection_ominous_3.png","particle","ImportedVanillaPlaceholder","8","8","8","8","1","1","True","False","False","Static","6",""
"textures/particle/trial_spawner_detection_ominous_4.png","particle","ImportedVanillaPlaceholder","8","8","8","8","1","1","True","False","False","Static","6",""
"textures/particle/vault_connection.png","particle","ImportedVanillaPlaceholder","8","8","8","8","1","1","True","False","False","Static","6",""
"textures/particle/vibration.png","particle","ExistingLastDaysOverride","18","126","18","126","1","1","True","True","True","Validated","6",""
"textures/trims/color_palettes/amethyst.png","trims","ImportedVanillaPlaceholder","8","1","8","1","1","1","True","False","False","Static","2",""
"textures/trims/color_palettes/copper.png","trims","ImportedVanillaPlaceholder","8","1","8","1","1","1","True","False","False","Static","2",""
"textures/trims/color_palettes/diamond_darker.png","trims","ImportedVanillaPlaceholder","8","1","8","1","1","1","True","False","False","Static","2",""
"textures/trims/color_palettes/diamond.png","trims","ImportedVanillaPlaceholder","8","1","8","1","1","1","True","False","False","Static","2",""
"textures/trims/color_palettes/emerald.png","trims","ImportedVanillaPlaceholder","8","1","8","1","1","1","True","False","False","Static","2",""
"textures/trims/color_palettes/gold_darker.png","trims","ImportedVanillaPlaceholder","8","1","8","1","1","1","True","False","False","Static","2",""
"textures/trims/color_palettes/gold.png","trims","ImportedVanillaPlaceholder","8","1","8","1","1","1","True","False","False","Static","2",""
"textures/trims/color_palettes/iron_darker.png","trims","ImportedVanillaPlaceholder","8","1","8","1","1","1","True","False","False","Static","2",""
"textures/trims/color_palettes/iron.png","trims","ImportedVanillaPlaceholder","8","1","8","1","1","1","True","False","False","Static","2",""
"textures/trims/color_palettes/lapis.png","trims","ImportedVanillaPlaceholder","8","1","8","1","1","1","True","False","False","Static","2",""
"textures/trims/color_palettes/netherite_darker.png","trims","ImportedVanillaPlaceholder","8","1","8","1","1","1","True","False","False","Static","2",""
"textures/trims/color_palettes/netherite.png","trims","ImportedVanillaPlaceholder","8","1","8","1","1","1","True","False","False","Static","2",""
"textures/trims/color_palettes/quartz.png","trims","ImportedVanillaPlaceholder","8","1","8","1","1","1","True","False","False","Static","2",""
"textures/trims/color_palettes/redstone.png","trims","ImportedVanillaPlaceholder","8","1","8","1","1","1","True","False","False","Static","2",""
"textures/trims/color_palettes/trim_palette.png","trims","ImportedVanillaPlaceholder","8","1","8","1","1","1","True","False","False","Static","2",""
"textures/trims/items/boots_trim.png","trims","ImportedVanillaPlaceholder","16","16","16","16","1","1","True","False","False","Static","6",""
"textures/trims/items/chestplate_trim.png","trims","ImportedVanillaPlaceholder","16","16","16","16","1","1","True","False","False","Static","6",""
"textures/trims/items/helmet_trim.png","trims","ImportedVanillaPlaceholder","16","16","16","16","1","1","True","False","False","Static","6",""
"textures/trims/items/leggings_trim.png","trims","ImportedVanillaPlaceholder","16","16","16","16","1","1","True","False","False","Static","6",""
"textures/trims/models/armor/bolt_leggings.png","trims","ImportedVanillaPlaceholder","64","32","64","32","1","1","True","False","False","Static","3",""
"textures/trims/models/armor/bolt.png","trims","ImportedVanillaPlaceholder","64","32","64","32","1","1","True","False","False","Static","3",""
"textures/trims/models/armor/coast_leggings.png","trims","ImportedVanillaPlaceholder","64","32","64","32","1","1","True","False","False","Static","3",""
"textures/trims/models/armor/coast.png","trims","ImportedVanillaPlaceholder","64","32","64","32","1","1","True","False","False","Static","3",""
"textures/trims/models/armor/dune_leggings.png","trims","ImportedVanillaPlaceholder","64","32","64","32","1","1","True","False","False","Static","3",""
"textures/trims/models/armor/dune.png","trims","ImportedVanillaPlaceholder","64","32","64","32","1","1","True","False","False","Static","3",""
"textures/trims/models/armor/eye_leggings.png","trims","ImportedVanillaPlaceholder","64","32","64","32","1","1","True","False","False","Static","3",""
"textures/trims/models/armor/eye.png","trims","ImportedVanillaPlaceholder","64","32","64","32","1","1","True","False","False","Static","3",""
"textures/trims/models/armor/flow_leggings.png","trims","ImportedVanillaPlaceholder","64","32","64","32","1","1","True","False","False","Static","3",""
"textures/trims/models/armor/flow.png","trims","ImportedVanillaPlaceholder","64","32","64","32","1","1","True","False","False","Static","3",""
"textures/trims/models/armor/host_leggings.png","trims","ImportedVanillaPlaceholder","64","32","64","32","1","1","True","False","False","Static","3",""
"textures/trims/models/armor/host.png","trims","ImportedVanillaPlaceholder","64","32","64","32","1","1","True","False","False","Static","3",""
"textures/trims/models/armor/raiser_leggings.png","trims","ImportedVanillaPlaceholder","64","32","64","32","1","1","True","False","False","Static","3",""
"textures/trims/models/armor/raiser.png","trims","ImportedVanillaPlaceholder","64","32","64","32","1","1","True","False","False","Static","3",""
"textures/trims/models/armor/rib_leggings.png","trims","ImportedVanillaPlaceholder","64","32","64","32","1","1","True","False","False","Static","3",""
"textures/trims/models/armor/rib.png","trims","ImportedVanillaPlaceholder","64","32","64","32","1","1","True","False","False","Static","3",""
"textures/trims/models/armor/sentry_leggings.png","trims","ImportedVanillaPlaceholder","64","32","64","32","1","1","True","False","False","Static","3",""
"textures/trims/models/armor/sentry.png","trims","ImportedVanillaPlaceholder","64","32","64","32","1","1","True","False","False","Static","3",""
"textures/trims/models/armor/shaper_leggings.png","trims","ImportedVanillaPlaceholder","64","32","64","32","1","1","True","False","False","Static","3",""
"textures/trims/models/armor/shaper.png","trims","ImportedVanillaPlaceholder","64","32","64","32","1","1","True","False","False","Static","3",""
"textures/trims/models/armor/silence_leggings.png","trims","ImportedVanillaPlaceholder","64","32","64","32","1","1","True","False","False","Static","3",""
"textures/trims/models/armor/silence.png","trims","ImportedVanillaPlaceholder","64","32","64","32","1","1","True","False","False","Static","3",""
"textures/trims/models/armor/snout_leggings.png","trims","ImportedVanillaPlaceholder","64","32","64","32","1","1","True","False","False","Static","6",""
"textures/trims/models/armor/snout.png","trims","ImportedVanillaPlaceholder","64","32","64","32","1","1","True","False","False","Static","3",""
"textures/trims/models/armor/spire_leggings.png","trims","ImportedVanillaPlaceholder","64","32","64","32","1","1","True","False","False","Static","6",""
"textures/trims/models/armor/spire.png","trims","ImportedVanillaPlaceholder","64","32","64","32","1","1","True","False","False","Static","3",""
"textures/trims/models/armor/tide_leggings.png","trims","ImportedVanillaPlaceholder","64","32","64","32","1","1","True","False","False","Static","3",""
"textures/trims/models/armor/tide.png","trims","ImportedVanillaPlaceholder","64","32","64","32","1","1","True","False","False","Static","3",""
"textures/trims/models/armor/vex_leggings.png","trims","ImportedVanillaPlaceholder","64","32","64","32","1","1","True","False","False","Static","6",""
"textures/trims/models/armor/vex.png","trims","ImportedVanillaPlaceholder","64","32","64","32","1","1","True","False","False","Static","3",""
"textures/trims/models/armor/ward_leggings.png","trims","ImportedVanillaPlaceholder","64","32","64","32","1","1","True","False","False","Static","3",""
"textures/trims/models/armor/ward.png","trims","ImportedVanillaPlaceholder","64","32","64","32","1","1","True","False","False","Static","3",""
"textures/trims/models/armor/wayfinder_leggings.png","trims","ImportedVanillaPlaceholder","64","32","64","32","1","1","True","False","False","Static","3",""
"textures/trims/models/armor/wayfinder.png","trims","ImportedVanillaPlaceholder","64","32","64","32","1","1","True","False","False","Static","3",""
"textures/trims/models/armor/wild_leggings.png","trims","ImportedVanillaPlaceholder","64","32","64","32","1","1","True","False","False","Static","3",""
"textures/trims/models/armor/wild.png","trims","ImportedVanillaPlaceholder","64","32","64","32","1","1","True","False","False","Static","3",""
