"TexturePath","Category","Width","Height","Status","ReviewAction"
"textures/block/_cobbled_deepslate.png","block","32","32","LegacyOrCustomPath","Retain until model/reference audit proves unused"
"textures/block/_deepslate_top.png","block","32","32","LegacyOrCustomPath","Retain until model/reference audit proves unused"
"textures/block/_deepslate.png","block","32","32","LegacyOrCustomPath","Retain until model/reference audit proves unused"
"textures/block/_tuff.png","block","32","32","LegacyOrCustomPath","Retain until model/reference audit proves unused"
"textures/block/acacia_wood.png","block","32","32","LegacyOrCustomPath","Retain until model/reference audit proves unused"
"textures/block/activator_rail_on_e.png","block","32","32","LegacyOrCustomPath","Retain until model/reference audit proves unused"
"textures/block/andesite/andesite.png","block","32","32","LegacyOrCustomPath","Retain until model/reference audit proves unused"
"textures/block/andesite/andesite1.png","block","32","32","LegacyOrCustomPath","Retain until model/reference audit proves unused"
"textures/block/andesite/andesite2.png","block","32","32","LegacyOrCustomPath","Retain until model/reference audit proves unused"
"textures/block/anvil_top_e.png","block","32","32","LegacyOrCustomPath","Retain until model/reference audit proves unused"
"textures/block/azure_bluet1.png","block","32","32","LegacyOrCustomPath","Retain until model/reference audit proves unused"
"textures/block/bedrock/bedrock1.png","block","32","32","LegacyOrCustomPath","Retain until model/reference audit proves unused"
"textures/block/bedrock/bedrock2.png","block","32","32","LegacyOrCustomPath","Retain until model/reference audit proves unused"
"textures/block/bedrock/bedrock3.png","block","32","32","LegacyOrCustomPath","Retain until model/reference audit proves unused"
"textures/block/bedrock/bedrock4.png","block","32","32","LegacyOrCustomPath","Retain until model/reference audit proves unused"
"textures/block/bedrock/bedrock5.png","block","32","32","LegacyOrCustomPath","Retain until model/reference audit proves unused"
"textures/block/bedrock/bedrock6.png","block","32","32","LegacyOrCustomPath","Retain until model/reference audit proves unused"
"textures/block/bee_nest_front_honey_e.png","block","32","32","LegacyOrCustomPath","Retain until model/reference audit proves unused"
"textures/block/beehive_front_honey_e.png","block","32","32","LegacyOrCustomPath","Retain until model/reference audit proves unused"
"textures/block/beetroots_dish_on_e.png","block","32","32","LegacyOrCustomPath","Retain until model/reference audit proves unused"
"textures/block/beetroots_dish_on.png","block","32","32","LegacyOrCustomPath","Retain until model/reference audit proves unused"
"textures/block/beetroots_dish.png","block","32","32","LegacyOrCustomPath","Retain until model/reference audit proves unused"
"textures/block/beetroots_stage0_e.png","block","32","32","LegacyOrCustomPath","Retain until model/reference audit proves unused"
"textures/block/beetroots_stage1_e.png","block","32","32","LegacyOrCustomPath","Retain until model/reference audit proves unused"
"textures/block/beetroots_stage2_e.png","block","32","32","LegacyOrCustomPath","Retain until model/reference audit proves unused"
"textures/block/beetroots_stage3_e.png","block","32","32","LegacyOrCustomPath","Retain until model/reference audit proves unused"
"textures/block/beetroots_top_3.png","block","32","32","LegacyOrCustomPath","Retain until model/reference audit proves unused"
"textures/block/beetroots_top.png","block","32","32","LegacyOrCustomPath","Retain until model/reference audit proves unused"
"textures/block/birch_wood.png","block","32","32","LegacyOrCustomPath","Retain until model/reference audit proves unused"
"textures/block/black_candle_lit_e.png","block","32","128","LegacyOrCustomPath","Retain until model/reference audit proves unused"
"textures/block/black_concrete_top.png","block","32","32","LegacyOrCustomPath","Retain until model/reference audit proves unused"
"textures/block/black_glazed_terracotta2.png","block","32","32","LegacyOrCustomPath","Retain until model/reference audit proves unused"
"textures/block/blackstone/blackstone_top.png","block","32","32","LegacyOrCustomPath","Retain until model/reference audit proves unused"
"textures/block/blackstone/blackstone.png","block","32","32","LegacyOrCustomPath","Retain until model/reference audit proves unused"
"textures/block/blackstone/blackstone1.png","block","32","32","LegacyOrCustomPath","Retain until model/reference audit proves unused"
"textures/block/blackstone/blackstone2.png","block","32","32","LegacyOrCustomPath","Retain until model/reference audit proves unused"
"textures/block/blackstone/blackstone3.png","block","32","32","LegacyOrCustomPath","Retain until model/reference audit proves unused"
"textures/block/blackstone/chiseled_nether_bricks.png","block","32","32","LegacyOrCustomPath","Retain until model/reference audit proves unused"
"textures/block/blackstone/chiseled_polished_blackstone.png","block","32","32","LegacyOrCustomPath","Retain until model/reference audit proves unused"
"textures/block/blackstone/cracked_nether_bricks.png","block","32","32","LegacyOrCustomPath","Retain until model/reference audit proves unused"
"textures/block/blackstone/cracked_nether_bricks1.png","block","32","32","LegacyOrCustomPath","Retain until model/reference audit proves unused"
"textures/block/blackstone/cracked_nether_bricks2.png","block","32","32","LegacyOrCustomPath","Retain until model/reference audit proves unused"
"textures/block/blackstone/cracked_polished_blackstone_bricks.png","block","32","32","LegacyOrCustomPath","Retain until model/reference audit proves unused"
"textures/block/blackstone/cracked_polished_blackstone_bricks1.png","block","32","32","LegacyOrCustomPath","Retain until model/reference audit proves unused"
"textures/block/blackstone/cracked_polished_blackstone_bricks2.png","block","32","32","LegacyOrCustomPath","Retain until model/reference audit proves unused"
"textures/block/blackstone/polished_blackstone_bricks.png","block","32","32","LegacyOrCustomPath","Retain until model/reference audit proves unused"
"textures/block/blackstone/polished_blackstone_bricks1.png","block","32","32","LegacyOrCustomPath","Retain until model/reference audit proves unused"
"textures/block/blackstone/polished_blackstone_bricks2.png","block","32","32","LegacyOrCustomPath","Retain until model/reference audit proves unused"
"textures/block/blackstone/polished_blackstone_bricks3.png","block","32","32","LegacyOrCustomPath","Retain until model/reference audit proves unused"
"textures/block/blackstone/polished_blackstone_bricks4.png","block","32","32","LegacyOrCustomPath","Retain until model/reference audit proves unused"
"textures/block/blackstone/polished_blackstone.png","block","32","32","LegacyOrCustomPath","Retain until model/reference audit proves unused"
"textures/block/blue_candle_lit_e.png","block","32","128","LegacyOrCustomPath","Retain until model/reference audit proves unused"
"textures/block/blue_concrete_top.png","block","32","32","LegacyOrCustomPath","Retain until model/reference audit proves unused"
"textures/block/blue_glazed_terracotta_top.png","block","32","32","LegacyOrCustomPath","Retain until model/reference audit proves unused"
"textures/block/blue_glazed_terracotta_top2.png","block","32","32","LegacyOrCustomPath","Retain until model/reference audit proves unused"
"textures/block/blue_glazed_terracotta2.png","block","32","640","LegacyOrCustomPath","Retain until model/reference audit proves unused"
"textures/block/blue_stained_glass_pane_side.png","block","32","32","LegacyOrCustomPath","Retain until model/reference audit proves unused"
"textures/block/blue_terracota.png","block","32","32","LegacyOrCustomPath","Retain until model/reference audit proves unused"
"textures/block/blue_terracotta_top.png","block","32","32","LegacyOrCustomPath","Retain until model/reference audit proves unused"
"textures/block/bookshelf/bookshelf_side.png","block","32","32","LegacyOrCustomPath","Retain until model/reference audit proves unused"
"textures/block/bookshelf/bookshelf_top.png","block","32","32","LegacyOrCustomPath","Retain until model/reference audit proves unused"
"textures/block/brown_candle_lit_e.png","block","32","128","LegacyOrCustomPath","Retain until model/reference audit proves unused"
"textures/block/brown_concrete_top.png","block","32","32","LegacyOrCustomPath","Retain until model/reference audit proves unused"
"textures/block/brown_stained_glass_pane_side.png","block","32","32","LegacyOrCustomPath","Retain until model/reference audit proves unused"
"textures/block/budding_amethyst_e.png","block","32","32","LegacyOrCustomPath","Retain until model/reference audit proves unused"
"textures/block/cactus_top_e.png","block","32","32","LegacyOrCustomPath","Retain until model/reference audit proves unused"
"textures/block/candle_lit_e.png","block","32","128","LegacyOrCustomPath","Retain until model/reference audit proves unused"
"textures/block/carpet/black_carpet.png","block","32","32","LegacyOrCustomPath","Retain until model/reference audit proves unused"
"textures/block/carpet/blue_carpet.png","block","32","32","LegacyOrCustomPath","Retain until model/reference audit proves unused"
"textures/block/carpet/brown_carpet.png","block","32","32","LegacyOrCustomPath","Retain until model/reference audit proves unused"
"textures/block/carpet/cyan_carpet.png","block","32","32","LegacyOrCustomPath","Retain until model/reference audit proves unused"
"textures/block/carpet/gray_carpet.png","block","32","32","LegacyOrCustomPath","Retain until model/reference audit proves unused"
"textures/block/carpet/green_carpet.png","block","32","32","LegacyOrCustomPath","Retain until model/reference audit proves unused"
"textures/block/carpet/light_blue_carpet.png","block","32","32","LegacyOrCustomPath","Retain until model/reference audit proves unused"
"textures/block/carpet/light_gray_carpet.png","block","32","32","LegacyOrCustomPath","Retain until model/reference audit proves unused"
"textures/block/carpet/lime_carpet.png","block","32","32","LegacyOrCustomPath","Retain until model/reference audit proves unused"
"textures/block/carpet/magenta_carpet.png","block","32","32","LegacyOrCustomPath","Retain until model/reference audit proves unused"
"textures/block/carpet/orange_carpet.png","block","32","32","LegacyOrCustomPath","Retain until model/reference audit proves unused"
"textures/block/carpet/pink_carpet.png","block","32","32","LegacyOrCustomPath","Retain until model/reference audit proves unused"
"textures/block/carpet/purple_carpet.png","block","32","32","LegacyOrCustomPath","Retain until model/reference audit proves unused"
"textures/block/carpet/red_carpet.png","block","32","32","LegacyOrCustomPath","Retain until model/reference audit proves unused"
"textures/block/carpet/white_carpet.png","block","32","32","LegacyOrCustomPath","Retain until model/reference audit proves unused"
"textures/block/carpet/yellow_carpet.png","block","32","32","LegacyOrCustomPath","Retain until model/reference audit proves unused"
"textures/block/carrots_dish_on_e.png","block","32","32","LegacyOrCustomPath","Retain until model/reference audit proves unused"
"textures/block/carrots_dish_on.png","block","32","32","LegacyOrCustomPath","Retain until model/reference audit proves unused"
"textures/block/carrots_dish.png","block","32","32","LegacyOrCustomPath","Retain until model/reference audit proves unused"
"textures/block/carrots_stage0_e.png","block","32","32","LegacyOrCustomPath","Retain until model/reference audit proves unused"
"textures/block/carrots_stage1_e.png","block","32","32","LegacyOrCustomPath","Retain until model/reference audit proves unused"
"textures/block/carrots_stage2_e.png","block","32","32","LegacyOrCustomPath","Retain until model/reference audit proves unused"
"textures/block/carrots_stage3_e.png","block","32","32","LegacyOrCustomPath","Retain until model/reference audit proves unused"
"textures/block/carrots_top_3.png","block","32","32","LegacyOrCustomPath","Retain until model/reference audit proves unused"
"textures/block/carrots_top.png","block","32","32","LegacyOrCustomPath","Retain until model/reference audit proves unused"
"textures/block/cartography_table_top_e.png","block","32","32","LegacyOrCustomPath","Retain until model/reference audit proves unused"
"textures/block/cauldron_empty_e.png","block","32","32","LegacyOrCustomPath","Retain until model/reference audit proves unused"
"textures/block/cauldron_empty.png","block","32","32","LegacyOrCustomPath","Retain until model/reference audit proves unused"
"textures/block/cauldron_level1_e.png","block","32","32","LegacyOrCustomPath","Retain until model/reference audit proves unused"
"textures/block/cauldron_level1.png","block","32","32","LegacyOrCustomPath","Retain until model/reference audit proves unused"
"textures/block/cauldron_level2_e.png","block","32","32","LegacyOrCustomPath","Retain until model/reference audit proves unused"
"textures/block/cauldron_level2.png","block","32","32","LegacyOrCustomPath","Retain until model/reference audit proves unused"
"textures/block/cauldron_level3_e.png","block","32","32","LegacyOrCustomPath","Retain until model/reference audit proves unused"
"textures/block/cauldron_level3.png","block","32","32","LegacyOrCustomPath","Retain until model/reference audit proves unused"
"textures/block/cauldron_side_e.png","block","32","32","LegacyOrCustomPath","Retain until model/reference audit proves unused"
"textures/block/cave_vines_lit_e.png","block","32","32","LegacyOrCustomPath","Retain until model/reference audit proves unused"
"textures/block/cave_vines_plant_lit_e.png","block","32","32","LegacyOrCustomPath","Retain until model/reference audit proves unused"
"textures/block/chiseled_quartz_block/chiseled_quartz_block1.png","block","32","32","LegacyOrCustomPath","Retain until model/reference audit proves unused"
"textures/block/chiseled_quartz_block/chiseled_quartz_block10.png","block","32","32","LegacyOrCustomPath","Retain until model/reference audit proves unused"
"textures/block/chiseled_quartz_block/chiseled_quartz_block11.png","block","32","32","LegacyOrCustomPath","Retain until model/reference audit proves unused"
"textures/block/chiseled_quartz_block/chiseled_quartz_block12.png","block","32","32","LegacyOrCustomPath","Retain until model/reference audit proves unused"
"textures/block/chiseled_quartz_block/chiseled_quartz_block13.png","block","32","32","LegacyOrCustomPath","Retain until model/reference audit proves unused"
"textures/block/chiseled_quartz_block/chiseled_quartz_block14.png","block","32","32","LegacyOrCustomPath","Retain until model/reference audit proves unused"
"textures/block/chiseled_quartz_block/chiseled_quartz_block15.png","block","32","32","LegacyOrCustomPath","Retain until model/reference audit proves unused"
"textures/block/chiseled_quartz_block/chiseled_quartz_block16.png","block","32","32","LegacyOrCustomPath","Retain until model/reference audit proves unused"
"textures/block/chiseled_quartz_block/chiseled_quartz_block17.png","block","32","32","LegacyOrCustomPath","Retain until model/reference audit proves unused"
"textures/block/chiseled_quartz_block/chiseled_quartz_block18.png","block","32","32","LegacyOrCustomPath","Retain until model/reference audit proves unused"
"textures/block/chiseled_quartz_block/chiseled_quartz_block19.png","block","32","32","LegacyOrCustomPath","Retain until model/reference audit proves unused"
"textures/block/chiseled_quartz_block/chiseled_quartz_block2.png","block","32","32","LegacyOrCustomPath","Retain until model/reference audit proves unused"
"textures/block/chiseled_quartz_block/chiseled_quartz_block20.png","block","32","32","LegacyOrCustomPath","Retain until model/reference audit proves unused"
"textures/block/chiseled_quartz_block/chiseled_quartz_block21.png","block","32","32","LegacyOrCustomPath","Retain until model/reference audit proves unused"
"textures/block/chiseled_quartz_block/chiseled_quartz_block22.png","block","32","32","LegacyOrCustomPath","Retain until model/reference audit proves unused"
"textures/block/chiseled_quartz_block/chiseled_quartz_block23.png","block","32","32","LegacyOrCustomPath","Retain until model/reference audit proves unused"
"textures/block/chiseled_quartz_block/chiseled_quartz_block24.png","block","32","32","LegacyOrCustomPath","Retain until model/reference audit proves unused"
"textures/block/chiseled_quartz_block/chiseled_quartz_block25.png","block","32","32","LegacyOrCustomPath","Retain until model/reference audit proves unused"
"textures/block/chiseled_quartz_block/chiseled_quartz_block26.png","block","32","32","LegacyOrCustomPath","Retain until model/reference audit proves unused"
"textures/block/chiseled_quartz_block/chiseled_quartz_block27.png","block","32","32","LegacyOrCustomPath","Retain until model/reference audit proves unused"
"textures/block/chiseled_quartz_block/chiseled_quartz_block28.png","block","32","32","LegacyOrCustomPath","Retain until model/reference audit proves unused"
"textures/block/chiseled_quartz_block/chiseled_quartz_block29.png","block","32","32","LegacyOrCustomPath","Retain until model/reference audit proves unused"
"textures/block/chiseled_quartz_block/chiseled_quartz_block3.png","block","32","32","LegacyOrCustomPath","Retain until model/reference audit proves unused"
"textures/block/chiseled_quartz_block/chiseled_quartz_block30.png","block","32","32","LegacyOrCustomPath","Retain until model/reference audit proves unused"
"textures/block/chiseled_quartz_block/chiseled_quartz_block31.png","block","32","32","LegacyOrCustomPath","Retain until model/reference audit proves unused"
"textures/block/chiseled_quartz_block/chiseled_quartz_block32.png","block","32","32","LegacyOrCustomPath","Retain until model/reference audit proves unused"
"textures/block/chiseled_quartz_block/chiseled_quartz_block33.png","block","32","32","LegacyOrCustomPath","Retain until model/reference audit proves unused"
"textures/block/chiseled_quartz_block/chiseled_quartz_block4.png","block","32","32","LegacyOrCustomPath","Retain until model/reference audit proves unused"
"textures/block/chiseled_quartz_block/chiseled_quartz_block5.png","block","32","32","LegacyOrCustomPath","Retain until model/reference audit proves unused"
"textures/block/chiseled_quartz_block/chiseled_quartz_block6.png","block","32","32","LegacyOrCustomPath","Retain until model/reference audit proves unused"
"textures/block/chiseled_quartz_block/chiseled_quartz_block7.png","block","32","32","LegacyOrCustomPath","Retain until model/reference audit proves unused"
"textures/block/chiseled_quartz_block/chiseled_quartz_block8.png","block","32","32","LegacyOrCustomPath","Retain until model/reference audit proves unused"
"textures/block/chiseled_quartz_block/chiseled_quartz_block9.png","block","32","32","LegacyOrCustomPath","Retain until model/reference audit proves unused"
"textures/block/clay_gray.png","block","32","32","LegacyOrCustomPath","Retain until model/reference audit proves unused"
"textures/block/coal_block_top.png","block","32","32","LegacyOrCustomPath","Retain until model/reference audit proves unused"
"textures/block/cobbled_deepslate1.png","block","32","32","LegacyOrCustomPath","Retain until model/reference audit proves unused"
"textures/block/cobbled_deepslate2.png","block","32","32","LegacyOrCustomPath","Retain until model/reference audit proves unused"
"textures/block/cobblestone/cobblestone1.png","block","32","32","LegacyOrCustomPath","Retain until model/reference audit proves unused"
"textures/block/cobblestone/cobblestone2.png","block","32","32","LegacyOrCustomPath","Retain until model/reference audit proves unused"
"textures/block/cocoa_stage2_e.png","block","32","640","LegacyOrCustomPath","Retain until model/reference audit proves unused"
"textures/block/command_block_conditional_e.png","block","32","32","LegacyOrCustomPath","Retain until model/reference audit proves unused"
"textures/block/command_block_side_e.png","block","32","32","LegacyOrCustomPath","Retain until model/reference audit proves unused"
"textures/block/comparator_on_e.png","block","32","32","LegacyOrCustomPath","Retain until model/reference audit proves unused"
"textures/block/crying_obsidian_e.png","block","32","384","LegacyOrCustomPath","Retain until model/reference audit proves unused"
"textures/block/cut_sandstone/cut_sandstone.png","block","32","32","LegacyOrCustomPath","Retain until model/reference audit proves unused"
"textures/block/cut_sandstone/cut_sandstone1.png","block","32","32","LegacyOrCustomPath","Retain until model/reference audit proves unused"
"textures/block/cut_sandstone/cut_sandstone2.png","block","32","32","LegacyOrCustomPath","Retain until model/reference audit proves unused"
"textures/block/cut_sandstone/cut_sandstone3.png","block","32","32","LegacyOrCustomPath","Retain until model/reference audit proves unused"
"textures/block/cut_sandstone/cut_sandstone4.png","block","32","32","LegacyOrCustomPath","Retain until model/reference audit proves unused"
"textures/block/cut_sandstone/cut_sandstone5.png","block","32","32","LegacyOrCustomPath","Retain until model/reference audit proves unused"
"textures/block/cut_sandstone/cut_sandstone6.png","block","32","32","LegacyOrCustomPath","Retain until model/reference audit proves unused"
"textures/block/cut_sandstone/cut_sandstone7.png","block","32","32","LegacyOrCustomPath","Retain until model/reference audit proves unused"
"textures/block/cyan_candle_lit_e.png","block","32","128","LegacyOrCustomPath","Retain until model/reference audit proves unused"
"textures/block/cyan_concrete_top.png","block","32","32","LegacyOrCustomPath","Retain until model/reference audit proves unused"
"textures/block/cyan_glazed_terracotta_top.png","block","32","32","LegacyOrCustomPath","Retain until model/reference audit proves unused"
"textures/block/cyan_glazed_terracotta_top2.png","block","32","32","LegacyOrCustomPath","Retain until model/reference audit proves unused"
"textures/block/cyan_glazed_terracotta2.png","block","32","32","LegacyOrCustomPath","Retain until model/reference audit proves unused"
"textures/block/cyan_stained_glass_pane_side.png","block","32","32","LegacyOrCustomPath","Retain until model/reference audit proves unused"
"textures/block/cyan_terracota.png","block","32","32","LegacyOrCustomPath","Retain until model/reference audit proves unused"
"textures/block/cyan_terracotta_e.png","block","32","32","LegacyOrCustomPath","Retain until model/reference audit proves unused"
"textures/block/cyan_terracotta_top.png","block","32","32","LegacyOrCustomPath","Retain until model/reference audit proves unused"
"textures/block/damaged_anvil_top_e.png","block","32","32","LegacyOrCustomPath","Retain until model/reference audit proves unused"
"textures/block/dandelion1.png","block","32","32","LegacyOrCustomPath","Retain until model/reference audit proves unused"
"textures/block/dandelion2.png","block","32","32","LegacyOrCustomPath","Retain until model/reference audit proves unused"
"textures/block/dandelion3.png","block","32","32","LegacyOrCustomPath","Retain until model/reference audit proves unused"
"textures/block/dandelion4.png","block","32","32","LegacyOrCustomPath","Retain until model/reference audit proves unused"
"textures/block/dark_oak_planks/dark_oak_planks.png","block","32","32","LegacyOrCustomPath","Retain until model/reference audit proves unused"
"textures/block/dark_oak_planks/dark_oak_planks1.png","block","32","32","LegacyOrCustomPath","Retain until model/reference audit proves unused"
"textures/block/dark_oak_planks/dark_oak_planks2.png","block","32","32","LegacyOrCustomPath","Retain until model/reference audit proves unused"
"textures/block/dark_oak_planks/dark_oak_planks3.png","block","32","32","LegacyOrCustomPath","Retain until model/reference audit proves unused"
"textures/block/dark_oak_planks/dark_oak_planks4.png","block","32","32","LegacyOrCustomPath","Retain until model/reference audit proves unused"
"textures/block/dark_oak_wood.png","block","32","32","LegacyOrCustomPath","Retain until model/reference audit proves unused"
"textures/block/dead_brain_coral_fan_feedhorn.png","block","32","32","LegacyOrCustomPath","Retain until model/reference audit proves unused"
"textures/block/dead_bush/dead_bush1.png","block","32","32","LegacyOrCustomPath","Retain until model/reference audit proves unused"
"textures/block/dead_bush/dead_bush2.png","block","32","32","LegacyOrCustomPath","Retain until model/reference audit proves unused"
"textures/block/dead_bush/dead_bush3.png","block","32","32","LegacyOrCustomPath","Retain until model/reference audit proves unused"
"textures/block/dead_tube_coral_e.png","block","32","32","LegacyOrCustomPath","Retain until model/reference audit proves unused"
"textures/block/deepslate_bricks1.png","block","32","32","LegacyOrCustomPath","Retain until model/reference audit proves unused"
"textures/block/deepslate_bricks2.png","block","32","32","LegacyOrCustomPath","Retain until model/reference audit proves unused"
"textures/block/deepslate_emerald_ore_top.png","block","32","32","LegacyOrCustomPath","Retain until model/reference audit proves unused"
"textures/block/deepslate_tiles1.png","block","32","32","LegacyOrCustomPath","Retain until model/reference audit proves unused"
"textures/block/deepslate_tiles2.png","block","32","32","LegacyOrCustomPath","Retain until model/reference audit proves unused"
"textures/block/deepslate1.png","block","32","32","LegacyOrCustomPath","Retain until model/reference audit proves unused"
"textures/block/deepslate2.png","block","32","32","LegacyOrCustomPath","Retain until model/reference audit proves unused"
"textures/block/detector_rail_e.png","block","32","32","LegacyOrCustomPath","Retain until model/reference audit proves unused"
"textures/block/diamond_block_side_e.png","block","32","32","LegacyOrCustomPath","Retain until model/reference audit proves unused"
"textures/block/diamond_block_side.png","block","32","32","LegacyOrCustomPath","Retain until model/reference audit proves unused"
"textures/block/diamond_block_top.png","block","32","32","LegacyOrCustomPath","Retain until model/reference audit proves unused"
"textures/block/diamond_block/diamond_block_bottom.png","block","32","32","LegacyOrCustomPath","Retain until model/reference audit proves unused"
"textures/block/diamond_block/diamond_block_side_e.png","block","32","32","LegacyOrCustomPath","Retain until model/reference audit proves unused"
"textures/block/diamond_block/diamond_block_side.png","block","32","32","LegacyOrCustomPath","Retain until model/reference audit proves unused"
"textures/block/diamond_block/diamond_block_top.png","block","32","32","LegacyOrCustomPath","Retain until model/reference audit proves unused"
"textures/block/diamond_ore_e.png","block","32","672","LegacyOrCustomPath","Retain until model/reference audit proves unused"
"textures/block/diorite_slab.png","block","32","32","LegacyOrCustomPath","Retain until model/reference audit proves unused"
"textures/block/diorite/diorite1.png","block","32","32","LegacyOrCustomPath","Retain until model/reference audit proves unused"
"textures/block/diorite/diorite2.png","block","32","32","LegacyOrCustomPath","Retain until model/reference audit proves unused"
"textures/block/diorite/diorite3.png","block","32","32","LegacyOrCustomPath","Retain until model/reference audit proves unused"
"textures/block/diorite/diorite4.png","block","32","32","LegacyOrCustomPath","Retain until model/reference audit proves unused"
"textures/block/diorite/diorite5.png","block","32","32","LegacyOrCustomPath","Retain until model/reference audit proves unused"
"textures/block/dripstone_block_top.png","block","32","32","LegacyOrCustomPath","Retain until model/reference audit proves unused"
"textures/block/emerald_block_e.png","block","32","32","LegacyOrCustomPath","Retain until model/reference audit proves unused"
"textures/block/emerald_ore_e.png","block","32","160","LegacyOrCustomPath","Retain until model/reference audit proves unused"
"textures/block/emerald_ore_top_e.png","block","32","160","LegacyOrCustomPath","Retain until model/reference audit proves unused"
"textures/block/emerald_ore_top.png","block","32","160","LegacyOrCustomPath","Retain until model/reference audit proves unused"
"textures/block/enchanting_table_side_e.png","block","32","128","LegacyOrCustomPath","Retain until model/reference audit proves unused"
"textures/block/enchanting_table_top_e.png","block","32","128","LegacyOrCustomPath","Retain until model/reference audit proves unused"
"textures/block/end_portal_frame_bottom.png","block","32","32","LegacyOrCustomPath","Retain until model/reference audit proves unused"
"textures/block/end_portal_frame_eye_e.png","block","32","32","LegacyOrCustomPath","Retain until model/reference audit proves unused"
"textures/block/end_portal_frame_top_e.png","block","32","32","LegacyOrCustomPath","Retain until model/reference audit proves unused"
"textures/block/end_rod_e.png","block","32","32","LegacyOrCustomPath","Retain until model/reference audit proves unused"
"textures/block/end_stone/end_stone1.png","block","32","32","LegacyOrCustomPath","Retain until model/reference audit proves unused"
"textures/block/end_stone/end_stone2.png","block","32","9088","LegacyOrCustomPath","Retain until model/reference audit proves unused"
"textures/block/frogspawn_e.png","block","32","32","LegacyOrCustomPath","Retain until model/reference audit proves unused"
"textures/block/furnace_front_on_e.png","block","32","32","LegacyOrCustomPath","Retain until model/reference audit proves unused"
"textures/block/gilded_blackstone_side.png","block","32","32","LegacyOrCustomPath","Retain until model/reference audit proves unused"
"textures/block/gilded_blackstone_top.png","block","32","32","LegacyOrCustomPath","Retain until model/reference audit proves unused"
"textures/block/glow_lichen_e.png","block","32","32","LegacyOrCustomPath","Retain until model/reference audit proves unused"
"textures/block/glowstone_e.png","block","32","32","LegacyOrCustomPath","Retain until model/reference audit proves unused"
"textures/block/gold_block/gold_block_side.png","block","32","32","LegacyOrCustomPath","Retain until model/reference audit proves unused"
"textures/block/gold_block/gold_block_top.png","block","32","32","LegacyOrCustomPath","Retain until model/reference audit proves unused"
"textures/block/granite/granite_post_top.png","block","32","32","LegacyOrCustomPath","Retain until model/reference audit proves unused"
"textures/block/granite/granite_slab.png","block","32","32","LegacyOrCustomPath","Retain until model/reference audit proves unused"
"textures/block/granite/granite_stairs.png","block","32","32","LegacyOrCustomPath","Retain until model/reference audit proves unused"
"textures/block/granite/granite_wall_top_x.png","block","32","32","LegacyOrCustomPath","Retain until model/reference audit proves unused"
"textures/block/granite/granite_wall_top_z.png","block","32","32","LegacyOrCustomPath","Retain until model/reference audit proves unused"
"textures/block/granite/granite.png","block","32","32","LegacyOrCustomPath","Retain until model/reference audit proves unused"
"textures/block/granite/granite1.png","block","32","32","LegacyOrCustomPath","Retain until model/reference audit proves unused"
"textures/block/granite/granite2.png","block","32","32","LegacyOrCustomPath","Retain until model/reference audit proves unused"
"textures/block/granite/granite3.png","block","32","32","LegacyOrCustomPath","Retain until model/reference audit proves unused"
"textures/block/granite/granite4.png","block","32","32","LegacyOrCustomPath","Retain until model/reference audit proves unused"
"textures/block/granite/granite5.png","block","32","32","LegacyOrCustomPath","Retain until model/reference audit proves unused"
"textures/block/granite/granite6.png","block","32","32","LegacyOrCustomPath","Retain until model/reference audit proves unused"
"textures/block/granite/granite7.png","block","32","32","LegacyOrCustomPath","Retain until model/reference audit proves unused"
"textures/block/granite/granite8.png","block","32","32","LegacyOrCustomPath","Retain until model/reference audit proves unused"
"textures/block/granite/granite9.png","block","32","32","LegacyOrCustomPath","Retain until model/reference audit proves unused"
"textures/block/grass_block_top/grass_block_top1.png","block","32","32","LegacyOrCustomPath","Retain until model/reference audit proves unused"
"textures/block/grass_block_top/grass_block_top2.png","block","32","32","LegacyOrCustomPath","Retain until model/reference audit proves unused"
"textures/block/grass_block_top/grass_block_top3.png","block","32","32","LegacyOrCustomPath","Retain until model/reference audit proves unused"
"textures/block/grass_block_top/grass_block_top4.png","block","32","32","LegacyOrCustomPath","Retain until model/reference audit proves unused"
"textures/block/grass_block_top/grass_block_top5.png","block","32","32","LegacyOrCustomPath","Retain until model/reference audit proves unused"
"textures/block/grass_block_top/grass_block_top6.png","block","32","32","LegacyOrCustomPath","Retain until model/reference audit proves unused"
"textures/block/grass_block_top/grass_block_top7.png","block","32","32","LegacyOrCustomPath","Retain until model/reference audit proves unused"
"textures/block/grass_path_side.png","block","32","32","LegacyOrCustomPath","Retain until model/reference audit proves unused"
"textures/block/grass_path_top.png","block","32","32","LegacyOrCustomPath","Retain until model/reference audit proves unused"
"textures/block/grass.png","block","32","32","LegacyOrCustomPath","Retain until model/reference audit proves unused"
"textures/block/grass/grass1.png","block","32","32","LegacyOrCustomPath","Retain until model/reference audit proves unused"
"textures/block/grass/grass2.png","block","32","32","LegacyOrCustomPath","Retain until model/reference audit proves unused"
"textures/block/grass/grass3.png","block","32","32","LegacyOrCustomPath","Retain until model/reference audit proves unused"
"textures/block/grass/grass4.png","block","32","32","LegacyOrCustomPath","Retain until model/reference audit proves unused"
"textures/block/grass/grass5.png","block","32","32","LegacyOrCustomPath","Retain until model/reference audit proves unused"
"textures/block/grass/grass6.png","block","32","32","LegacyOrCustomPath","Retain until model/reference audit proves unused"
"textures/block/grass/grass7.png","block","32","32","LegacyOrCustomPath","Retain until model/reference audit proves unused"
"textures/block/gray_concrete_top.png","block","32","32","LegacyOrCustomPath","Retain until model/reference audit proves unused"
"textures/block/gray_glazed_terracotta_top.png","block","32","32","LegacyOrCustomPath","Retain until model/reference audit proves unused"
"textures/block/gray_glazed_terracotta_top2.png","block","32","32","LegacyOrCustomPath","Retain until model/reference audit proves unused"
"textures/block/gray_glazed_terracotta2.png","block","32","32","LegacyOrCustomPath","Retain until model/reference audit proves unused"
"textures/block/gray_terracotta_top.png","block","32","32","LegacyOrCustomPath","Retain until model/reference audit proves unused"
"textures/block/green_candle_lit_e.png","block","32","128","LegacyOrCustomPath","Retain until model/reference audit proves unused"
"textures/block/green_concrete_top.png","block","32","32","LegacyOrCustomPath","Retain until model/reference audit proves unused"
"textures/block/green_glazed_terracotta_top.png","block","32","32","LegacyOrCustomPath","Retain until model/reference audit proves unused"
"textures/block/green_glazed_terracotta_top2.png","block","32","32","LegacyOrCustomPath","Retain until model/reference audit proves unused"
"textures/block/green_glazed_terracotta2.png","block","32","32","LegacyOrCustomPath","Retain until model/reference audit proves unused"
"textures/block/green_terracota.png","block","32","32","LegacyOrCustomPath","Retain until model/reference audit proves unused"
"textures/block/green_terracotta_e.png","block","32","32","LegacyOrCustomPath","Retain until model/reference audit proves unused"
"textures/block/green_terracotta_top.png","block","32","32","LegacyOrCustomPath","Retain until model/reference audit proves unused"
"textures/block/grindstone_round_side.png","block","32","32","LegacyOrCustomPath","Retain until model/reference audit proves unused"
"textures/block/grindstone_round_top.png","block","32","32","LegacyOrCustomPath","Retain until model/reference audit proves unused"
"textures/block/hanging_lantern_disk.png","block","32","32","LegacyOrCustomPath","Retain until model/reference audit proves unused"
"textures/block/hanging_lantern_e.png","block","32","32","LegacyOrCustomPath","Retain until model/reference audit proves unused"
"textures/block/hanging_lantern.png","block","32","32","LegacyOrCustomPath","Retain until model/reference audit proves unused"
"textures/block/hanging_soul_lantern_disk.png","block","32","32","LegacyOrCustomPath","Retain until model/reference audit proves unused"
"textures/block/hanging_soul_lantern_e.png","block","32","32","LegacyOrCustomPath","Retain until model/reference audit proves unused"
"textures/block/hanging_soul_lantern.png","block","32","32","LegacyOrCustomPath","Retain until model/reference audit proves unused"
"textures/block/jack_o_lantern/jack_o_lantern_bottom.png","block","32","32","LegacyOrCustomPath","Retain until model/reference audit proves unused"
"textures/block/jack_o_lantern/jack_o_lantern.png","block","32","1600","LegacyOrCustomPath","Retain until model/reference audit proves unused"
"textures/block/jack_o_lantern/jack_o_lantern1.png","block","32","1600","LegacyOrCustomPath","Retain until model/reference audit proves unused"
"textures/block/jack_o_lantern/jack_o_lantern2.png","block","32","32","LegacyOrCustomPath","Retain until model/reference audit proves unused"
"textures/block/jack_o_lantern/jack_o_lantern3.png","block","32","256","LegacyOrCustomPath","Retain until model/reference audit proves unused"
"textures/block/jack_o_lantern/jack_o_lantern4.png","block","32","1600","LegacyOrCustomPath","Retain until model/reference audit proves unused"
"textures/block/jukebox_top_playing.png","block","32","32","LegacyOrCustomPath","Retain until model/reference audit proves unused"
"textures/block/jungle_planks/jungle_planks.png","block","32","32","LegacyOrCustomPath","Retain until model/reference audit proves unused"
"textures/block/jungle_planks/jungle_planks1.png","block","32","32","LegacyOrCustomPath","Retain until model/reference audit proves unused"
"textures/block/jungle_planks/jungle_planks2.png","block","32","32","LegacyOrCustomPath","Retain until model/reference audit proves unused"
"textures/block/jungle_planks/jungle_planks3.png","block","32","32","LegacyOrCustomPath","Retain until model/reference audit proves unused"
"textures/block/jungle_planks/jungle_planks4.png","block","32","32","LegacyOrCustomPath","Retain until model/reference audit proves unused"
"textures/block/jungle_wood_top.png","block","32","32","LegacyOrCustomPath","Retain until model/reference audit proves unused"
"textures/block/jungle_wood.png","block","32","32","LegacyOrCustomPath","Retain until model/reference audit proves unused"
"textures/block/lantern_e.png","block","32","96","LegacyOrCustomPath","Retain until model/reference audit proves unused"
"textures/block/lapis_block_e.png","block","32","32","LegacyOrCustomPath","Retain until model/reference audit proves unused"
"textures/block/lapis_block_top.png","block","32","32","LegacyOrCustomPath","Retain until model/reference audit proves unused"
"textures/block/lapis_ore_e.png","block","32","832","LegacyOrCustomPath","Retain until model/reference audit proves unused"
"textures/block/lectern_sides_bottom.png","block","32","32","LegacyOrCustomPath","Retain until model/reference audit proves unused"
"textures/block/lectern_top_e.png","block","32","32","LegacyOrCustomPath","Retain until model/reference audit proves unused"
"textures/block/light_blue_candle_lit_e.png","block","32","32","LegacyOrCustomPath","Retain until model/reference audit proves unused"
"textures/block/light_blue_concrete_top.png","block","32","32","LegacyOrCustomPath","Retain until model/reference audit proves unused"
"textures/block/light_blue_glazed_terracotta_top.png","block","32","32","LegacyOrCustomPath","Retain until model/reference audit proves unused"
"textures/block/light_blue_terracota.png","block","32","32","LegacyOrCustomPath","Retain until model/reference audit proves unused"
"textures/block/light_blue_terracotta_top.png","block","32","32","LegacyOrCustomPath","Retain until model/reference audit proves unused"
"textures/block/light_gray_candle_lit_e.png","block","32","128","LegacyOrCustomPath","Retain until model/reference audit proves unused"
"textures/block/light_gray_concrete_top.png","block","32","32","LegacyOrCustomPath","Retain until model/reference audit proves unused"
"textures/block/light_gray_glazed_terracotta_top.png","block","32","32","LegacyOrCustomPath","Retain until model/reference audit proves unused"
"textures/block/lime_candle_lit_e.png","block","32","32","LegacyOrCustomPath","Retain until model/reference audit proves unused"
"textures/block/lime_concrete_top.png","block","32","32","LegacyOrCustomPath","Retain until model/reference audit proves unused"
"textures/block/lime_glazed_terracotta_top.png","block","32","32","LegacyOrCustomPath","Retain until model/reference audit proves unused"
"textures/block/lime_glazed_terracotta_top2.png","block","32","32","LegacyOrCustomPath","Retain until model/reference audit proves unused"
"textures/block/lime_glazed_terracotta2.png","block","32","224","LegacyOrCustomPath","Retain until model/reference audit proves unused"
"textures/block/lime_stained_glass_pane_side.png","block","32","32","LegacyOrCustomPath","Retain until model/reference audit proves unused"
"textures/block/lime_terracota.png","block","32","32","LegacyOrCustomPath","Retain until model/reference audit proves unused"
"textures/block/lime_terracotta_top.png","block","32","32","LegacyOrCustomPath","Retain until model/reference audit proves unused"
"textures/block/lodestone_side_e.png","block","32","32","LegacyOrCustomPath","Retain until model/reference audit proves unused"
"textures/block/lodestone_top_e.png","block","32","32","LegacyOrCustomPath","Retain until model/reference audit proves unused"
"textures/block/magenta_candle_lit_e.png","block","32","128","LegacyOrCustomPath","Retain until model/reference audit proves unused"
"textures/block/magenta_concrete_top.png","block","32","32","LegacyOrCustomPath","Retain until model/reference audit proves unused"
"textures/block/magenta_glazed_terracotta_top.png","block","32","32","LegacyOrCustomPath","Retain until model/reference audit proves unused"
"textures/block/magenta_glazed_terracotta_top2.png","block","32","32","LegacyOrCustomPath","Retain until model/reference audit proves unused"
"textures/block/magenta_glazed_terracotta2.png","block","32","32","LegacyOrCustomPath","Retain until model/reference audit proves unused"
"textures/block/magenta_terracota.png","block","32","32","LegacyOrCustomPath","Retain until model/reference audit proves unused"
"textures/block/magenta_terracotta_top.png","block","32","32","LegacyOrCustomPath","Retain until model/reference audit proves unused"
"textures/block/magma/magma.png","block","32","192","LegacyOrCustomPath","Retain until model/reference audit proves unused"
"textures/block/magma/magma1.png","block","32","96","LegacyOrCustomPath","Retain until model/reference audit proves unused"
"textures/block/magma/magma2.png","block","32","128","LegacyOrCustomPath","Retain until model/reference audit proves unused"
"textures/block/magma/magma3.png","block","32","96","LegacyOrCustomPath","Retain until model/reference audit proves unused"
"textures/block/mangrove_propagule_e.png","block","32","32","LegacyOrCustomPath","Retain until model/reference audit proves unused"
"textures/block/mangrove_propagule_hanging_e.png","block","32","32","LegacyOrCustomPath","Retain until model/reference audit proves unused"
"textures/block/melon_stem/melon_stem_ant.png","block","32","32","LegacyOrCustomPath","Retain until model/reference audit proves unused"
"textures/block/melon_stem/melon_stem_dish_back.png","block","32","32","LegacyOrCustomPath","Retain until model/reference audit proves unused"
"textures/block/melon_stem/melon_stem_dish_on.png","block","32","32","LegacyOrCustomPath","Retain until model/reference audit proves unused"
"textures/block/melon_stem/melon_stem_dish.png","block","32","32","LegacyOrCustomPath","Retain until model/reference audit proves unused"
"textures/block/melon_stem/melon_stem.png","block","32","32","LegacyOrCustomPath","Retain until model/reference audit proves unused"
"textures/block/melon_stem/pumpkin_stem_dish_on.png","block","32","32","LegacyOrCustomPath","Retain until model/reference audit proves unused"
"textures/block/melon_stem/pumpkin_stem_dish.png","block","32","32","LegacyOrCustomPath","Retain until model/reference audit proves unused"
"textures/block/melon/melon_bottom.png","block","32","32","LegacyOrCustomPath","Retain until model/reference audit proves unused"
"textures/block/melon/melon_side.png","block","32","32","LegacyOrCustomPath","Retain until model/reference audit proves unused"
"textures/block/melon/melon_stem_dish_on_e.png","block","32","32","LegacyOrCustomPath","Retain until model/reference audit proves unused"
"textures/block/melon/melon_top.png","block","32","32","LegacyOrCustomPath","Retain until model/reference audit proves unused"
"textures/block/melon/pumpkin_stem_dish_on_e.png","block","32","32","LegacyOrCustomPath","Retain until model/reference audit proves unused"
"textures/block/moss_block_carpet.png","block","32","32","LegacyOrCustomPath","Retain until model/reference audit proves unused"
"textures/block/nether_brick.png","block","32","32","LegacyOrCustomPath","Retain until model/reference audit proves unused"
"textures/block/nether_bricks/nether_bricks.png","block","32","32","LegacyOrCustomPath","Retain until model/reference audit proves unused"
"textures/block/nether_bricks/nether_bricks1.png","block","32","32","LegacyOrCustomPath","Retain until model/reference audit proves unused"
"textures/block/nether_bricks/nether_bricks2.png","block","32","32","LegacyOrCustomPath","Retain until model/reference audit proves unused"
"textures/block/nether_bricks/nether_bricks3.png","block","32","32","LegacyOrCustomPath","Retain until model/reference audit proves unused"
"textures/block/nether_bricks/nether_bricks4.png","block","32","32","LegacyOrCustomPath","Retain until model/reference audit proves unused"
"textures/block/nether_bricks/nether_bricks5.png","block","32","32","LegacyOrCustomPath","Retain until model/reference audit proves unused"
"textures/block/nether_bricks/nether_bricks6.png","block","32","32","LegacyOrCustomPath","Retain until model/reference audit proves unused"
"textures/block/nether_gold_ore_side.png","block","32","32","LegacyOrCustomPath","Retain until model/reference audit proves unused"
"textures/block/nether_gold_ore_top.png","block","32","32","LegacyOrCustomPath","Retain until model/reference audit proves unused"
"textures/block/netherite_block_e.png","block","32","32","LegacyOrCustomPath","Retain until model/reference audit proves unused"
"textures/block/oak_planks/oak_planks.png","block","32","32","LegacyOrCustomPath","Retain until model/reference audit proves unused"
"textures/block/oak_planks/oak_planks1.png","block","32","32","LegacyOrCustomPath","Retain until model/reference audit proves unused"
"textures/block/oak_planks/oak_planks2.png","block","32","32","LegacyOrCustomPath","Retain until model/reference audit proves unused"
"textures/block/oak_planks/oak_planks3.png","block","32","32","LegacyOrCustomPath","Retain until model/reference audit proves unused"
"textures/block/oak_planks/oak_planks4.png","block","32","32","LegacyOrCustomPath","Retain until model/reference audit proves unused"
"textures/block/oak_planks/oak_planks5.png","block","32","32","LegacyOrCustomPath","Retain until model/reference audit proves unused"
"textures/block/oak_planks/oak_planks6.png","block","32","32","LegacyOrCustomPath","Retain until model/reference audit proves unused"
"textures/block/oak_planks/oak_planks7.png","block","32","32","LegacyOrCustomPath","Retain until model/reference audit proves unused"
"textures/block/oak_planks/oak_planks8.png","block","32","32","LegacyOrCustomPath","Retain until model/reference audit proves unused"
"textures/block/oak_planks/oak_planks9.png","block","32","32","LegacyOrCustomPath","Retain until model/reference audit proves unused"
"textures/block/oak_wood.png","block","32","32","LegacyOrCustomPath","Retain until model/reference audit proves unused"
"textures/block/observer_back_on_e.png","block","32","32","LegacyOrCustomPath","Retain until model/reference audit proves unused"
"textures/block/obsidian_e.png","block","32","384","LegacyOrCustomPath","Retain until model/reference audit proves unused"
"textures/block/orange_candle_lit_e.png","block","32","128","LegacyOrCustomPath","Retain until model/reference audit proves unused"
"textures/block/orange_concrete_top.png","block","32","32","LegacyOrCustomPath","Retain until model/reference audit proves unused"
"textures/block/orange_glazed_terracotta_top.png","block","32","32","LegacyOrCustomPath","Retain until model/reference audit proves unused"
"textures/block/orange_terracota.png","block","32","32","LegacyOrCustomPath","Retain until model/reference audit proves unused"
"textures/block/orange_terracotta_top.png","block","32","32","LegacyOrCustomPath","Retain until model/reference audit proves unused"
"textures/block/orange_tulip1.png","block","32","32","LegacyOrCustomPath","Retain until model/reference audit proves unused"
"textures/block/oxeye_daisy1.png","block","32","32","LegacyOrCustomPath","Retain until model/reference audit proves unused"
"textures/block/pink _terracota.png","block","32","32","LegacyOrCustomPath","Retain until model/reference audit proves unused"
"textures/block/pink_candle_lit_e.png","block","32","128","LegacyOrCustomPath","Retain until model/reference audit proves unused"
"textures/block/pink_concrete_top.png","block","32","32","LegacyOrCustomPath","Retain until model/reference audit proves unused"
"textures/block/pink_glazed_terracotta_top.png","block","32","32","LegacyOrCustomPath","Retain until model/reference audit proves unused"
"textures/block/pink_terracotta_e.png","block","32","32","LegacyOrCustomPath","Retain until model/reference audit proves unused"
"textures/block/pink_terracotta_top.png","block","32","32","LegacyOrCustomPath","Retain until model/reference audit proves unused"
"textures/block/pink_tulip1_e.png","block","32","32","LegacyOrCustomPath","Retain until model/reference audit proves unused"
"textures/block/pink_tulip1.png","block","32","32","LegacyOrCustomPath","Retain until model/reference audit proves unused"
"textures/block/piston_bottom_e.png","block","32","32","LegacyOrCustomPath","Retain until model/reference audit proves unused"
"textures/block/polished_deepslate1.png","block","32","32","LegacyOrCustomPath","Retain until model/reference audit proves unused"
"textures/block/polished_deepslate2.png","block","32","32","LegacyOrCustomPath","Retain until model/reference audit proves unused"
"textures/block/polished_granite/polished_granite1.png","block","32","32","LegacyOrCustomPath","Retain until model/reference audit proves unused"
"textures/block/polished_granite/polished_granite2.png","block","32","32","LegacyOrCustomPath","Retain until model/reference audit proves unused"
"textures/block/polished_granite/polished_granite3.png","block","32","32","LegacyOrCustomPath","Retain until model/reference audit proves unused"
"textures/block/poppy1.png","block","32","32","LegacyOrCustomPath","Retain until model/reference audit proves unused"
"textures/block/poppy2.png","block","32","32","LegacyOrCustomPath","Retain until model/reference audit proves unused"
"textures/block/potatoes_dish_on_e.png","block","32","32","LegacyOrCustomPath","Retain until model/reference audit proves unused"
"textures/block/potatoes_dish_on.png","block","32","32","LegacyOrCustomPath","Retain until model/reference audit proves unused"
"textures/block/potatoes_dish.png","block","32","32","LegacyOrCustomPath","Retain until model/reference audit proves unused"
"textures/block/potatoes_stage0_e.png","block","32","32","LegacyOrCustomPath","Retain until model/reference audit proves unused"
"textures/block/potatoes_stage1_e.png","block","32","32","LegacyOrCustomPath","Retain until model/reference audit proves unused"
"textures/block/potatoes_stage2_e.png","block","32","32","LegacyOrCustomPath","Retain until model/reference audit proves unused"
"textures/block/potatoes_stage3_e.png","block","32","32","LegacyOrCustomPath","Retain until model/reference audit proves unused"
"textures/block/potatoes_top_3.png","block","32","32","LegacyOrCustomPath","Retain until model/reference audit proves unused"
"textures/block/potatoes_top.png","block","32","32","LegacyOrCustomPath","Retain until model/reference audit proves unused"
"textures/block/powder_black_concrete_top.png","block","32","32","LegacyOrCustomPath","Retain until model/reference audit proves unused"
"textures/block/powder_blue_concrete_top.png","block","32","32","LegacyOrCustomPath","Retain until model/reference audit proves unused"
"textures/block/powder_brown_concrete_top.png","block","32","32","LegacyOrCustomPath","Retain until model/reference audit proves unused"
"textures/block/powder_cyan_concrete_top.png","block","32","32","LegacyOrCustomPath","Retain until model/reference audit proves unused"
"textures/block/powder_gray_concrete_top.png","block","32","32","LegacyOrCustomPath","Retain until model/reference audit proves unused"
"textures/block/powder_green_concrete_top.png","block","32","32","LegacyOrCustomPath","Retain until model/reference audit proves unused"
"textures/block/powder_light_blue_concrete_top.png","block","32","32","LegacyOrCustomPath","Retain until model/reference audit proves unused"
"textures/block/powder_light_gray_concrete_top.png","block","32","32","LegacyOrCustomPath","Retain until model/reference audit proves unused"
"textures/block/powder_lime_concrete_top.png","block","32","32","LegacyOrCustomPath","Retain until model/reference audit proves unused"
"textures/block/powder_magenta_concrete_top.png","block","32","32","LegacyOrCustomPath","Retain until model/reference audit proves unused"
"textures/block/powder_orange_concrete_top.png","block","32","32","LegacyOrCustomPath","Retain until model/reference audit proves unused"
"textures/block/powder_pink_concrete_top.png","block","32","32","LegacyOrCustomPath","Retain until model/reference audit proves unused"
"textures/block/powder_purple_concrete_top.png","block","32","32","LegacyOrCustomPath","Retain until model/reference audit proves unused"
"textures/block/powder_red_concrete_top.png","block","32","32","LegacyOrCustomPath","Retain until model/reference audit proves unused"
"textures/block/powder_white_concrete_top.png","block","32","32","LegacyOrCustomPath","Retain until model/reference audit proves unused"
"textures/block/powder_yellow_concrete_top.png","block","32","32","LegacyOrCustomPath","Retain until model/reference audit proves unused"
"textures/block/powered_rail_on_e.png","block","32","32","LegacyOrCustomPath","Retain until model/reference audit proves unused"
"textures/block/pumpkin/pumpkin_bottom.png","block","32","32","LegacyOrCustomPath","Retain until model/reference audit proves unused"
"textures/block/pumpkin/pumpkin_side.png","block","32","32","LegacyOrCustomPath","Retain until model/reference audit proves unused"
"textures/block/pumpkin/pumpkin_top.png","block","32","32","LegacyOrCustomPath","Retain until model/reference audit proves unused"
"textures/block/purple_candle_lit_e.png","block","32","128","LegacyOrCustomPath","Retain until model/reference audit proves unused"
"textures/block/purple_concrete_top.png","block","32","32","LegacyOrCustomPath","Retain until model/reference audit proves unused"
"textures/block/purple_glazed_terracotta2.png","block","32","32","LegacyOrCustomPath","Retain until model/reference audit proves unused"
"textures/block/purple_stained_glass_pane_side.png","block","32","32","LegacyOrCustomPath","Retain until model/reference audit proves unused"
"textures/block/quartz_block/quartz_block_bottom.png","block","32","32","LegacyOrCustomPath","Retain until model/reference audit proves unused"
"textures/block/quartz_block/quartz_block_side.png","block","32","32","LegacyOrCustomPath","Retain until model/reference audit proves unused"
"textures/block/quartz_block/quartz_block_top.png","block","32","32","LegacyOrCustomPath","Retain until model/reference audit proves unused"
"textures/block/quartz_block/quartz_block1.png","block","32","32","LegacyOrCustomPath","Retain until model/reference audit proves unused"
"textures/block/quartz_block/quartz_block10.png","block","32","32","LegacyOrCustomPath","Retain until model/reference audit proves unused"
"textures/block/quartz_block/quartz_block11.png","block","32","32","LegacyOrCustomPath","Retain until model/reference audit proves unused"
"textures/block/quartz_block/quartz_block12.png","block","32","32","LegacyOrCustomPath","Retain until model/reference audit proves unused"
"textures/block/quartz_block/quartz_block13.png","block","32","32","LegacyOrCustomPath","Retain until model/reference audit proves unused"
"textures/block/quartz_block/quartz_block14.png","block","32","32","LegacyOrCustomPath","Retain until model/reference audit proves unused"
"textures/block/quartz_block/quartz_block15.png","block","32","32","LegacyOrCustomPath","Retain until model/reference audit proves unused"
"textures/block/quartz_block/quartz_block16.png","block","32","32","LegacyOrCustomPath","Retain until model/reference audit proves unused"
"textures/block/quartz_block/quartz_block2.png","block","32","32","LegacyOrCustomPath","Retain until model/reference audit proves unused"
"textures/block/quartz_block/quartz_block3.png","block","32","32","LegacyOrCustomPath","Retain until model/reference audit proves unused"
"textures/block/quartz_block/quartz_block4.png","block","32","32","LegacyOrCustomPath","Retain until model/reference audit proves unused"
"textures/block/quartz_block/quartz_block5.png","block","32","32","LegacyOrCustomPath","Retain until model/reference audit proves unused"
"textures/block/quartz_block/quartz_block6.png","block","32","32","LegacyOrCustomPath","Retain until model/reference audit proves unused"
"textures/block/quartz_block/quartz_block7.png","block","32","32","LegacyOrCustomPath","Retain until model/reference audit proves unused"
"textures/block/quartz_block/quartz_block8.png","block","32","32","LegacyOrCustomPath","Retain until model/reference audit proves unused"
"textures/block/quartz_block/quartz_block9.png","block","32","32","LegacyOrCustomPath","Retain until model/reference audit proves unused"
"textures/block/red_candle_lit_e.png","block","64","64","LegacyOrCustomPath","Retain until model/reference audit proves unused"
"textures/block/red_concrete_top.png","block","32","32","LegacyOrCustomPath","Retain until model/reference audit proves unused"
"textures/block/red_glazed_terracotta_top.png","block","32","32","LegacyOrCustomPath","Retain until model/reference audit proves unused"
"textures/block/red_stained_glass_pane_side_e.png","block","32","32","LegacyOrCustomPath","Retain until model/reference audit proves unused"
"textures/block/red_stained_glass_pane_side.png","block","32","32","LegacyOrCustomPath","Retain until model/reference audit proves unused"
"textures/block/red_tulip_e.png","block","32","1024","LegacyOrCustomPath","Retain until model/reference audit proves unused"
"textures/block/redstone_block_e.png","block","32","32","LegacyOrCustomPath","Retain until model/reference audit proves unused"
"textures/block/redstone_dust_cross_overlay.png","block","32","32","LegacyOrCustomPath","Retain until model/reference audit proves unused"
"textures/block/redstone_dust_cross.png","block","32","32","LegacyOrCustomPath","Retain until model/reference audit proves unused"
"textures/block/redstone_dust_line_overlay.png","block","32","32","LegacyOrCustomPath","Retain until model/reference audit proves unused"
"textures/block/redstone_dust_line.png","block","32","32","LegacyOrCustomPath","Retain until model/reference audit proves unused"
"textures/block/redstone_lamp_on_e.png","block","32","32","LegacyOrCustomPath","Retain until model/reference audit proves unused"
"textures/block/redstone_ore_e.png","block","32","1408","LegacyOrCustomPath","Retain until model/reference audit proves unused"
"textures/block/redstone_torch_e.png","block","32","32","LegacyOrCustomPath","Retain until model/reference audit proves unused"
"textures/block/repeating_command_block_conditional_e.png","block","32","32","LegacyOrCustomPath","Retain until model/reference audit proves unused"
"textures/block/repeating_command_block_side_e.png","block","32","32","LegacyOrCustomPath","Retain until model/reference audit proves unused"
"textures/block/sand/sand.png","block","32","32","LegacyOrCustomPath","Retain until model/reference audit proves unused"
"textures/block/sand/sand1.png","block","32","32","LegacyOrCustomPath","Retain until model/reference audit proves unused"
"textures/block/sand/sand2.png","block","32","32","LegacyOrCustomPath","Retain until model/reference audit proves unused"
"textures/block/sand/sand3.png","block","32","32","LegacyOrCustomPath","Retain until model/reference audit proves unused"
"textures/block/sand/sand4.png","block","32","32","LegacyOrCustomPath","Retain until model/reference audit proves unused"
"textures/block/sculk_catalyst_side_bloom_e.png","block","32","256","LegacyOrCustomPath","Retain until model/reference audit proves unused"
"textures/block/sculk_catalyst_side_e.png","block","32","32","LegacyOrCustomPath","Retain until model/reference audit proves unused"
"textures/block/sculk_catalyst_top_bloom_e.png","block","32","256","LegacyOrCustomPath","Retain until model/reference audit proves unused"
"textures/block/sculk_catalyst_top_e.png","block","32","32","LegacyOrCustomPath","Retain until model/reference audit proves unused"
"textures/block/smooth_stone_slab.png","block","32","32","LegacyOrCustomPath","Retain until model/reference audit proves unused"
"textures/block/soul_lantern_e.png","block","32","96","LegacyOrCustomPath","Retain until model/reference audit proves unused"
"textures/block/soul_torch_e.png","block","32","32","LegacyOrCustomPath","Retain until model/reference audit proves unused"
"textures/block/spawner_e.png","block","32","32","LegacyOrCustomPath","Retain until model/reference audit proves unused"
"textures/block/spruce_planks/spruce_planks.png","block","32","32","LegacyOrCustomPath","Retain until model/reference audit proves unused"
"textures/block/spruce_planks/spruce_planks1.png","block","32","32","LegacyOrCustomPath","Retain until model/reference audit proves unused"
"textures/block/spruce_planks/spruce_planks10.png","block","32","32","LegacyOrCustomPath","Retain until model/reference audit proves unused"
"textures/block/spruce_planks/spruce_planks11.png","block","32","32","LegacyOrCustomPath","Retain until model/reference audit proves unused"
"textures/block/spruce_planks/spruce_planks2.png","block","32","32","LegacyOrCustomPath","Retain until model/reference audit proves unused"
"textures/block/spruce_planks/spruce_planks3.png","block","32","32","LegacyOrCustomPath","Retain until model/reference audit proves unused"
"textures/block/spruce_planks/spruce_planks4.png","block","32","32","LegacyOrCustomPath","Retain until model/reference audit proves unused"
"textures/block/spruce_planks/spruce_planks5.png","block","32","32","LegacyOrCustomPath","Retain until model/reference audit proves unused"
"textures/block/spruce_planks/spruce_planks6.png","block","32","32","LegacyOrCustomPath","Retain until model/reference audit proves unused"
"textures/block/spruce_planks/spruce_planks7.png","block","32","32","LegacyOrCustomPath","Retain until model/reference audit proves unused"
"textures/block/spruce_planks/spruce_planks8.png","block","32","32","LegacyOrCustomPath","Retain until model/reference audit proves unused"
"textures/block/spruce_planks/spruce_planks9.png","block","32","32","LegacyOrCustomPath","Retain until model/reference audit proves unused"
"textures/block/spruce_wood.png","block","32","32","LegacyOrCustomPath","Retain until model/reference audit proves unused"
"textures/block/stone_slab_side.png","block","32","32","LegacyOrCustomPath","Retain until model/reference audit proves unused"
"textures/block/stone/stone.png","block","32","32","LegacyOrCustomPath","Retain until model/reference audit proves unused"
"textures/block/stone/stone1.png","block","32","32","LegacyOrCustomPath","Retain until model/reference audit proves unused"
"textures/block/stone/stone2.png","block","32","32","LegacyOrCustomPath","Retain until model/reference audit proves unused"
"textures/block/stone/stone3.png","block","32","32","LegacyOrCustomPath","Retain until model/reference audit proves unused"
"textures/block/stone/stone4.png","block","32","32","LegacyOrCustomPath","Retain until model/reference audit proves unused"
"textures/block/stone/stone5.png","block","32","32","LegacyOrCustomPath","Retain until model/reference audit proves unused"
"textures/block/stripped_acacia_wood.png","block","32","32","LegacyOrCustomPath","Retain until model/reference audit proves unused"
"textures/block/stripped_birch_wood.png","block","32","32","LegacyOrCustomPath","Retain until model/reference audit proves unused"
"textures/block/stripped_dark_oak_wood.png","block","32","32","LegacyOrCustomPath","Retain until model/reference audit proves unused"
"textures/block/stripped_jungle.png","block","32","32","LegacyOrCustomPath","Retain until model/reference audit proves unused"
"textures/block/stripped_oak_wood.png","block","32","32","LegacyOrCustomPath","Retain until model/reference audit proves unused"
"textures/block/stripped_spruce_wood.png","block","32","32","LegacyOrCustomPath","Retain until model/reference audit proves unused"
"textures/block/sunflower_back_e.png","block","32","32","LegacyOrCustomPath","Retain until model/reference audit proves unused"
"textures/block/sunflower_front_e.png","block","32","32","LegacyOrCustomPath","Retain until model/reference audit proves unused"
"textures/block/torch_e.png","block","32","32","LegacyOrCustomPath","Retain until model/reference audit proves unused"
"textures/block/wheat_dish_on_e.png","block","32","32","LegacyOrCustomPath","Retain until model/reference audit proves unused"
"textures/block/wheat_dish_on.png","block","32","32","LegacyOrCustomPath","Retain until model/reference audit proves unused"
"textures/block/wheat_dish.png","block","32","32","LegacyOrCustomPath","Retain until model/reference audit proves unused"
"textures/block/wheat/wheat_stage0.png","block","32","32","LegacyOrCustomPath","Retain until model/reference audit proves unused"
"textures/block/wheat/wheat_stage1_e.png","block","32","32","LegacyOrCustomPath","Retain until model/reference audit proves unused"
"textures/block/wheat/wheat_stage1.png","block","32","32","LegacyOrCustomPath","Retain until model/reference audit proves unused"
"textures/block/wheat/wheat_stage2_e.png","block","32","32","LegacyOrCustomPath","Retain until model/reference audit proves unused"
"textures/block/wheat/wheat_stage2.png","block","32","32","LegacyOrCustomPath","Retain until model/reference audit proves unused"
"textures/block/wheat/wheat_stage3_e.png","block","32","32","LegacyOrCustomPath","Retain until model/reference audit proves unused"
"textures/block/wheat/wheat_stage3.png","block","32","32","LegacyOrCustomPath","Retain until model/reference audit proves unused"
"textures/block/wheat/wheat_stage4_e.png","block","32","32","LegacyOrCustomPath","Retain until model/reference audit proves unused"
"textures/block/wheat/wheat_stage4.png","block","32","32","LegacyOrCustomPath","Retain until model/reference audit proves unused"
"textures/block/wheat/wheat_stage5_e.png","block","32","32","LegacyOrCustomPath","Retain until model/reference audit proves unused"
"textures/block/wheat/wheat_stage5.png","block","32","32","LegacyOrCustomPath","Retain until model/reference audit proves unused"
"textures/block/wheat/wheat_stage6_e.png","block","32","32","LegacyOrCustomPath","Retain until model/reference audit proves unused"
"textures/block/wheat/wheat_stage6.png","block","32","32","LegacyOrCustomPath","Retain until model/reference audit proves unused"
"textures/block/wheat/wheat_stage7_e.png","block","32","32","LegacyOrCustomPath","Retain until model/reference audit proves unused"
"textures/block/wheat/wheat_stage7.png","block","32","32","LegacyOrCustomPath","Retain until model/reference audit proves unused"
"textures/block/wheat/wheat_top.png","block","32","32","LegacyOrCustomPath","Retain until model/reference audit proves unused"
"textures/block/wheat/wheat_top7.png","block","32","32","LegacyOrCustomPath","Retain until model/reference audit proves unused"
"textures/block/white_candle_lit_e.png","block","32","128","LegacyOrCustomPath","Retain until model/reference audit proves unused"
"textures/block/white_concrete_top.png","block","32","32","LegacyOrCustomPath","Retain until model/reference audit proves unused"
"textures/block/white_tulip1.png","block","32","32","LegacyOrCustomPath","Retain until model/reference audit proves unused"
"textures/block/white_tulip2.png","block","32","32","LegacyOrCustomPath","Retain until model/reference audit proves unused"
"textures/block/white_tulip3.png","block","32","32","LegacyOrCustomPath","Retain until model/reference audit proves unused"
"textures/block/yellow_candle_lit_e.png","block","64","64","LegacyOrCustomPath","Retain until model/reference audit proves unused"
"textures/block/yellow_concrete_top.png","block","32","32","LegacyOrCustomPath","Retain until model/reference audit proves unused"
"textures/block/yellow_glazed_terracotta_top.png","block","32","32","LegacyOrCustomPath","Retain until model/reference audit proves unused"
"textures/block/yellow_stained_glass_pane_side.png","block","32","32","LegacyOrCustomPath","Retain until model/reference audit proves unused"
"textures/block/yellow_terracota.png","block","32","32","LegacyOrCustomPath","Retain until model/reference audit proves unused"
"textures/block/yellow_terracotta_top.png","block","32","32","LegacyOrCustomPath","Retain until model/reference audit proves unused"
"textures/entity/alex.png","entity","128","128","LegacyOrCustomPath","Retain until model/reference audit proves unused"
"textures/entity/allay/allay_e.png","entity","64","64","LegacyOrCustomPath","Retain until model/reference audit proves unused"
"textures/entity/arrow.png","entity","64","64","LegacyOrCustomPath","Retain until model/reference audit proves unused"
"textures/entity/bat_e.png","entity","128","128","LegacyOrCustomPath","Retain until model/reference audit proves unused"
"textures/entity/beacon_beam_e.png","entity","32","32","LegacyOrCustomPath","Retain until model/reference audit proves unused"
"textures/entity/bed/brown_OLD.png","entity","128","128","LegacyOrCustomPath","Retain until model/reference audit proves unused"
"textures/entity/bed/JungleWoodDoor1.png","entity","128","128","LegacyOrCustomPath","Retain until model/reference audit proves unused"
"textures/entity/bed/light_blue_OLD.png","entity","128","128","LegacyOrCustomPath","Retain until model/reference audit proves unused"
"textures/entity/bed/red (2).png","entity","128","128","LegacyOrCustomPath","Retain until model/reference audit proves unused"
"textures/entity/bee/bee_angry_e.png","entity","128","128","LegacyOrCustomPath","Retain until model/reference audit proves unused"
"textures/entity/bee/bee_angry_nectar_e.png","entity","128","128","LegacyOrCustomPath","Retain until model/reference audit proves unused"
"textures/entity/bee/bee_e.png","entity","128","128","LegacyOrCustomPath","Retain until model/reference audit proves unused"
"textures/entity/bee/bee_nectar_e.png","entity","128","128","LegacyOrCustomPath","Retain until model/reference audit proves unused"
"textures/entity/blaze_e.png","entity","128","64","LegacyOrCustomPath","Retain until model/reference audit proves unused"
"textures/entity/boat/oak_e.png","entity","256","128","LegacyOrCustomPath","Retain until model/reference audit proves unused"
"textures/entity/cat/siamese_e.png","entity","128","64","LegacyOrCustomPath","Retain until model/reference audit proves unused"
"textures/entity/chest/ender_e.png","entity","128","128","LegacyOrCustomPath","Retain until model/reference audit proves unused"
"textures/entity/chest/oldchristmas_double.png","entity","256","128","LegacyOrCustomPath","Retain until model/reference audit proves unused"
"textures/entity/chicken_e.png","entity","128","64","LegacyOrCustomPath","Retain until model/reference audit proves unused"
"textures/entity/creeper/creeper_armor_e.png","entity","128","64","LegacyOrCustomPath","Retain until model/reference audit proves unused"
"textures/entity/creeper/creeper_e.png","entity","128","64","LegacyOrCustomPath","Retain until model/reference audit proves unused"
"textures/entity/elytra_e.png","entity","128","64","LegacyOrCustomPath","Retain until model/reference audit proves unused"
"textures/entity/enchanting_table_book_e.png","entity","128","64","LegacyOrCustomPath","Retain until model/reference audit proves unused"
"textures/entity/frog/cold_frog_e.png","entity","96","96","LegacyOrCustomPath","Retain until model/reference audit proves unused"
"textures/entity/frog/temperate_frog_e.png","entity","96","96","LegacyOrCustomPath","Retain until model/reference audit proves unused"
"textures/entity/frog/warm_frog_e.png","entity","96","96","LegacyOrCustomPath","Retain until model/reference audit proves unused"
"textures/entity/ghast/ghast_e.png","entity","128","64","LegacyOrCustomPath","Retain until model/reference audit proves unused"
"textures/entity/ghast/ghast_shooting_e.png","entity","128","64","LegacyOrCustomPath","Retain until model/reference audit proves unused"
"textures/entity/guardian_e.png","entity","128","128","LegacyOrCustomPath","Retain until model/reference audit proves unused"
"textures/entity/guardian_elder_e.png","entity","128","128","LegacyOrCustomPath","Retain until model/reference audit proves unused"
"textures/entity/horse/armor/horse_armor_diamond_e.png","entity","128","128","LegacyOrCustomPath","Retain until model/reference audit proves unused"
"textures/entity/horse/armor/horse_armor_gold_e.png","entity","128","128","LegacyOrCustomPath","Retain until model/reference audit proves unused"
"textures/entity/horse/horse_black_e.png","entity","128","128","LegacyOrCustomPath","Retain until model/reference audit proves unused"
"textures/entity/horse/horse_brown_e.png","entity","128","128","LegacyOrCustomPath","Retain until model/reference audit proves unused"
"textures/entity/horse/horse_chestnut_e.png","entity","128","128","LegacyOrCustomPath","Retain until model/reference audit proves unused"
"textures/entity/horse/horse_creamy_e.png","entity","128","128","LegacyOrCustomPath","Retain until model/reference audit proves unused"
"textures/entity/horse/horse_darkbrown_e.png","entity","128","128","LegacyOrCustomPath","Retain until model/reference audit proves unused"
"textures/entity/horse/horse_gray_e.png","entity","128","128","LegacyOrCustomPath","Retain until model/reference audit proves unused"
"textures/entity/horse/horse_skeleton_e.png","entity","128","128","LegacyOrCustomPath","Retain until model/reference audit proves unused"
"textures/entity/horse/horse_white_e.png","entity","128","128","LegacyOrCustomPath","Retain until model/reference audit proves unused"
"textures/entity/horse/horse_zombie_e.png","entity","128","128","LegacyOrCustomPath","Retain until model/reference audit proves unused"
"textures/entity/horse/mule_e.png","entity","128","128","LegacyOrCustomPath","Retain until model/reference audit proves unused"
"textures/entity/illager/vex_e.png","entity","128","128","LegacyOrCustomPath","Retain until model/reference audit proves unused"
"textures/entity/illager/vex1_charging_e.png","entity","128","128","LegacyOrCustomPath","Retain until model/reference audit proves unused"
"textures/entity/illager/vex1.png","entity","128","128","LegacyOrCustomPath","Retain until model/reference audit proves unused"
"textures/entity/iron_golem/iron_golem_crackiness_high_e.png","entity","256","256","LegacyOrCustomPath","Retain until model/reference audit proves unused"
"textures/entity/iron_golem/iron_golem_crackiness_low_e.png","entity","256","256","LegacyOrCustomPath","Retain until model/reference audit proves unused"
"textures/entity/iron_golem/iron_golem_crackiness_medium_e.png","entity","256","256","LegacyOrCustomPath","Retain until model/reference audit proves unused"
"textures/entity/iron_golem/iron_golem_e.png","entity","256","256","LegacyOrCustomPath","Retain until model/reference audit proves unused"
"textures/entity/llama/brown_e.png","entity","256","128","LegacyOrCustomPath","Retain until model/reference audit proves unused"
"textures/entity/llama/creamy_e.png","entity","256","128","LegacyOrCustomPath","Retain until model/reference audit proves unused"
"textures/entity/llama/decor/brown_e.png","entity","256","128","LegacyOrCustomPath","Retain until model/reference audit proves unused"
"textures/entity/llama/decor/cyan_e.png","entity","256","128","LegacyOrCustomPath","Retain until model/reference audit proves unused"
"textures/entity/llama/decor/gray_e.png","entity","256","128","LegacyOrCustomPath","Retain until model/reference audit proves unused"
"textures/entity/llama/gray_e.png","entity","256","128","LegacyOrCustomPath","Retain until model/reference audit proves unused"
"textures/entity/minecart_e.png","entity","64","32","LegacyOrCustomPath","Retain until model/reference audit proves unused"
"textures/entity/panda/aggressive_panda_e.png","entity","128","128","LegacyOrCustomPath","Retain until model/reference audit proves unused"
"textures/entity/panda/brown_panda_e.png","entity","128","128","LegacyOrCustomPath","Retain until model/reference audit proves unused"
"textures/entity/panda/panda_e.png","entity","128","128","LegacyOrCustomPath","Retain until model/reference audit proves unused"
"textures/entity/panda/playful_panda_e.png","entity","128","128","LegacyOrCustomPath","Retain until model/reference audit proves unused"
"textures/entity/parrot/parrot_blue_e.png","entity","128","128","LegacyOrCustomPath","Retain until model/reference audit proves unused"
"textures/entity/parrot/parrot_green_e.png","entity","128","128","LegacyOrCustomPath","Retain until model/reference audit proves unused"
"textures/entity/parrot/parrot_grey_e.png","entity","128","128","LegacyOrCustomPath","Retain until model/reference audit proves unused"
"textures/entity/parrot/parrot_red_blue_e.png","entity","128","128","LegacyOrCustomPath","Retain until model/reference audit proves unused"
"textures/entity/parrot/parrot_yellow_blue_e.png","entity","128","128","LegacyOrCustomPath","Retain until model/reference audit proves unused"
"textures/entity/sheep/sheep_e.png","entity","128","64","LegacyOrCustomPath","Retain until model/reference audit proves unused"
"textures/entity/shulker/shulker_blue_e.png","entity","128","128","LegacyOrCustomPath","Retain until model/reference audit proves unused"
"textures/entity/shulker/shulker_brown_e.png","entity","128","128","LegacyOrCustomPath","Retain until model/reference audit proves unused"
"textures/entity/shulker/shulker_cyan_e.png","entity","128","128","LegacyOrCustomPath","Retain until model/reference audit proves unused"
"textures/entity/shulker/shulker_e.png","entity","128","128","LegacyOrCustomPath","Retain until model/reference audit proves unused"
"textures/entity/shulker/shulker_green_e.png","entity","128","128","LegacyOrCustomPath","Retain until model/reference audit proves unused"
"textures/entity/shulker/shulker_light_blue_e.png","entity","128","128","LegacyOrCustomPath","Retain until model/reference audit proves unused"
"textures/entity/shulker/shulker_light_gray_e.png","entity","128","128","LegacyOrCustomPath","Retain until model/reference audit proves unused"
"textures/entity/shulker/shulker_lime_e.png","entity","128","128","LegacyOrCustomPath","Retain until model/reference audit proves unused"
"textures/entity/shulker/shulker_magenta_e.png","entity","128","128","LegacyOrCustomPath","Retain until model/reference audit proves unused"
"textures/entity/shulker/shulker_orange_e.png","entity","128","128","LegacyOrCustomPath","Retain until model/reference audit proves unused"
"textures/entity/shulker/shulker_pink_e.png","entity","128","128","LegacyOrCustomPath","Retain until model/reference audit proves unused"
"textures/entity/shulker/shulker_purple_e.png","entity","128","128","LegacyOrCustomPath","Retain until model/reference audit proves unused"
"textures/entity/shulker/shulker_red_e.png","entity","128","128","LegacyOrCustomPath","Retain until model/reference audit proves unused"
"textures/entity/shulker/shulker_white_e.png","entity","128","128","LegacyOrCustomPath","Retain until model/reference audit proves unused"
"textures/entity/shulker/shulker_yellow_e.png","entity","128","128","LegacyOrCustomPath","Retain until model/reference audit proves unused"
"textures/entity/shulker/spark_e.png","entity","128","64","LegacyOrCustomPath","Retain until model/reference audit proves unused"
"textures/entity/signs/acacia_e.png","entity","128","64","LegacyOrCustomPath","Retain until model/reference audit proves unused"
"textures/entity/skeleton/wither_skeleton_e.png","entity","128","64","LegacyOrCustomPath","Retain until model/reference audit proves unused"
"textures/entity/snow_golem_e.png","entity","128","128","LegacyOrCustomPath","Retain until model/reference audit proves unused"
"textures/entity/squid.png","entity","128","64","LegacyOrCustomPath","Retain until model/reference audit proves unused"
"textures/entity/squid/glow_squid_e.png","entity","128","64","LegacyOrCustomPath","Retain until model/reference audit proves unused"
"textures/entity/steve.png","entity","128","128","LegacyOrCustomPath","Retain until model/reference audit proves unused"
"textures/entity/strider/strider_cold_e.png","entity","128","256","LegacyOrCustomPath","Retain until model/reference audit proves unused"
"textures/entity/strider/strider_e.png","entity","128","256","LegacyOrCustomPath","Retain until model/reference audit proves unused"
"textures/entity/tadpole/tadpole_e.png","entity","32","32","LegacyOrCustomPath","Retain until model/reference audit proves unused"
"textures/entity/turtle/big_sea_turtle_e.png","entity","256","128","LegacyOrCustomPath","Retain until model/reference audit proves unused"
"textures/entity/villager/profession/cartographer_old.png","entity","256","256","LegacyOrCustomPath","Retain until model/reference audit proves unused"
"textures/entity/zombie/zombie_villager.png","entity","256","256","LegacyOrCustomPath","Retain until model/reference audit proves unused"
"textures/gui/accessibility.png","gui","64","128","LegacyOrCustomPath","Retain until model/reference audit proves unused"
"textures/gui/advancements/tabs.png","gui","512","512","LegacyOrCustomPath","Retain until model/reference audit proves unused"
"textures/gui/advancements/widgets.png","gui","256","256","LegacyOrCustomPath","Retain until model/reference audit proves unused"
"textures/gui/bars.png","gui","512","512","LegacyOrCustomPath","Retain until model/reference audit proves unused"
"textures/gui/checkbox.png","gui","64","64","LegacyOrCustomPath","Retain until model/reference audit proves unused"
"textures/gui/container/bundle.png","gui","256","256","LegacyOrCustomPath","Retain until model/reference audit proves unused"
"textures/gui/container/creative_inventory/tabs.png","gui","512","512","LegacyOrCustomPath","Retain until model/reference audit proves unused"
"textures/gui/container/legacy_smithing.png","gui","512","512","LegacyOrCustomPath","Retain until model/reference audit proves unused"
"textures/gui/container/stats_icons.png","gui","256","256","LegacyOrCustomPath","Retain until model/reference audit proves unused"
"textures/gui/container/villager2.png","gui","1024","512","LegacyOrCustomPath","Retain until model/reference audit proves unused"
"textures/gui/icons.png","gui","512","512","LegacyOrCustomPath","Retain until model/reference audit proves unused"
"textures/gui/options_background.png","gui","32","32","LegacyOrCustomPath","Retain until model/reference audit proves unused"
"textures/gui/recipe_button.png","gui","256","256","LegacyOrCustomPath","Retain until model/reference audit proves unused"
"textures/gui/resource_packs.png","gui","512","512","LegacyOrCustomPath","Retain until model/reference audit proves unused"
"textures/gui/server_selection.png","gui","512","512","LegacyOrCustomPath","Retain until model/reference audit proves unused"
"textures/gui/social_interactions.png","gui","256","256","LegacyOrCustomPath","Retain until model/reference audit proves unused"
"textures/gui/spectator_widgets.png","gui","256","256","LegacyOrCustomPath","Retain until model/reference audit proves unused"
"textures/gui/stream_indicator.png","gui","16","64","LegacyOrCustomPath","Retain until model/reference audit proves unused"
"textures/gui/title/mojang.png","gui","512","512","LegacyOrCustomPath","Retain until model/reference audit proves unused"
"textures/gui/toasts.png","gui","433","433","LegacyOrCustomPath","Retain until model/reference audit proves unused"
"textures/gui/widgets.png","gui","512","512","LegacyOrCustomPath","Retain until model/reference audit proves unused"
"textures/gui/world_selection.png","gui","512","512","LegacyOrCustomPath","Retain until model/reference audit proves unused"
"textures/item/bed.png","item","32","32","LegacyOrCustomPath","Retain until model/reference audit proves unused"
"textures/item/clock/clock_000.png","item","32","32","LegacyOrCustomPath","Retain until model/reference audit proves unused"
"textures/item/clock/clock_001.png","item","32","32","LegacyOrCustomPath","Retain until model/reference audit proves unused"
"textures/item/clock/clock_002.png","item","32","32","LegacyOrCustomPath","Retain until model/reference audit proves unused"
"textures/item/clock/clock_003.png","item","32","32","LegacyOrCustomPath","Retain until model/reference audit proves unused"
"textures/item/clock/clock_004.png","item","32","32","LegacyOrCustomPath","Retain until model/reference audit proves unused"
"textures/item/clock/clock_005.png","item","32","32","LegacyOrCustomPath","Retain until model/reference audit proves unused"
"textures/item/clock/clock_006.png","item","32","32","LegacyOrCustomPath","Retain until model/reference audit proves unused"
"textures/item/clock/clock_007.png","item","32","32","LegacyOrCustomPath","Retain until model/reference audit proves unused"
"textures/item/clock/clock_008.png","item","32","32","LegacyOrCustomPath","Retain until model/reference audit proves unused"
"textures/item/clock/clock_009.png","item","32","32","LegacyOrCustomPath","Retain until model/reference audit proves unused"
"textures/item/clock/clock_010.png","item","32","32","LegacyOrCustomPath","Retain until model/reference audit proves unused"
"textures/item/clock/clock_011.png","item","32","32","LegacyOrCustomPath","Retain until model/reference audit proves unused"
"textures/item/clock/clock_012.png","item","32","32","LegacyOrCustomPath","Retain until model/reference audit proves unused"
"textures/item/clock/clock_013.png","item","32","32","LegacyOrCustomPath","Retain until model/reference audit proves unused"
"textures/item/clock/clock_014.png","item","32","32","LegacyOrCustomPath","Retain until model/reference audit proves unused"
"textures/item/clock/clock_015.png","item","32","32","LegacyOrCustomPath","Retain until model/reference audit proves unused"
"textures/item/clock/clock_016.png","item","32","32","LegacyOrCustomPath","Retain until model/reference audit proves unused"
"textures/item/clock/clock_017.png","item","32","32","LegacyOrCustomPath","Retain until model/reference audit proves unused"
"textures/item/clock/clock_018.png","item","32","32","LegacyOrCustomPath","Retain until model/reference audit proves unused"
"textures/item/clock/clock_019.png","item","32","32","LegacyOrCustomPath","Retain until model/reference audit proves unused"
"textures/item/clock/clock_020.png","item","32","32","LegacyOrCustomPath","Retain until model/reference audit proves unused"
"textures/item/clock/clock_021.png","item","32","32","LegacyOrCustomPath","Retain until model/reference audit proves unused"
"textures/item/clock/clock_022.png","item","32","32","LegacyOrCustomPath","Retain until model/reference audit proves unused"
"textures/item/clock/clock_023.png","item","32","32","LegacyOrCustomPath","Retain until model/reference audit proves unused"
"textures/item/clock/clock_024.png","item","32","32","LegacyOrCustomPath","Retain until model/reference audit proves unused"
"textures/item/clock/clock_025.png","item","32","32","LegacyOrCustomPath","Retain until model/reference audit proves unused"
"textures/item/clock/clock_026.png","item","32","32","LegacyOrCustomPath","Retain until model/reference audit proves unused"
"textures/item/clock/clock_027.png","item","32","32","LegacyOrCustomPath","Retain until model/reference audit proves unused"
"textures/item/clock/clock_028.png","item","32","32","LegacyOrCustomPath","Retain until model/reference audit proves unused"
"textures/item/clock/clock_029.png","item","32","32","LegacyOrCustomPath","Retain until model/reference audit proves unused"
"textures/item/clock/clock_030.png","item","32","32","LegacyOrCustomPath","Retain until model/reference audit proves unused"
"textures/item/clock/clock_031.png","item","32","32","LegacyOrCustomPath","Retain until model/reference audit proves unused"
"textures/item/clock/clock_032.png","item","32","32","LegacyOrCustomPath","Retain until model/reference audit proves unused"
"textures/item/clock/clock_033.png","item","32","32","LegacyOrCustomPath","Retain until model/reference audit proves unused"
"textures/item/clock/clock_034.png","item","32","32","LegacyOrCustomPath","Retain until model/reference audit proves unused"
"textures/item/clock/clock_035.png","item","32","32","LegacyOrCustomPath","Retain until model/reference audit proves unused"
"textures/item/clock/clock_036.png","item","32","32","LegacyOrCustomPath","Retain until model/reference audit proves unused"
"textures/item/clock/clock_037.png","item","32","32","LegacyOrCustomPath","Retain until model/reference audit proves unused"
"textures/item/clock/clock_038.png","item","32","32","LegacyOrCustomPath","Retain until model/reference audit proves unused"
"textures/item/clock/clock_039.png","item","32","32","LegacyOrCustomPath","Retain until model/reference audit proves unused"
"textures/item/clock/clock_040.png","item","32","32","LegacyOrCustomPath","Retain until model/reference audit proves unused"
"textures/item/clock/clock_041.png","item","32","32","LegacyOrCustomPath","Retain until model/reference audit proves unused"
"textures/item/clock/clock_042.png","item","32","32","LegacyOrCustomPath","Retain until model/reference audit proves unused"
"textures/item/clock/clock_043.png","item","32","32","LegacyOrCustomPath","Retain until model/reference audit proves unused"
"textures/item/clock/clock_044.png","item","32","32","LegacyOrCustomPath","Retain until model/reference audit proves unused"
"textures/item/clock/clock_045.png","item","32","32","LegacyOrCustomPath","Retain until model/reference audit proves unused"
"textures/item/clock/clock_046.png","item","32","32","LegacyOrCustomPath","Retain until model/reference audit proves unused"
"textures/item/clock/clock_047.png","item","32","32","LegacyOrCustomPath","Retain until model/reference audit proves unused"
"textures/item/clock/clock_048.png","item","32","32","LegacyOrCustomPath","Retain until model/reference audit proves unused"
"textures/item/clock/clock_049.png","item","32","32","LegacyOrCustomPath","Retain until model/reference audit proves unused"
"textures/item/clock/clock_050.png","item","32","32","LegacyOrCustomPath","Retain until model/reference audit proves unused"
"textures/item/clock/clock_051.png","item","32","32","LegacyOrCustomPath","Retain until model/reference audit proves unused"
"textures/item/clock/clock_052.png","item","32","32","LegacyOrCustomPath","Retain until model/reference audit proves unused"
"textures/item/clock/clock_053.png","item","32","32","LegacyOrCustomPath","Retain until model/reference audit proves unused"
"textures/item/clock/clock_054.png","item","32","32","LegacyOrCustomPath","Retain until model/reference audit proves unused"
"textures/item/clock/clock_055.png","item","32","32","LegacyOrCustomPath","Retain until model/reference audit proves unused"
"textures/item/clock/clock_056.png","item","32","32","LegacyOrCustomPath","Retain until model/reference audit proves unused"
"textures/item/clock/clock_057.png","item","32","32","LegacyOrCustomPath","Retain until model/reference audit proves unused"
"textures/item/clock/clock_058.png","item","32","32","LegacyOrCustomPath","Retain until model/reference audit proves unused"
"textures/item/clock/clock_059.png","item","32","32","LegacyOrCustomPath","Retain until model/reference audit proves unused"
"textures/item/clock/clock_060.png","item","32","32","LegacyOrCustomPath","Retain until model/reference audit proves unused"
"textures/item/clock/clock_061.png","item","32","32","LegacyOrCustomPath","Retain until model/reference audit proves unused"
"textures/item/clock/clock_062.png","item","32","32","LegacyOrCustomPath","Retain until model/reference audit proves unused"
"textures/item/clock/clock_063.png","item","32","32","LegacyOrCustomPath","Retain until model/reference audit proves unused"
"textures/item/compass/compass_000.png","item","32","32","LegacyOrCustomPath","Retain until model/reference audit proves unused"
"textures/item/compass/compass_001.png","item","32","32","LegacyOrCustomPath","Retain until model/reference audit proves unused"
"textures/item/compass/compass_002.png","item","32","32","LegacyOrCustomPath","Retain until model/reference audit proves unused"
"textures/item/compass/compass_003.png","item","32","32","LegacyOrCustomPath","Retain until model/reference audit proves unused"
"textures/item/compass/compass_004.png","item","32","32","LegacyOrCustomPath","Retain until model/reference audit proves unused"
"textures/item/compass/compass_005.png","item","32","32","LegacyOrCustomPath","Retain until model/reference audit proves unused"
"textures/item/compass/compass_006.png","item","32","32","LegacyOrCustomPath","Retain until model/reference audit proves unused"
"textures/item/compass/compass_007.png","item","32","32","LegacyOrCustomPath","Retain until model/reference audit proves unused"
"textures/item/compass/compass_008.png","item","32","32","LegacyOrCustomPath","Retain until model/reference audit proves unused"
"textures/item/compass/compass_009.png","item","32","32","LegacyOrCustomPath","Retain until model/reference audit proves unused"
"textures/item/compass/compass_010.png","item","32","32","LegacyOrCustomPath","Retain until model/reference audit proves unused"
"textures/item/compass/compass_011.png","item","32","32","LegacyOrCustomPath","Retain until model/reference audit proves unused"
"textures/item/compass/compass_012.png","item","32","32","LegacyOrCustomPath","Retain until model/reference audit proves unused"
"textures/item/compass/compass_013.png","item","32","32","LegacyOrCustomPath","Retain until model/reference audit proves unused"
"textures/item/compass/compass_014.png","item","32","32","LegacyOrCustomPath","Retain until model/reference audit proves unused"
"textures/item/compass/compass_015.png","item","32","32","LegacyOrCustomPath","Retain until model/reference audit proves unused"
"textures/item/compass/compass_016.png","item","32","32","LegacyOrCustomPath","Retain until model/reference audit proves unused"
"textures/item/compass/compass_017.png","item","32","32","LegacyOrCustomPath","Retain until model/reference audit proves unused"
"textures/item/compass/compass_018.png","item","32","32","LegacyOrCustomPath","Retain until model/reference audit proves unused"
"textures/item/compass/compass_019.png","item","32","32","LegacyOrCustomPath","Retain until model/reference audit proves unused"
"textures/item/compass/compass_020.png","item","32","32","LegacyOrCustomPath","Retain until model/reference audit proves unused"
"textures/item/compass/compass_021.png","item","32","32","LegacyOrCustomPath","Retain until model/reference audit proves unused"
"textures/item/compass/compass_022.png","item","32","32","LegacyOrCustomPath","Retain until model/reference audit proves unused"
"textures/item/compass/compass_023.png","item","32","32","LegacyOrCustomPath","Retain until model/reference audit proves unused"
"textures/item/compass/compass_024.png","item","32","32","LegacyOrCustomPath","Retain until model/reference audit proves unused"
"textures/item/compass/compass_025.png","item","32","32","LegacyOrCustomPath","Retain until model/reference audit proves unused"
"textures/item/compass/compass_026.png","item","32","32","LegacyOrCustomPath","Retain until model/reference audit proves unused"
"textures/item/compass/compass_027.png","item","32","32","LegacyOrCustomPath","Retain until model/reference audit proves unused"
"textures/item/compass/compass_028.png","item","32","32","LegacyOrCustomPath","Retain until model/reference audit proves unused"
"textures/item/compass/compass_029.png","item","32","32","LegacyOrCustomPath","Retain until model/reference audit proves unused"
"textures/item/compass/compass_030.png","item","32","32","LegacyOrCustomPath","Retain until model/reference audit proves unused"
"textures/item/compass/compass_031.png","item","32","32","LegacyOrCustomPath","Retain until model/reference audit proves unused"
"textures/item/custom_items/dead_brain_coral_fan.png","item","32","32","LegacyOrCustomPath","Retain until model/reference audit proves unused"
"textures/item/custom_items/glass_pane_blue.png","item","32","32","LegacyOrCustomPath","Retain until model/reference audit proves unused"
"textures/item/custom_items/glass_pane_brown.png","item","32","32","LegacyOrCustomPath","Retain until model/reference audit proves unused"
"textures/item/custom_items/glass_pane_cyan.png","item","32","32","LegacyOrCustomPath","Retain until model/reference audit proves unused"
"textures/item/custom_items/glass_pane_lime.png","item","32","32","LegacyOrCustomPath","Retain until model/reference audit proves unused"
"textures/item/custom_items/glass_pane_purple.png","item","32","32","LegacyOrCustomPath","Retain until model/reference audit proves unused"
"textures/item/custom_items/glass_pane_red.png","item","32","32","LegacyOrCustomPath","Retain until model/reference audit proves unused"
"textures/item/custom_items/glass_pane_yellow.png","item","32","32","LegacyOrCustomPath","Retain until model/reference audit proves unused"
"textures/item/ruby.png","item","16","16","LegacyOrCustomPath","Retain until model/reference audit proves unused"
"textures/item/scute.png","item","32","32","LegacyOrCustomPath","Retain until model/reference audit proves unused"
"textures/item/shards/angler_pottery_sherd.png","item","16","16","LegacyOrCustomPath","Retain until model/reference audit proves unused"
"textures/item/shards/archer_pottery_sherd.png","item","16","16","LegacyOrCustomPath","Retain until model/reference audit proves unused"
"textures/item/shards/arms_up_pottery_sherd.png","item","16","16","LegacyOrCustomPath","Retain until model/reference audit proves unused"
"textures/item/shards/blade_pottery_sherd.png","item","16","16","LegacyOrCustomPath","Retain until model/reference audit proves unused"
"textures/item/shards/brewer_pottery_sherd.png","item","16","16","LegacyOrCustomPath","Retain until model/reference audit proves unused"
"textures/item/shards/burn_pottery_sherd.png","item","16","16","LegacyOrCustomPath","Retain until model/reference audit proves unused"
"textures/item/shards/danger_pottery_sherd.png","item","16","16","LegacyOrCustomPath","Retain until model/reference audit proves unused"
"textures/item/shards/explorer_pottery_sherd.png","item","16","16","LegacyOrCustomPath","Retain until model/reference audit proves unused"
"textures/item/shards/friend_pottery_sherd.png","item","16","16","LegacyOrCustomPath","Retain until model/reference audit proves unused"
"textures/item/shards/heart_pottery_sherd.png","item","16","16","LegacyOrCustomPath","Retain until model/reference audit proves unused"
"textures/item/shards/heartbreak_pottery_sherd.png","item","16","16","LegacyOrCustomPath","Retain until model/reference audit proves unused"
"textures/item/shards/howl_pottery_sherd.png","item","16","16","LegacyOrCustomPath","Retain until model/reference audit proves unused"
"textures/item/shards/miner_pottery_sherd.png","item","16","16","LegacyOrCustomPath","Retain until model/reference audit proves unused"
"textures/item/shards/mourner_pottery_sherd.png","item","16","16","LegacyOrCustomPath","Retain until model/reference audit proves unused"
"textures/item/shards/plenty_pottery_sherd.png","item","16","16","LegacyOrCustomPath","Retain until model/reference audit proves unused"
"textures/item/shards/prize_pottery_sherd.png","item","16","16","LegacyOrCustomPath","Retain until model/reference audit proves unused"
"textures/item/shards/sheaf_pottery_sherd.png","item","16","16","LegacyOrCustomPath","Retain until model/reference audit proves unused"
"textures/item/shards/shelter_pottery_sherd.png","item","16","16","LegacyOrCustomPath","Retain until model/reference audit proves unused"
"textures/item/shards/skull_pottery_sherd.png","item","16","16","LegacyOrCustomPath","Retain until model/reference audit proves unused"
"textures/item/shards/snort_pottery_sherd.png","item","16","16","LegacyOrCustomPath","Retain until model/reference audit proves unused"
"textures/map/map_icons.png","map","256","256","LegacyOrCustomPath","Retain until model/reference audit proves unused"
"textures/misc/enchanted_item_glint.png","misc","64","64","LegacyOrCustomPath","Retain until model/reference audit proves unused"
"textures/mob_effect/blank_negative.png","mob_effect","36","36","LegacyOrCustomPath","Retain until model/reference audit proves unused"
"textures/mob_effect/blank_positive.png","mob_effect","36","36","LegacyOrCustomPath","Retain until model/reference audit proves unused"
"textures/models/armor/chainmail_layer_1_e.png","models","128","64","LegacyOrCustomPath","Retain until model/reference audit proves unused"
"textures/models/armor/diamond_layer_1_e.png","models","128","64","LegacyOrCustomPath","Retain until model/reference audit proves unused"
"textures/models/armor/diamond_layer_2+e.png","models","128","64","LegacyOrCustomPath","Retain until model/reference audit proves unused"
"textures/models/armor/netherite_layer_1_e.png","models","128","64","LegacyOrCustomPath","Retain until model/reference audit proves unused"
"textures/models/armor/netherite_layer_2_e.png","models","128","64","LegacyOrCustomPath","Retain until model/reference audit proves unused"
"textures/models/armor/piglin_leather_layer_1_overlay.png","models","128","64","LegacyOrCustomPath","Retain until model/reference audit proves unused"
"textures/models/armor/piglin_leather_layer_1.png","models","128","64","LegacyOrCustomPath","Retain until model/reference audit proves unused"
"textures/particle/custom_particles/crying_waste_drip_fall.png","particle","16","16","LegacyOrCustomPath","Retain until model/reference audit proves unused"
"textures/particle/custom_particles/portal_rev_0.png","particle","16","16","LegacyOrCustomPath","Retain until model/reference audit proves unused"
"textures/particle/custom_particles/portal_rev_1.png","particle","16","16","LegacyOrCustomPath","Retain until model/reference audit proves unused"
"textures/particle/custom_particles/portal_rev_2.png","particle","16","16","LegacyOrCustomPath","Retain until model/reference audit proves unused"
"textures/particle/custom_particles/portal_rev_3.png","particle","16","16","LegacyOrCustomPath","Retain until model/reference audit proves unused"
"textures/particle/custom_particles/portal_rev_4.png","particle","16","16","LegacyOrCustomPath","Retain until model/reference audit proves unused"
"textures/particle/custom_particles/portal_rev_5.png","particle","16","16","LegacyOrCustomPath","Retain until model/reference audit proves unused"
"textures/particle/custom_particles/portal_rev_6.png","particle","16","16","LegacyOrCustomPath","Retain until model/reference audit proves unused"
"textures/particle/custom_particles/portal_rev_7.png","particle","16","16","LegacyOrCustomPath","Retain until model/reference audit proves unused"
"textures/particle/custom_particles/waste_drip_fall.png","particle","16","16","LegacyOrCustomPath","Retain until model/reference audit proves unused"
"textures/particle/footprint.png","particle","8","8","LegacyOrCustomPath","Retain until model/reference audit proves unused"
